Fecha,Tratamiento,Altura planta (cm),Clorofila (SPAD),Numero flores ,Numero frutos cosechados ,Peso frutos cosechados (Kg),Tamanno altura (mm),pH_savia,K_savia (ppm),Ca_savia (ppm),Na_savia (ppm),NO3_savia (ppm),Conductividad_savia (mS/cm),pH_suelo_Horiba,K_suelo_Horiba (ppm),Ca_suelo_Horiba (ppm),Na_suelo_Horiba (ppm),NO3_suelo_Horiba (ppm),Conductividad_suelo_Horiba (mS/cm),Tamanno cintura (mm),7in1_Ph[pH],7in1_Moisture[%RH],7in1_S_Temperature[C],Air_sensor_Temperature[C],Air_sensor_Humidity[%RH],Tratamiento iniciado,7in1_Conductivity[mS/cm],Pynamometer_Radiation[W/m2],N,P,K,Año,Mes,Día,Tratamiento_num
2024-07-30,T27_N2P2K2,21.5,34.8,,,,,,,,,,,6.9,86.0,,14.0,,0.996,,5.23,39.8,33.3,30.8,53.1,Si,0.183,428.0,2,2,2,2024,7,30,27.0
2024-07-30,T24_N2P1K1,22.0,37.5,,,,,,,,,,,7.4,63.0,,6.5,,0.823,,5.28,27.1,33.3,30.7,51.6,Si,0.309,295.0,2,1,1,2024,7,30,24.0
2024-07-30,T4_N0P0K1,18.0,37.2,,,,,,,,,,,7.6,19.0,,4.0,,0.165,,6.24,29.6,31.7,30.6,51.8,Si,0.118,383.0,0,0,1,2024,7,30,4.0
2024-07-30,T15_N1P1K1,18.5,39.5,,,,,,,,,,,7.4,220.0,,55.0,,1.433,,6.1,26.8,31.3,30.6,53.8,Si,0.278,464.0,1,1,1,2024,7,30,15.0
2024-07-30,T9_N0P2K2,22.0,40.1,,,,,,,,,,,7.2,41.0,,8.0,,0.296,,6.36,25.8,31.7,31.0,51.9,Si,0.371,508.0,0,2,2,2024,7,30,9.0
2024-07-30,T13_N1P0K1,18.5,43.3,,,,,,,,,,,7.5,130.0,,32.0,,1.018,,6.34,23.2,32.1,31.3,51.6,Si,0.394,404.0,1,0,1,2024,7,30,13.0
2024-07-30,T22_N2P0K1,13.0,39.8,,,,,,,,,,,7.2,65.0,,14.0,,0.657,,6.42,23.5,33.1,31.5,48.7,Si,0.172,469.0,2,0,1,2024,7,30,22.0
2024-07-30,T10_N1P0K0,15.0,37.2,,,,,,,,,,,7.2,44.0,,7.0,,0.631,,6.27,23.6,33.3,31.7,47.9,Si,0.556,502.0,1,0,0,2024,7,30,10.0
2024-07-30,T28_BIO-N0P0K0,17.5,36.5,,,,,,,,,,,7.7,45.0,,6.0,,0.319,,6.38,22.4,32.5,30.9,50.2,Si,0.317,470.0,0,0,0,2024,7,30,28.0
2024-07-30,T12_N1P2K0,23.0,40.3,,,,,,,,,,,7.9,180.0,,54.0,,1.197,,6.3,21.6,33.3,31.7,48.5,Si,0.386,412.0,1,2,0,2024,7,30,12.0
2024-07-30,T26_N2P2K1,17.5,34.2,,,,,,,,,,,7.3,86.0,,21.0,,0.935,,6.29,32.6,32.9,31.6,48.0,Si,0.564,374.0,2,2,1,2024,7,30,26.0
2024-07-30,T16_N1P1K2,18.0,31.1,,,,,,,,,,,7.4,240.0,,62.0,,1.301,,6.45,31.3,32.5,31.3,49.5,Si,0.71,428.0,1,1,2,2024,7,30,16.0
2024-07-30,T1_N0P0K0,17.0,35.3,,,,,,,,,,,7.4,40.0,,6.0,,0.401,,6.4,21.6,31.7,31.4,50.6,Si,0.261,459.0,0,0,0,2024,7,30,1.0
2024-07-30,T14_N1P0K2,18.5,38.8,,,,,,,,,,,7.3,260.0,,68.0,,1.478,,6.35,23.6,32.1,31.2,48.1,Si,0.546,337.0,1,0,2,2024,7,30,14.0
2024-07-30,T7_N0P1K2,17.5,37.0,,,,,,,,,,,7.4,88.0,,26.0,,0.725,,6.45,18.8,32.9,31.0,48.7,Si,0.555,353.0,0,1,2,2024,7,30,7.0
2024-07-30,T3_N0P2K0,19.0,35.7,,,,,,,,,,,7.4,100.0,,10.0,,1.591,,6.36,29.6,32.9,31.0,49.4,Si,0.569,285.0,0,2,0,2024,7,30,3.0
2024-07-30,T23_N2P0K2,17.0,35.7,,,,,,,,,,,7.5,17.0,,2.0,,0.222,,6.26,22.6,32.9,30.9,50.0,Si,0.548,322.0,2,0,2,2024,7,30,23.0
2024-07-30,T21_N2P2K0,23.0,37.0,,,,,,,,,,,7.5,92.0,,18.0,,1.165,,6.52,22.8,32.9,30.9,51.9,Si,0.345,296.0,2,2,0,2024,7,30,21.0
2024-07-30,T5_N0P0K2,22.5,33.8,,,,,,,,,,,7.5,54.0,,11.0,,0.352,,,,,,,,,,0,0,2,2024,7,30,5.0
2024-07-30,T30_BIO N2P2K2,22.0,32.3,,,,,,,,,,,7.4,150.0,,17.0,,1.056,,6.32,24.1,32.7,30.9,50.0,Si,0.768,787.0,2,2,2,2024,7,30,30.0
2024-07-30,T20_N2P1K0,22.0,35.9,,,,,,,,,,,7.5,36.0,,8.0,,0.783,,6.39,20.8,32.9,31.2,49.2,Si,0.578,848.0,2,1,0,2024,7,30,20.0
2024-07-30,T18_N1P2K2,20.5,36.0,,,,,,,,,,,7.5,110.0,,27.0,,1.162,,6.4,23.1,32.9,31.3,48.9,Si,0.577,469.0,1,2,2,2024,7,30,18.0
2024-07-30,T29_BIO N1P1K1,21.5,29.6,,,,,,,,,,,7.5,94.0,,16.0,,0.908,,6.31,20.7,32.9,31.5,50.9,Si,1.298,666.0,1,1,1,2024,7,30,29.0
2024-07-30,T25_N2P1K2,23.5,36.2,,,,,,,,,,,7.4,200.0,,48.0,,1.965,,6.34,24.3,32.9,31.8,50.5,Si,0.586,630.0,2,1,2,2024,7,30,25.0
2024-07-30,T19_N2P0K0,20.5,32.6,,,,,,,,,,,7.5,42.0,,5.0,,0.711,,6.25,29.4,34.1,32.1,49.1,Si,0.575,578.0,2,0,0,2024,7,30,19.0
2024-07-30,T2_N0P1K0,16.0,34.5,,,,,,,,,,,7.5,49.0,,7.0,,0.541,,6.36,28.3,34.5,32.2,50.8,Si,0.566,282.0,0,1,0,2024,7,30,2.0
2024-07-30,T6_N0P1K1,15.5,37.6,,,,,,,,,,,7.4,110.0,,13.0,,0.999,,6.45,27.2,33.7,32.1,47.2,Si,0.528,554.0,0,1,1,2024,7,30,6.0
2024-07-30,T17_N1P2K1,20.0,36.9,,,,,,,,,,,7.4,280.0,,52.0,,2.02,,6.41,21.2,34.1,32.3,47.8,Si,0.695,816.0,1,2,1,2024,7,30,17.0
2024-07-30,T11_N1P1K0,17.5,34.4,,,,,,,,,,,7.5,51.0,,7.0,,0.703,,6.39,20.6,34.1,32.3,45.6,Si,0.552,759.0,1,1,0,2024,7,30,11.0
2024-07-30,T8_N0P2K1,14.0,37.2,,,,,,,,,,,7.4,160.0,,29.0,,1.218,,,,,,,,,,0,2,1,2024,7,30,8.0
2024-08-06,T27_N2P2K2,24.0,44.7,,,,,,,,,,,6.7,63.0,,14.0,450.0,1.43,,,,,,,,,,2,2,2,2024,8,6,27.0
2024-08-06,T24_N2P1K1,27.0,45.1,,,,,,,,,,,6.8,41.0,,6.0,340.0,1.117,,6.29,19.2,23.9,22.5,84.9,Si,0.073,169.0,2,1,1,2024,8,6,24.0
2024-08-06,T4_N0P0K1,26.0,41.8,,,,,,,,,,,6.9,170.0,,93.0,440.0,1.81,,6.34,13.7,23.9,23.3,81.3,Si,0.0,389.0,0,0,1,2024,8,6,4.0
2024-08-06,T15_N1P1K1,24.5,46.4,,,,,,,,,,,6.6,74.0,,32.0,290.0,1.217,,6.36,19.2,24.3,23.8,78.2,Si,0.008,411.0,1,1,1,2024,8,6,15.0
2024-08-06,T9_N0P2K2,23.5,45.0,,,,,,,,,,,7.0,120.0,,40.0,380.0,1.313,,6.31,19.1,26.3,24.6,76.6,Si,0.009,546.0,0,2,2,2024,8,6,9.0
2024-08-06,T13_N1P0K1,23.0,42.3,,,,,,,,,,,6.5,85.0,,36.0,430.0,1.39,,6.49,23.1,26.7,25.5,73.0,Si,0.052,551.0,1,0,1,2024,8,6,13.0
2024-08-06,T22_N2P0K1,24.0,45.1,,,,,,,,,,,6.8,59.0,,28.0,380.0,1.04,,6.54,23.1,27.1,26.1,69.6,Si,0.023,332.0,2,0,1,2024,8,6,22.0
2024-08-06,T10_N1P0K0,24.0,43.9,,,,,,,,,,,7.0,10.0,,6.0,68.0,0.16,,6.42,21.0,26.7,26.4,67.9,Si,0.055,176.0,1,0,0,2024,8,6,10.0
2024-08-06,T28_BIO-N0P0K0,21.0,40.1,,,,,,,,,,,6.7,41.0,,11.0,410.0,1.06,,6.46,13.4,26.7,26.4,68.9,Si,0.328,311.0,0,0,0,2024,8,6,28.0
2024-08-06,T12_N1P2K0,21.0,47.9,,,,,,,,,,,6.6,53.0,,18.0,530.0,1.21,,6.33,21.9,26.3,26.4,66.3,Si,0.104,285.0,1,2,0,2024,8,6,12.0
2024-08-06,T26_N2P2K1,25.0,43.2,,,,,,,,,,,7.0,160.0,,88.0,280.0,1.43,,6.57,17.4,26.3,26.3,66.6,Si,0.053,253.0,2,2,1,2024,8,6,26.0
2024-08-06,T16_N1P1K2,23.0,46.5,,,,,,,,,,,6.7,11.0,,5.0,410.0,0.64,,6.54,20.1,26.7,26.2,67.6,Si,0.008,239.0,1,1,2,2024,8,6,16.0
2024-08-06,T1_N0P0K0,19.5,42.5,,,,,,,,,,,6.7,47.0,,16.0,310.0,0.83,,6.47,20.3,26.7,26.0,68.8,Si,0.038,214.0,0,0,0,2024,8,6,1.0
2024-08-06,T14_N1P0K2,21.0,45.8,,,,,,,,,,,6.9,47.0,,20.0,330.0,1.14,,6.41,21.1,26.7,25.8,69.0,Si,0.075,238.0,1,0,2,2024,8,6,14.0
2024-08-06,T7_N0P1K2,21.5,41.5,,,,,,,,,,,6.9,37.0,,13.0,160.0,0.61,,6.35,14.6,26.3,25.6,68.3,Si,0.392,175.0,0,1,2,2024,8,6,7.0
2024-08-06,T3_N0P2K0,22.0,41.7,,,,,,,,,,,6.6,8.0,,5.0,370.0,0.62,,6.39,14.5,26.3,25.4,68.8,Si,0.263,185.0,0,2,0,2024,8,6,3.0
2024-08-06,T23_N2P0K2,16.5,42.2,,,,,,,,,,,7.0,43.0,,12.0,250.0,0.46,,6.36,15.8,25.9,25.4,69.2,Si,0.556,161.0,2,0,2,2024,8,6,23.0
2024-08-06,T21_N2P2K0,20.5,43.4,,,,,,,,,,,6.6,60.0,,21.0,540.0,1.44,,6.4,17.8,25.9,25.2,68.7,Si,0.338,192.0,2,2,0,2024,8,6,21.0
2024-08-06,T5_N0P0K2,17.0,37.2,,,,,,,,,,,7.1,4.0,,2.0,22.0,0.067,,6.46,23.3,25.9,25.1,70.1,Si,0.092,254.0,0,0,2,2024,8,6,5.0
2024-08-06,T30_BIO N2P2K2,15.5,36.6,,,,,,,,,,,6.7,130.0,,20.0,740.0,2.01,,6.49,14.9,26.3,25.0,68.1,Si,0.575,274.0,2,2,2,2024,8,6,30.0
2024-08-06,T20_N2P1K0,21.5,44.0,,,,,,,,,,,6.5,43.0,,21.0,540.0,0.94,,6.44,19.0,26.3,25.0,71.0,Si,0.35,283.0,2,1,0,2024,8,6,20.0
2024-08-06,T18_N1P2K2,21.0,43.7,,,,,,,,,,,6.4,14.0,,6.0,150.0,0.34,,6.38,16.2,26.3,25.1,69.4,Si,0.299,513.0,1,2,2,2024,8,6,18.0
2024-08-06,T29_BIO N1P1K1,24.0,45.4,,,,,,,,,,,7.0,34.0,,19.0,110.0,0.46,,6.41,14.6,27.5,25.6,69.7,Si,0.388,599.0,1,1,1,2024,8,6,29.0
2024-08-06,T25_N2P1K2,21.0,41.5,,,,,,,,,,,6.6,31.0,,10.0,190.0,0.67,,6.31,19.3,27.5,26.5,68.1,Si,0.322,620.0,2,1,2,2024,8,6,25.0
2024-08-06,T19_N2P0K0,23.0,37.8,,,,,,,,,,,6.5,49.0,,2.0,34.0,0.089,,6.31,14.0,27.9,27.1,66.6,Si,0.974,290.0,2,0,0,2024,8,6,19.0
2024-08-06,T2_N0P1K0,24.0,39.3,,,,,,,,,,,6.7,670.0,,10.0,650.0,1.36,,6.37,16.5,28.3,27.2,62.4,Si,0.332,199.0,0,1,0,2024,8,6,2.0
2024-08-06,T6_N0P1K1,25.0,38.6,,,,,,,,,,,6.6,2200.0,,26.0,666.0,1.38,,6.43,19.5,28.3,27.1,64.6,Si,0.278,199.0,0,1,1,2024,8,6,6.0
2024-08-06,T17_N1P2K1,22.0,41.7,,,,,,,,,,,7.2,2800.0,,40.0,620.0,1.51,,6.45,15.2,27.9,26.8,61.3,Si,0.537,243.0,1,2,1,2024,8,6,17.0
2024-08-06,T11_N1P1K0,28.0,37.0,,,,,,,,,,,7.3,3400.0,,59.0,786.0,1.95,,6.44,20.1,27.5,26.0,67.8,Si,0.348,282.0,1,1,0,2024,8,6,11.0
2024-08-06,T8_N0P2K1,30.0,42.1,,,,,,,,,,,7.1,1700.0,,29.0,720.0,1.77,,6.45,16.2,27.5,26.0,64.9,Si,0.293,307.0,0,2,1,2024,8,6,8.0
2024-08-06,T9_N0P2K2,,,,,,,,,,,,,,,,,,,,6.39,17.0,27.5,26.0,67.3,Si,0.343,297.0,0,2,2,2024,8,6,9.0
2024-08-06,T13_N1P0K1,,,,,,,,,,,,,,,,,,,,6.34,15.4,27.5,26.1,63.3,Si,0.271,590.0,1,0,1,2024,8,6,13.0
2024-08-06,T26_N2P2K1,,,,,,,,,,,,,,,,,,,,6.44,22.5,27.5,26.3,66.7,Si,0.544,329.0,2,2,1,2024,8,6,26.0
2024-08-06,T16_N1P1K2,,,,,,,,,,,,,,,,,,,,6.43,22.5,27.9,26.4,62.6,Si,0.201,336.0,1,1,2,2024,8,6,16.0
2024-08-06,T10_N1P0K0,,,,,,,,,,,,,,,,,,,,6.54,17.0,28.3,26.6,65.7,Si,0.383,263.0,1,0,0,2024,8,6,10.0
2024-08-06,T22_N2P0K1,,,,,,,,,,,,,,,,,,,,6.46,16.8,28.7,26.6,63.2,Si,0.378,510.0,2,0,1,2024,8,6,22.0
2024-08-06,T12_N1P2K0,,,,,,,,,,,,,,,,,,,,6.41,19.4,27.9,26.8,63.1,Si,0.217,651.0,1,2,0,2024,8,6,12.0
2024-08-06,T28_BIO-N0P0K0,,,,,,,,,,,,,,,,,,,,6.54,19.1,27.9,27.0,65.2,Si,0.344,633.0,0,0,0,2024,8,6,28.0
2024-08-06,T1_N0P0K0,,,,,,,,,,,,,,,,,,,,6.44,21.8,29.5,27.4,58.9,Si,0.284,672.0,0,0,0,2024,8,6,1.0
2024-08-06,T14_N1P0K2,,,,,,,,,,,,,,,,,,,,6.55,16.1,30.3,27.9,60.0,Si,0.58,725.0,1,0,2,2024,8,6,14.0
2024-08-06,T5_N0P0K2,,,,,,,,,,,,,,,,,,,,6.6,17.0,31.5,28.5,56.0,Si,0.574,725.0,0,0,2,2024,8,6,5.0
2024-08-06,T30_BIO N2P2K2,,,,,,,,,,,,,,,,,,,,6.46,18.6,31.5,28.8,55.9,Si,0.377,664.0,2,2,2,2024,8,6,30.0
2024-08-06,T3_N0P2K0,,,,,,,,,,,,,,,,,,,,6.53,22.4,31.2,28.9,54.1,Si,0.116,267.0,0,2,0,2024,8,6,3.0
2024-08-06,T7_N0P1K2,,,,,,,,,,,,,,,,,,,,6.4,14.0,31.1,28.7,53.4,Si,0.563,256.0,0,1,2,2024,8,6,7.0
2024-08-06,T21_N2P2K0,,,,,,,,,,,,,,,,,,,,6.43,16.4,31.1,28.5,58.7,Si,0.852,239.0,2,2,0,2024,8,6,21.0
2024-08-06,T23_N2P0K2,,,,,,,,,,,,,,,,,,,,6.48,16.8,29.9,28.2,60.0,Si,0.566,199.0,2,0,2,2024,8,6,23.0
2024-08-06,T20_N2P1K0,,,,,,,,,,,,,,,,,,,,6.56,24.9,29.1,27.9,57.8,Si,0.548,252.0,2,1,0,2024,8,6,20.0
2024-08-06,T18_N1P2K2,,,,,,,,,,,,,,,,,,,,6.52,20.7,29.1,27.5,61.2,Si,0.368,168.0,1,2,2,2024,8,6,18.0
2024-08-06,T6_N0P1K1,,,,,,,,,,,,,,,,,,,,6.52,17.1,28.7,26.9,60.9,Si,0.528,160.0,0,1,1,2024,8,6,6.0
2024-08-06,T17_N1P2K1,,,,,,,,,,,,,,,,,,,,6.39,19.1,28.7,26.3,61.9,Si,0.362,132.0,1,2,1,2024,8,6,17.0
2024-08-06,T25_N2P1K2,,,,,,,,,,,,,,,,,,,,6.45,23.4,27.5,25.8,66.0,Si,0.191,113.0,2,1,2,2024,8,6,25.0
2024-08-06,T29_BIO N1P1K1,,,,,,,,,,,,,,,,,,,,6.43,19.7,27.5,25.5,64.9,Si,0.531,110.0,1,1,1,2024,8,6,29.0
2024-08-06,T2_N0P1K0,,,,,,,,,,,,,,,,,,,,6.56,16.6,27.1,25.3,66.9,Si,0.827,110.0,0,1,0,2024,8,6,2.0
2024-08-06,T19_N2P0K0,,,,,,,,,,,,,,,,,,,,6.59,16.8,27.1,25.1,67.7,Si,0.998,117.0,2,0,0,2024,8,6,19.0
2024-08-06,T8_N0P2K1,,,,,,,,,,,,,,,,,,,,6.51,23.0,26.9,25.0,66.9,Si,0.54,126.0,0,2,1,2024,8,6,8.0
2024-08-06,T15_N1P1K1,,,,,,,,,,,,,,,,,,,,6.43,17.3,26.7,24.7,69.9,Si,0.551,123.0,1,1,1,2024,8,6,15.0
2024-08-06,T24_N2P1K1,,,,,,,,,,,,,,,,,,,,6.43,19.9,26.7,24.6,69.9,Si,0.378,130.0,2,1,1,2024,8,6,24.0
2024-08-06,T11_N1P1K0,,,,,,,,,,,,,,,,,,,,6.42,16.0,26.3,24.5,71.1,Si,0.385,142.0,1,1,0,2024,8,6,11.0
2024-08-06,T27_N2P2K2,,,,,,,,,,,,,,,,,,,,6.45,16.9,26.3,24.4,71.7,Si,0.125,168.0,2,2,2,2024,8,6,27.0
2024-08-14,T27_N2P2K2,,,,,,,,,,,,,,,,,,,,6.68,21.5,24.4,23.1,78.7,Si,0.406,132.0,2,2,2,2024,8,14,27.0
2024-08-14,T24_N2P1K1,,,,,,,,,,,,,,,,,,,,6.48,14.1,24.0,23.2,79.7,Si,0.866,148.0,2,1,1,2024,8,14,24.0
2024-08-14,T4_N0P0K1,,,,,,,,,,,,,,,,,,,,6.61,17.3,24.0,23.3,79.1,Si,0.552,166.0,0,0,1,2024,8,14,4.0
2024-08-14,T15_N1P1K1,,,,,,,,,,,,,,,,,,,,6.56,13.7,24.0,23.4,77.6,Si,0.304,155.0,1,1,1,2024,8,14,15.0
2024-08-14,T9_N0P2K2,,,,,,,,,,,,,,,,,,,,6.68,22.3,24.4,23.4,77.0,Si,0.278,161.0,0,2,2,2024,8,14,9.0
2024-08-14,T13_N1P0K1,,,,,,,,,,,,,,,,,,,,6.7,15.4,24.4,23.6,76.8,Si,0.561,259.0,1,0,1,2024,8,14,13.0
2024-08-14,T22_N2P0K1,,,,,,,,,,,,,,,,,,,,6.08,15.3,24.5,23.9,74.8,Si,0.741,264.0,2,0,1,2024,8,14,22.0
2024-08-14,T10_N1P0K0,,,,,,,,,,,,,,,,,,,,6.44,15.0,24.4,24.2,74.0,Si,0.557,453.0,1,0,0,2024,8,14,10.0
2024-08-14,T28_BIO-N0P0K0,,,,,,,,,,,,,,,,,,,,6.56,14.5,25.2,24.8,75.3,Si,0.578,471.0,0,0,0,2024,8,14,28.0
2024-08-14,T12_N1P2K0,,,,,,,,,,,,,,,,,,,,6.61,10.8,25.6,25.4,68.8,Si,0.119,590.0,1,2,0,2024,8,14,12.0
2024-08-14,T26_N2P2K1,,,,,,,,,,,,,,,,,,,,6.56,14.9,26.0,26.0,69.1,Si,0.551,559.0,2,2,1,2024,8,14,26.0
2024-08-14,T16_N1P1K2,,,,,,,,,,,,,,,,,,,,6.61,16.6,27.0,26.7,66.4,Si,0.982,612.0,1,1,2,2024,8,14,16.0
2024-08-14,T1_N0P0K0,,,,,,,,,,,,,,,,,,,,6.62,23.9,26.8,27.4,64.1,Si,0.133,435.0,0,0,0,2024,8,14,1.0
2024-08-14,T14_N1P0K2,,,,,,,,,,,,,,,,,,,,6.56,10.5,26.8,27.3,59.3,Si,0.374,282.0,1,0,2,2024,8,14,14.0
2024-08-14,T7_N0P1K2,,,,,,,,,,,,,,,,,,,,6.54,18.5,26.8,27.2,58.7,Si,0.247,437.0,0,1,2,2024,8,14,7.0
2024-08-14,T3_N0P2K0,,,,,,,,,,,,,,,,,,,,6.56,23.1,26.8,27.4,63.8,Si,1.336,467.0,0,2,0,2024,8,14,3.0
2024-08-14,T23_N2P0K2,,,,,,,,,,,,,,,,,,,,6.48,18.3,27.2,27.2,61.8,Si,0.576,247.0,2,0,2,2024,8,14,23.0
2024-08-14,T21_N2P2K0,,,,,,,,,,,,,,,,,,,,6.47,17.1,27.2,27.1,60.7,Si,0.528,286.0,2,2,0,2024,8,14,21.0
2024-08-14,T5_N0P0K2,,,,,,,,,,,,,,,,,,,,6.41,19.9,27.2,27.0,62.0,Si,0.552,176.0,0,0,2,2024,8,14,5.0
2024-08-14,T30_BIO N2P2K2,,,,,,,,,,,,,,,,,,,,6.51,14.3,27.2,26.7,62.0,Si,0.557,153.0,2,2,2,2024,8,14,30.0
2024-08-14,T20_N2P1K0,,,,,,,,,,,,,,,,,,,,6.43,16.6,26.4,26.4,63.0,Si,0.371,155.0,2,1,0,2024,8,14,20.0
2024-08-14,T18_N1P2K2,,,,,,,,,,,,,,,,,,,,6.54,19.9,26.0,26.1,63.6,Si,0.375,155.0,1,2,2,2024,8,14,18.0
2024-08-14,T29_BIO N1P1K1,,,,,,,,,,,,,,,,,,,,6.45,18.2,25.6,26.0,65.5,Si,0.371,175.0,1,1,1,2024,8,14,29.0
2024-08-14,T25_N2P1K2,,,,,,,,,,,,,,,,,,,,6.43,17.0,25.6,25.9,65.7,Si,0.768,270.0,2,1,2,2024,8,14,25.0
2024-08-14,T19_N2P0K0,,,,,,,,,,,,,,,,,,,,6.5,26.1,25.6,25.8,66.3,Si,1.416,289.0,2,0,0,2024,8,14,19.0
2024-08-14,T2_N0P1K0,,,,,,,,,,,,,,,,,,,,6.6,20.3,26.0,25.8,66.0,Si,0.563,265.0,0,1,0,2024,8,14,2.0
2024-08-14,T6_N0P1K1,,,,,,,,,,,,,,,,,,,,6.47,15.9,26.4,26.1,66.8,Si,0.562,427.0,0,1,1,2024,8,14,6.0
2024-08-14,T17_N1P2K1,,,,,,,,,,,,,,,,,,,,6.5,14.0,26.8,26.3,65.1,Si,0.548,240.0,1,2,1,2024,8,14,17.0
2024-08-14,T11_N1P1K0,,,,,,,,,,,,,,,,,,,,6.4,18.6,26.5,26.5,63.9,Si,0.364,351.0,1,1,0,2024,8,14,11.0
2024-08-14,T8_N0P2K1,,,,,,,,,,,,,,,,,,,,6.52,16.8,27.1,26.8,62.3,Si,0.572,900.0,0,2,1,2024,8,14,8.0
2024-08-14,T9_N0P2K2,31.0,45.7,,,,,,,,,,,6.0,31.0,,7.0,150.0,0.389,,6.56,19.4,27.7,27.0,59.9,Si,0.575,350.0,0,2,2,2024,8,14,9.0
2024-08-14,T13_N1P0K1,38.0,44.9,,,,,,,,,,,6.0,22.0,,3.0,120.0,0.186,,6.22,14.7,27.3,27.0,63.1,Si,0.562,639.0,1,0,1,2024,8,14,13.0
2024-08-14,T26_N2P2K1,43.0,46.6,,,,,,,,,,,6.8,7.0,,3.0,14.0,0.046,,6.53,19.2,27.4,27.1,61.5,Si,0.715,214.0,2,2,1,2024,8,14,26.0
2024-08-14,T16_N1P1K2,36.0,44.3,,,,,,,,,,,6.9,39.0,,6.0,63.0,0.157,,6.43,20.8,27.4,27.4,59.4,Si,0.561,267.0,1,1,2,2024,8,14,16.0
2024-08-14,T10_N1P0K0,27.0,43.6,,,,,,,,,,,6.7,50.0,,15.0,470.0,0.789,,6.6,14.9,27.0,27.3,61.4,Si,0.563,296.0,1,0,0,2024,8,14,10.0
2024-08-14,T22_N2P0K1,34.0,46.1,,,,,,,,,,,6.9,7.0,,3.0,59.0,0.115,,6.6,17.4,27.0,27.2,61.8,Si,0.53,319.0,2,0,1,2024,8,14,22.0
2024-08-14,T12_N1P2K0,48.0,45.7,,,,,,,,,,,7.1,4.0,,2.0,25.0,0.065,,6.51,20.7,27.4,27.3,63.6,Si,0.394,286.0,1,2,0,2024,8,14,12.0
2024-08-14,T28_BIO-N0P0K0,31.0,46.6,,,,,,,,,,,7.0,44.0,,7.0,240.0,0.62,,6.6,16.0,27.4,27.4,59.5,Si,0.582,256.0,0,0,0,2024,8,14,28.0
2024-08-14,T1_N0P0K0,42.0,46.3,,,,,,,,,,,7.0,23.0,,6.0,320.0,0.226,,6.65,21.4,27.4,27.1,61.8,Si,0.558,261.0,0,0,0,2024,8,14,1.0
2024-08-14,T14_N1P0K2,32.0,44.5,,,,,,,,,,,7.3,23.0,,4.0,120.0,0.218,,6.54,24.5,27.4,27.0,63.5,Si,0.554,261.0,1,0,2,2024,8,14,14.0
2024-08-14,T5_N0P0K2,40.0,45.1,,,,,,,,,,,6.4,14.0,,2.0,59.0,0.133,,6.53,18.3,27.4,27.1,62.9,Si,0.357,278.0,0,0,2,2024,8,14,5.0
2024-08-14,T30_BIO N2P2K2,36.5,46.2,,,,,,,,,,,6.9,11.0,,5.0,57.0,0.058,,6.49,22.8,27.0,27.1,60.9,Si,0.578,271.0,2,2,2,2024,8,14,30.0
2024-08-14,T3_N0P2K0,33.5,45.3,,,,,,,,,,,6.8,35.0,,6.0,210.0,0.303,,6.55,21.4,27.0,26.7,59.5,Si,0.571,282.0,0,2,0,2024,8,14,3.0
2024-08-14,T7_N0P1K2,38.0,46.2,,,,,,,,,,,6.6,43.0,,5.0,90.0,0.404,,3.94,17.8,27.4,26.8,63.6,Si,0.543,235.0,0,1,2,2024,8,14,7.0
2024-08-14,T21_N2P2K0,42.0,46.7,,,,,,,,,,,6.7,68.0,,14.0,590.0,0.847,,6.47,15.6,27.8,27.2,58.0,Si,0.547,320.0,2,2,0,2024,8,14,21.0
2024-08-14,T23_N2P0K2,28.0,44.5,,,,,,,,,,,6.6,11.0,,4.0,140.0,0.304,,6.42,18.3,27.4,27.2,58.0,Si,0.403,440.0,2,0,2,2024,8,14,23.0
2024-08-14,T20_N2P1K0,40.0,42.0,,,,,,,,,,,6.3,67.0,,18.0,400.0,0.739,,6.37,15.9,27.4,27.2,58.0,Si,0.551,329.0,2,1,0,2024,8,14,20.0
2024-08-14,T18_N1P2K2,35.0,44.3,,,,,,,,,,,7.0,10.0,,3.0,140.0,0.352,,6.48,24.0,27.8,27.1,57.8,Si,0.544,435.0,1,2,2,2024,8,14,18.0
2024-08-14,T6_N0P1K1,34.5,42.3,,,,,,,,,,,6.8,0.5,,2.0,21.0,0.079,,6.5,26.3,27.8,27.2,59.1,Si,0.386,834.0,0,1,1,2024,8,14,6.0
2024-08-14,T17_N1P2K1,37.0,45.1,,,,,,,,,,,6.8,6.0,,2.0,45.0,0.103,,6.56,20.7,27.8,27.3,59.0,Si,0.551,374.0,1,2,1,2024,8,14,17.0
2024-08-14,T25_N2P1K2,35.0,47.3,,,,,,,,,,,6.9,15.0,,3.0,88.0,0.159,,6.57,22.5,28.6,27.7,61.2,Si,0.538,789.0,2,1,2,2024,8,14,25.0
2024-08-14,T29_BIO N1P1K1,38.0,44.1,,,,,,,,,,,6.5,27.0,,4.0,90.0,0.259,,6.62,25.1,29.0,28.4,59.6,Si,0.56,437.0,1,1,1,2024,8,14,29.0
2024-08-14,T2_N0P1K0,42.0,44.9,,,,,,,,,,,6.4,6.0,,2.0,42.0,0.1,,6.53,26.2,29.4,29.1,58.0,Si,0.321,538.0,0,1,0,2024,8,14,2.0
2024-08-14,T19_N2P0K0,35.0,45.8,,,,,,,,,,,6.6,5.0,,2.0,62.0,0.16,,6.44,26.4,29.0,29.2,56.6,Si,0.358,276.0,2,0,0,2024,8,14,19.0
2024-08-14,T8_N0P2K1,33.0,46.8,,,,,,,,,,,6.6,0.5,,0.5,34.0,0.074,,6.65,29.8,29.0,28.8,53.6,Si,0.355,261.0,0,2,1,2024,8,14,8.0
2024-08-14,T15_N1P1K1,44.5,45.4,,,,,,,,,,,6.2,6.0,,2.0,50.0,0.098,,6.57,28.7,28.6,28.2,56.0,Si,0.555,263.0,1,1,1,2024,8,14,15.0
2024-08-14,T24_N2P1K1,43.0,45.2,,,,,,,,,,,6.8,4.0,,2.0,48.0,0.135,,6.56,25.7,28.2,28.1,56.1,Si,0.553,254.0,2,1,1,2024,8,14,24.0
2024-08-14,T11_N1P1K0,43.0,45.7,,,,,,,,,,,7.2,9.0,,4.0,68.0,0.133,,6.49,26.1,27.4,28.0,56.5,Si,0.393,273.0,1,1,0,2024,8,14,11.0
2024-08-14,T27_N2P2K2,39.0,43.2,,,,,,,,,,,7.5,120.0,,37.0,180.0,0.723,,6.54,25.3,27.4,28.1,54.4,Si,0.579,797.0,2,2,2,2024,8,14,27.0
2024-08-14,T4_N0P0K1,37.0,42.2,,,,,,,,,,,7.0,14.0,,3.0,81.0,0.156,,6.63,22.1,28.2,28.2,57.4,Si,0.541,831.0,0,0,1,2024,8,14,4.0
2024-08-21,T27_N2P2K2,,,,,,,,,,,,,,,,,,,,6.45,22.6,25.1,24.5,68.5,Si,0.051,152.0,2,2,2,2024,8,21,27.0
2024-08-21,T24_N2P1K1,,,,,,,,,,,,,,,,,,,,6.67,17.4,24.3,24.6,68.0,Si,0.554,152.0,2,1,1,2024,8,21,24.0
2024-08-21,T4_N0P0K1,,,,,,,,,,,,,,,,,,,,6.61,13.8,23.9,24.7,67.5,Si,0.271,145.0,0,0,1,2024,8,21,4.0
2024-08-21,T15_N1P1K1,,,,,,,,,,,,,,,,,,,,6.43,21.9,23.9,24.9,67.4,Si,0.068,152.0,1,1,1,2024,8,21,15.0
2024-08-21,T9_N0P2K2,,,,,,,,,,,,,,,,,,,,6.61,26.6,23.5,24.9,66.7,Si,0.565,164.0,0,2,2,2024,8,21,9.0
2024-08-21,T13_N1P0K1,,,,,,,,,,,,,,,,,,,,6.48,25.4,23.9,24.8,68.8,Si,0.145,166.0,1,0,1,2024,8,21,13.0
2024-08-21,T22_N2P0K1,,,,,,,,,,,,,,,,,,,,6.43,24.1,23.5,24.8,68.0,Si,0.23,239.0,2,0,1,2024,8,21,22.0
2024-08-21,T10_N1P0K0,,,,,,,,,,,,,,,,,,,,6.5,20.5,23.9,25.0,67.5,Si,0.057,238.0,1,0,0,2024,8,21,10.0
2024-08-21,T28_BIO-N0P0K0,,,,,,,,,,,,,,,,,,,,6.38,18.8,24.3,25.5,68.8,Si,0.563,259.0,0,0,0,2024,8,21,28.0
2024-08-21,T12_N1P2K0,,,,,,,,,,,,,,,,,,,,6.4,31.9,24.3,25.5,67.3,Si,0.142,253.0,1,2,0,2024,8,21,12.0
2024-08-21,T26_N2P2K1,,,,,,,,,,,,,,,,,,,,6.3,26.9,24.3,25.5,65.7,Si,0.228,246.0,2,2,1,2024,8,21,26.0
2024-08-21,T16_N1P1K2,,,,,,,,,,,,,,,,,,,,6.55,26.9,24.3,25.5,65.6,Si,0.084,155.0,1,1,2,2024,8,21,16.0
2024-08-21,T1_N0P0K0,,,,,,,,,,,,,,,,,,,,6.4,26.0,24.3,25.5,66.5,Si,0.063,139.0,0,0,0,2024,8,21,1.0
2024-08-21,T14_N1P0K2,,,,,,,,,,,,,,,,,,,,6.46,19.0,24.3,25.4,64.2,Si,0.101,139.0,1,0,2,2024,8,21,14.0
2024-08-21,T7_N0P1K2,,,,,,,,,,,,,,,,,,,,6.45,27.4,24.3,25.2,65.0,Si,0.11,148.0,0,1,2,2024,8,21,7.0
2024-08-21,T3_N0P2K0,,,,,,,,,,,,,,,,,,,,6.35,23.3,23.9,25.3,67.3,Si,0.093,606.0,0,2,0,2024,8,21,3.0
2024-08-21,T23_N2P0K2,,,,,,,,,,,,,,,,,,,,6.36,25.2,24.7,25.7,65.8,Si,0.181,630.0,2,0,2,2024,8,21,23.0
2024-08-21,T21_N2P2K0,,,,,,,,,,,,,,,,,,,,6.41,20.9,25.9,26.5,66.4,Si,0.209,615.0,2,2,0,2024,8,21,21.0
2024-08-21,T5_N0P0K2,,,,,,,,,,,,,,,,,,,,6.47,18.7,27.1,27.3,60.6,Si,0.025,507.0,0,0,2,2024,8,21,5.0
2024-08-21,T30_BIO N2P2K2,,,,,,,,,,,,,,,,,,,,6.42,20.5,26.7,27.7,59.2,Si,0.302,525.0,2,2,2,2024,8,21,30.0
2024-08-21,T20_N2P1K0,,,,,,,,,,,,,,,,,,,,6.43,23.8,27.5,28.4,57.4,Si,0.027,514.0,2,1,0,2024,8,21,20.0
2024-08-21,T18_N1P2K2,,,,,,,,,,,,,,,,,,,,6.34,29.8,26.3,28.8,56.0,Si,0.139,579.0,1,2,2,2024,8,21,18.0
2024-08-21,T29_BIO N1P1K1,,,,,,,,,,,,,,,,,,,,6.31,24.7,26.7,29.2,56.4,Si,0.288,745.0,1,1,1,2024,8,21,29.0
2024-08-21,T25_N2P1K2,,,,,,,,,,,,,,,,,,,,6.18,33.9,26.7,29.2,55.3,Si,0.056,261.0,2,1,2,2024,8,21,25.0
2024-08-21,T19_N2P0K0,,,,,,,,,,,,,,,,,,,,6.38,26.7,26.3,28.9,55.6,Si,0.062,238.0,2,0,0,2024,8,21,19.0
2024-08-21,T2_N0P1K0,,,,,,,,,,,,,,,,,,,,6.33,24.6,25.9,28.6,57.7,Si,0.038,257.0,0,1,0,2024,8,21,2.0
2024-08-21,T6_N0P1K1,,,,,,,,,,,,,,,,,,,,6.4,23.6,25.5,28.1,57.1,Si,0.209,261.0,0,1,1,2024,8,21,6.0
2024-08-21,T17_N1P2K1,,,,,,,,,,,,,,,,,,,,6.31,23.4,25.1,27.8,56.4,Si,0.067,278.0,1,2,1,2024,8,21,17.0
2024-08-21,T11_N1P1K0,,,,,,,,,,,,,,,,,,,,6.45,22.6,24.3,27.4,58.6,Si,0.038,245.0,1,1,0,2024,8,21,11.0
2024-08-21,T8_N0P2K1,,,,,,,,,,,,,,,,,,,,6.45,29.2,24.3,27.2,60.5,Si,0.064,573.0,0,2,1,2024,8,21,8.0
2024-08-21,T9_N0P2K2,71.0,45.9,,,,,5.9,4000.0,,46.0,2000.0,13.99,6.9,17.0,,4.0,24.0,0.151,,6.45,23.8,24.7,27.3,61.4,Si,0.06,615.0,0,2,2,2024,8,21,9.0
2024-08-21,T13_N1P0K1,72.0,41.6,,,,,5.8,4100.0,,72.0,2000.0,12.25,6.8,14.0,,3.0,16.0,0.117,,6.39,29.0,25.5,27.6,62.9,Si,0.114,800.0,1,0,1,2024,8,21,13.0
2024-08-21,T26_N2P2K1,72.0,47.5,,,,,5.8,3600.0,,54.0,2000.0,14.44,7.0,21.0,,2.0,56.0,0.353,,6.49,21.9,25.9,28.0,56.3,Si,0.284,287.0,2,2,1,2024,8,21,26.0
2024-08-21,T16_N1P1K2,73.0,48.3,,,,,6.0,3700.0,,43.0,2000.0,11.79,7.1,16.0,,3.0,19.0,0.054,,6.57,27.5,25.5,28.4,58.2,Si,0.386,761.0,1,1,2,2024,8,21,16.0
2024-08-21,T10_N1P0K0,68.0,50.0,,,,,6.1,3400.0,,39.0,1900.0,13.66,6.8,43.0,,11.0,210.0,0.541,,6.34,19.5,28.5,31.7,47.6,Si,0.025,345.0,1,0,0,2024,8,21,10.0
2024-08-21,T22_N2P0K1,57.0,48.8,,,,,6.0,3600.0,,41.0,1900.0,13.36,7.0,11.0,,2.0,25.0,0.15,,6.4,27.6,26.7,29.5,53.9,Si,0.159,805.0,2,0,1,2024,8,21,22.0
2024-08-21,T12_N1P2K0,73.0,49.9,,,,,5.8,3400.0,,52.0,1300.0,12.87,7.2,18.0,,3.0,42.0,0.229,,6.46,22.1,27.1,29.8,53.3,Si,0.325,815.0,1,2,0,2024,8,21,12.0
2024-08-21,T28_BIO-N0P0K0,64.5,48.7,,,,,5.9,3400.0,,41.0,1500.0,13.35,6.8,7.0,,0.5,20.0,0.078,,6.31,23.9,27.4,29.6,51.4,Si,0.052,250.0,0,0,0,2024,8,21,28.0
2024-08-21,T1_N0P0K0,70.0,45.1,,,,,5.8,3600.0,,40.0,2100.0,13.59,6.8,5.0,,0.5,18.0,0.047,,6.48,30.9,26.6,29.3,52.2,Si,0.108,235.0,0,0,0,2024,8,21,1.0
2024-08-21,T14_N1P0K2,62.0,45.6,,,,,5.9,3600.0,,50.0,2600.0,11.87,6.8,15.0,,3.0,20.0,0.086,,6.44,27.8,26.2,28.9,51.7,Si,0.191,176.0,1,0,2,2024,8,21,14.0
2024-08-21,T5_N0P0K2,71.0,48.0,,,,,5.8,3400.0,,42.0,2400.0,12.9,6.0,44.0,,9.0,340.0,0.868,,6.45,20.6,25.8,28.6,54.6,Si,0.398,265.0,0,0,2,2024,8,21,5.0
2024-08-21,T30_BIO N2P2K2,73.0,49.0,,,,,5.9,3500.0,,39.0,2700.0,13.19,6.6,98.0,,9.0,190.0,0.846,,6.49,20.7,25.8,28.6,54.3,Si,0.109,823.0,2,2,2,2024,8,21,30.0
2024-08-21,T3_N0P2K0,63.0,50.9,,,,,5.9,2300.0,,34.0,1100.0,10.48,7.2,33.0,,5.0,51.0,0.312,,6.49,24.7,25.8,28.7,54.6,Si,0.135,643.0,0,2,0,2024,8,21,3.0
2024-08-21,T7_N0P1K2,58.5,50.4,,,,,5.8,3600.0,,48.0,2700.0,12.5,6.7,41.0,,7.0,200.0,0.333,,6.41,22.4,26.5,29.0,56.3,Si,0.083,809.0,0,1,2,2024,8,21,7.0
2024-08-21,T21_N2P2K0,68.0,48.1,,,,,5.9,3300.0,,44.0,1800.0,12.17,6.9,14.0,,4.0,33.0,0.148,,6.5,21.6,27.0,29.4,55.4,Si,0.05,742.0,2,2,0,2024,8,21,21.0
2024-08-21,T23_N2P0K2,75.0,48.6,1.0,,,,5.7,3600.0,,43.0,2300.0,13.22,6.0,47.0,,10.0,320.0,0.938,,6.58,21.3,27.4,29.7,50.0,Si,0.116,676.0,2,0,2,2024,8,21,23.0
2024-08-21,T20_N2P1K0,66.5,51.3,,,,,5.7,3200.0,,37.0,2300.0,13.58,6.7,28.0,,7.0,140.0,0.328,,6.44,18.8,27.4,29.9,52.8,Si,0.198,761.0,2,1,0,2024,8,21,20.0
2024-08-21,T18_N1P2K2,70.0,50.9,,,,,6.0,3300.0,,41.0,1400.0,11.43,6.4,51.0,,8.0,280.0,0.809,,6.52,19.9,27.8,30.1,49.6,Si,0.155,770.0,1,2,2,2024,8,21,18.0
2024-08-21,T6_N0P1K1,71.0,47.1,,,,,5.8,3300.0,,37.0,2700.0,13.6,6.7,26.0,,7.0,130.0,0.358,,6.32,23.1,27.8,30.5,52.9,Si,0.102,783.0,0,1,1,2024,8,21,6.0
2024-08-21,T17_N1P2K1,65.0,49.4,,,,,5.7,3400.0,,42.0,2100.0,14.21,7.3,36.0,,10.0,63.0,0.303,,6.47,16.9,27.8,30.9,50.9,Si,0.146,754.0,1,2,1,2024,8,21,17.0
2024-08-21,T25_N2P1K2,53.0,48.6,,,,,5.8,3000.0,,32.0,1700.0,12.94,6.7,48.0,,10.0,86.0,0.382,,6.43,18.7,29.0,31.4,47.2,Si,0.533,729.0,2,1,2,2024,8,21,25.0
2024-08-21,T29_BIO N1P1K1,60.0,48.8,,,,,6.0,3300.0,,36.0,2100.0,11.25,6.9,10.0,,2.0,54.0,0.161,,6.37,23.2,29.4,31.6,45.3,Si,0.542,868.0,1,1,1,2024,8,21,29.0
2024-08-21,T2_N0P1K0,67.0,47.7,,,,,5.9,3500.0,,39.0,3000.0,14.32,7.0,8.0,,2.0,38.0,0.091,,6.34,19.5,29.1,31.6,45.0,Si,0.328,631.0,0,1,0,2024,8,21,2.0
2024-08-21,T19_N2P0K0,54.0,49.4,,,,,6.0,3300.0,,38.0,2600.0,13.3,6.8,21.0,,4.0,110.0,0.271,,6.29,23.4,29.0,31.1,46.2,Si,0.171,783.0,2,0,0,2024,8,21,19.0
2024-08-21,T8_N0P2K1,67.0,44.7,,,,,6.0,3600.0,,43.0,2900.0,13.9,6.4,25.0,,8.0,150.0,0.44,,6.4,21.2,29.4,30.8,47.9,Si,0.328,787.0,0,2,1,2024,8,21,8.0
2024-08-21,T15_N1P1K1,61.0,49.3,,,,,5.8,3300.0,,42.0,2300.0,13.96,6.4,18.0,,5.0,170.0,0.722,,6.34,16.2,29.4,30.7,48.3,Si,0.283,787.0,1,1,1,2024,8,21,15.0
2024-08-21,T24_N2P1K1,65.0,47.0,,,,,5.8,3400.0,,41.0,2300.0,14.56,5.5,56.0,,8.0,230.0,0.653,,6.41,22.7,29.4,30.9,45.7,Si,0.401,823.0,2,1,1,2024,8,21,24.0
2024-08-21,T11_N1P1K0,71.0,46.7,,,,,5.8,3300.0,,45.0,3000.0,13.71,6.6,58.0,,20.0,160.0,0.59,,6.16,24.9,29.6,31.6,44.5,Si,0.222,829.0,1,1,0,2024,8,21,11.0
2024-08-21,T27_N2P2K2,65.0,48.8,,,,,6.0,2900.0,,32.0,2500.0,11.09,6.8,27.0,,6.0,70.0,0.258,,6.34,21.1,29.6,31.8,43.9,Si,0.275,693.0,2,2,2,2024,8,21,27.0
2024-08-21,T4_N0P0K1,65.0,51.2,,,,,5.9,3200.0,,32.0,2400.0,13.19,6.7,49.0,,8.0,110.0,0.494,,6.3,17.8,28.8,31.8,46.5,Si,0.122,633.0,0,0,1,2024,8,21,4.0
2024-08-27,T27_N2P2K2,89.0,51.3,0.0,,,,5.75,3550.0,565.0,38.5,2000.0,10.65,6.4,99.33333333333331,130.0,20.67,236.67,0.785,,6.46,14.2,24.8,26.1,61.4,Si,0.08,315.0,2,2,2,2024,8,27,27.0
2024-08-27,T24_N2P1K1,85.0,54.0,2.0,,,,5.99,4350.0,220.5,60.5,2850.0,13.68,6.5,26.5,370.0,3.0,83.0,0.285,,6.46,13.4,24.8,26.6,63.6,Si,0.0,398.0,2,1,1,2024,8,27,24.0
2024-08-27,T4_N0P0K1,73.0,51.0,2.0,,,,6.01,3600.0,260.0,57.5,2000.0,11.0,6.2,24.666666666666668,120.0,6.5,130.0,0.298,,6.49,18.1,25.6,27.0,62.3,Si,0.0,377.0,0,0,1,2024,8,27,4.0
2024-08-27,T15_N1P1K1,92.0,52.2,2.0,,,,6.07,4050.0,78.0,47.0,3600.0,11.82,6.1,50.5,105.0,16.0,205.0,0.561,,6.45,17.3,26.4,27.6,56.7,Si,0.0,346.0,1,1,1,2024,8,27,15.0
2024-08-27,T9_N0P2K2,73.0,50.2,0.0,,,,5.91,3800.0,230.0,43.0,3000.0,12.32,6.68,70.5,155.0,6.67,163.3,0.553,,6.53,16.7,26.4,28.1,54.4,Si,0.013,396.0,0,2,2,2024,8,27,9.0
2024-08-27,T13_N1P0K1,83.5,48.9,2.0,,,,5.9,4050.0,130.0,42.5,3000.0,13.01,6.7,23.5,255.0,7.5,61.33,0.117,,6.53,12.1,26.4,28.5,50.3,Si,0.0,117.0,1,0,1,2024,8,27,13.0
2024-08-27,T22_N2P0K1,102.0,50.6,2.0,,,,5.91,3650.0,180.0,42.0,2350.0,11.65,7.23,62.0,93.66666666666669,16.0,135.0,0.524,,6.71,16.2,26.0,28.7,44.9,Si,0.038,510.0,2,0,1,2024,8,27,22.0
2024-08-27,T10_N1P0K0,89.0,49.5,0.0,,,,6.23,3550.0,190.5,33.0,2700.0,11.75,6.66,13.0,150.0,4.0,60.5,0.25,,6.47,19.4,26.0,29.0,46.3,Si,0.009,527.0,1,0,0,2024,8,27,10.0
2024-08-27,T28_BIO-N0P0K0,87.0,49.8,0.0,,,,6.04,3500.0,370.5,36.0,3000.0,11.13,6.51,19.5,110.0,7.5,205.0,0.432,,6.45,25.3,26.8,28.9,43.3,Si,0.066,161.0,0,0,0,2024,8,27,28.0
2024-08-27,T12_N1P2K0,80.0,51.6,0.0,,,,6.03,4050.0,320.5,56.5,2450.0,12.76,6.85,96.0,155.0,31.5,220.0,0.823,,6.47,16.1,26.4,28.9,46.9,Si,0.043,566.0,1,2,0,2024,8,27,12.0
2024-08-27,T26_N2P2K1,79.0,49.6,1.0,,,,6.02,3500.0,360.0,40.5,2250.0,10.69,7.04,97.0,170.0,36.0,245.0,0.999,,6.4,20.3,26.4,28.9,39.9,Si,0.0,106.0,2,2,1,2024,8,27,26.0
2024-08-27,T16_N1P1K2,85.0,49.1,5.0,,,,5.91,4000.0,150.5,50.5,3000.0,12.42,7.19,31.33,140.0,9.5,77.0,0.254,,6.43,24.0,26.4,28.8,45.8,Si,0.0,513.0,1,1,2,2024,8,27,16.0
2024-08-27,T1_N0P0K0,84.0,52.3,1.0,,,,6.09,3700.0,120.0,41.0,2200.0,11.29,7.22,47.0,64.0,18.0,73.0,0.334,,6.35,22.2,26.4,28.7,42.8,Si,0.021,476.0,0,0,0,2024,8,27,1.0
2024-08-27,T14_N1P0K2,73.0,51.3,0.0,,,,6.03,3700.0,230.0,43.0,3000.0,11.12,6.3,21.0,77.5,4.5,87.5,0.295,,6.52,23.3,26.4,28.6,46.7,Si,0.149,494.0,1,0,2,2024,8,27,14.0
2024-08-27,T7_N0P1K2,68.0,47.0,0.0,,,,5.83,4350.0,58.0,65.5,2250.0,14.47,6.86,14.0,260.0,3.0,27.0,0.118,,6.36,22.6,26.8,28.5,40.3,Si,0.045,549.0,0,1,2,2024,8,27,7.0
2024-08-27,T3_N0P2K0,92.0,45.1,1.0,,,,5.9,3750.0,48.5,37.5,2200.0,11.71,6.89,5.0,44.5,3.0,22.5,0.083,,6.37,18.4,27.2,28.5,46.7,Si,0.009,427.0,0,2,0,2024,8,27,3.0
2024-08-27,T23_N2P0K2,82.0,50.6,0.0,,,,6.11,3900.0,560.0,43.0,3600.0,11.86,5.54,98.0,110.0,12.0,675.0,1.55,,6.24,27.5,28.0,28.6,48.2,Si,0.137,633.0,2,0,2,2024,8,27,23.0
2024-08-27,T21_N2P2K0,82.0,47.1,1.0,,,,6.04,4000.0,205.0,46.0,3500.0,12.38,6.49,26.5,120.0,7.5,145.0,0.274,,6.31,24.6,27.6,28.6,49.3,Si,0.207,566.0,2,2,0,2024,8,27,21.0
2024-08-27,T5_N0P0K2,82.5,52.3,3.0,,,,6.12,3850.0,160.0,46.0,3000.0,12.91,6.3,0.5,235.0,2.0,84.0,0.165,,6.39,20.7,26.8,28.6,50.2,Si,0.162,555.0,0,0,2,2024,8,27,5.0
2024-08-27,T30_BIO N2P2K2,83.0,46.9,0.0,,,,5.86,3900.0,340.0,46.0,3300.0,12.72,6.01,62.5,170.0,7.5,265.0,0.623,,6.4,28.5,26.8,29.0,49.2,Si,0.18,533.0,2,2,2,2024,8,27,30.0
2024-08-27,T20_N2P1K0,93.0,55.1,4.0,,,,5.92,3850.0,32.0,41.0,2800.0,11.63,6.88,0.5,110.0,0.5,10.5,0.017,,6.35,22.0,26.8,29.5,50.4,Si,0.023,554.0,2,1,0,2024,8,27,20.0
2024-08-27,T18_N1P2K2,83.0,52.1,0.0,,,,5.95,3300.0,16.0,42.0,1800.0,11.06,7.06,0.5,265.0,0.5,11.0,0.02,,6.38,20.5,27.2,29.7,50.0,Si,0.055,566.0,1,2,2,2024,8,27,18.0
2024-08-27,T29_BIO N1P1K1,91.0,49.9,1.0,,,,6.01,3900.0,44.0,40.0,2600.0,11.62,7.11,5.0,135.0,3.0,18.5,0.049,,6.34,36.1,28.0,30.0,50.9,Si,0.11,593.0,1,1,1,2024,8,27,29.0
2024-08-27,T25_N2P1K2,82.0,52.0,2.0,,,,6.01,3800.0,130.0,45.0,3500.0,11.96,7.14,140.0,120.0,53.0,275.0,0.871,,6.34,33.1,28.4,30.3,52.7,Si,0.288,638.0,2,1,2,2024,8,27,25.0
2024-08-27,T19_N2P0K0,83.0,52.6,2.0,,,,6.03,3250.0,155.0,33.5,3000.0,10.74,6.41,4.5,96.0,3.0,44.0,0.237,,6.24,35.3,29.2,30.7,53.5,Si,0.197,578.0,2,0,0,2024,8,27,19.0
2024-08-27,T2_N0P1K0,87.0,51.7,1.0,,,,6.27,3700.0,82.66666666666667,36.5,3200.0,11.32,6.66,0.5,335.0,0.5,27.0,0.116,,6.42,31.0,29.6,31.1,53.0,Si,0.539,585.0,0,1,0,2024,8,27,2.0
2024-08-27,T6_N0P1K1,92.0,50.5,3.0,,,,6.02,3800.0,215.0,37.0,3500.0,11.53,6.45,12.5,72.5,3.0,175.0,0.356,,6.33,22.6,29.2,31.1,49.4,Si,0.108,549.0,0,1,1,2024,8,27,6.0
2024-08-27,T17_N1P2K1,87.0,48.4,0.0,,,,5.95,3600.0,280.0,37.0,2400.0,10.91,6.57,110.0,150.0,18.0,315.0,0.877,,6.55,20.6,28.4,30.6,48.1,Si,0.199,620.0,1,2,1,2024,8,27,17.0
2024-08-27,T11_N1P1K0,84.0,49.3,2.0,,,,6.04,4250.0,120.0,40.5,3550.0,13.14,6.7,9.0,79.5,3.0,84.5,0.218,,6.36,33.4,28.0,29.9,53.4,Si,0.254,154.0,1,1,0,2024,8,27,11.0
2024-08-27,T8_N0P2K1,96.0,50.8,2.0,,,,5.87,4100.0,100.0,38.0,2400.0,12.78,6.72,12.5,140.0,4.5,125.0,282.0,,6.28,22.2,27.6,29.5,54.6,Si,0.065,271.0,0,2,1,2024,8,27,8.0
2024-08-27,T9_N0P2K2,,,,,,,,,,,,,,,,,,,,6.35,26.2,28.4,29.4,55.7,Si,0.393,676.0,0,2,2,2024,8,27,9.0
2024-08-27,T13_N1P0K1,,,,,,,,,,,,,,,,,,,,6.39,32.1,30.0,29.5,57.2,Si,0.282,731.0,1,0,1,2024,8,27,13.0
2024-08-27,T26_N2P2K1,,,,,,,,,,,,,,,,,,,,6.41,33.5,29.2,29.9,53.6,Si,0.287,697.0,2,2,1,2024,8,27,26.0
2024-08-27,T16_N1P1K2,,,,,,,,,,,,,,,,,,,,6.32,31.5,28.8,30.0,54.9,Si,0.196,697.0,1,1,2,2024,8,27,16.0
2024-08-27,T10_N1P0K0,,,,,,,,,,,,,,,,,,,,6.6,29.3,28.8,30.3,53.5,Si,0.537,703.0,1,0,0,2024,8,27,10.0
2024-08-27,T22_N2P0K1,,,,,,,,,,,,,,,,,,,,6.38,24.3,28.8,30.4,51.9,Si,0.149,684.0,2,0,1,2024,8,27,22.0
2024-08-27,T12_N1P2K0,,,,,,,,,,,,,,,,,,,,6.42,29.0,28.8,30.4,54.6,Si,0.241,671.0,1,2,0,2024,8,27,12.0
2024-08-27,T28_BIO-N0P0K0,,,,,,,,,,,,,,,,,,,,6.37,18.8,28.8,30.4,51.1,Si,0.193,666.0,0,0,0,2024,8,27,28.0
2024-08-27,T1_N0P0K0,,,,,,,,,,,,,,,,,,,,6.39,30.4,29.2,30.2,54.2,Si,0.223,666.0,0,0,0,2024,8,27,1.0
2024-08-27,T14_N1P0K2,,,,,,,,,,,,,,,,,,,,6.52,28.7,29.2,30.4,53.6,Si,0.532,664.0,1,0,2,2024,8,27,14.0
2024-08-27,T5_N0P0K2,,,,,,,,,,,,,,,,,,,,6.36,22.6,30.0,30.5,51.3,Si,0.173,709.0,0,0,2,2024,8,27,5.0
2024-08-27,T30_BIO N2P2K2,,,,,,,,,,,,,,,,,,,,6.36,33.1,30.3,30.5,54.4,Si,0.172,716.0,2,2,2,2024,8,27,30.0
2024-08-27,T3_N0P2K0,,,,,,,,,,,,,,,,,,,,6.33,26.6,29.2,30.8,55.5,Si,0.279,702.0,0,2,0,2024,8,27,3.0
2024-08-27,T7_N0P1K2,,,,,,,,,,,,,,,,,,,,6.25,22.0,30.8,31.3,52.8,Si,0.164,691.0,0,1,2,2024,8,27,7.0
2024-08-27,T21_N2P2K0,,,,,,,,,,,,,,,,,,,,6.32,24.9,29.2,31.6,49.0,Si,0.166,693.0,2,2,0,2024,8,27,21.0
2024-08-27,T23_N2P0K2,,,,,,,,,,,,,,,,,,,,6.37,32.7,28.8,31.5,51.1,Si,0.181,732.0,2,0,2,2024,8,27,23.0
2024-08-27,T20_N2P1K0,,,,,,,,,,,,,,,,,,,,6.34,27.7,29.2,31.3,48.7,Si,0.168,722.0,2,1,0,2024,8,27,20.0
2024-08-27,T18_N1P2K2,,,,,,,,,,,,,,,,,,,,6.45,24.4,29.2,30.8,51.8,Si,0.548,807.0,1,2,2,2024,8,27,18.0
2024-08-27,T6_N0P1K1,,,,,,,,,,,,,,,,,,,,6.55,26.8,29.2,30.2,56.0,Si,0.309,732.0,0,1,1,2024,8,27,6.0
2024-08-27,T17_N1P2K1,,,,,,,,,,,,,,,,,,,,6.66,30.6,29.2,30.3,53.1,Si,0.282,628.0,1,2,1,2024,8,27,17.0
2024-08-27,T25_N2P1K2,,,,,,,,,,,,,,,,,,,,6.32,34.3,28.8,30.3,52.0,Si,0.242,656.0,2,1,2,2024,8,27,25.0
2024-08-27,T29_BIO N1P1K1,,,,,,,,,,,,,,,,,,,,6.34,25.6,28.4,30.2,44.9,Si,0.236,686.0,1,1,1,2024,8,27,29.0
2024-08-27,T2_N0P1K0,,,,,,,,,,,,,,,,,,,,6.39,27.3,28.4,30.3,50.8,Si,0.174,743.0,0,1,0,2024,8,27,2.0
2024-08-27,T19_N2P0K0,,,,,,,,,,,,,,,,,,,,6.35,29.7,29.6,30.1,48.3,Si,0.228,764.0,2,0,0,2024,8,27,19.0
2024-08-27,T8_N0P2K1,,,,,,,,,,,,,,,,,,,,6.25,26.3,29.2,29.8,49.8,Si,0.188,593.0,0,2,1,2024,8,27,8.0
2024-08-27,T15_N1P1K1,,,,,,,,,,,,,,,,,,,,6.3,32.9,28.4,29.7,52.5,Si,0.242,784.0,1,1,1,2024,8,27,15.0
2024-08-27,T24_N2P1K1,,,,,,,,,,,,,,,,,,,,7.0,26.5,28.4,29.6,52.7,Si,0.557,813.0,2,1,1,2024,8,27,24.0
2024-08-27,T11_N1P1K0,,,,,,,,,,,,,,,,,,,,6.28,28.5,30.0,29.8,52.4,Si,0.224,631.0,1,1,0,2024,8,27,11.0
2024-08-27,T27_N2P2K2,,,,,,,,,,,,,,,,,,,,6.51,22.4,30.8,29.9,51.1,Si,0.555,796.0,2,2,2,2024,8,27,27.0
2024-08-27,T4_N0P0K1,,,,,,,,,,,,,,,,,,,,6.4,32.6,30.4,30.0,52.4,Si,0.234,807.0,0,0,1,2024,8,27,4.0
2024-09-04,T27_N2P2K2,,,,,,,,,,,,,,,,,,,,6.31,25.7,30.0,31.8,51.2,Si,0.383,695.0,2,2,2,2024,9,4,27.0
2024-09-04,T24_N2P1K1,,,,,,,,,,,,,,,,,,,,6.33,24.8,30.0,32.1,47.6,Si,0.282,431.0,2,1,1,2024,9,4,24.0
2024-09-04,T4_N0P0K1,,,,,,,,,,,,,,,,,,,,6.15,29.6,30.8,32.3,53.0,Si,0.363,261.0,0,0,1,2024,9,4,4.0
2024-09-04,T15_N1P1K1,,,,,,,,,,,,,,,,,,,,6.4,29.4,30.0,31.9,54.2,Si,0.254,895.0,1,1,1,2024,9,4,15.0
2024-09-04,T9_N0P2K2,,,,,,,,,,,,,,,,,,,,6.22,25.9,29.6,31.5,47.9,Si,0.216,880.0,0,2,2,2024,9,4,9.0
2024-09-04,T13_N1P0K1,,,,,,,,,,,,,,,,,,,,6.44,15.6,30.8,31.3,49.1,Si,0.256,860.0,1,0,1,2024,9,4,13.0
2024-09-04,T22_N2P0K1,,,,,,,,,,,,,,,,,,,,6.34,19.6,30.0,30.5,50.6,Si,0.34,480.0,2,0,1,2024,9,4,22.0
2024-09-04,T10_N1P0K0,,,,,,,,,,,,,,,,,,,,6.29,28.3,30.0,31.4,53.2,Si,0.273,900.0,1,0,0,2024,9,4,10.0
2024-09-04,T28_BIO-N0P0K0,,,,,,,,,,,,,,,,,,,,6.35,27.0,29.6,31.0,53.2,Si,0.234,886.0,0,0,0,2024,9,4,28.0
2024-09-04,T12_N1P2K0,,,,,,,,,,,,,,,,,,,,6.33,26.0,30.4,30.5,53.9,Si,0.196,374.0,1,2,0,2024,9,4,12.0
2024-09-04,T26_N2P2K1,,,,,,,,,,,,,,,,,,,,6.4,30.6,30.8,30.9,47.7,Si,0.332,853.0,2,2,1,2024,9,4,26.0
2024-09-04,T16_N1P1K2,,,,,,,,,,,,,,,,,,,,6.28,30.5,29.6,31.6,50.4,Si,0.277,671.0,1,1,2,2024,9,4,16.0
2024-09-04,T1_N0P0K0,,,,,,,,,,,,,,,,,,,,6.31,20.4,30.0,31.2,48.4,Si,0.534,886.0,0,0,0,2024,9,4,1.0
2024-09-04,T14_N1P0K2,,,,,,,,,,,,,,,,,,,,6.52,23.8,29.2,31.0,52.4,Si,0.567,731.0,1,0,2,2024,9,4,14.0
2024-09-04,T7_N0P1K2,,,,,,,,,,,,,,,,,,,,6.26,23.4,29.2,30.8,53.5,Si,0.544,667.0,0,1,2,2024,9,4,7.0
2024-09-04,T3_N0P2K0,,,,,,,,,,,,,,,,,,,,6.28,23.2,29.6,30.1,56.7,Si,0.301,843.0,0,2,0,2024,9,4,3.0
2024-09-04,T23_N2P0K2,,,,,,,,,,,,,,,,,,,,6.2,37.2,30.0,30.4,54.6,Si,0.215,287.0,2,0,2,2024,9,4,23.0
2024-09-04,T21_N2P2K0,,,,,,,,,,,,,,,,,,,,6.34,21.4,29.2,30.6,53.2,Si,0.327,467.0,2,2,0,2024,9,4,21.0
2024-09-04,T5_N0P0K2,,,,,,,,,,,,,,,,,,,,6.27,24.4,29.6,31.4,54.6,Si,0.531,886.0,0,0,2,2024,9,4,5.0
2024-09-04,T30_BIO N2P2K2,,,,,,,,,,,,,,,,,,,,6.17,27.1,30.0,31.6,51.9,Si,0.23,410.0,2,2,2,2024,9,4,30.0
2024-09-04,T20_N2P1K0,,,,,,,,,,,,,,,,,,,,6.37,20.2,28.0,29.3,56.6,Si,0.554,365.0,2,1,0,2024,9,4,20.0
2024-09-04,T18_N1P2K2,,,,,,,,,,,,,,,,,,,,6.42,33.5,28.0,29.1,58.5,Si,0.331,310.0,1,2,2,2024,9,4,18.0
2024-09-04,T29_BIO N1P1K1,,,,,,,,,,,,,,,,,,,,6.29,32.4,28.8,29.2,62.7,Si,0.193,651.0,1,1,1,2024,9,4,29.0
2024-09-04,T25_N2P1K2,,,,,,,,,,,,,,,,,,,,6.42,30.5,29.6,29.8,54.0,Si,0.396,828.0,2,1,2,2024,9,4,25.0
2024-09-04,T19_N2P0K0,,,,,,,,,,,,,,,,,,,,6.35,34.7,29.9,29.5,56.9,Si,0.254,803.0,2,0,0,2024,9,4,19.0
2024-09-04,T2_N0P1K0,,,,,,,,,,,,,,,,,,,,6.38,33.0,28.8,29.0,58.2,Si,0.224,732.0,0,1,0,2024,9,4,2.0
2024-09-04,T6_N0P1K1,,,,,,,,,,,,,,,,,,,,6.44,16.3,28.0,29.0,60.7,Si,0.565,903.0,0,1,1,2024,9,4,6.0
2024-09-04,T17_N1P2K1,,,,,,,,,,,,,,,,,,,,6.39,32.7,28.0,29.4,57.2,Si,0.183,695.0,1,2,1,2024,9,4,17.0
2024-09-04,T11_N1P1K0,,,,,,,,,,,,,,,,,,,,6.32,32.7,27.6,28.7,65.1,Si,0.198,382.0,1,1,0,2024,9,4,11.0
2024-09-04,T8_N0P2K1,,,,,,,,,,,,,,,,,,,,6.33,31.3,27.2,27.7,62.7,Si,0.268,841.0,0,2,1,2024,9,4,8.0
2024-09-04,T9_N0P2K2,120.0,51.3,3.0,,,,5.7,3800.0,160.0,52.0,1900.0,11.67,7.2,370.0,64.0,61.0,500.0,2.18,,6.33,33.0,26.8,27.3,63.3,Si,0.277,282.0,0,2,2,2024,9,4,9.0
2024-09-04,T13_N1P0K1,118.0,50.8,7.0,,,,5.2,3500.0,160.0,42.0,2100.0,10.95,6.4,20.0,49.0,3.0,78.0,0.311,,6.24,31.3,27.2,27.5,58.3,Si,0.312,284.0,1,0,1,2024,9,4,13.0
2024-09-04,T26_N2P2K1,125.0,49.3,8.0,,,,5.8,3800.0,280.0,49.0,1600.0,12.93,6.8,65.0,40.0,14.0,98.0,0.505,,6.49,19.2,27.2,27.8,59.0,Si,0.382,282.0,2,2,1,2024,9,4,26.0
2024-09-04,T16_N1P1K2,123.0,49.6,5.0,,,,5.8,3200.0,67.0,35.0,2600.0,8.66,6.2,110.0,140.0,15.0,190.0,1.184,,6.43,22.8,26.4,27.1,61.6,Si,0.313,844.0,1,1,2,2024,9,4,16.0
2024-09-04,T10_N1P0K0,112.0,48.9,4.0,,,,5.7,3200.0,110.0,35.0,2600.0,9.95,6.7,17.0,110.0,7.0,130.0,0.539,,6.67,25.5,26.4,27.3,62.9,Si,0.234,823.0,1,0,0,2024,9,4,10.0
2024-09-04,T22_N2P0K1,122.0,52.4,8.0,,,,5.7,3500.0,360.0,43.0,2300.0,12.4,6.3,26.0,28.0,2.0,65.0,0.35,,6.43,22.0,27.6,28.2,60.3,Si,0.212,548.0,2,0,1,2024,9,4,22.0
2024-09-04,T12_N1P2K0,114.0,49.8,6.0,,,,5.7,3100.0,61.0,35.0,1700.0,9.46,6.4,12.0,55.0,4.0,46.0,0.231,,6.33,29.1,26.4,27.7,58.7,Si,0.32,690.0,1,2,0,2024,9,4,12.0
2024-09-04,T28_BIO-N0P0K0,116.0,53.1,6.0,,,,5.7,3300.0,110.0,32.0,2100.0,9.05,6.8,11.0,26.0,3.0,23.0,0.149,,6.35,29.0,27.2,27.8,60.0,Si,0.537,345.0,0,0,0,2024,9,4,28.0
2024-09-04,T1_N0P0K0,134.0,50.9,8.0,,,,5.7,3300.0,66.0,32.0,1900.0,10.21,6.9,13.0,22.0,2.0,44.0,0.142,,6.49,31.7,27.2,28.1,61.9,Si,0.531,796.0,0,0,0,2024,9,4,1.0
2024-09-04,T14_N1P0K2,115.0,51.4,2.0,,,,5.7,3200.0,170.0,36.0,2400.0,11.2,6.4,14.0,13.0,2.0,36.0,0.12,,6.41,28.3,27.6,28.0,57.8,Si,0.373,362.0,1,0,2,2024,9,4,14.0
2024-09-04,T5_N0P0K2,113.0,52.3,4.0,,,,5.7,3300.0,84.0,37.0,2100.0,9.67,6.5,33.0,96.0,6.0,100.0,0.508,,6.5,28.5,27.6,28.4,59.1,Si,0.322,408.0,0,0,2,2024,9,4,5.0
2024-09-04,T30_BIO N2P2K2,132.0,51.1,7.0,,,,5.7,3300.0,140.0,36.0,1100.0,10.29,6.9,19.0,31.0,3.0,46.0,0.255,,6.41,28.0,26.8,27.9,61.7,Si,0.338,796.0,2,2,2,2024,9,4,30.0
2024-09-04,T3_N0P2K0,117.0,49.8,4.0,,,,5.7,3200.0,140.0,36.0,1500.0,10.01,6.3,5.0,15.0,2.0,22.0,0.094,,6.39,33.7,26.8,27.8,61.2,Si,0.252,269.0,0,2,0,2024,9,4,3.0
2024-09-04,T7_N0P1K2,90.0,52.4,1.0,,,,5.6,3900.0,130.0,53.0,2700.0,11.47,6.7,23.0,21.0,4.0,48.0,0.152,,6.33,26.8,26.0,27.3,66.6,Si,0.304,691.0,0,1,2,2024,9,4,7.0
2024-09-04,T21_N2P2K0,122.0,45.8,5.0,,,,5.6,2900.0,120.0,39.0,2200.0,9.37,6.6,29.0,58.0,5.0,83.0,0.484,,6.44,28.9,25.6,26.6,63.3,Si,0.23,739.0,2,2,0,2024,9,4,21.0
2024-09-04,T23_N2P0K2,104.0,52.3,0.0,,,,5.6,3500.0,120.0,45.0,2200.0,10.34,6.6,38.0,57.0,8.0,120.0,0.454,,6.66,24.4,25.6,26.0,64.9,Si,0.566,787.0,2,0,2,2024,9,4,23.0
2024-09-04,T20_N2P1K0,105.0,58.1,7.0,,,,5.6,2900.0,270.0,31.0,1700.0,9.05,6.9,73.0,49.0,18.0,140.0,0.595,,6.26,28.9,25.2,25.7,66.8,Si,0.535,407.0,2,1,0,2024,9,4,20.0
2024-09-04,T18_N1P2K2,113.0,54.2,7.0,,,,5.8,2900.0,190.0,39.0,2300.0,1.97,6.5,40.0,82.0,6.0,220.0,0.675,,6.42,16.6,24.8,25.4,67.6,Si,0.72,522.0,1,2,2,2024,9,4,18.0
2024-09-04,T6_N0P1K1,117.0,53.9,5.0,,,,5.7,3500.0,240.0,36.0,2100.0,11.03,6.0,21.0,34.0,3.0,66.0,0.244,,6.49,24.5,24.8,25.3,65.8,Si,0.715,287.0,0,1,1,2024,9,4,6.0
2024-09-04,T17_N1P2K1,124.0,52.6,3.0,,,,5.6,3500.0,100.0,39.0,2300.0,9.54,6.3,58.0,57.0,4.0,180.0,0.516,,6.48,25.0,25.2,25.6,66.0,Si,1.032,247.0,1,2,1,2024,9,4,17.0
2024-09-04,T25_N2P1K2,119.0,54.5,6.0,,,,5.6,3100.0,180.0,32.0,1500.0,8.96,5.9,24.0,43.0,3.0,82.0,0.379,,6.38,26.9,25.2,26.0,62.7,Si,0.54,245.0,2,1,2,2024,9,4,25.0
2024-09-04,T29_BIO N1P1K1,127.0,55.4,8.0,,,,5.6,3200.0,81.0,34.0,2600.0,9.45,6.5,93.0,66.0,7.0,290.0,0.84,,6.57,26.2,24.8,26.2,65.9,Si,0.332,240.0,1,1,1,2024,9,4,29.0
2024-09-04,T2_N0P1K0,120.0,54.1,6.0,,,,5.7,3000.0,110.0,36.0,2200.0,8.89,6.9,17.0,58.0,5.0,65.0,0.305,,6.76,30.7,24.8,26.2,65.2,Si,0.205,336.0,0,1,0,2024,9,4,2.0
2024-09-04,T19_N2P0K0,119.0,54.1,8.0,,,,5.7,3300.0,76.0,34.0,2400.0,9.37,7.0,26.0,83.0,6.0,100.0,0.453,,6.61,29.4,24.8,26.2,65.7,Si,0.529,383.0,2,0,0,2024,9,4,19.0
2024-09-04,T8_N0P2K1,109.0,51.5,4.0,,,,5.6,3600.0,250.0,46.0,2100.0,10.93,6.4,39.0,66.0,10.0,210.0,0.54,,6.41,24.3,24.4,26.0,63.3,Si,0.548,382.0,0,2,1,2024,9,4,8.0
2024-09-04,T15_N1P1K1,110.0,48.8,3.0,,,,5.6,3100.0,180.0,39.0,1800.0,9.65,6.8,13.0,56.0,5.0,62.0,0.219,,6.24,31.1,23.6,25.4,65.5,Si,0.152,731.0,1,1,1,2024,9,4,15.0
2024-09-04,T24_N2P1K1,118.0,51.1,7.0,,,,5.6,3300.0,310.0,37.0,2400.0,11.37,6.5,59.0,100.0,11.0,210.0,0.741,,6.32,29.4,23.6,24.8,72.4,Si,0.582,687.0,2,1,1,2024,9,4,24.0
2024-09-04,T11_N1P1K0,109.0,46.7,4.0,,,,5.7,3500.0,330.0,41.0,2200.0,10.81,6.5,18.0,38.0,3.0,46.0,0.244,,6.53,34.5,23.6,24.1,72.1,Si,0.348,634.0,1,1,0,2024,9,4,11.0
2024-09-04,T27_N2P2K2,113.0,55.8,5.0,,,,5.7,3100.0,330.0,39.0,2500.0,9.79,6.6,44.0,97.0,5.0,170.0,0.471,,6.33,30.8,24.0,23.6,75.3,Si,0.529,259.0,2,2,2,2024,9,4,27.0
2024-09-04,T4_N0P0K1,102.0,51.4,8.0,,,,5.8,3600.0,130.0,39.0,2000.0,10.38,6.4,69.0,70.0,6.0,150.0,0.679,,6.49,31.9,25.6,23.6,74.8,Si,0.219,244.0,0,0,1,2024,9,4,4.0
2024-09-11,T27_N2P2K2,151.0,51.4,17.0,,,,5.6,3100.0,160.0,51.0,700.0,11.01,5.9,8.0,25.0,3.0,18.0,0.128,,6.26,18.4,30.0,30.4,52.1,Si,0.959,257.0,2,2,2,2024,9,11,27.0
2024-09-11,T24_N2P1K1,135.0,54.8,13.0,,,,5.5,3100.0,59.0,43.0,740.0,9.59,5.9,11.0,40.0,3.0,41.0,0.137,,7.63,15.8,26.0,27.6,62.5,Si,0.0,451.0,2,1,1,2024,9,11,24.0
2024-09-11,T4_N0P0K1,90.0,53.9,5.0,,,,5.5,3800.0,190.0,55.0,1400.0,12.88,6.2,16.0,49.0,6.0,70.0,0.225,,7.56,21.1,27.6,27.5,58.2,Si,0.0,488.0,0,0,1,2024,9,11,4.0
2024-09-11,T15_N1P1K1,126.0,49.3,12.0,,,,5.6,3800.0,160.0,51.0,950.0,10.7,6.6,19.0,31.0,5.0,39.0,0.15,,6.55,13.8,28.4,29.3,59.1,Si,0.0,389.0,1,1,1,2024,9,11,15.0
2024-09-11,T15_N1P1K1,,,,,,,,,,,,,,,,,,,,6.55,15.1,28.4,29.9,52.7,Si,0.0,510.0,1,1,1,2024,9,11,15.0
2024-09-11,T9_N0P2K2,152.0,57.5,11.0,,,,5.5,3200.0,310.0,47.0,1100.0,11.1,6.7,120.0,110.0,24.0,180.0,0.825,,6.87,18.2,27.6,28.7,61.3,Si,0.006,467.0,0,2,2,2024,9,11,9.0
2024-09-11,T13_N1P0K1,128.0,56.4,5.0,,,,5.4,3500.0,94.0,49.0,1800.0,11.24,6.6,18.0,38.0,10.0,19.0,0.0193,,7.48,16.9,27.6,28.1,66.4,Si,0.0,528.0,1,0,1,2024,9,11,13.0
2024-09-11,T22_N2P0K1,129.0,58.1,9.0,,,,5.5,2900.0,150.0,41.0,740.0,9.86,6.7,17.0,58.0,4.0,30.0,0.242,,7.63,14.7,26.0,27.7,58.5,Si,0.0,258.0,2,0,1,2024,9,11,22.0
2024-09-11,T10_N1P0K0,153.0,56.8,8.0,,,,5.7,2600.0,130.0,30.0,750.0,8.84,6.2,8.0,120.0,9.0,23.0,0.401,,7.61,16.9,26.0,27.8,60.5,Si,0.0,192.0,1,0,0,2024,9,11,10.0
2024-09-11,T28_BIO-N0P0K0,147.0,55.8,9.0,,,,5.7,1700.0,200.0,21.0,550.0,6.11,6.6,6.0,36.0,3.0,16.0,0.112,,6.52,18.2,29.2,29.9,53.1,Si,0.0,617.0,0,0,0,2024,9,11,28.0
2024-09-11,T12_N1P2K0,150.0,56.6,12.0,,,,5.6,2700.0,400.0,43.0,310.0,10.05,6.9,47.0,150.0,14.0,51.0,0.771,,6.59,14.3,29.6,29.9,53.1,Si,0.017,598.0,1,2,0,2024,9,11,12.0
2024-09-11,T26_N2P2K1,35.0,54.5,9.0,,,,5.6,3700.0,130.0,52.0,2000.0,12.46,6.6,22.0,130.0,5.0,31.0,0.558,,6.42,15.9,28.0,29.6,55.1,Si,0.006,569.0,2,2,1,2024,9,11,26.0
2024-09-11,T16_N1P1K2,129.0,57.8,5.0,,,,5.6,2900.0,170.0,43.0,1300.0,10.44,7.1,33.0,42.0,4.0,34.0,0.288,,6.5,14.5,28.0,29.6,54.4,Si,0.0,422.0,1,1,2,2024,9,11,16.0
2024-09-11,T1_N0P0K0,147.0,59.6,5.0,,,,5.6,3200.0,99.0,43.0,1500.0,10.31,6.5,29.0,40.0,7.0,48.0,0.324,,7.62,17.0,28.4,29.7,55.8,Si,0.0,455.0,0,0,0,2024,9,11,1.0
2024-09-11,T14_N1P0K2,143.0,57.4,11.0,,,,5.6,3600.0,87.0,52.0,950.0,10.44,6.8,120.0,146.0,19.0,200.0,0.97,,6.45,19.7,29.6,29.6,55.6,Si,0.007,579.0,1,0,2,2024,9,11,14.0
2024-09-11,T7_N0P1K2,,,,,,,,,,,,,,,,,,,,6.28,21.6,28.4,29.1,52.8,Si,0.026,152.0,0,1,2,2024,9,11,7.0
2024-09-11,T7_N0P1K2,150.0,53.3,14.0,,,,5.4,3500.0,310.0,53.0,620.0,11.61,6.0,270.0,210.0,29.0,440.0,2.2,,6.59,14.1,30.0,29.8,55.0,Si,0.006,656.0,0,1,2,2024,9,11,7.0
2024-09-11,T3_N0P2K0,127.0,49.5,8.0,,,,5.6,2800.0,110.0,34.0,1000.0,10.22,5.5,10.0,52.0,5.0,20.0,0.243,,6.54,19.3,29.2,29.8,52.9,Si,0.0,500.0,0,2,0,2024,9,11,3.0
2024-09-11,T23_N2P0K2,145.0,54.7,13.0,,,,5.7,2600.0,200.0,38.0,1000.0,9.31,5.8,27.0,68.0,5.0,28.0,0.381,,7.62,20.4,28.8,29.9,50.4,Si,0.038,522.0,2,0,2,2024,9,11,23.0
2024-09-11,T21_N2P2K0,147.0,56.0,10.0,,,,5.5,3200.0,160.0,45.0,790.0,10.29,5.4,26.0,130.0,5.0,42.0,0.592,,7.63,16.8,28.4,30.0,51.4,Si,0.007,560.0,2,2,0,2024,9,11,21.0
2024-09-11,T21_N2P2K0,,,,,,,,,,,,,,,,,,,,7.71,18.5,28.4,30.5,54.8,Si,0.033,554.0,2,2,0,2024,9,11,21.0
2024-09-11,T5_N0P0K2,147.0,56.8,10.0,,,,5.6,3000.0,87.0,36.0,1400.0,10.02,5.9,13.0,84.0,15.0,30.0,0.378,,7.64,14.8,28.8,29.7,58.9,Si,0.043,766.0,0,0,2,2024,9,11,5.0
2024-09-11,T5_N0P0K2,,,,,,,,,,,,,,,,,,,,6.34,17.3,29.6,31.6,52.8,Si,0.0,257.0,0,0,2,2024,9,11,5.0
2024-09-11,T30_BIO N2P2K2,132.0,56.1,4.0,,,,5.5,3500.0,97.0,49.0,1300.0,10.93,5.7,20.0,41.0,6.0,34.0,0.258,,7.62,21.2,29.2,31.4,53.2,Si,0.0,495.0,2,2,2,2024,9,11,30.0
2024-09-11,T20_N2P1K0,157.0,52.6,13.0,,,,5.4,3300.0,79.0,39.0,1500.0,10.14,6.5,23.0,28.0,8.0,3.0,0.212,,7.53,23.3,29.2,30.6,54.9,Si,0.006,615.0,2,1,0,2024,9,11,20.0
2024-09-11,T18_N1P2K2,145.0,58.1,6.0,,,,5.6,3500.0,160.0,52.0,1600.0,11.16,6.5,13.0,29.0,4.0,20.0,0.168,,6.24,24.2,29.6,30.1,55.5,Si,0.0,769.0,1,2,2,2024,9,11,18.0
2024-09-11,T29_BIO N1P1K1,156.0,55.1,17.0,,,,5.5,3900.0,240.0,71.0,1800.0,13.43,6.3,4.0,22.0,4.0,14.0,0.106,,7.62,22.0,28.0,30.0,56.8,Si,0.006,561.0,1,1,1,2024,9,11,29.0
2024-09-11,T25_N2P1K2,119.0,58.3,10.0,,,,5.5,3300.0,190.0,49.0,1100.0,11.31,6.2,26.0,160.0,7.0,49.0,0.721,,6.46,19.5,29.2,29.8,54.1,Si,0.0,387.0,2,1,2,2024,9,11,25.0
2024-09-11,T19_N2P0K0,127.0,56.4,14.0,,,,5.5,2900.0,77.0,35.0,1600.0,9.4,6.3,15.0,100.0,4.0,39.0,0.405,,6.39,22.7,27.6,28.7,55.4,Si,0.02,864.0,2,0,0,2024,9,11,19.0
2024-09-11,T2_N0P1K0,139.0,60.7,15.0,,,,5.3,2600.0,59.0,30.0,1000.0,8.66,6.4,4.0,30.0,3.0,18.0,0.115,,6.77,24.3,28.8,29.8,49.6,Si,0.011,159.0,0,1,0,2024,9,11,2.0
2024-09-11,T6_N0P1K1,139.0,59.1,7.0,,,,5.4,2900.0,66.0,35.0,1500.0,9.94,6.4,13.0,25.0,4.0,26.0,0.163,,7.45,21.6,29.2,30.7,50.9,Si,0.0,176.0,0,1,1,2024,9,11,6.0
2024-09-11,T17_N1P2K1,141.0,57.6,14.0,,,,5.3,3300.0,27.0,36.0,1200.0,10.25,6.4,120.0,180.0,23.0,260.0,1.092,,6.23,17.4,29.6,31.4,49.5,Si,0.0,261.0,1,2,1,2024,9,11,17.0
2024-09-11,T11_N1P1K0,149.0,53.2,9.0,,,,5.5,2900.0,200.0,37.0,880.0,9.62,6.3,16.0,54.0,7.0,41.0,0.288,,,,,,,,,,1,1,0,2024,9,11,11.0
2024-09-11,T8_N0P2K1,145.0,50.3,10.0,,,,5.4,3200.0,90.0,35.0,610.0,9.88,6.8,9.0,34.0,5.0,30.0,0.152,,6.82,19.6,29.2,30.4,52.9,Si,0.0,154.0,0,2,1,2024,9,11,8.0
2024-09-11,T9_N0P2K2,,,,,,,,,,,,,,,,,,,,6.49,20.2,28.0,29.5,53.8,Si,0.0,176.0,0,2,2,2024,9,11,9.0
2024-09-11,T13_N1P0K1,,,,,,,,,,,,,,,,,,,,6.38,20.5,27.6,28.9,53.6,Si,0.008,165.0,1,0,1,2024,9,11,13.0
2024-09-11,T26_N2P2K1,,,,,,,,,,,,,,,,,,,,6.33,23.4,28.4,28.8,53.0,Si,0.011,746.0,2,2,1,2024,9,11,26.0
2024-09-11,T16_N1P1K2,,,,,,,,,,,,,,,,,,,,6.44,22.6,28.4,29.6,55.3,Si,0.006,895.0,1,1,2,2024,9,11,16.0
2024-09-11,T10_N1P0K0,,,,,,,,,,,,,,,,,,,,7.54,22.3,28.8,29.7,53.8,Si,0.008,283.0,1,0,0,2024,9,11,10.0
2024-09-11,T22_N2P0K1,,,,,,,,,,,,,,,,,,,,6.41,19.1,29.2,30.5,53.1,Si,0.0,269.0,2,0,1,2024,9,11,22.0
2024-09-11,T12_N1P2K0,,,,,,,,,,,,,,,,,,,,6.43,22.0,30.0,30.0,58.3,Si,0.007,843.0,1,2,0,2024,9,11,12.0
2024-09-11,T28_BIO-N0P0K0,,,,,,,,,,,,,,,,,,,,6.5,20.6,28.8,29.5,58.6,Si,0.007,494.0,0,0,0,2024,9,11,28.0
2024-09-11,T1_N0P0K0,,,,,,,,,,,,,,,,,,,,6.45,20.1,28.8,29.9,51.6,Si,0.008,888.0,0,0,0,2024,9,11,1.0
2024-09-11,T14_N1P0K2,,,,,,,,,,,,,,,,,,,,6.38,24.2,28.8,29.1,58.7,Si,0.025,489.0,1,0,2,2024,9,11,14.0
2024-09-11,T5_N0P0K2,,,,,,,,,,,,,,,,,,,,6.3,36.9,27.6,29.0,52.5,Si,6.441,246.0,0,0,2,2024,9,11,5.0
2024-09-11,T30_BIO N2P2K2,,,,,,,,,,,,,,,,,,,,6.46,17.9,28.0,29.6,52.1,Si,0.067,245.0,2,2,2,2024,9,11,30.0
2024-09-11,T3_N0P2K0,,,,,,,,,,,,,,,,,,,,6.43,23.5,28.4,30.0,54.3,Si,0.565,252.0,0,2,0,2024,9,11,3.0
2024-09-11,T7_N0P1K2,,,,,,,,,,,,,,,,,,,,6.47,26.5,28.4,30.4,52.5,Si,0.006,257.0,0,1,2,2024,9,11,7.0
2024-09-11,T21_N2P2K0,,,,,,,,,,,,,,,,,,,,6.41,19.2,28.8,30.2,53.6,Si,0.008,897.0,2,2,0,2024,9,11,21.0
2024-09-11,T23_N2P0K2,,,,,,,,,,,,,,,,,,,,6.65,19.4,28.8,30.3,51.3,Si,0.008,259.0,2,0,2,2024,9,11,23.0
2024-09-11,T20_N2P1K0,,,,,,,,,,,,,,,,,,,,6.45,16.3,27.6,29.4,52.4,Si,0.027,270.0,2,1,0,2024,9,11,20.0
2024-09-11,T6_N0P1K1,,,,,,,,,,,,,,,,,,,,9.0,29.6,27.2,28.7,52.9,Si,3.663,282.0,0,1,1,2024,9,11,6.0
2024-09-11,T17_N1P2K1,,,,,,,,,,,,,,,,,,,,6.26,17.6,27.2,28.5,56.1,Si,0.554,289.0,1,2,1,2024,9,11,17.0
2024-09-11,T25_N2P1K2,,,,,,,,,,,,,,,,,,,,6.2,16.8,27.1,28.1,57.5,Si,0.205,243.0,2,1,2,2024,9,11,25.0
2024-09-11,T29_BIO N1P1K1,,,,,,,,,,,,,,,,,,,,6.2,24.7,28.0,28.3,58.7,Si,0.101,304.0,1,1,1,2024,9,11,29.0
2024-09-11,T2_N0P1K0,,,,,,,,,,,,,,,,,,,,6.23,15.6,28.8,28.2,61.4,Si,0.531,847.0,0,1,0,2024,9,11,2.0
2024-09-11,T19_N2P0K0,,,,,,,,,,,,,,,,,,,,6.26,21.4,29.2,27.9,62.0,Si,0.135,343.0,2,0,0,2024,9,11,19.0
2024-09-11,T8_N0P2K1,,,,,,,,,,,,,,,,,,,,6.33,20.4,27.2,28.5,56.5,Si,2.224,261.0,0,2,1,2024,9,11,8.0
2024-09-11,T15_N1P1K1,,,,,,,,,,,,,,,,,,,,6.19,14.8,27.2,28.5,55.2,Si,0.39,176.0,1,1,1,2024,9,11,15.0
2024-09-11,T24_N2P1K1,,,,,,,,,,,,,,,,,,,,6.05,10.7,28.8,29.2,52.9,Si,0.112,276.0,2,1,1,2024,9,11,24.0
2024-09-11,T24_N2P1K1,,,,,,,,,,,,,,,,,,,,6.35,12.7,28.4,29.5,51.4,Si,0.256,273.0,2,1,1,2024,9,11,24.0
2024-09-11,T11_N1P1K0,,,,,,,,,,,,,,,,,,,,6.4,23.0,28.4,29.7,52.6,Si,2.035,304.0,1,1,0,2024,9,11,11.0
2024-09-11,T27_N2P2K2,,,,,,,,,,,,,,,,,,,,6.36,16.9,28.4,30.0,54.0,Si,0.207,829.0,2,2,2,2024,9,11,27.0
2024-09-11,T4_N0P0K1,,,,,,,,,,,,,,,,,,,,6.47,19.2,29.6,30.4,50.2,Si,0.576,691.0,0,0,1,2024,9,11,4.0
2024-09-17,T15_N1P1K1,173.0,55.2,18.0,,,,5.2,3400.0,430.0,71.0,1800.0,14.52,6.6,10.0,42.0,3.0,31.0,0.182,,,,,,,,,,1,1,1,2024,9,17,15.0
2024-09-17,T21_N2P2K0,172.0,58.8,5.0,,,,5.3,3100.0,490.0,58.0,1300.0,12.8,7.0,18.0,54.0,7.0,20.0,0.276,,,,,,,,,,2,2,0,2024,9,17,21.0
2024-09-17,T9_N0P2K2,168.0,63.4,13.0,,,,5.5,3100.0,330.0,58.0,2100.0,12.08,6.5,19.0,22.0,3.0,13.0,0.231,,,,,,,,,,0,2,2,2024,9,17,9.0
2024-09-17,T13_N1P0K1,174.0,66.4,15.0,,,,5.6,2800.0,99.0,38.0,2800.0,9.51,6.4,6.0,8.0,2.0,7.0,0.064,,,,,,,,,,1,0,1,2024,9,17,13.0
2024-09-17,T26_N2P2K1,172.0,58.9,13.0,,,,5.6,3100.0,220.0,47.0,1600.0,10.91,6.8,4.0,9.0,0.5,8.0,0.055,,,,,,,,,,2,2,1,2024,9,17,26.0
2024-09-17,T16_N1P1K2,168.0,55.5,16.0,,,,5.6,3000.0,320.0,43.0,2000.0,10.94,7.0,31.0,21.0,7.0,33.0,0.238,,,,,,,,,,1,1,2,2024,9,17,16.0
2024-09-17,T10_N1P0K0,158.0,58.0,10.0,,,,5.5,2800.0,230.0,48.0,2800.0,10.46,5.8,9.0,67.0,5.0,17.0,0.322,,,,,,,,,,1,0,0,2024,9,17,10.0
2024-09-17,T22_N2P0K1,162.0,62.9,19.0,,,,5.6,2600.0,260.0,43.0,810.0,10.39,6.9,12.0,14.0,3.0,17.0,0.113,,,,,,,,,,2,0,1,2024,9,17,22.0
2024-09-17,T12_N1P2K0,181.0,65.4,21.0,,,,5.7,2700.0,330.0,44.0,1700.0,10.36,6.4,15.0,33.0,3.0,29.0,0.205,,,,,,,,,,1,2,0,2024,9,17,12.0
2024-09-17,T28_BIO-N0P0K0,179.0,54.4,16.0,,,,5.6,2800.0,270.0,45.0,1900.0,9.98,6.4,31.0,150.0,5.0,110.0,0.713,,,,,,,,,,0,0,0,2024,9,17,28.0
2024-09-17,T1_N0P0K0,183.0,56.6,17.0,,,,5.5,3300.0,120.0,44.0,2500.0,10.64,7.2,21.0,36.0,3.0,27.0,0.233,,,,,,,,,,0,0,0,2024,9,17,1.0
2024-09-17,T14_N1P0K2,166.0,55.7,6.0,,,,5.6,2900.0,120.0,45.0,1900.0,9.65,7.3,15.0,24.0,2.0,13.0,0.157,,,,,,,,,,1,0,2,2024,9,17,14.0
2024-09-17,T5_N0P0K2,177.0,68.7,15.0,,,,5.4,3900.0,600.0,76.0,2000.0,14.92,5.9,63.0,83.0,5.0,120.0,0.576,,,,,,,,,,0,0,2,2024,9,17,5.0
2024-09-17,T30_BIO N2P2K2,178.0,62.7,14.0,,,,5.3,3100.0,680.0,72.0,1800.0,13.8,6.6,83.0,150.0,21.0,68.0,1.007,,,,,,,,,,2,2,2,2024,9,17,30.0
2024-09-17,T3_N0P2K0,163.0,67.8,16.0,,,,5.3,2800.0,720.0,58.0,1100.0,12.31,7.1,10.0,27.0,3.0,25.0,0.136,,,,,,,,,,0,2,0,2024,9,17,3.0
2024-09-17,T7_N0P1K2,174.0,53.3,21.0,,,,5.6,3000.0,55.0,49.0,2800.0,9.75,7.4,6.0,21.0,2.0,10.0,0.102,,,,,,,,,,0,1,2,2024,9,17,7.0
2024-09-17,T21_N2P2K0,176.0,56.8,13.0,,,,5.4,3000.0,160.0,50.0,1800.0,10.72,6.6,89.0,190.0,28.0,190.0,1.114,,,,,,,,,,2,2,0,2024,9,17,21.0
2024-09-17,T23_N2P0K2,171.0,55.2,16.0,,,,5.6,3000.0,210.0,51.0,1700.0,9.53,5.9,41.0,46.0,4.0,41.0,0.375,,,,,,,,,,2,0,2,2024,9,17,23.0
2024-09-17,T20_N2P1K0,169.0,60.0,13.0,,,,5.3,3000.0,690.0,59.0,2600.0,14.02,6.4,17.0,31.0,2.0,28.0,0.181,,,,,,,,,,2,1,0,2024,9,17,20.0
2024-09-17,T18_N1P2K2,163.0,51.4,15.0,,,,5.4,3000.0,170.0,54.0,2100.0,11.32,6.2,29.0,35.0,3.0,39.0,0.297,,,,,,,,,,1,2,2,2024,9,17,18.0
2024-09-17,T6_N0P1K1,174.0,54.4,15.0,,,,5.4,2900.0,140.0,41.0,1800.0,9.41,6.1,57.0,42.0,4.0,83.0,0.518,,,,,,,,,,0,1,1,2024,9,17,6.0
2024-09-17,T17_N1P2K1,148.0,54.5,18.0,,,,5.4,2600.0,350.0,43.0,910.0,8.67,5.9,34.0,85.0,4.0,91.0,0.467,,,,,,,,,,1,2,1,2024,9,17,17.0
2024-09-17,T25_N2P1K2,168.0,54.6,16.0,,,,5.4,3100.0,360.0,43.0,2400.0,11.54,5.7,95.0,190.0,8.0,290.0,1.238,,,,,,,,,,2,1,2,2024,9,17,25.0
2024-09-17,T29_BIO N1P1K1,166.0,63.6,14.0,,,,5.3,3300.0,270.0,45.0,2900.0,11.95,6.4,15.0,91.0,3.0,57.0,0.369,,,,,,,,,,1,1,1,2024,9,17,29.0
2024-09-17,T2_N0P1K0,162.0,54.3,20.0,,,,5.4,3100.0,540.0,55.0,2400.0,12.59,6.1,10.0,27.0,3.0,19.0,0.145,,,,,,,,,,0,1,0,2024,9,17,2.0
2024-09-17,T19_N2P0K0,147.0,59.3,14.0,,,,5.4,3200.0,210.0,50.0,3300.0,10.61,6.8,56.0,79.0,5.0,80.0,0.544,,,,,,,,,,2,0,0,2024,9,17,19.0
2024-09-17,T8_N0P2K1,159.0,54.1,20.0,,,,5.5,3000.0,250.0,46.0,2000.0,9.86,7.2,12.0,37.0,3.0,26.0,0.179,,,,,,,,,,0,2,1,2024,9,17,8.0
2024-09-17,T15_N1P1K1,179.0,56.2,24.0,,,,5.4,2900.0,500.0,54.0,1400.0,11.99,7.1,34.0,43.0,5.0,52.0,0.31,,,,,,,,,,1,1,1,2024,9,17,15.0
2024-09-17,T24_N2P1K1,170.0,55.2,15.0,,,,5.3,3200.0,360.0,55.0,2000.0,12.7,5.7,110.0,250.0,25.0,500.0,1.391,,,,,,,,,,2,1,1,2024,9,17,24.0
2024-09-17,T24_N2P1K1,162.0,56.7,16.0,,,,5.3,2500.0,230.0,36.0,2700.0,10.66,6.6,280.0,340.0,66.0,840.0,2.66,,,,,,,,,,2,1,1,2024,9,17,24.0
2024-09-17,T11_N1P1K0,176.0,57.6,19.0,,,,5.2,3200.0,830.0,58.0,2400.0,14.63,7.1,49.0,60.0,10.0,81.0,0.426,,,,,,,,,,1,1,0,2024,9,17,11.0
2024-09-17,T27_N2P2K2,162.0,53.7,17.0,,,,5.1,3000.0,950.0,66.0,1900.0,14.89,7.1,73.0,73.0,14.0,120.0,0.595,,,,,,,,,,2,2,2,2024,9,17,27.0
2024-09-17,T4_N0P0K1,161.0,57.9,16.0,,,,5.4,2900.0,440.0,42.0,1700.0,11.35,7.0,22.0,48.0,3.0,25.0,0.277,,,,,,,,,,0,0,1,2024,9,17,4.0
2024-09-25,T27_N2P2K2,195.0,56.6,22.0,,,,5.7,3400.0,67.0,50.0,2900.0,10.31,5.3,34.0,11.0,2.0,27.0,0.155,,6.27,25.7,23.5,23.0,82.6,Si,0.138,245.0,2,2,2,2024,9,25,27.0
2024-09-25,T24_N2P1K1,192.0,59.4,22.0,,,,5.6,3700.0,130.0,56.0,1600.0,9.57,6.0,91.0,31.0,4.0,100.0,0.413,,6.31,21.8,24.5,26.0,69.7,Si,0.355,533.0,2,1,1,2024,9,25,24.0
2024-09-25,T4_N0P0K1,182.0,62.7,17.0,,,,6.7,3500.0,140.0,58.0,1700.0,10.45,6.9,48.0,14.0,3.0,41.0,0.207,,6.48,20.0,26.4,26.7,71.7,Si,0.532,206.0,0,0,1,2024,9,25,4.0
2024-09-25,T15_N1P1K1,182.0,61.2,19.0,,,,5.3,3500.0,510.0,59.0,1300.0,11.89,6.1,26.0,18.0,3.0,44.0,0.156,,6.27,32.9,26.5,26.8,62.5,Si,0.211,286.0,1,1,1,2024,9,25,15.0
2024-09-25,T15_N1P1K1,179.0,63.9,20.0,,,,,,,,,,6.36,72.0,57.0,5.0,130.0,0.424,,,,,,,,,,1,1,1,2024,9,25,15.0
2024-09-25,T9_N0P2K2,195.0,57.8,19.0,,,,5.6,3200.0,130.0,49.0,2200.0,10.11,6.1,41.0,110.0,8.0,97.0,0.443,,6.34,34.6,25.3,27.3,68.0,Si,0.309,593.0,0,2,2,2024,9,25,9.0
2024-09-25,T13_N1P0K1,193.0,64.0,20.0,,,,5.5,3500.0,190.0,59.0,2200.0,10.34,6.7,180.0,43.0,11.0,230.0,0.42,,6.47,20.5,26.5,28.2,61.2,Si,0.261,531.0,1,0,1,2024,9,25,13.0
2024-09-25,T22_N2P0K1,206.0,59.7,18.0,,,,5.6,3100.0,88.0,45.0,2000.0,9.27,6.5,45.0,82.0,6.0,43.0,0.407,,6.5,28.3,26.9,28.1,61.6,Si,0.18,199.0,2,0,1,2024,9,25,22.0
2024-09-25,T10_N1P0K0,209.0,55.3,19.0,,,,5.4,3200.0,390.0,49.0,1800.0,10.91,6.3,37.0,24.0,3.0,35.0,0.207,,6.44,25.6,25.3,26.6,61.3,Si,0.37,245.0,1,0,0,2024,9,25,10.0
2024-09-25,T28_BIO-N0P0K0,199.0,56.3,16.0,,,,5.5,3100.0,566.0,54.0,960.0,11.45,7.0,19.0,20.0,3.0,21.0,0.118,,6.52,27.4,25.3,27.0,63.6,Si,0.118,241.0,0,0,0,2024,9,25,28.0
2024-09-25,T12_N1P2K0,183.0,51.8,16.0,,,,5.7,3400.0,140.0,47.0,1900.0,9.0,7.0,41.0,8.0,3.0,38.0,0.178,,6.4,30.6,26.1,27.4,62.5,Si,0.188,228.0,1,2,0,2024,9,25,12.0
2024-09-25,T26_N2P2K1,175.0,45.7,21.0,,,,5.4,3600.0,590.0,80.0,1400.0,13.03,7.3,82.0,55.0,19.0,110.0,0.487,,6.55,19.1,26.1,27.7,65.9,Si,0.355,658.0,2,2,1,2024,9,25,26.0
2024-09-25,T16_N1P1K2,177.0,62.4,19.0,,,,5.6,3500.0,92.0,50.0,2900.0,10.27,6.4,73.0,7.0,3.0,70.0,0.302,,6.41,26.1,25.7,26.9,70.0,Si,0.332,476.0,1,1,2,2024,9,25,16.0
2024-09-25,T1_N0P0K0,184.0,55.8,11.0,,,,5.5,3300.0,130.0,53.0,2100.0,9.52,6.5,15.0,21.0,3.0,31.0,0.118,,6.34,19.2,24.5,25.6,68.3,Si,0.322,279.0,0,0,0,2024,9,25,1.0
2024-09-25,T14_N1P0K2,198.0,56.6,19.0,,,,5.6,3800.0,98.0,50.0,2400.0,10.42,6.5,110.0,45.0,7.0,130.0,0.518,,6.4,17.7,24.9,25.5,66.8,Si,0.578,245.0,1,0,2,2024,9,25,14.0
2024-09-25,T7_N0P1K2,183.0,54.9,20.0,,,,5.7,4100.0,140.0,77.0,2800.0,11.27,6.6,24.0,42.0,3.0,85.0,0.219,,6.54,24.7,24.9,25.4,65.2,Si,0.28,257.0,0,1,2,2024,9,25,7.0
2024-09-25,T3_N0P2K0,204.0,57.9,20.0,,,,5.5,3400.0,160.0,56.0,1300.0,9.67,5.5,21.0,12.0,3.0,28.0,0.121,,6.42,35.2,24.9,26.0,67.3,Si,0.136,257.0,0,2,0,2024,9,25,3.0
2024-09-25,T23_N2P0K2,204.0,56.8,17.0,,,,5.4,3500.0,380.0,62.0,2900.0,12.27,5.9,260.0,260.0,15.0,370.0,1.675,,6.53,28.8,25.3,25.7,64.6,Si,0.396,235.0,2,0,2,2024,9,25,23.0
2024-09-25,T21_N2P2K0,190.0,61.4,20.0,,,,5.6,2800.0,81.0,42.0,700.0,8.05,6.1,18.0,33.0,6.0,35.0,0.172,,6.58,26.5,24.9,25.8,64.6,Si,0.073,235.0,2,2,0,2024,9,25,21.0
2024-09-25,T21_N2P2K0,190.0,58.9,21.0,,,,,,,,,,6.45,9.0,42.0,5.0,30.0,0.163,,6.6,30.6,24.9,25.4,69.6,Si,0.116,245.0,2,2,0,2024,9,25,21.0
2024-09-25,T5_N0P0K2,168.0,56.8,10.0,,,,5.7,3500.0,96.0,47.0,2200.0,9.54,6.9,120.0,54.0,8.0,200.0,0.643,,6.46,27.5,24.9,25.5,66.8,Si,0.573,265.0,0,0,2,2024,9,25,5.0
2024-09-25,T30_BIO N2P2K2,173.0,57.9,16.0,,,,5.6,3600.0,290.0,66.0,1100.0,10.66,5.9,18.0,17.0,3.0,29.0,0.121,,6.37,28.3,24.5,25.9,69.0,Si,0.207,384.0,2,2,2,2024,9,25,30.0
2024-09-25,T20_N2P1K0,185.0,60.2,18.0,,,,5.5,3000.0,220.0,59.0,1200.0,9.85,5.7,39.0,38.0,3.0,75.0,0.235,,6.4,22.1,24.9,26.6,67.5,Si,0.528,238.0,2,1,0,2024,9,25,20.0
2024-09-25,T18_N1P2K2,201.0,61.0,24.0,,,,5.5,3300.0,680.0,60.0,1100.0,12.15,5.6,130.0,14.0,3.0,150.0,0.536,,6.36,16.2,24.9,26.5,62.5,Si,1.058,155.0,1,2,2,2024,9,25,18.0
2024-09-25,T29_BIO N1P1K1,197.0,55.4,21.0,,,,5.5,3000.0,390.0,78.0,1800.0,12.25,7.0,36.0,13.0,2.0,42.0,0.159,,6.36,26.4,24.9,26.1,66.6,Si,0.242,145.0,1,1,1,2024,9,25,29.0
2024-09-25,T25_N2P1K2,199.0,50.0,15.0,,,,5.4,3300.0,470.0,65.0,1300.0,11.7,6.4,110.0,40.0,6.0,210.0,0.5,,6.38,21.8,24.9,25.7,65.6,Si,0.914,803.0,2,1,2,2024,9,25,25.0
2024-09-25,T19_N2P0K0,201.0,55.7,18.0,,,,5.5,3200.0,360.0,57.0,1800.0,10.31,6.4,21.0,6.0,2.0,25.0,0.098,,6.36,23.3,24.9,25.8,68.4,Si,0.544,247.0,2,0,0,2024,9,25,19.0
2024-09-25,T2_N0P1K0,191.0,53.4,12.0,,,,5.6,3400.0,230.0,63.0,1800.0,10.05,5.7,150.0,96.0,6.0,260.0,0.778,,6.36,24.1,25.3,26.3,63.9,Si,0.299,130.0,0,1,0,2024,9,25,2.0
2024-09-25,T6_N0P1K1,198.0,60.3,21.0,,,,5.6,3400.0,170.0,46.0,1300.0,9.73,6.2,31.0,10.0,2.0,47.0,0.137,,6.45,30.5,24.9,26.4,66.5,Si,0.383,154.0,0,1,1,2024,9,25,6.0
2024-09-25,T17_N1P2K1,190.0,53.7,17.0,,,,5.6,3500.0,61.0,41.0,1900.0,8.1,5.8,49.0,28.0,3.0,94.0,0.249,,6.46,24.4,24.9,26.3,70.4,Si,0.216,597.0,1,2,1,2024,9,25,17.0
2024-09-25,T11_N1P1K0,185.0,58.2,17.0,,,,5.45,3400.0,120.0,52.0,2200.0,9.32,6.9,17.0,7.0,2.0,19.0,0.09,,6.71,26.8,25.7,27.2,62.2,Si,0.3,269.0,1,1,0,2024,9,25,11.0
2024-09-25,T8_N0P2K1,189.0,54.6,17.0,,,,5.6,3300.0,130.0,45.0,1600.0,9.47,6.1,100.0,21.0,4.0,94.0,0.534,,6.39,20.4,25.3,27.7,62.4,Si,0.582,166.0,0,2,1,2024,9,25,8.0
2024-09-25,T9_N0P2K2,,,,,,,,,,,,,,,,,,,,6.41,26.7,25.7,27.8,59.1,Si,0.268,250.0,0,2,2,2024,9,25,9.0
2024-09-25,T13_N1P0K1,,,,,,,,,,,,,,,,,,,,6.54,32.5,25.7,26.8,67.5,Si,0.257,844.0,1,0,1,2024,9,25,13.0
2024-09-25,T26_N2P2K1,,,,,,,,,,,,,,,,,,,,6.52,25.5,25.3,26.2,72.4,Si,0.292,725.0,2,2,1,2024,9,25,26.0
2024-09-25,T16_N1P1K2,,,,,,,,,,,,,,,,,,,,6.5,26.8,26.1,27.7,60.6,Si,0.267,805.0,1,1,2,2024,9,25,16.0
2024-09-25,T10_N1P0K0,,,,,,,,,,,,,,,,,,,,6.66,25.6,25.3,27.5,62.2,Si,0.292,175.0,1,0,0,2024,9,25,10.0
2024-09-25,T22_N2P0K1,,,,,,,,,,,,,,,,,,,,6.59,26.3,25.7,27.4,67.0,Si,0.245,252.0,2,0,1,2024,9,25,22.0
2024-09-25,T7_N0P1K2,,,,,,,,,,,,,,,,,,,,6.36,24.6,25.9,29.3,54.2,Si,0.181,278.0,0,1,2,2024,9,25,7.0
2024-09-25,T24_N2P1K1,208.0,58.7,23.0,,,,,,,,,,6.41,250.0,160.0,15.0,400.0,1.349,,,,,,,,,,2,1,1,2024,9,25,24.0
2024-10-02,T27_N2P2K2,,,,0.0,0.0,0.0,,,,,,,,,,,,,0.0,,,,,,,,,2,2,2,2024,10,2,27.0
2024-10-02,T27_N2P2K2,,,,0.0,0.0,0.0,,,,,,,,,,,,,0.0,6.37,27.7,23.8,25.2,67.2,Si,0.111,90.0,2,2,2,2024,10,2,27.0
2024-10-02,T27_N2P2K2,,,,0.0,0.0,0.0,,,,,,,,,,,,,0.0,,,,,,,,,2,2,2,2024,10,2,27.0
2024-10-02,T24_N2P1K1,,,,1.0,0.1455,68.0,,,,,,,,,,,,,63.66182836771072,,,,,,,,,2,1,1,2024,10,2,24.0
2024-10-02,T24_N2P1K1,,,,,,,,,,,,,,,,,,,,6.58,28.3,23.8,24.5,73.1,Si,0.13,70.0,2,1,1,2024,10,2,24.0
2024-10-02,T24_N2P1K1,,,,2.0,0.2785,71.8,,,,,,,,,,,,,62.547746371275785,,,,,,,,,2,1,1,2024,10,2,24.0
2024-10-02,T4_N0P0K1,,,,2.0,0.2772,69.0,,,,,,,,,,,,,63.184364654952894,6.72,22.1,23.8,24.3,72.5,Si,0.204,76.0,0,0,1,2024,10,2,4.0
2024-10-02,T4_N0P0K1,,,,2.0,0.288,71.25,,,,,,,,,,,,,63.184364654952894,,,,,,,,,0,0,1,2024,10,2,4.0
2024-10-02,T15_N1P1K1,,,,2.0,0.2175,64.5,,,,,,,,,,,,,112.99974535268652,,,,,,,,,1,1,1,2024,10,2,15.0
2024-10-02,T15_N1P1K1,,,,0.0,0.0,0.0,,,,,,,,,,,,,0.0,6.52,25.7,23.8,24.1,73.7,Si,0.07,82.0,1,1,1,2024,10,2,15.0
2024-10-02,T15_N1P1K1,,,,0.0,0.0,0.0,,,,,,,6.8,12.0,6.0,0.5,6.0,0.065,0.0,,,,,,,,,1,1,1,2024,10,2,15.0
2024-10-02,T9_N0P2K2,,,,0.0,0.0,0.0,,,,,,,,,,,,,0.0,,,,,,,,,0,2,2,2024,10,2,9.0
2024-10-02,T9_N0P2K2,,,,0.0,0.0,0.0,,,,,,,,,,,,,0.0,6.52,32.0,23.8,24.2,72.3,Si,0.069,70.0,0,2,2,2024,10,2,9.0
2024-10-02,T9_N0P2K2,,,,0.0,0.0,0.0,,,,,,,,,,,,,0.0,,,,,,,,,0,2,2,2024,10,2,9.0
2024-10-02,T13_N1P0K1,,,,0.0,0.0,0.0,,,,,,,,,,,,,0.0,,,,,,,,,1,0,1,2024,10,2,13.0
2024-10-02,T13_N1P0K1,,,,0.0,0.0,0.0,,,,,,,,,,,,,0.0,6.6,25.2,23.8,24.3,74.1,Si,0.086,75.0,1,0,1,2024,10,2,13.0
2024-10-02,T13_N1P0K1,,,,0.0,0.0,0.0,,,,,,,,,,,,,0.0,,,,,,,,,1,0,1,2024,10,2,13.0
2024-10-02,T22_N2P0K1,,,,2.0,0.254,74.0,,,,,,,,,,,,,57.77310924369748,,,,,,,,,2,0,1,2024,10,2,22.0
2024-10-02,T22_N2P0K1,,,,4.0,0.618,71.0,,,,,,,,,,,,,65.25337407690348,6.5,25.0,23.8,24.6,72.6,Si,0.082,76.0,2,0,1,2024,10,2,22.0
2024-10-02,T22_N2P0K1,,,,0.0,0.0,0.0,,,,,,,,,,,,,0.0,,,,,,,,,2,0,1,2024,10,2,22.0
2024-10-02,T10_N1P0K0,,,,0.0,0.0,0.0,,,,,,,,,,,,,0.0,,,,,,,,,1,0,0,2024,10,2,10.0
2024-10-02,T10_N1P0K0,,,,0.0,0.0,0.0,,,,,,,,,,,,,0.0,6.58,23.7,23.8,24.9,66.5,Si,0.093,86.0,1,0,0,2024,10,2,10.0
2024-10-02,T10_N1P0K0,,,,1.0,0.1404,70.0,,,,,,,,,,,,,63.34351922587217,,,,,,,,,1,0,0,2024,10,2,10.0
2024-10-02,T28_BIO-N0P0K0,,,,1.0,0.1284,65.5,,,,,,,,,,,,,62.38859180035651,,,,,,,,,0,0,0,2024,10,2,28.0
2024-10-02,T28_BIO-N0P0K0,,,,2.0,0.3538,71.5,,,,,,,,,,,,,68.75477463712758,6.63,24.9,25.0,26.6,64.8,Si,0.148,240.0,0,0,0,2024,10,2,28.0
2024-10-02,T28_BIO-N0P0K0,,,,0.0,0.0,0.0,,,,,,,,,,,,,0.0,,,,,,,,,0,0,0,2024,10,2,28.0
2024-10-02,T12_N1P2K0,,,,0.0,0.0,0.0,,,,,,,,,,,,,0.0,,,,,,,,,1,2,0,2024,10,2,12.0
2024-10-02,T12_N1P2K0,,,,1.0,0.0857,57.0,,,,,,,,,,,,,54.11255411255412,6.53,24.3,25.4,26.7,63.9,Si,0.135,265.0,1,2,0,2024,10,2,12.0
2024-10-02,T12_N1P2K0,,,,0.0,0.0,0.0,,,,,,,,,,,,,0.0,,,,,,,,,1,2,0,2024,10,2,12.0
2024-10-02,T26_N2P2K1,,,,1.0,0.1189,67.5,,,,,,,,,,,,,61.433664374840845,,,,,,,,,2,2,1,2024,10,2,26.0
2024-10-02,T26_N2P2K1,,,,0.0,0.0,0.0,,,,,,,,,,,,,0.0,6.61,27.5,25.8,26.9,63.0,Si,0.15,265.0,2,2,1,2024,10,2,26.0
2024-10-02,T26_N2P2K1,,,,1.0,0.1749,70.0,,,,,,,,,,,,,69.70970206264325,,,,,,,,,2,2,1,2024,10,2,26.0
2024-10-02,T16_N1P1K2,,,,0.0,0.0,0.0,,,,,,,,,,,,,0.0,,,,,,,,,1,1,2,2024,10,2,16.0
2024-10-02,T16_N1P1K2,,,,0.0,0.0,0.0,,,,,,,,,,,,,0.0,6.57,18.7,25.8,26.9,58.5,Si,0.26,298.0,1,1,2,2024,10,2,16.0
2024-10-02,T16_N1P1K2,,,,2.0,0.2508,65.5,,,,,,,,,,,,,59.6829640947288,,,,,,,,,1,1,2,2024,10,2,16.0
2024-10-02,T1_N0P0K0,,,,1.0,0.1597,76.0,,,,,,,,,,,,,63.98013750954927,,,,,,,,,0,0,0,2024,10,2,1.0
2024-10-02,T1_N0P0K0,,,,0.0,0.0,0.0,,,,,,,,,,,,,0.0,6.67,18.0,24.3,26.3,69.2,Si,0.071,247.0,0,0,0,2024,10,2,1.0
2024-10-02,T1_N0P0K0,,,,1.0,0.1012,66.5,,,,,,,,,,,,,54.43086325439267,,,,,,,,,0,0,0,2024,10,2,1.0
2024-10-02,T14_N1P0K2,,,,2.0,0.2741,41.0,,,,,,,,,,,,,73.68856633562515,,,,,,,,,1,0,2,2024,10,2,14.0
2024-10-02,T14_N1P0K2,,,,1.0,0.0411,71.5,,,,,,,,,,,,,46.79144385026738,6.62,26.4,26.2,26.9,63.7,Si,0.152,164.0,1,0,2,2024,10,2,14.0
2024-10-02,T14_N1P0K2,,,,0.0,0.0,0.0,,,,,,,,,,,,,0.0,,,,,,,,,1,0,2,2024,10,2,14.0
2024-10-02,T7_N0P1K2,,,,0.0,0.0,0.0,,,,,,,,,,,,,0.0,,,,,,,,,0,1,2,2024,10,2,7.0
2024-10-02,T7_N0P1K2,,,,1.0,0.1001,54.0,,,,,,,,,,,,,60.47873694932519,6.52,22.7,25.8,26.9,62.7,Si,0.167,156.0,0,1,2,2024,10,2,7.0
2024-10-02,T7_N0P1K2,,,,0.0,0.0,0.0,,,,,,,,,,,,,0.0,,,,,,,,,0,1,2,2024,10,2,7.0
2024-10-02,T3_N0P2K0,,,,2.0,0.3214,75.25,,,,,,,,,,,,,67.48153806977336,,,,,,,,,0,2,0,2024,10,2,3.0
2024-10-02,T3_N0P2K0,,,,0.0,0.0,0.0,,,,,,,,,,,,,0.0,6.43,26.0,24.6,25.9,65.1,Si,0.153,94.0,0,2,0,2024,10,2,3.0
2024-10-02,T3_N0P2K0,,,,2.0,0.3919,71.75,,,,,,,,,,,,,81.16883116883118,,,,,,,,,0,2,0,2024,10,2,3.0
2024-10-02,T23_N2P0K2,,,,1.0,0.1493,69.0,,,,,,,,,,,,,65.57168321874204,,,,,,,,,2,0,2,2024,10,2,23.0
2024-10-02,T23_N2P0K2,,,,1.0,0.1367,63.0,,,,,,,,,,,,,65.25337407690348,6.58,18.4,24.6,25.9,70.4,Si,0.529,296.0,2,0,2,2024,10,2,23.0
2024-10-02,T23_N2P0K2,,,,0.0,0.0,0.0,,,,,,,,,,,,,0.0,,,,,,,,,2,0,2,2024,10,2,23.0
2024-10-02,T21_N2P2K0,,,,2.0,0.2664,62.0,,,,,,,,,,,,,65.41252864782277,,,,,,,,,2,2,0,2024,10,2,21.0
2024-10-02,T21_N2P2K0,,,,0.0,0.0,0.0,,,,,,,,,,,,,0.0,6.42,20.0,25.1,26.5,61.4,Si,0.204,240.0,2,2,0,2024,10,2,21.0
2024-10-02,T21_N2P2K0,,,,2.0,0.3358,74.0,,,,,,,7.4,4.0,27.0,2.0,0.5,0.066,70.34632034632035,,,,,,,,,2,2,0,2024,10,2,21.0
2024-10-02,T5_N0P0K2,,,,0.0,0.0,0.0,,,,,,,,,,,,,0.0,,,,,,,,,0,0,2,2024,10,2,5.0
2024-10-02,T5_N0P0K2,,,,0.0,0.0,0.0,,,,,,,,,,,,,0.0,6.61,21.2,25.1,26.4,63.1,Si,0.353,235.0,0,0,2,2024,10,2,5.0
2024-10-02,T5_N0P0K2,,,,0.0,0.0,0.0,,,,,,,,,,,,,0.0,,,,,,,,,0,0,2,2024,10,2,5.0
2024-10-02,T30_BIO N2P2K2,,,,0.0,0.0,0.0,,,,,,,,,,,,,0.0,,,,,,,,,2,2,2,2024,10,2,30.0
2024-10-02,T30_BIO N2P2K2,,,,0.0,0.0,0.0,,,,,,,,,,,,,0.0,6.61,24.5,24.7,26.3,58.5,Si,0.256,176.0,2,2,2,2024,10,2,30.0
2024-10-02,T30_BIO N2P2K2,,,,1.0,0.0478,43.0,,,,,,,,,,,,,49.65622612681436,,,,,,,,,2,2,2,2024,10,2,30.0
2024-10-02,T20_N2P1K0,,,,1.0,0.1289,60.5,,,,,,,,,,,,,64.93506493506493,,,,,,,,,2,1,0,2024,10,2,20.0
2024-10-02,T20_N2P1K0,,,,1.0,0.1756,71.5,,,,,,,,,,,,,70.0280112044818,6.57,23.2,24.7,26.3,67.0,Si,0.087,243.0,2,1,0,2024,10,2,20.0
2024-10-02,T20_N2P1K0,,,,0.0,0.0,0.0,,,,,,,,,,,,,0.0,,,,,,,,,2,1,0,2024,10,2,20.0
2024-10-02,T18_N1P2K2,,,,0.0,0.0,0.0,,,,,,,,,,,,,0.0,,,,,,,,,1,2,2,2024,10,2,18.0
2024-10-02,T18_N1P2K2,,,,0.0,0.0,0.0,,,,,,,,,,,,,0.0,6.51,24.9,25.1,26.4,66.3,Si,0.211,240.0,1,2,2,2024,10,2,18.0
2024-10-02,T18_N1P2K2,,,,0.0,0.0,0.0,,,,,,,,,,,,,0.0,,,,,,,,,1,2,2,2024,10,2,18.0
2024-10-02,T29_BIO N1P1K1,,,,0.0,0.0,0.0,,,,,,,,,,,,,0.0,,,,,,,,,1,1,1,2024,10,2,29.0
2024-10-02,T29_BIO N1P1K1,,,,0.0,0.0,0.0,,,,,,,,,,,,,0.0,6.34,21.5,25.1,26.7,60.1,Si,0.195,252.0,1,1,1,2024,10,2,29.0
2024-10-02,T29_BIO N1P1K1,,,,0.0,0.0,0.0,,,,,,,,,,,,,0.0,,,,,,,,,1,1,1,2024,10,2,29.0
2024-10-02,T25_N2P1K2,,,,1.0,0.2106,71.0,,,,,,,,,,,,,75.43926661573721,,,,,,,,,2,1,2,2024,10,2,25.0
2024-10-02,T25_N2P1K2,,,,0.0,0.0,0.0,,,,,,,,,,,,,0.0,6.46,20.8,24.6,25.7,69.8,Si,0.201,283.0,2,1,2,2024,10,2,25.0
2024-10-02,T25_N2P1K2,,,,0.0,0.0,0.0,,,,,,,,,,,,,0.0,,,,,,,,,2,1,2,2024,10,2,25.0
2024-10-02,T19_N2P0K0,,,,0.0,0.0,0.0,,,,,,,,,,,,,0.0,,,,,,,,,2,0,0,2024,10,2,19.0
2024-10-02,T19_N2P0K0,,,,0.0,0.0,0.0,,,,,,,,,,,,,0.0,6.34,21.9,25.0,25.7,65.9,Si,0.284,269.0,2,0,0,2024,10,2,19.0
2024-10-02,T19_N2P0K0,,,,0.0,0.0,0.0,,,,,,,,,,,,,0.0,,,,,,,,,2,0,0,2024,10,2,19.0
2024-10-02,T2_N0P1K0,,,,0.0,0.0,0.0,,,,,,,,,,,,,0.0,,,,,,,,,0,1,0,2024,10,2,2.0
2024-10-02,T2_N0P1K0,,,,0.0,0.0,0.0,,,,,,,,,,,,,0.0,6.37,25.1,24.2,25.5,71.3,Si,0.118,298.0,0,1,0,2024,10,2,2.0
2024-10-02,T2_N0P1K0,,,,0.0,0.0,0.0,,,,,,,,,,,,,0.0,,,,,,,,,0,1,0,2024,10,2,2.0
2024-10-02,T6_N0P1K1,,,,0.0,0.0,0.0,,,,,,,,,,,,,0.0,,,,,,,,,0,1,1,2024,10,2,6.0
2024-10-02,T6_N0P1K1,,,,0.0,0.0,0.0,,,,,,,,,,,,,0.0,6.37,23.9,23.8,25.4,67.3,Si,0.171,290.0,0,1,1,2024,10,2,6.0
2024-10-02,T6_N0P1K1,,,,0.0,0.0,0.0,,,,,,,,,,,,,0.0,,,,,,,,,0,1,1,2024,10,2,6.0
2024-10-02,T17_N1P2K1,,,,0.0,0.0,0.0,,,,,,,,,,,,,0.0,,,,,,,,,1,2,1,2024,10,2,17.0
2024-10-02,T17_N1P2K1,,,,1.0,0.1517,64.0,,,,,,,,,,,,,66.84491978609626,6.42,25.9,23.8,25.5,66.4,Si,0.138,269.0,1,2,1,2024,10,2,17.0
2024-10-02,T17_N1P2K1,,,,0.0,0.0,0.0,,,,,,,,,,,,,0.0,,,,,,,,,1,2,1,2024,10,2,17.0
2024-10-02,T11_N1P1K0,,,,0.0,0.0,0.0,,,,,,,,,,,,,0.0,,,,,,,,,1,1,0,2024,10,2,11.0
2024-10-02,T11_N1P1K0,,,,0.0,0.0,0.0,,,,,,,,,,,,,0.0,6.43,31.6,23.8,24.2,74.2,Si,0.07,81.0,1,1,0,2024,10,2,11.0
2024-10-02,T11_N1P1K0,,,,1.0,0.1115,61.0,,,,,,,,,,,,,57.93226381461675,,,,,,,,,1,1,0,2024,10,2,11.0
2024-10-02,T8_N0P2K1,,,,1.0,0.1419,65.0,,,,,,,,,,,,,66.20830150241915,,,,,,,,,0,2,1,2024,10,2,8.0
2024-10-02,T8_N0P2K1,,,,0.0,0.0,0.0,,,,,,,,,,,,,0.0,6.48,22.4,23.8,25.5,69.4,Si,0.254,276.0,0,2,1,2024,10,2,8.0
2024-10-02,T8_N0P2K1,,,,0.0,0.0,0.0,,,,,,,,,,,,,0.0,,,,,,,,,0,2,1,2024,10,2,8.0
2024-10-02,T9_N0P2K2,,,,0.0,0.0,0.0,,,,,,,,,,,,,0.0,,,,,,,,,0,2,2,2024,10,2,9.0
2024-10-02,T9_N0P2K2,223.0,60.2,19.0,0.0,0.0,0.0,5.475,3650.0,145.0,46.0,1600.0,10.255,7.01,25.5,20.0,6.0,17.0,0.182,0.0,6.26,26.0,24.6,25.6,68.3,Si,0.245,244.0,0,2,2,2024,10,2,9.0
2024-10-02,T9_N0P2K2,,,,0.0,0.0,0.0,,,,,,,,,,,,,0.0,,,,,,,,,0,2,2,2024,10,2,9.0
2024-10-02,T13_N1P0K1,,,,0.0,0.0,0.0,,,,,,,,,,,,,0.0,,,,,,,,,1,0,1,2024,10,2,13.0
2024-10-02,T13_N1P0K1,185.0,59.9,23.0,0.0,0.0,0.0,5.425,3150.0,540.0,67.0,535.0,10.465,7.11,46.0,40.5,8.0,28.0,0.311,0.0,6.15,23.2,25.0,25.6,69.3,Si,0.303,245.0,1,0,1,2024,10,2,13.0
2024-10-02,T13_N1P0K1,,,,0.0,0.0,0.0,,,,,,,,,,,,,0.0,,,,,,,,,1,0,1,2024,10,2,13.0
2024-10-02,T26_N2P2K1,,,,0.0,0.0,0.0,,,,,,,,,,,,,0.0,,,,,,,,,2,2,1,2024,10,2,26.0
2024-10-02,T26_N2P2K1,213.0,57.1,26.0,0.0,0.0,0.0,5.57,3750.0,220.0,49.0,1100.0,10.325,6.96,165.0,82.5,37.5,165.0,0.951,0.0,6.49,28.1,24.6,25.4,70.3,Si,0.208,303.0,2,2,1,2024,10,2,26.0
2024-10-02,T26_N2P2K1,,,,0.0,0.0,0.0,,,,,,,,,,,,,0.0,,,,,,,,,2,2,1,2024,10,2,26.0
2024-10-02,T16_N1P1K2,,,,0.0,0.0,0.0,,,,,,,,,,,,,0.0,,,,,,,,,1,1,2,2024,10,2,16.0
2024-10-02,T16_N1P1K2,210.0,57.5,22.0,0.0,0.0,0.0,5.565,3300.0,265.0,40.0,55.0,9.34,6.93,57.0,93.5,11.5,71.0,0.535,0.0,6.38,24.1,24.6,25.9,68.8,Si,0.344,247.0,1,1,2,2024,10,2,16.0
2024-10-02,T16_N1P1K2,,,,0.0,0.0,0.0,,,,,,,,,,,,,0.0,,,,,,,,,1,1,2,2024,10,2,16.0
2024-10-02,T10_N1P0K0,,,,0.0,0.0,0.0,,,,,,,,,,,,,0.0,,,,,,,,,1,0,0,2024,10,2,10.0
2024-10-02,T10_N1P0K0,206.0,58.2,23.0,0.0,0.0,0.0,5.405,3400.0,400.0,41.5,850.0,9.25,6.67,22.5,130.0,11.0,53.0,0.483,0.0,6.4,21.7,24.2,25.6,69.3,Si,0.257,243.0,1,0,0,2024,10,2,10.0
2024-10-02,T10_N1P0K0,,,,0.0,0.0,0.0,,,,,,,,,,,,,0.0,,,,,,,,,1,0,0,2024,10,2,10.0
2024-10-02,T22_N2P0K1,,,,0.0,0.0,0.0,,,,,,,,,,,,,0.0,,,,,,,,,2,0,1,2024,10,2,22.0
2024-10-02,T22_N2P0K1,164.0,56.1,20.0,0.0,0.0,0.0,5.575,3700.0,205.0,50.0,1850.0,10.195,6.63,46.0,96.5,13.5,81.5,0.533,0.0,6.47,24.0,24.2,25.5,66.5,Si,0.205,235.0,2,0,1,2024,10,2,22.0
2024-10-02,T22_N2P0K1,,,,0.0,0.0,0.0,,,,,,,,,,,,,0.0,,,,,,,,,2,0,1,2024,10,2,22.0
2024-10-02,T12_N1P2K0,,,,0.0,0.0,0.0,,,,,,,,,,,,,0.0,,,,,,,,,1,2,0,2024,10,2,12.0
2024-10-02,T12_N1P2K0,203.0,56.5,21.0,0.0,0.0,0.0,5.465,3100.0,455.0,44.0,730.0,9.82,6.79,15.0,40.0,4.0,25.0,0.169,0.0,6.49,23.4,24.2,25.6,70.8,Si,0.125,237.0,1,2,0,2024,10,2,12.0
2024-10-02,T12_N1P2K0,,,,0.0,0.0,0.0,,,,,,,,,,,,,0.0,,,,,,,,,1,2,0,2024,10,2,12.0
2024-10-02,T28_BIO-N0P0K0,,,,0.0,0.0,0.0,,,,,,,,,,,,,0.0,,,,,,,,,0,0,0,2024,10,2,28.0
2024-10-02,T28_BIO-N0P0K0,199.0,56.2,25.0,0.0,0.0,0.0,5.36,3100.0,110.0,43.0,750.0,9.27,6.99,10.0,7.0,3.0,6.0,0.066,0.0,6.47,25.0,24.2,25.6,68.3,Si,0.168,247.0,0,0,0,2024,10,2,28.0
2024-10-02,T28_BIO-N0P0K0,,,,0.0,0.0,0.0,,,,,,,,,,,,,0.0,,,,,,,,,0,0,0,2024,10,2,28.0
2024-10-02,T1_N0P0K0,,,,0.0,0.0,0.0,,,,,,,,,,,,,0.0,,,,,,,,,0,0,0,2024,10,2,1.0
2024-10-02,T1_N0P0K0,204.0,52.1,30.0,0.0,0.0,0.0,5.545,3400.0,420.0,49.5,490.0,10.42,6.66,42.0,86.0,7.0,45.5,0.41,0.0,6.43,26.6,25.0,25.8,69.9,Si,0.21,267.0,0,0,0,2024,10,2,1.0
2024-10-02,T1_N0P0K0,,,,0.0,0.0,0.0,,,,,,,,,,,,,0.0,,,,,,,,,0,0,0,2024,10,2,1.0
2024-10-02,T14_N1P0K2,,,,0.0,0.0,0.0,,,,,,,,,,,,,0.0,,,,,,,,,1,0,2,2024,10,2,14.0
2024-10-02,T14_N1P0K2,242.0,56.3,20.0,0.0,0.0,0.0,5.635,3800.0,87.0,44.5,795.0,9.865,6.52,61.5,110.0,14.0,100.0,0.555,0.0,6.46,30.7,24.6,24.9,73.9,Si,0.147,736.0,1,0,2,2024,10,2,14.0
2024-10-02,T14_N1P0K2,,,,0.0,0.0,0.0,,,,,,,,,,,,,0.0,,,,,,,,,1,0,2,2024,10,2,14.0
2024-10-02,T5_N0P0K2,,,,0.0,0.0,0.0,,,,,,,,,,,,,0.0,,,,,,,,,0,0,2,2024,10,2,5.0
2024-10-02,T5_N0P0K2,202.0,51.6,25.0,0.0,0.0,0.0,5.505,3450.0,150.0,45.0,2050.0,9.925,6.96,8.5,16.5,3.5,14.5,0.083,0.0,6.35,26.2,23.0,23.3,77.6,Si,0.144,634.0,0,0,2,2024,10,2,5.0
2024-10-02,T5_N0P0K2,,,,0.0,0.0,0.0,,,,,,,,,,,,,0.0,,,,,,,,,0,0,2,2024,10,2,5.0
2024-10-02,T30_BIO N2P2K2,,,,0.0,0.0,0.0,,,,,,,,,,,,,0.0,,,,,,,,,2,2,2,2024,10,2,30.0
2024-10-02,T30_BIO N2P2K2,227.0,55.4,20.0,0.0,0.0,0.0,5.54,3100.0,120.0,42.0,840.0,9.95,6.82,53.0,15.0,17.0,12.0,0.304,0.0,6.51,23.6,22.6,22.6,77.4,Si,0.263,258.0,2,2,2,2024,10,2,30.0
2024-10-02,T30_BIO N2P2K2,,,,0.0,0.0,0.0,,,,,,,,,,,,,0.0,,,,,,,,,2,2,2,2024,10,2,30.0
2024-10-02,T3_N0P2K0,,,,0.0,0.0,0.0,,,,,,,,,,,,,0.0,,,,,,,,,0,2,0,2024,10,2,3.0
2024-10-02,T3_N0P2K0,202.0,53.1,27.0,0.0,0.0,0.0,5.48,3250.0,555.0,52.0,505.0,10.005,6.92,9.0,34.5,4.0,22.0,0.142,0.0,6.42,23.8,22.6,22.7,80.1,Si,0.214,148.0,0,2,0,2024,10,2,3.0
2024-10-02,T3_N0P2K0,,,,0.0,0.0,0.0,,,,,,,,,,,,,0.0,,,,,,,,,0,2,0,2024,10,2,3.0
2024-10-02,T7_N0P1K2,,,,0.0,0.0,0.0,,,,,,,,,,,,,0.0,,,,,,,,,0,1,2,2024,10,2,7.0
2024-10-02,T7_N0P1K2,183.0,52.1,19.0,0.0,0.0,0.0,5.485,3500.0,435.0,49.5,1300.0,10.87,6.69,45.0,103.0,19.0,95.5,0.515,0.0,6.58,24.1,22.6,22.7,79.2,Si,0.189,112.0,0,1,2,2024,10,2,7.0
2024-10-02,T7_N0P1K2,,,,0.0,0.0,0.0,,,,,,,,,,,,,0.0,,,,,,,,,0,1,2,2024,10,2,7.0
2024-10-02,T21_N2P2K0,,,,0.0,0.0,0.0,,,,,,,,,,,,,0.0,,,,,,,,,2,2,0,2024,10,2,21.0
2024-10-02,T21_N2P2K0,210.0,57.6,16.0,0.0,0.0,0.0,5.64,3050.0,190.0,49.0,530.0,7.555,7.17,78.5,38.5,27.5,61.0,0.527,0.0,6.45,26.0,22.6,22.7,76.8,Si,0.263,126.0,2,2,0,2024,10,2,21.0
2024-10-02,T21_N2P2K0,,,,0.0,0.0,0.0,,,,,,,,,,,,,0.0,,,,,,,,,2,2,0,2024,10,2,21.0
2024-10-02,T23_N2P0K2,,,,0.0,0.0,0.0,,,,,,,,,,,,,0.0,,,,,,,,,2,0,2,2024,10,2,23.0
2024-10-02,T23_N2P0K2,208.0,53.9,36.0,0.0,0.0,0.0,5.3,3050.0,825.0,43.5,975.0,10.94,6.92,12.5,74.0,7.0,25.0,0.267,0.0,6.44,21.9,22.6,22.7,77.3,Si,0.234,140.0,2,0,2,2024,10,2,23.0
2024-10-02,T23_N2P0K2,,,,1.0,0.1853,67.0,,,,,,,,,,,,,73.21110262286733,,,,,,,,,2,0,2,2024,10,2,23.0
2024-10-02,T20_N2P1K0,,,,0.0,0.0,0.0,,,,,,,,,,,,,0.0,,,,,,,,,2,1,0,2024,10,2,20.0
2024-10-02,T20_N2P1K0,206.0,59.5,20.0,0.0,0.0,0.0,5.625,3400.0,305.0,45.5,1550.0,9.6,6.88,7.5,32.5,2.5,15.0,0.116,0.0,6.42,22.6,22.6,22.7,79.6,Si,0.159,339.0,2,1,0,2024,10,2,20.0
2024-10-02,T20_N2P1K0,,,,0.0,0.0,0.0,,,,,,,,,,,,,0.0,,,,,,,,,2,1,0,2024,10,2,20.0
2024-10-02,T18_N1P2K2,,,,0.0,0.0,0.0,,,,,,,,,,,,,0.0,,,,,,,,,1,2,2,2024,10,2,18.0
2024-10-02,T18_N1P2K2,129.0,56.2,21.0,0.0,0.0,0.0,5.45,3050.0,730.0,55.0,1300.0,10.915,6.86,13.5,22.0,3.0,12.0,0.129,0.0,6.38,32.8,23.8,23.9,78.6,Si,0.231,794.0,1,2,2,2024,10,2,18.0
2024-10-02,T18_N1P2K2,,,,0.0,0.0,0.0,,,,,,,,,,,,,0.0,,,,,,,,,1,2,2,2024,10,2,18.0
2024-10-02,T6_N0P1K1,,,,0.0,0.0,0.0,,,,,,,,,,,,,0.0,,,,,,,,,0,1,1,2024,10,2,6.0
2024-10-02,T6_N0P1K1,220.0,54.7,29.0,0.0,0.0,0.0,5.525,3350.0,345.0,46.0,2150.0,9.745,6.96,61.5,50.5,6.5,77.0,0.364,0.0,6.57,35.7,23.0,23.8,69.8,Si,0.178,270.0,0,1,1,2024,10,2,6.0
2024-10-02,T6_N0P1K1,,,,0.0,0.0,0.0,,,,,,,,,,,,,0.0,,,,,,,,,0,1,1,2024,10,2,6.0
2024-10-02,T17_N1P2K1,,,,0.0,0.0,0.0,,,,,,,,,,,,,0.0,,,,,,,,,1,2,1,2024,10,2,17.0
2024-10-02,T17_N1P2K1,200.0,54.0,27.0,0.0,0.0,0.0,5.435,3500.0,130.0,52.0,450.0,9.555,6.97,82.5,51.0,24.5,84.5,0.493,0.0,6.44,23.9,23.0,23.7,72.5,Si,0.181,263.0,1,2,1,2024,10,2,17.0
2024-10-02,T17_N1P2K1,,,,0.0,0.0,0.0,,,,,,,,,,,,,0.0,,,,,,,,,1,2,1,2024,10,2,17.0
2024-10-02,T25_N2P1K2,,,,1.0,0.1413,65.0,,,,,,,,,,,,,65.57168321874204,,,,,,,,,2,1,2,2024,10,2,25.0
2024-10-02,T25_N2P1K2,201.0,52.2,24.0,1.0,0.1902,77.5,5.685,3550.0,165.0,49.5,2000.0,9.525,6.84,63.0,98.5,8.0,150.0,0.492,73.84772090654444,6.34,35.4,23.8,23.7,72.4,Si,0.102,258.0,2,1,2,2024,10,2,25.0
2024-10-02,T25_N2P1K2,,,,0.0,0.0,0.0,,,,,,,,,,,,,0.0,,,,,,,,,2,1,2,2024,10,2,25.0
2024-10-02,T29_BIO N1P1K1,,,,0.0,0.0,0.0,,,,,,,,,,,,,0.0,,,,,,,,,1,1,1,2024,10,2,29.0
2024-10-02,T29_BIO N1P1K1,204.0,54.6,21.0,0.0,0.0,0.0,5.35,3600.0,82.0,46.0,3600.0,10.32,7.0,190.0,60.0,63.0,58.0,1.091,0.0,6.34,25.4,22.6,23.1,74.3,Si,0.236,102.0,1,1,1,2024,10,2,29.0
2024-10-02,T29_BIO N1P1K1,,,,2.0,0.3989,72.5,,,,,,,,,,,,,71.93786605551311,,,,,,,,,1,1,1,2024,10,2,29.0
2024-10-02,T2_N0P1K0,,,,0.0,0.0,0.0,,,,,,,,,,,,,0.0,,,,,,,,,0,1,0,2024,10,2,2.0
2024-10-02,T2_N0P1K0,209.0,48.4,20.0,0.0,0.0,0.0,5.44,3500.0,290.0,44.0,1400.0,9.88,6.8,27.0,77.0,12.0,67.5,0.399,0.0,6.42,21.4,22.6,23.4,73.8,Si,0.061,112.0,0,1,0,2024,10,2,2.0
2024-10-02,T2_N0P1K0,,,,1.0,0.272,79.0,,,,,,,,,,,,,80.85052202699262,,,,,,,,,0,1,0,2024,10,2,2.0
2024-10-02,T19_N2P0K0,,,,0.0,0.0,0.0,,,,,,,,,,,,,0.0,,,,,,,,,2,0,0,2024,10,2,19.0
2024-10-02,T19_N2P0K0,175.0,49.8,16.0,0.0,0.0,0.0,5.43,3350.0,110.0,47.5,2350.0,8.98,7.0,8.0,29.5,4.0,21.0,0.112,0.0,6.14,24.1,23.0,23.7,71.8,Si,0.085,149.0,2,0,0,2024,10,2,19.0
2024-10-02,T19_N2P0K0,,,,1.0,0.187,70.5,,,,,,,,,,,,,70.0280112044818,,,,,,,,,2,0,0,2024,10,2,19.0
2024-10-02,T8_N0P2K1,,,,0.0,0.0,0.0,,,,,,,,,,,,,0.0,,,,,,,,,0,2,1,2024,10,2,8.0
2024-10-02,T8_N0P2K1,198.0,59.5,18.0,0.0,0.0,0.0,5.28,3250.0,920.0,54.5,980.0,12.735,6.84,31.0,140.0,16.5,72.5,0.557,0.0,6.29,28.0,23.4,23.5,74.3,Si,0.087,247.0,0,2,1,2024,10,2,8.0
2024-10-02,T8_N0P2K1,,,,0.0,0.0,0.0,,,,,,,,,,,,,0.0,,,,,,,,,0,2,1,2024,10,2,8.0
2024-10-02,T15_N1P1K1,,,,0.0,0.0,0.0,,,,,,,,,,,,,0.0,,,,,,,,,1,1,1,2024,10,2,15.0
2024-10-02,T15_N1P1K1,204.0,58.7,25.0,1.0,0.0787,58.0,5.415,3100.0,615.0,43.0,630.0,10.645,6.86,18.5,66.0,6.0,70.5,0.261,54.74917239623122,6.48,27.1,23.0,24.0,71.7,Si,0.083,259.0,1,1,1,2024,10,2,15.0
2024-10-02,T15_N1P1K1,,,,0.0,0.0,0.0,,,,,,,,,,,,,0.0,,,,,,,,,1,1,1,2024,10,2,15.0
2024-10-02,T24_N2P1K1,,,,0.0,0.0,0.0,,,,,,,,,,,,,0.0,,,,,,,,,2,1,1,2024,10,2,24.0
2024-10-02,T24_N2P1K1,207.0,58.0,18.0,0.0,0.0,0.0,5.4,3250.0,245.0,41.5,3000.0,9.985,6.84,17.5,49.0,9.5,53.5,0.231,0.0,6.41,22.7,23.4,24.3,66.0,Si,0.332,243.0,2,1,1,2024,10,2,24.0
2024-10-02,T24_N2P1K1,,,,0.0,0.0,0.0,,,,,,,6.9,92.0,56.0,17.0,100.0,0.598,0.0,,,,,,,,,2,1,1,2024,10,2,24.0
2024-10-02,T11_N1P1K0,,,,0.0,0.0,0.0,,,,,,,,,,,,,0.0,,,,,,,,,1,1,0,2024,10,2,11.0
2024-10-02,T11_N1P1K0,209.0,55.8,33.0,0.0,0.0,0.0,5.655,3300.0,410.0,52.5,1700.0,10.22,6.81,23.5,115.0,14.0,75.0,0.451,0.0,6.59,25.7,23.4,24.7,67.7,Si,0.124,199.0,1,1,0,2024,10,2,11.0
2024-10-02,T11_N1P1K0,,,,0.0,0.0,0.0,,,,,,,,,,,,,0.0,,,,,,,,,1,1,0,2024,10,2,11.0
2024-10-02,T27_N2P2K2,,,,0.0,0.0,0.0,,,,,,,,,,,,,0.0,,,,,,,,,2,2,2,2024,10,2,27.0
2024-10-02,T27_N2P2K2,210.0,58.2,27.0,0.0,0.0,0.0,5.44,3400.0,595.0,54.0,760.0,10.625,7.09,40.5,41.0,10.5,35.0,0.3,0.0,6.55,26.1,23.4,24.8,69.8,Si,0.06,176.0,2,2,2,2024,10,2,27.0
2024-10-02,T27_N2P2K2,,,,0.0,0.0,0.0,,,,,,,,,,,,,0.0,,,,,,,,,2,2,2,2024,10,2,27.0
2024-10-02,T4_N0P0K1,,,,0.0,0.0,0.0,,,,,,,,,,,,,0.0,,,,,,,,,0,0,1,2024,10,2,4.0
2024-10-02,T4_N0P0K1,203.0,57.8,19.0,2.0,0.255,71.5,5.52,3200.0,210.0,49.5,600.0,9.105,6.66,51.0,215.0,26.5,150.0,0.849,57.93226381461675,6.59,26.7,24.2,24.8,67.9,Si,0.06,244.0,0,0,1,2024,10,2,4.0
2024-10-02,T4_N0P0K1,,,,1.0,0.1677,71.5,,,,,,,,,,,,,68.43646549528903,,,,,,,,,0,0,1,2024,10,2,4.0
2024-10-09,T27_N2P2K2,,,,5.0,1.005,70.0,,,,,,,,,,,,,70.0280112044818,,,,,,,,,2,2,2,2024,10,9,27.0
2024-10-09,T27_N2P2K2,,,,4.0,0.713,70.4,,,,,,,,,,,,,71.61955691367456,,,,,,,,,2,2,2,2024,10,9,27.0
2024-10-09,T27_N2P2K2,210.0,61.7,29.0,2.0,0.341,70.0,5.5,3500.0,39.0,38.0,110.0,9.56,7.5,30.0,21.0,11.0,22.0,0.169,63.66182836771072,6.83,26.4,22.0,22.5,86.2,Si,0.054,435.0,2,2,2,2024,10,9,27.0
2024-10-09,T24_N2P1K1,,,,2.0,0.249,60.6,,,,,,,,,,,,,62.070282658517954,,,,,,,,,2,1,1,2024,10,9,24.0
2024-10-09,T24_N2P1K1,,,,4.0,0.571,60.9,,,,,,,,,,,,,57.29564553093965,,,,,,,,,2,1,1,2024,10,9,24.0
2024-10-09,T24_N2P1K1,217.0,63.6,24.0,2.0,0.214,70.0,5.5,3800.0,46.0,44.0,910.0,10.91,6.8,41.0,8.0,2.0,15.0,0.179,57.29564553093965,6.66,28.3,22.0,23.3,82.9,Si,0.035,601.0,2,1,1,2024,10,9,24.0
2024-10-09,T4_N0P0K1,,,,0.0,0.0,0.0,,,,,,,,,,,,,0.0,,,,,,,,,0,0,1,2024,10,9,4.0
2024-10-09,T4_N0P0K1,,,,1.0,0.152,70.3,,,,,,,,,,,,,59.523809523809526,,,,,,,,,0,0,1,2024,10,9,4.0
2024-10-09,T4_N0P0K1,205.0,58.2,20.0,1.0,0.152,70.9,5.5,3500.0,66.0,49.0,1200.0,11.47,7.4,50.0,9.0,2.0,14.0,0.192,59.523809523809526,6.61,25.5,22.8,24.2,74.5,Si,0.055,659.0,0,0,1,2024,10,9,4.0
2024-10-09,T15_N1P1K1,,,,3.0,0.261,60.5,,,,,,,,,,,,,60.16042780748664,,,,,,,,,1,1,1,2024,10,9,15.0
2024-10-09,T15_N1P1K1,,,,3.0,0.446,60.7,,,,,,,,,,,,,68.43646549528903,,,,,,,,,1,1,1,2024,10,9,15.0
2024-10-09,T15_N1P1K1,211.0,63.8,22.0,2.0,0.392,70.5,5.6,3300.0,39.0,36.0,1700.0,9.09,7.2,25.0,15.0,2.0,14.0,0.139,73.21110262286733,6.76,29.0,23.2,24.5,71.4,Si,0.112,365.0,1,1,1,2024,10,9,15.0
2024-10-09,T9_N0P2K2,208.0,54.2,18.0,2.0,0.355,70.0,5.7,3500.0,64.0,47.0,1700.0,9.94,7.2,29.0,8.0,2.0,12.0,0.123,66.84491978609626,6.53,30.0,24.0,26.1,66.6,Si,0.048,559.0,0,2,2,2024,10,9,9.0
2024-10-09,T9_N0P2K2,,,,3.0,0.443,70.6,,,,,,,,,,,,,66.84491978609626,,,,,,,,,0,2,2,2024,10,9,9.0
2024-10-09,T9_N0P2K2,,,,2.0,0.387,60.7,,,,,,,,,,,,,73.21110262286733,,,,,,,,,0,2,2,2024,10,9,9.0
2024-10-09,T13_N1P0K1,213.0,53.9,26.0,0.0,0.0,0.0,5.4,3400.0,300.0,45.0,700.0,10.2,6.9,83.0,200.0,17.0,58.0,0.959,0.0,6.61,17.4,25.2,26.1,67.7,Si,0.111,513.0,1,0,1,2024,10,9,13.0
2024-10-09,T13_N1P0K1,,,,4.0,0.634,70.0,,,,,,,,,,,,,60.47873694932519,,,,,,,,,1,0,1,2024,10,9,13.0
2024-10-09,T13_N1P0K1,,,,3.0,0.263,70.2,,,,,,,,,,,,,54.74917239623122,,,,,,,,,1,0,1,2024,10,9,13.0
2024-10-09,T22_N2P0K1,260.0,66.6,27.0,1.0,0.153,60.4,5.4,3600.0,320.0,58.0,1700.0,12.35,7.9,62.0,19.0,3.0,18.0,0.256,64.29844665138783,6.77,21.4,25.6,26.2,64.8,Si,0.105,541.0,2,0,1,2024,10,9,22.0
2024-10-09,T22_N2P0K1,,,,3.0,0.515,70.4,,,,,,,,,,,,,67.48153806977336,,,,,,,,,2,0,1,2024,10,9,22.0
2024-10-09,T22_N2P0K1,,,,4.0,0.461,70.7,,,,,,,,,,,,,60.47873694932519,,,,,,,,,2,0,1,2024,10,9,22.0
2024-10-09,T10_N1P0K0,220.0,64.6,33.0,0.0,0.0,0.0,5.4,3900.0,110.0,42.0,1000.0,11.83,7.5,51.0,15.0,3.0,21.0,0.245,0.0,6.76,20.3,25.2,26.5,65.3,Si,0.032,434.0,1,0,0,2024,10,9,10.0
2024-10-09,T10_N1P0K0,,,,1.0,0.183,70.3,,,,,,,,,,,,,58.88719124013242,,,,,,,,,1,0,0,2024,10,9,10.0
2024-10-09,T10_N1P0K0,,,,2.0,0.184,50.8,,,,,,,,,,,,,57.93226381461675,,,,,,,,,1,0,0,2024,10,9,10.0
2024-10-09,T28_BIO-N0P0K0,,,,2.0,0.497,80.0,,,,,,,,,,,,,78.62235803412274,,,,,,,,,0,0,0,2024,10,9,28.0
2024-10-09,T28_BIO-N0P0K0,,,,2.0,0.464,70.7,,,,,,,,,,,,,77.98573975044563,,,,,,,,,0,0,0,2024,10,9,28.0
2024-10-09,T28_BIO-N0P0K0,240.0,55.1,26.0,0.0,0.0,0.0,5.4,3400.0,180.0,38.0,200.0,10.37,7.4,31.0,34.0,5.0,12.0,0.219,0.0,6.78,27.3,25.2,26.3,63.4,Si,0.068,438.0,0,0,0,2024,10,9,28.0
2024-10-09,T12_N1P2K0,,,,3.0,0.31,60.5,,,,,,,,,,,,,59.523809523809526,,,,,,,,,1,2,0,2024,10,9,12.0
2024-10-09,T12_N1P2K0,,,,2.0,0.08,40.8,,,,,,,,,,,,,47.428062133944486,,,,,,,,,1,2,0,2024,10,9,12.0
2024-10-09,T12_N1P2K0,230.0,63.6,27.0,0.0,0.0,0.0,5.4,3500.0,71.0,40.0,1100.0,9.57,7.7,31.0,14.0,3.0,18.0,0.15,0.0,6.88,27.5,25.6,26.2,68.5,Si,0.083,545.0,1,2,0,2024,10,9,12.0
2024-10-09,T26_N2P2K1,,,,2.0,0.323,70.0,,,,,,,,,,,,,66.84491978609626,,,,,,,,,2,2,1,2024,10,9,26.0
2024-10-09,T26_N2P2K1,,,,3.0,0.324,80.0,,,,,,,,,,,,,55.70409982174688,,,,,,,,,2,2,1,2024,10,9,26.0
2024-10-09,T26_N2P2K1,232.0,59.1,23.0,1.0,0.198,70.6,5.5,3900.0,63.0,53.0,1300.0,11.42,7.9,37.0,41.0,4.0,17.0,0.232,71.93786605551311,6.84,28.0,26.0,26.3,66.1,Si,0.077,533.0,2,2,1,2024,10,9,26.0
2024-10-09,T16_N1P1K2,,,,0.0,0.0,0.0,,,,,,,,,,,,,0.0,,,,,,,,,1,1,2,2024,10,9,16.0
2024-10-09,T16_N1P1K2,,,,3.0,0.429,70.3,,,,,,,,,,,,,62.070282658517954,,,,,,,,,1,1,2,2024,10,9,16.0
2024-10-09,T16_N1P1K2,218.0,61.6,24.0,4.0,0.667,60.9,5.5,4300.0,110.0,60.0,2100.0,12.86,7.9,15.0,28.0,4.0,14.0,0.164,74.8026483320601,6.72,20.7,23.2,25.1,67.8,Si,0.053,467.0,1,1,2,2024,10,9,16.0
2024-10-09,T1_N0P0K0,196.0,60.3,20.0,3.0,0.283,90.0,5.5,4000.0,130.0,65.0,1000.0,12.02,7.3,38.0,23.0,4.0,45.0,0.215,63.66182836771072,6.85,23.2,24.0,25.5,66.0,Si,0.246,245.0,0,0,0,2024,10,9,1.0
2024-10-09,T1_N0P0K0,,,,2.0,0.322,70.0,,,,,,,,,,,,,66.84491978609626,,,,,,,,,0,0,0,2024,10,9,1.0
2024-10-09,T1_N0P0K0,,,,3.0,0.358,60.4,,,,,,,,,,,,,50.92946269416858,,,,,,,,,0,0,0,2024,10,9,1.0
2024-10-09,T14_N1P0K2,208.0,59.0,20.0,4.0,0.454,65.0,5.6,3500.0,150.0,46.0,1400.0,11.16,7.6,9.0,21.0,2.0,9.0,0.095,60.47873694932519,6.61,26.0,24.8,26.0,67.9,Si,0.073,176.0,1,0,2,2024,10,9,14.0
2024-10-09,T14_N1P0K2,,,,2.0,0.263,65.0,,,,,,,,,,,,,62.070282658517954,,,,,,,,,1,0,2,2024,10,9,14.0
2024-10-09,T14_N1P0K2,,,,2.0,0.283,90.0,,,,,,,,,,,,,63.66182836771072,,,,,,,,,1,0,2,2024,10,9,14.0
2024-10-09,T7_N0P1K2,230.0,57.2,15.0,5.0,0.822,60.7,5.5,3900.0,78.0,59.0,850.0,11.19,7.2,51.0,33.0,5.0,70.0,0.369,68.43646549528903,6.62,20.6,26.8,26.1,64.8,Si,0.068,513.0,0,1,2,2024,10,9,7.0
2024-10-09,T7_N0P1K2,,,,4.0,0.563,68.0,,,,,,,,,,,,,70.0280112044818,,,,,,,,,0,1,2,2024,10,9,7.0
2024-10-09,T7_N0P1K2,,,,0.0,0.0,0.0,,,,,,,,,,,,,0.0,,,,,,,,,0,1,2,2024,10,9,7.0
2024-10-09,T3_N0P2K0,229.0,60.2,21.0,2.0,0.349,80.5,5.5,3400.0,66.0,44.0,710.0,8.4,7.1,100.0,27.0,4.0,76.0,0.441,62.070282658517954,6.66,25.6,26.0,26.4,65.0,Si,0.181,411.0,0,2,0,2024,10,9,3.0
2024-10-09,T3_N0P2K0,,,,3.0,0.601,70.7,,,,,,,,,,,,,74.8026483320601,,,,,,,,,0,2,0,2024,10,9,3.0
2024-10-09,T3_N0P2K0,,,,1.0,0.144,60.7,,,,,,,,,,,,,62.070282658517954,,,,,,,,,0,2,0,2024,10,9,3.0
2024-10-09,T23_N2P0K2,,,,2.0,0.415,70.3,,,,,,,,,,,,,73.21110262286733,,,,,,,,,2,0,2,2024,10,9,23.0
2024-10-09,T23_N2P0K2,,,,0.0,0.0,0.0,,,,,,,,,,,,,0.0,,,,,,,,,2,0,2,2024,10,9,23.0
2024-10-09,T23_N2P0K2,220.0,61.2,24.0,3.0,0.468,70.0,5.3,3300.0,85.0,46.0,630.0,10.01,7.1,10.0,26.0,3.0,9.0,0.113,70.0280112044818,6.69,32.7,26.4,26.5,67.5,Si,0.137,582.0,2,0,2,2024,10,9,23.0
2024-10-09,T21_N2P2K0,,,,2.0,0.274,65.0,,,,,,,,,,,,,66.84491978609626,,,,,,,,,2,2,0,2024,10,9,21.0
2024-10-09,T21_N2P2K0,,,,1.0,0.143,65.0,,,,,,,,,,,,,66.84491978609626,,,,,,,,,2,2,0,2024,10,9,21.0
2024-10-09,T21_N2P2K0,229.0,55.5,29.0,1.0,0.343,70.4,5.3,3200.0,83.0,42.0,680.0,8.35,7.3,11.0,23.0,2.0,11.0,0.103,66.84491978609626,6.74,27.8,26.0,26.1,67.7,Si,0.067,420.0,2,2,0,2024,10,9,21.0
2024-10-09,T5_N0P0K2,,,,5.0,0.7,65.0,,,,,,,,,,,,,69.2322383498854,,,,,,,,,0,0,2,2024,10,9,5.0
2024-10-09,T5_N0P0K2,,,,0.0,0.0,0.0,,,,,,,,,,,,,0.0,,,,,,,,,0,0,2,2024,10,9,5.0
2024-10-09,T5_N0P0K2,119.0,56.2,11.0,2.0,0.411,70.2,5.4,3600.0,44.0,45.0,1800.0,10.9,6.9,53.0,5.0,2.0,48.0,0.195,75.75757575757576,6.59,28.0,24.4,25.8,66.6,Si,0.039,244.0,0,0,2,2024,10,9,5.0
2024-10-09,T30_BIO N2P2K2,,,,1.0,0.174,70.3,,,,,,,,,,,,,66.84491978609626,,,,,,,,,2,2,2,2024,10,9,30.0
2024-10-09,T30_BIO N2P2K2,,,,1.0,0.109,50.7,,,,,,,,,,,,,62.070282658517954,,,,,,,,,2,2,2,2024,10,9,30.0
2024-10-09,T30_BIO N2P2K2,217.0,58.8,25.0,2.0,0.418,70.1,5.3,3900.0,180.0,54.0,1000.0,12.35,6.8,28.0,19.0,5.0,12.0,0.169,68.43646549528903,6.88,33.4,23.6,25.2,69.5,Si,0.233,245.0,2,2,2,2024,10,9,30.0
2024-10-09,T20_N2P1K0,224.0,61.1,31.0,9.0,1.406,65.5,5.4,3600.0,83.0,46.0,1300.0,10.19,7.1,23.0,26.0,2.0,16.0,0.151,63.66182836771072,6.74,21.3,23.6,24.8,70.3,Si,0.125,245.0,2,1,0,2024,10,9,20.0
2024-10-09,T20_N2P1K0,,,,1.0,0.176,70.5,,,,,,,,,,,,,66.84491978609626,,,,,,,,,2,1,0,2024,10,9,20.0
2024-10-09,T20_N2P1K0,,,,5.0,0.727,65.0,,,,,,,,,,,,,60.47873694932519,,,,,,,,,2,1,0,2024,10,9,20.0
2024-10-09,T18_N1P2K2,212.0,52.3,22.0,2.0,0.303,70.4,5.4,3500.0,120.0,52.0,1800.0,11.08,6.7,100.0,66.0,5.0,170.0,0.523,71.61955691367456,6.71,22.6,23.4,24.3,70.9,Si,0.265,267.0,1,2,2,2024,10,9,18.0
2024-10-09,T18_N1P2K2,,,,3.0,0.438,64.0,,,,,,,,,,,,,62.070282658517954,,,,,,,,,1,2,2,2024,10,9,18.0
2024-10-09,T18_N1P2K2,,,,1.0,0.045,40.3,,,,,,,,,,,,,46.15482556659028,,,,,,,,,1,2,2,2024,10,9,18.0
2024-10-09,T29_BIO N1P1K1,229.0,59.3,27.0,4.0,0.418,60.8,5.5,3800.0,140.0,55.0,1600.0,11.51,7.4,17.0,18.0,3.0,110.0,0.117,66.84491978609626,6.71,22.6,23.4,24.3,70.9,Si,0.265,267.0,1,1,1,2024,10,9,29.0
2024-10-09,T29_BIO N1P1K1,,,,4.0,0.504,60.5,,,,,,,,,,,,,6.047873694932519,,,,,,,,,1,1,1,2024,10,9,29.0
2024-10-09,T29_BIO N1P1K1,,,,3.0,0.419,70.2,,,,,,,,,,,,,65.25337407690348,,,,,,,,,1,1,1,2024,10,9,29.0
2024-10-09,T25_N2P1K2,215.0,56.4,22.0,4.0,0.689,70.0,5.3,3600.0,120.0,51.0,720.0,10.86,6.5,59.0,23.0,3.0,21.0,0.28,70.0280112044818,6.31,0.0,26.8,25.9,70.6,Si,0.035,895.0,2,1,2,2024,10,9,25.0
2024-10-09,T25_N2P1K2,,,,4.0,0.739,70.2,,,,,,,,,,,,,7.48026483320601,,,,,,,,,2,1,2,2024,10,9,25.0
2024-10-09,T25_N2P1K2,,,,3.0,0.555,70.5,,,,,,,,,,,,,70.0280112044818,,,,,,,,,2,1,2,2024,10,9,25.0
2024-10-09,T19_N2P0K0,,,,3.0,0.435,70.0,,,,,,,,,,,,,76.39419404125286,,,,,,,,,2,0,0,2024,10,9,19.0
2024-10-09,T19_N2P0K0,,,,1.0,0.151,70.6,,,,,,,,,,,,,73.84772090654444,,,,,,,,,2,0,0,2024,10,9,19.0
2024-10-09,T19_N2P0K0,213.0,58.0,32.0,3.0,0.463,70.2,5.4,3100.0,170.0,42.0,280.0,9.62,7.3,44.0,14.0,3.0,42.0,0.188,75.12095747389866,,,,,,,,,2,0,0,2024,10,9,19.0
2024-10-09,T2_N0P1K0,,,,3.0,0.318,70.2,,,,,,,,,,,,,70.0280112044818,,,,,,,,,0,1,0,2024,10,9,2.0
2024-10-09,T2_N0P1K0,,,,0.0,0.0,0.0,,,,,,,,,,,,,0.0,,,,,,,,,0,1,0,2024,10,9,2.0
2024-10-09,T2_N0P1K0,209.0,49.6,31.0,4.0,0.473,60.5,5.4,3500.0,150.0,46.0,560.0,10.29,6.8,98.0,57.0,9.0,90.0,0.511,60.89253883371531,6.65,26.4,26.7,25.0,73.0,Si,0.123,238.0,0,1,0,2024,10,9,2.0
2024-10-09,T6_N0P1K1,,,,0.0,0.0,0.0,,,,,,,,,,,,,0.0,,,,,,,,,0,1,1,2024,10,9,6.0
2024-10-09,T6_N0P1K1,,,,4.0,0.477,70.3,,,,,,,,,,,,,64.61675579322639,,,,,,,,,0,1,1,2024,10,9,6.0
2024-10-09,T6_N0P1K1,236.0,54.6,26.0,4.0,0.566,70.0,5.5,3700.0,88.0,59.0,2400.0,11.45,6.4,180.0,130.0,9.0,130.0,1.024,64.93506493506493,6.79,22.3,23.2,24.5,71.0,Si,0.072,267.0,0,1,1,2024,10,9,6.0
2024-10-09,T17_N1P2K1,,,,4.0,0.71,70.5,,,,,,,,,,,,,70.6646294881589,,,,,,,,,1,2,1,2024,10,9,17.0
2024-10-09,T17_N1P2K1,,,,3.0,0.514,70.6,,,,,,,,,,,,,71.61955691367456,,,,,,,,,1,2,1,2024,10,9,17.0
2024-10-09,T17_N1P2K1,224.0,50.7,28.0,0.0,0.0,0.0,5.5,4100.0,65.0,46.0,620.0,10.83,7.4,160.0,50.0,13.0,120.0,0.697,0.0,6.79,26.7,23.2,24.6,71.5,Si,0.184,252.0,1,2,1,2024,10,9,17.0
2024-10-09,T11_N1P1K0,216.0,52.2,24.0,2.0,0.233,70.4,5.3,3200.0,160.0,40.0,440.0,9.78,6.9,70.0,14.0,5.0,43.0,0.279,57.29564553093965,6.57,0.0,26.4,27.5,60.0,Si,0.119,523.0,1,1,0,2024,10,9,11.0
2024-10-09,T11_N1P1K0,,,,2.0,0.18,60.5,,,,,,,,,,,,,58.88719124013242,,,,,,,,,1,1,0,2024,10,9,11.0
2024-10-09,T11_N1P1K0,,,,6.0,0.576,55.15,,,,,,,,,,,,,55.70409982174688,,,,,,,,,1,1,0,2024,10,9,11.0
2024-10-09,T8_N0P2K1,235.0,58.7,36.0,4.0,0.652,70.7,5.3,3700.0,100.0,45.0,1500.0,11.13,7.3,53.0,40.0,5.0,51.0,0.284,70.0280112044818,6.63,0.0,26.8,27.9,59.9,Si,0.165,297.0,0,2,1,2024,10,9,8.0
2024-10-09,T8_N0P2K1,,,,0.0,0.0,0.0,,,,,,,,,,,,,0.0,,,,,,,,,0,2,1,2024,10,9,8.0
2024-10-09,T8_N0P2K1,,,,4.0,0.591,70.5,,,,,,,,,,,,,70.6646294881589,,,,,,,,,0,2,1,2024,10,9,8.0
2024-10-09,T9_N0P2K2,,,,3.0,0.396,70.5,,,,,,,,,,,,,71.61955691367456,6.67,0.0,27.2,27.9,64.2,Si,0.116,431.0,0,2,2,2024,10,9,9.0
2024-10-09,T9_N0P2K2,,,,4.0,0.717,70.0,,,,,,,,,,,,,74.8026483320601,,,,,,,,,0,2,2,2024,10,9,9.0
2024-10-09,T9_N0P2K2,,,,1.0,0.24,70.7,,,,,,,,,,,,,78.62235803412274,,,,,,,,,0,2,2,2024,10,9,9.0
2024-10-09,T13_N1P0K1,,,,0.0,0.0,0.0,,,,,,,,,,,,,0.0,6.73,0.0,26.8,26.8,70.3,Si,0.193,895.0,1,0,1,2024,10,9,13.0
2024-10-09,T13_N1P0K1,,,,5.0,0.693,60.5,,,,,,,,,,,,,34.29781003310415,,,,,,,,,1,0,1,2024,10,9,13.0
2024-10-09,T13_N1P0K1,,,,2.0,0.235,60.2,,,,,,,,,,,,,60.47873694932519,,,,,,,,,1,0,1,2024,10,9,13.0
2024-10-09,T26_N2P2K1,,,,1.0,0.251,60.9,,,,,,,,,,,,,79.5772854596384,,,,,,,,,2,2,1,2024,10,9,26.0
2024-10-09,T26_N2P2K1,,,,4.0,0.564,70.4,,,,,,,,,,,,,71.61955691367456,,,,,,,,,2,2,1,2024,10,9,26.0
2024-10-09,T26_N2P2K1,,,,3.0,0.361,70.5,,,,,,,,,,,,,64.61675579322639,6.64,0.0,26.8,27.4,70.9,Si,0.147,792.0,2,2,1,2024,10,9,26.0
2024-10-09,T16_N1P1K2,,,,0.0,0.0,0.0,,,,,,,,,,,,,0.0,,,,,,,,,1,1,2,2024,10,9,16.0
2024-10-09,T16_N1P1K2,,,,2.0,0.365,70.5,,,,,,,,,,,,,73.21110262286733,,,,,,,,,1,1,2,2024,10,9,16.0
2024-10-09,T16_N1P1K2,,,,1.0,0.172,70.6,,,,,,,,,,,,,74.8026483320601,6.64,0.0,27.2,27.9,60.1,Si,0.135,507.0,1,1,2,2024,10,9,16.0
2024-10-09,T10_N1P0K0,,,,1.0,0.196,80.0,,,,,,,,,,,,,73.21110262286733,,,,,,,,,1,0,0,2024,10,9,10.0
2024-10-09,T10_N1P0K0,,,,2.0,0.383,70.0,,,,,,,,,,,,,71.61955691367456,6.72,0.0,26.4,27.6,57.3,Si,0.105,889.0,1,0,0,2024,10,9,10.0
2024-10-09,T22_N2P0K1,,,,0.0,0.0,0.0,,,,,,,,,,,,,0.0,,,,,,,,,2,0,1,2024,10,9,22.0
2024-10-09,T22_N2P0K1,,,,0.0,0.0,0.0,,,,,,,,,,,,,0.0,,,,,,,,,2,0,1,2024,10,9,22.0
2024-10-09,T22_N2P0K1,,,,2.0,0.205,70.2,,,,,,,,,,,,,70.0280112044818,,,,,,,,,2,0,1,2024,10,9,22.0
2024-10-09,T12_N1P2K0,,,,4.0,0.328,60.5,,,,,,,,,,,,,62.070282658517954,,,,,,,,,1,2,0,2024,10,9,12.0
2024-10-09,T12_N1P2K0,,,,1.0,0.127,60.7,,,,,,,,,,,,,58.88719124013242,,,,,,,,,1,2,0,2024,10,9,12.0
2024-10-09,T12_N1P2K0,,,,2.0,0.325,70.5,,,,,,,,,,,,,65.25337407690348,,,,,,,,,1,2,0,2024,10,9,12.0
2024-10-09,T28_BIO-N0P0K0,,,,1.0,0.023,50.4,,,,,,,,,,,,,54.11255411255412,,,,,,,,,0,0,0,2024,10,9,28.0
2024-10-09,T28_BIO-N0P0K0,,,,0.0,0.0,0.0,,,,,,,,,,,,,0.0,,,,,,,,,0,0,0,2024,10,9,28.0
2024-10-09,T28_BIO-N0P0K0,,,,1.0,0.046,70.6,,,,,,,,,,,,,63.66182836771072,,,,,,,,,0,0,0,2024,10,9,28.0
2024-10-09,T1_N0P0K0,,,,3.0,0.34,70.0,,,,,,,,,,,,,68.43646549528903,,,,,,,,,0,0,0,2024,10,9,1.0
2024-10-09,T1_N0P0K0,,,,4.0,0.437,70.6,,,,,,,,,,,,,68.75477463712758,,,,,,,,,0,0,0,2024,10,9,1.0
2024-10-09,T14_N1P0K2,,,,0.0,0.0,0.0,,,,,,,,,,,,,0.0,,,,,,,,,1,0,2,2024,10,9,14.0
2024-10-09,T14_N1P0K2,,,,3.0,0.582,70.6,,,,,,,,,,,,,76.39419404125286,,,,,,,,,1,0,2,2024,10,9,14.0
2024-10-09,T14_N1P0K2,,,,0.0,0.0,0.0,,,,,,,,,,,,,0.0,,,,,,,,,1,0,2,2024,10,9,14.0
2024-10-09,T5_N0P0K2,,,,1.0,0.136,70.0,,,,,,,,,,,,,59.84211866564808,,,,,,,,,0,0,2,2024,10,9,5.0
2024-10-09,T5_N0P0K2,,,,2.0,0.287,60.5,,,,,,,,,,,,,66.84491978609626,,,,,,,,,0,0,2,2024,10,9,5.0
2024-10-09,T5_N0P0K2,,,,3.0,0.383,60.7,,,,,,,,,,,,,68.43646549528903,,,,,,,,,0,0,2,2024,10,9,5.0
2024-10-09,T30_BIO N2P2K2,,,,3.0,0.419,70.0,,,,,,,,,,,,,66.84491978609626,,,,,,,,,2,2,2,2024,10,9,30.0
2024-10-09,T30_BIO N2P2K2,,,,3.0,0.4,60.7,,,,,,,,,,,,,70.0280112044818,,,,,,,,,2,2,2,2024,10,9,30.0
2024-10-09,T30_BIO N2P2K2,,,,4.0,0.42,70.5,,,,,,,,,,,,,76.39419404125286,,,,,,,,,2,2,2,2024,10,9,30.0
2024-10-09,T3_N0P2K0,,,,1.0,0.17,80.0,,,,,,,,,,,,,85.94346829640948,,,,,,,,,0,2,0,2024,10,9,3.0
2024-10-09,T3_N0P2K0,,,,2.0,0.254,70.1,,,,,,,,,,,,,72.57448433919022,,,,,,,,,0,2,0,2024,10,9,3.0
2024-10-09,T3_N0P2K0,,,,1.0,0.128,60.9,,,,,,,,,,,,,61.7519735166794,,,,,,,,,0,2,0,2024,10,9,3.0
2024-10-09,T7_N0P1K2,,,,3.0,0.354,70.5,,,,,,,,,,,,,70.0280112044818,,,,,,,,,0,1,2,2024,10,9,7.0
2024-10-09,T7_N0P1K2,,,,3.0,0.351,70.0,,,,,,,,,,,,,74.8026483320601,,,,,,,,,0,1,2,2024,10,9,7.0
2024-10-09,T7_N0P1K2,,,,0.0,0.0,0.0,,,,,,,,,,,,,0.0,,,,,,,,,0,1,2,2024,10,9,7.0
2024-10-09,T21_N2P2K0,,,,3.0,0.494,70.3,,,,,,,,,,,,,7.48026483320601,,,,,,,,,2,2,0,2024,10,9,21.0
2024-10-09,T21_N2P2K0,,,,0.0,0.0,0.0,,,,,,,,,,,,,0.0,,,,,,,,,2,2,0,2024,10,9,21.0
2024-10-09,T21_N2P2K0,,,,2.0,0.387,70.5,,,,,,,,,,,,,70.0280112044818,,,,,,,,,2,2,0,2024,10,9,21.0
2024-10-09,T23_N2P0K2,,,,3.0,0.33,70.6,,,,,,,,,,,,,73.21110262286733,,,,,,,,,2,0,2,2024,10,9,23.0
2024-10-09,T23_N2P0K2,,,,1.0,0.172,70.2,,,,,,,,,,,,,71.301247771836,,,,,,,,,2,0,2,2024,10,9,23.0
2024-10-09,T23_N2P0K2,,,,0.0,0.0,0.0,,,,,,,,,,,,,0.0,,,,,,,,,2,0,2,2024,10,9,23.0
2024-10-09,T20_N2P1K0,,,,2.0,0.395,70.4,,,,,,,,,,,,,68.43646549528903,,,,,,,,,2,1,0,2024,10,9,20.0
2024-10-09,T20_N2P1K0,,,,3.0,0.55,70.6,,,,,,,,,,,,,68.75477463712758,,,,,,,,,2,1,0,2024,10,9,20.0
2024-10-09,T20_N2P1K0,,,,2.0,0.328,70.5,,,,,,,,,,,,,65.25337407690348,,,,,,,,,2,1,0,2024,10,9,20.0
2024-10-09,T18_N1P2K2,,,,3.0,0.28,70.1,,,,,,,,,,,,,77.03081232492997,,,,,,,,,1,2,2,2024,10,9,18.0
2024-10-09,T18_N1P2K2,,,,2.0,0.432,70.4,,,,,,,,,,,,,77.98573975044563,,,,,,,,,1,2,2,2024,10,9,18.0
2024-10-09,T18_N1P2K2,,,,5.0,0.603,70.5,,,,,,,,,,,,,67.48153806977336,,,,,,,,,1,2,2,2024,10,9,18.0
2024-10-09,T6_N0P1K1,,,,1.0,0.085,70.1,,,,,,,,,,,,,69.07308377896614,,,,,,,,,0,1,1,2024,10,9,6.0
2024-10-09,T6_N0P1K1,,,,4.0,0.52,70.7,,,,,,,,,,,,,73.21110262286733,,,,,,,,,0,1,1,2024,10,9,6.0
2024-10-09,T6_N0P1K1,,,,3.0,0.286,70.2,,,,,,,,,,,,,68.43646549528903,,,,,,,,,0,1,1,2024,10,9,6.0
2024-10-09,T17_N1P2K1,,,,3.0,0.368,70.1,,,,,,,,,,,,,73.21110262286733,,,,,,,,,1,2,1,2024,10,9,17.0
2024-10-09,T17_N1P2K1,,,,4.0,0.401,70.1,,,,,,,,,,,,,66.84491978609626,,,,,,,,,1,2,1,2024,10,9,17.0
2024-10-09,T17_N1P2K1,,,,1.0,0.199,70.4,,,,,,,,,,,,,74.48433919022155,,,,,,,,,1,2,1,2024,10,9,17.0
2024-10-09,T25_N2P1K2,,,,2.0,0.163,70.7,,,,,,,,,,,,,6.684491978609626,,,,,,,,,2,1,2,2024,10,9,25.0
2024-10-09,T25_N2P1K2,,,,2.0,0.47,70.0,,,,,,,,,,,,,70.6646294881589,,,,,,,,,2,1,2,2024,10,9,25.0
2024-10-09,T25_N2P1K2,,,,3.0,0.545,70.9,,,,,,,,,,,,,74.8026483320601,,,,,,,,,2,1,2,2024,10,9,25.0
2024-10-09,T29_BIO N1P1K1,,,,0.0,0.0,0.0,,,,,,,,,,,,,0.0,,,,,,,,,1,1,1,2024,10,9,29.0
2024-10-09,T29_BIO N1P1K1,,,,2.0,0.395,70.3,,,,,,,,,,,,,70.0280112044818,,,,,,,,,1,1,1,2024,10,9,29.0
2024-10-09,T29_BIO N1P1K1,,,,3.0,0.47,70.0,,,,,,,,,,,,,66.20830150241915,,,,,,,,,1,1,1,2024,10,9,29.0
2024-10-09,T2_N0P1K0,,,,3.0,0.622,70.6,,,,,,,,,,,,,71.61955691367456,,,,,,,,,0,1,0,2024,10,9,2.0
2024-10-09,T2_N0P1K0,,,,3.0,0.54,70.0,,,,,,,,,,,,,73.21110262286733,,,,,,,,,0,1,0,2024,10,9,2.0
2024-10-09,T2_N0P1K0,,,,1.0,0.218,70.3,,,,,,,,,,,,,76.39419404125286,,,,,,,,,0,1,0,2024,10,9,2.0
2024-10-09,T19_N2P0K0,,,,1.0,0.261,70.3,,,,,,,,,,,,,82.76037687802393,,,,,,,,,2,0,0,2024,10,9,19.0
2024-10-09,T19_N2P0K0,,,,0.0,0.0,0.0,,,,,,,,,,,,,0.0,,,,,,,,,2,0,0,2024,10,9,19.0
2024-10-09,T19_N2P0K0,,,,2.0,0.622,70.0,,,,,,,,,,,,,63.66182836771072,,,,,,,,,2,0,0,2024,10,9,19.0
2024-10-09,T8_N0P2K1,,,,2.0,0.223,60.0,,,,,,,,,,,,,60.47873694932519,,,,,,,,,0,2,1,2024,10,9,8.0
2024-10-09,T8_N0P2K1,,,,1.0,0.208,60.8,,,,,,,,,,,,,78.9406671759613,,,,,,,,,0,2,1,2024,10,9,8.0
2024-10-09,T8_N0P2K1,,,,0.0,0.0,0.0,,,,,,,,,,,,,0.0,,,,,,,,,0,2,1,2024,10,9,8.0
2024-10-09,T15_N1P1K1,,,,4.0,0.664,70.0,,,,,,,,,,,,,71.61955691367456,,,,,,,,,1,1,1,2024,10,9,15.0
2024-10-09,T15_N1P1K1,,,,2.0,0.403,70.3,,,,,,,,,,,,,71.61955691367456,,,,,,,,,1,1,1,2024,10,9,15.0
2024-10-09,T15_N1P1K1,,,,3.0,0.663,70.4,,,,,,,,,,,,,74.8026483320601,,,,,,,,,1,1,1,2024,10,9,15.0
2024-10-09,T24_N2P1K1,,,,4.0,0.803,70.3,,,,,,,,,,,,,75.28011204481793,,,,,,,,,2,1,1,2024,10,9,24.0
2024-10-09,T24_N2P1K1,,,,2.0,0.511,70.5,,,,,,,,,,,,,81.16883116883118,,,,,,,,,2,1,1,2024,10,9,24.0
2024-10-09,T24_N2P1K1,,,,2.0,0.371,70.2,,,,,,,,,,,,,73.21110262286733,,,,,,,,,2,1,1,2024,10,9,24.0
2024-10-09,T11_N1P1K0,,,,0.0,0.0,0.0,,,,,,,,,,,,,0.0,,,,,,,,,1,1,0,2024,10,9,11.0
2024-10-09,T11_N1P1K0,,,,2.0,0.515,70.5,,,,,,,,,,,,,82.76037687802393,,,,,,,,,1,1,0,2024,10,9,11.0
2024-10-09,T11_N1P1K0,,,,0.0,0.0,0.0,,,,,,,,,,,,,0.0,,,,,,,,,1,1,0,2024,10,9,11.0
2024-10-09,T27_N2P2K2,,,,2.0,0.462,80.1,,,,,,,,,,,,,74.8026483320601,,,,,,,,,2,2,2,2024,10,9,27.0
2024-10-09,T27_N2P2K2,,,,2.0,0.374,60.7,,,,,,,,,,,,,70.0280112044818,,,,,,,,,2,2,2,2024,10,9,27.0
2024-10-09,T27_N2P2K2,,,,4.0,0.66,70.5,,,,,,,,,,,,,66.84491978609626,,,,,,,,,2,2,2,2024,10,9,27.0
2024-10-09,T4_N0P0K1,,,,3.0,0.537,70.2,,,,,,,,,,,,,71.61955691367456,,,,,,,,,0,0,1,2024,10,9,4.0
2024-10-09,T4_N0P0K1,,,,1.0,0.204,70.5,,,,,,,,,,,,,71.61955691367456,,,,,,,,,0,0,1,2024,10,9,4.0
2024-10-09,T4_N0P0K1,,,,3.0,0.603,70.7,,,,,,,,,,,,,76.39419404125286,,,,,,,,,0,0,1,2024,10,9,4.0
2024-10-16,T27_N2P2K2,,,,4.0,0.511,60.4,,,,,,,,,,,,,58.88719124013242,,,,,,,,,2,2,2,2024,10,16,27.0
2024-10-16,T27_N2P2K2,,,,6.0,0.813,60.9,,,,,,,,,,,,,71.61955691367456,,,,,,,,,2,2,2,2024,10,16,27.0
2024-10-16,T27_N2P2K2,,,,5.0,0.589,60.8,,,,,,,,,,,,,62.070282658517954,6.3,24.3,25.3,26.2,67.8,Si,0.15,239.0,2,2,2,2024,10,16,27.0
2024-10-16,T24_N2P1K1,,,,4.0,0.528,60.8,,,,,,,,,,,,,70.0280112044818,,,,,,,,,2,1,1,2024,10,16,24.0
2024-10-16,T24_N2P1K1,,,,5.0,0.637,60.9,,,,,,,,,,,,,65.25337407690348,,,,,,,,,2,1,1,2024,10,16,24.0
2024-10-16,T24_N2P1K1,,,,2.0,0.318,70.8,,,,,,,,,,,,,71.61955691367456,6.54,22.9,26.1,26.4,67.6,Si,0.114,247.0,2,1,1,2024,10,16,24.0
2024-10-16,T4_N0P0K1,,,,7.0,0.634,64.95,,,,,,,,,,,,,57.29564553093965,,,,,,,,,0,0,1,2024,10,16,4.0
2024-10-16,T4_N0P0K1,,,,0.0,0.0,0.0,,,,,,,,,,,,,0.0,,,,,,,,,0,0,1,2024,10,16,4.0
2024-10-16,T4_N0P0K1,,,,7.0,0.936,70.4,,,,,,,,,,,,,70.0280112044818,6.46,26.6,25.7,26.3,64.8,Si,0.112,244.0,0,0,1,2024,10,16,4.0
2024-10-16,T15_N1P1K1,,,,4.0,0.329,60.0,,,,,,,,,,,,,55.70409982174688,,,,,,,,,1,1,1,2024,10,16,15.0
2024-10-16,T15_N1P1K1,,,,4.0,0.453,68.0,,,,,,,,,,,,,62.070282658517954,,,,,,,,,1,1,1,2024,10,16,15.0
2024-10-16,T15_N1P1K1,,64.6,27.0,6.0,0.794,63.0,,,,,,,5.6,6.0,21.0,1.0,23.0,0.099,63.66182836771072,6.43,21.6,26.9,26.6,69.9,Si,0.136,800.0,1,1,1,2024,10,16,15.0
2024-10-16,T9_N0P2K2,,,,3.0,0.575,66.0,,,,,,,,,,,,,63.66182836771072,7.98,27.9,26.5,26.4,64.6,Si,0.063,161.0,0,2,2,2024,10,16,9.0
2024-10-16,T9_N0P2K2,,,,3.0,0.504,70.0,,,,,,,,,,,,,62.070282658517954,,,,,,,,,0,2,2,2024,10,16,9.0
2024-10-16,T9_N0P2K2,,,,3.0,0.52,70.1,,,,,,,,,,,,,68.43646549528903,,,,,,,,,0,2,2,2024,10,16,9.0
2024-10-16,T13_N1P0K1,,,,4.0,0.715,69.0,,,,,,,,,,,,,70.0280112044818,6.54,21.0,25.7,26.4,62.9,Si,0.106,206.0,1,0,1,2024,10,16,13.0
2024-10-16,T13_N1P0K1,,,,3.0,0.553,69.0,,,,,,,,,,,,,65.25337407690348,,,,,,,,,1,0,1,2024,10,16,13.0
2024-10-16,T13_N1P0K1,,,,5.0,0.914,68.0,,,,,,,,,,,,,63.66182836771072,,,,,,,,,1,0,1,2024,10,16,13.0
2024-10-16,T22_N2P0K1,,,,2.0,0.248,60.4,,,,,,,,,,,,,57.29564553093965,6.8,29.0,26.5,26.3,66.8,Si,0.142,173.0,2,0,1,2024,10,16,22.0
2024-10-16,T22_N2P0K1,,,,3.0,0.58,70.7,,,,,,,,,,,,,71.61955691367456,,,,,,,,,2,0,1,2024,10,16,22.0
2024-10-16,T22_N2P0K1,,,,2.0,0.305,71.0,,,,,,,,,,,,,60.47873694932519,,,,,,,,,2,0,1,2024,10,16,22.0
2024-10-16,T10_N1P0K0,,,,0.0,0.0,0.0,,,,,,,,,,,,,0.0,6.39,27.9,26.1,26.2,66.8,Si,0.045,161.0,1,0,0,2024,10,16,10.0
2024-10-16,T10_N1P0K0,,,,3.0,0.626,70.7,,,,,,,,,,,,,70.0280112044818,,,,,,,,,1,0,0,2024,10,16,10.0
2024-10-16,T10_N1P0K0,,,,3.0,0.611,70.2,,,,,,,,,,,,,70.98293862999745,,,,,,,,,1,0,0,2024,10,16,10.0
2024-10-16,T28_BIO-N0P0K0,,,,4.0,0.574,70.2,,,,,,,,,,,,,65.25337407690348,,,,,,,,,0,0,0,2024,10,16,28.0
2024-10-16,T28_BIO-N0P0K0,,,,4.0,0.715,70.2,,,,,,,,,,,,,73.21110262286733,,,,,,,,,0,0,0,2024,10,16,28.0
2024-10-16,T28_BIO-N0P0K0,,,,3.0,0.268,70.9,,,,,,,,,,,,,76.39419404125286,6.34,32.7,25.4,26.1,66.2,Si,0.101,254.0,0,0,0,2024,10,16,28.0
2024-10-16,T12_N1P2K0,,,,4.0,0.558,60.9,,,,,,,,,,,,,68.43646549528903,,,,,,,,,1,2,0,2024,10,16,12.0
2024-10-16,T12_N1P2K0,,,,0.0,0.0,0.0,,,,,,,,,,,,,0.0,,,,,,,,,1,2,0,2024,10,16,12.0
2024-10-16,T12_N1P2K0,,,,2.0,0.341,60.8,,,,,,,,,,,,,66.84491978609626,6.32,34.3,25.8,26.1,68.9,Si,0.062,235.0,1,2,0,2024,10,16,12.0
2024-10-16,T26_N2P2K1,,,,4.0,0.496,60.2,,,,,,,,,,,,,55.70409982174688,,,,,,,,,2,2,1,2024,10,16,26.0
2024-10-16,T26_N2P2K1,,,,2.0,0.191,70.2,,,,,,,,,,,,,50.92946269416858,,,,,,,,,2,2,1,2024,10,16,26.0
2024-10-16,T26_N2P2K1,,,,4.0,0.661,70.4,,,,,,,,,,,,,71.61955691367456,6.45,32.7,26.2,26.4,64.3,Si,0.217,139.0,2,2,1,2024,10,16,26.0
2024-10-16,T16_N1P1K2,,,,1.0,0.068,60.3,,,,,,,,,,,,,52.52100840336134,,,,,,,,,1,1,2,2024,10,16,16.0
2024-10-16,T16_N1P1K2,,,,1.0,0.182,70.0,,,,,,,,,,,,,65.25337407690348,,,,,,,,,1,1,2,2024,10,16,16.0
2024-10-16,T16_N1P1K2,,,,3.0,0.434,60.8,,,,,,,,,,,,,65.25337407690348,6.41,24.4,26.2,26.4,61.5,Si,0.099,135.0,1,1,2,2024,10,16,16.0
2024-10-16,T1_N0P0K0,,,,0.0,0.0,0.0,,,,,,,,,,,,,0.0,6.39,26.4,26.2,26.7,64.3,Si,0.051,151.0,0,0,0,2024,10,16,1.0
2024-10-16,T1_N0P0K0,,,,1.0,0.13,60.8,,,,,,,,,,,,,62.070282658517954,,,,,,,,,0,0,0,2024,10,16,1.0
2024-10-16,T1_N0P0K0,,,,3.0,0.48,60.45,,,,,,,,,,,,,66.84491978609626,,,,,,,,,0,0,0,2024,10,16,1.0
2024-10-16,T14_N1P0K2,,,,2.0,0.383,60.9,,,,,,,,,,,,,71.61955691367456,6.31,25.6,26.2,26.3,63.8,Si,0.346,166.0,1,0,2,2024,10,16,14.0
2024-10-16,T14_N1P0K2,,,,2.0,0.303,60.8,,,,,,,,,,,,,68.43646549528903,,,,,,,,,1,0,2,2024,10,16,14.0
2024-10-16,T14_N1P0K2,,,,1.0,0.189,70.2,,,,,,,,,,,,,70.0280112044818,,,,,,,,,1,0,2,2024,10,16,14.0
2024-10-16,T7_N0P1K2,,,,3.0,0.387,60.9,,,,,,,,,,,,,65.25337407690348,6.29,24.0,25.8,26.0,68.4,Si,0.074,243.0,0,1,2,2024,10,16,7.0
2024-10-16,T7_N0P1K2,,,,4.0,0.759,60.8,,,,,,,,,,,,,68.43646549528903,,,,,,,,,0,1,2,2024,10,16,7.0
2024-10-16,T7_N0P1K2,,,,1.0,0.243,70.3,,,,,,,,,,,,,76.39419404125286,,,,,,,,,0,1,2,2024,10,16,7.0
2024-10-16,T3_N0P2K0,,,,2.0,0.328,80.1,,,,,,,,,,,,,60.47873694932519,6.22,27.2,25.3,26.2,65.6,Si,0.084,277.0,0,2,0,2024,10,16,3.0
2024-10-16,T3_N0P2K0,,,,3.0,0.472,60.6,,,,,,,,,,,,,66.84491978609626,,,,,,,,,0,2,0,2024,10,16,3.0
2024-10-16,T3_N0P2K0,,,,3.0,0.627,70.2,,,,,,,,,,,,,77.98573975044563,,,,,,,,,0,2,0,2024,10,16,3.0
2024-10-16,T23_N2P0K2,,,,4.0,0.673,70.4,,,,,,,,,,,,,73.21110262286733,,,,,,,,,2,0,2,2024,10,16,23.0
2024-10-16,T23_N2P0K2,,,,2.0,0.355,70.8,,,,,,,,,,,,,68.43646549528903,,,,,,,,,2,0,2,2024,10,16,23.0
2024-10-16,T23_N2P0K2,,,,3.0,0.356,60.2,,,,,,,,,,,,,62.070282658517954,6.45,38.0,27.8,27.2,64.7,Si,0.107,783.0,2,0,2,2024,10,16,23.0
2024-10-16,T21_N2P2K0,,,,0.0,0.0,0.0,,,,,,,,,,,,,0.0,,,,,,,,,2,2,0,2024,10,16,21.0
2024-10-16,T21_N2P2K0,,,,0.0,0.0,0.0,,,,,,,,,,,,,0.0,,,,,,,,,2,2,0,2024,10,16,21.0
2024-10-16,T21_N2P2K0,,58.3,22.0,0.0,0.0,0.0,,,,,,,5.5,20.0,33.0,2.0,59.0,0.175,0.0,6.27,25.0,27.8,28.3,58.5,Si,0.06,176.0,2,2,0,2024,10,16,21.0
2024-10-16,T5_N0P0K2,,,,1.0,0.14,60.9,,,,,,,,,,,,,65.25337407690348,,,,,,,,,0,0,2,2024,10,16,5.0
2024-10-16,T5_N0P0K2,,,,0.0,0.0,0.0,,,,,,,,,,,,,0.0,,,,,,,,,0,0,2,2024,10,16,5.0
2024-10-16,T5_N0P0K2,,,,0.0,0.0,0.0,,,,,,,,,,,,,0.0,6.36,21.0,27.0,27.5,61.8,Si,0.262,174.0,0,0,2,2024,10,16,5.0
2024-10-16,T30_BIO N2P2K2,,,,2.0,0.29,60.8,,,,,,,,,,,,,63.66182836771072,,,,,,,,,2,2,2,2024,10,16,30.0
2024-10-16,T30_BIO N2P2K2,,,,2.0,0.258,60.2,,,,,,,,,,,,,63.66182836771072,,,,,,,,,2,2,2,2024,10,16,30.0
2024-10-16,T30_BIO N2P2K2,,,,2.0,0.324,60.7,,,,,,,,,,,,,66.84491978609626,6.32,27.7,26.6,27.2,60.3,Si,0.052,161.0,2,2,2,2024,10,16,30.0
2024-10-16,T20_N2P1K0,,,,0.0,0.0,0.0,,,,,,,,,,,,,0.0,6.45,20.3,26.2,26.9,65.0,Si,0.046,156.0,2,1,0,2024,10,16,20.0
2024-10-16,T20_N2P1K0,,,,5.0,0.786,70.5,,,,,,,,,,,,,73.21110262286733,,,,,,,,,2,1,0,2024,10,16,20.0
2024-10-16,T20_N2P1K0,,,,4.0,0.75,70.5,,,,,,,,,,,,,68.43646549528903,,,,,,,,,2,1,0,2024,10,16,20.0
2024-10-16,T18_N1P2K2,,,,3.0,0.437,60.9,,,,,,,,,,,,,68.43646549528903,6.58,29.4,27.4,27.8,59.9,Si,0.048,175.0,1,2,2,2024,10,16,18.0
2024-10-16,T18_N1P2K2,,,,3.0,0.303,64.0,,,,,,,,,,,,,60.47873694932519,,,,,,,,,1,2,2,2024,10,16,18.0
2024-10-16,T18_N1P2K2,,,,6.0,0.871,68.0,,,,,,,,,,,,,66.84491978609626,,,,,,,,,1,2,2,2024,10,16,18.0
2024-10-16,T29_BIO N1P1K1,,,,3.0,0.55,70.6,,,,,,,,,,,,,73.21110262286733,6.3,40.1,28.6,28.2,60.5,Si,0.08,267.0,1,1,1,2024,10,16,29.0
2024-10-16,T29_BIO N1P1K1,,,,4.0,0.46,60.9,,,,,,,,,,,,,58.88719124013242,,,,,,,,,1,1,1,2024,10,16,29.0
2024-10-16,T29_BIO N1P1K1,,,,3.0,0.542,70.5,,,,,,,,,,,,,70.0280112044818,,,,,,,,,1,1,1,2024,10,16,29.0
2024-10-16,T25_N2P1K2,,,,0.0,0.0,0.0,,,,,,,,,,,,,0.0,6.42,32.8,29.4,27.8,65.7,Si,0.185,828.0,2,1,2,2024,10,16,25.0
2024-10-16,T25_N2P1K2,,,,0.0,0.0,0.0,,,,,,,,,,,,,0.0,,,,,,,,,2,1,2,2024,10,16,25.0
2024-10-16,T25_N2P1K2,,,,2.0,0.349,60.6,,,,,,,,,,,,,73.21110262286733,,,,,,,,,2,1,2,2024,10,16,25.0
2024-10-16,T19_N2P0K0,,,,1.0,0.247,80.2,,,,,,,,,,,,,74.8026483320601,,,,,,,,,2,0,0,2024,10,16,19.0
2024-10-16,T19_N2P0K0,,,,3.0,0.32,50.7,,,,,,,,,,,,,52.52100840336134,,,,,,,,,2,0,0,2024,10,16,19.0
2024-10-16,T19_N2P0K0,,,,3.0,0.473,70.1,,,,,,,,,,,,,68.43646549528903,6.36,38.1,27.8,26.9,58.5,Si,0.151,244.0,2,0,0,2024,10,16,19.0
2024-10-16,T2_N0P1K0,,,,4.0,0.768,70.4,,,,,,,,,,,,,65.25337407690348,,,,,,,,,0,1,0,2024,10,16,2.0
2024-10-16,T2_N0P1K0,,,,1.0,0.2,70.6,,,,,,,,,,,,,71.61955691367456,,,,,,,,,0,1,0,2024,10,16,2.0
2024-10-16,T2_N0P1K0,,,,4.0,0.548,70.6,,,,,,,,,,,,,65.25337407690348,6.31,37.7,27.4,27.1,63.7,Si,0.168,243.0,0,1,0,2024,10,16,2.0
2024-10-16,T6_N0P1K1,,,,3.0,0.45,60.9,,,,,,,,,,,,,68.43646549528903,,,,,,,,,0,1,1,2024,10,16,6.0
2024-10-16,T6_N0P1K1,,,,4.0,0.572,70.1,,,,,,,,,,,,,65.25337407690348,,,,,,,,,0,1,1,2024,10,16,6.0
2024-10-16,T6_N0P1K1,,,,2.0,0.276,60.9,,,,,,,,,,,,,63.66182836771072,6.43,26.8,25.8,26.4,66.2,Si,0.212,613.0,0,1,1,2024,10,16,6.0
2024-10-16,T17_N1P2K1,,,,2.0,0.392,70.5,,,,,,,,,,,,,65.25337407690348,,,,,,,,,1,2,1,2024,10,16,17.0
2024-10-16,T17_N1P2K1,,,,3.0,0.612,70.25,,,,,,,,,,,,,68.43646549528903,,,,,,,,,1,2,1,2024,10,16,17.0
2024-10-16,T17_N1P2K1,,,,3.0,0.498,70.25,,,,,,,,,,,,,68.43646549528903,7.0,24.4,25.4,25.4,64.7,Si,0.082,152.0,1,2,1,2024,10,16,17.0
2024-10-16,T11_N1P1K0,,,,3.0,0.548,70.7,,,,,,,,,,,,,71.61955691367456,7.56,33.6,25.4,25.7,69.6,Si,0.07,534.0,1,1,0,2024,10,16,11.0
2024-10-16,T11_N1P1K0,,,,2.0,0.382,70.3,,,,,,,,,,,,,70.0280112044818,,,,,,,,,1,1,0,2024,10,16,11.0
2024-10-16,T11_N1P1K0,,,,0.0,0.0,0.0,,,,,,,,,,,,,0.0,,,,,,,,,1,1,0,2024,10,16,11.0
2024-10-16,T8_N0P2K1,,,,4.0,0.948,70.8,,,,,,,,,,,,,77.98573975044563,6.46,35.6,25.4,26.0,68.6,Si,0.087,717.0,0,2,1,2024,10,16,8.0
2024-10-16,T8_N0P2K1,,,,2.0,0.273,60.8,,,,,,,,,,,,,70.0280112044818,,,,,,,,,0,2,1,2024,10,16,8.0
2024-10-16,T8_N0P2K1,,,,6.0,1.014,70.6,,,,,,,,,,,,,70.0280112044818,,,,,,,,,0,2,1,2024,10,16,8.0
2024-10-16,T9_N0P2K2,,54.1,23.0,3.0,0.458,70.1,5.5,3600.0,120.0,66.0,640.0,11.5,7.3,15.0,7.0,10.0,41.0,0.121,65.25337407690348,7.22,31.0,26.9,27.0,64.1,Si,0.172,269.0,0,2,2,2024,10,16,9.0
2024-10-16,T9_N0P2K2,,,,2.0,0.277,60.7,,,,,,,,,,,,,60.47873694932519,,,,,,,,,0,2,2,2024,10,16,9.0
2024-10-16,T9_N0P2K2,,,,2.0,0.247,70.3,,,,,,,,,,,,,66.84491978609626,,,,,,,,,0,2,2,2024,10,16,9.0
2024-10-16,T13_N1P0K1,,56.8,28.0,3.0,0.523,70.9,5.5,3000.0,520.0,92.0,110.0,10.91,7.2,1.0,13.0,1.0,1.0,0.115,70.0280112044818,6.42,31.5,27.4,26.8,62.3,Si,0.18,356.0,1,0,1,2024,10,16,13.0
2024-10-16,T13_N1P0K1,,,,4.0,0.523,69.0,,,,,,,,,,,,,62.070282658517954,,,,,,,,,1,0,1,2024,10,16,13.0
2024-10-16,T13_N1P0K1,,,,4.0,0.599,70.15,,,,,,,,,,,,,71.61955691367456,,,,,,,,,1,0,1,2024,10,16,13.0
2024-10-16,T26_N2P2K1,,,,6.0,1.33,70.8,,,,,,,,,,,,,73.21110262286733,,,,,,,,,2,2,1,2024,10,16,26.0
2024-10-16,T26_N2P2K1,,,,4.0,0.687,70.1,,,,,,,,,,,,,70.0280112044818,,,,,,,,,2,2,1,2024,10,16,26.0
2024-10-16,T26_N2P2K1,,51.5,23.0,3.0,1.2,80.1,5.6,3700.0,120.0,50.0,260.0,11.0,7.4,5.0,17.0,1.0,1.0,0.108,70.0280112044818,6.4,33.8,25.4,25.6,63.1,Si,0.285,173.0,2,2,1,2024,10,16,26.0
2024-10-16,T16_N1P1K2,,,,4.0,0.764,70.1,,,,,,,,,,,,,71.61955691367456,,,,,,,,,1,1,2,2024,10,16,16.0
2024-10-16,T16_N1P1K2,,,,0.0,0.0,0.0,,,,,,,,,,,,,0.0,,,,,,,,,1,1,2,2024,10,16,16.0
2024-10-16,T16_N1P1K2,,51.9,38.0,4.0,0.763,70.7,5.6,3500.0,140.0,48.0,640.0,10.69,6.7,1.0,8.0,1.0,1.0,0.039,71.61955691367456,6.36,39.7,25.4,25.0,69.8,Si,0.153,417.0,1,1,2,2024,10,16,16.0
2024-10-16,T10_N1P0K0,,,,2.0,0.448,70.3,,,,,,,,,,,,,73.21110262286733,,,,,,,,,1,0,0,2024,10,16,10.0
2024-10-16,T10_N1P0K0,,,,5.0,1.147,80.3,,,,,,,,,,,,,71.61955691367456,,,,,,,,,1,0,0,2024,10,16,10.0
2024-10-16,T10_N1P0K0,,53.0,25.0,2.0,0.314,70.3,5.5,3000.0,610.0,50.0,330.0,12.0,7.0,10.0,31.0,3.0,18.0,0.185,65.25337407690348,6.47,28.1,25.4,25.2,70.7,Si,0.125,466.0,1,0,0,2024,10,16,10.0
2024-10-16,T22_N2P0K1,,,,4.0,0.666,70.5,,,,,,,,,,,,,68.43646549528903,,,,,,,,,2,0,1,2024,10,16,22.0
2024-10-16,T22_N2P0K1,,,,4.0,0.593,60.9,,,,,,,,,,,,,68.43646549528903,,,,,,,,,2,0,1,2024,10,16,22.0
2024-10-16,T22_N2P0K1,,60.8,28.0,5.0,0.742,70.2,5.6,3500.0,100.0,54.0,1000.0,10.46,7.4,1.0,10.0,1.0,10.0,0.05,68.43646549528903,6.43,34.9,25.8,25.6,65.6,Si,0.124,130.0,2,0,1,2024,10,16,22.0
2024-10-16,T12_N1P2K0,,57.4,25.0,5.0,0.898,70.1,5.5,3500.0,440.0,55.0,330.0,12.07,7.4,4.0,4.0,1.0,11.0,0.047,71.61955691367456,6.55,26.3,26.2,25.6,63.2,Si,0.09,147.0,1,2,0,2024,10,16,12.0
2024-10-16,T12_N1P2K0,,,,5.0,0.714,70.3,,,,,,,,,,,,,62.070282658517954,,,,,,,,,1,2,0,2024,10,16,12.0
2024-10-16,T12_N1P2K0,,,,3.0,0.682,70.9,,,,,,,,,,,,,76.39419404125286,,,,,,,,,1,2,0,2024,10,16,12.0
2024-10-16,T28_BIO-N0P0K0,,51.7,26.0,4.0,0.651,60.5,5.6,3400.0,230.0,54.0,240.0,11.98,7.3,6.0,6.0,1.0,11.0,0.058,6.207028265851795,6.33,43.4,25.8,25.6,69.1,Si,0.195,453.0,0,0,0,2024,10,16,28.0
2024-10-16,T28_BIO-N0P0K0,,,,6.0,0.991,60.8,,,,,,,,,,,,,71.61955691367456,,,,,,,,,0,0,0,2024,10,16,28.0
2024-10-16,T28_BIO-N0P0K0,,,,4.0,0.781,80.0,,,,,,,,,,,,,66.84491978609626,,,,,,,,,0,0,0,2024,10,16,28.0
2024-10-16,T1_N0P0K0,,56.5,28.0,5.0,0.875,70.9,5.5,3800.0,280.0,55.0,210.0,11.72,7.5,1.0,6.0,1.0,10.0,0.068,68.43646549528903,6.28,38.9,25.4,25.2,66.6,Si,0.132,166.0,0,0,0,2024,10,16,1.0
2024-10-16,T1_N0P0K0,,,,4.0,0.706,703.0,,,,,,,,,,,,,74.8026483320601,,,,,,,,,0,0,0,2024,10,16,1.0
2024-10-16,T1_N0P0K0,,,,4.0,0.866,70.9,,,,,,,,,,,,,77.98573975044563,,,,,,,,,0,0,0,2024,10,16,1.0
2024-10-16,T14_N1P0K2,,56.7,36.0,2.0,0.601,80.2,5.5,3700.0,410.0,57.0,340.0,12.62,7.2,9.0,4.0,1.0,12.0,0.061,77.98573975044563,6.36,36.9,25.8,25.8,65.8,Si,0.163,166.0,1,0,2,2024,10,16,14.0
2024-10-16,T14_N1P0K2,,,,2.0,0.405,60.7,,,,,,,,,,,,,77.98573975044563,,,,,,,,,1,0,2,2024,10,16,14.0
2024-10-16,T14_N1P0K2,,,,2.0,0.473,70.3,,,,,,,,,,,,,77.98573975044563,,,,,,,,,1,0,2,2024,10,16,14.0
2024-10-16,T5_N0P0K2,,,,2.0,0.364,70.7,,,,,,,,,,,,,76.39419404125286,,,,,,,,,0,0,2,2024,10,16,5.0
2024-10-16,T5_N0P0K2,,,,3.0,0.668,70.9,,,,,,,,,,,,,81.16883116883118,,,,,,,,,0,0,2,2024,10,16,5.0
2024-10-16,T5_N0P0K2,,55.5,21.0,0.0,0.0,0.0,5.4,3300.0,320.0,52.0,230.0,11.27,6.9,60.0,18.0,4.0,51.0,0.207,0.0,6.41,20.1,25.8,26.7,61.7,Si,0.06,305.0,0,0,2,2024,10,16,5.0
2024-10-16,T30_BIO N2P2K2,,,,1.0,0.129,60.7,,,,,,,,,,,,,60.47873694932519,,,,,,,,,2,2,2,2024,10,16,30.0
2024-10-16,T30_BIO N2P2K2,,,,2.0,0.308,70.0,,,,,,,,,,,,,68.43646549528903,,,,,,,,,2,2,2,2024,10,16,30.0
2024-10-16,T30_BIO N2P2K2,,58.6,24.0,2.0,0.426,70.5,5.3,3500.0,570.0,68.0,320.0,12.75,7.0,5.0,8.0,1.0,9.0,0.062,74.8026483320601,6.83,32.6,26.2,27.0,63.1,Si,0.274,345.0,2,2,2,2024,10,16,30.0
2024-10-16,T3_N0P2K0,,,,2.0,0.374,70.9,,,,,,,,,,,,,70.0280112044818,,,,,,,,,0,2,0,2024,10,16,3.0
2024-10-16,T3_N0P2K0,,,,1.0,0.127,60.2,,,,,,,,,,,,,62.070282658517954,,,,,,,,,0,2,0,2024,10,16,3.0
2024-10-16,T3_N0P2K0,,54.5,31.0,4.0,0.547,70.2,5.4,3500.0,370.0,56.0,220.0,11.25,7.2,6.0,12.0,1.0,14.0,0.07,70.0280112044818,7.53,23.8,25.8,26.1,68.1,Si,0.108,391.0,0,2,0,2024,10,16,3.0
2024-10-16,T7_N0P1K2,,,,0.0,0.0,0.0,,,,,,,,,,,,,0.0,,,,,,,,,0,1,2,2024,10,16,7.0
2024-10-16,T7_N0P1K2,,,,1.0,0.197,60.2,,,,,,,,,,,,,68.43646549528903,,,,,,,,,0,1,2,2024,10,16,7.0
2024-10-16,T7_N0P1K2,,52.3,18.0,3.0,0.362,60.4,5.2,3100.0,580.0,48.0,290.0,11.03,6.5,22.0,7.0,1.0,24.0,0.099,62.070282658517954,7.54,40.2,24.6,25.8,63.9,Si,0.148,455.0,0,1,2,2024,10,16,7.0
2024-10-16,T21_N2P2K0,,58.6,19.0,1.0,0.238,70.2,5.5,3500.0,190.0,58.0,230.0,10.79,7.3,8.0,13.0,2.0,12.0,0.072,73.21110262286733,7.48,29.1,24.2,25.7,63.9,Si,0.113,330.0,2,2,0,2024,10,16,21.0
2024-10-16,T21_N2P2K0,,,,2.0,0.556,60.8,,,,,,,,,,,,,89.12655971479501,,,,,,,,,2,2,0,2024,10,16,21.0
2024-10-16,T21_N2P2K0,,,,0.0,0.0,0.0,,,,,,,,,,,,,0.0,,,,,,,,,2,2,0,2024,10,16,21.0
2024-10-16,T23_N2P0K2,,54.9,28.0,0.0,0.0,0.0,5.4,3500.0,370.0,52.0,450.0,11.75,7.7,7.0,6.0,1.0,20.0,0.049,0.0,7.5,28.8,26.6,26.4,65.5,Si,0.157,476.0,2,0,2,2024,10,16,23.0
2024-10-16,T23_N2P0K2,,,,3.0,0.425,70.0,,,,,,,,,,,,,68.43646549528903,,,,,,,,,2,0,2,2024,10,16,23.0
2024-10-16,T23_N2P0K2,,,,1.0,0.113,60.8,,,,,,,,,,,,,70.0280112044818,,,,,,,,,2,0,2,2024,10,16,23.0
2024-10-16,T20_N2P1K0,,60.1,28.0,1.0,0.215,80.3,5.4,3400.0,260.0,54.0,210.0,10.14,7.2,4.0,11.0,1.0,11.0,0.043,71.61955691367456,7.52,38.2,26.6,26.9,61.5,Si,0.099,561.0,2,1,0,2024,10,16,20.0
2024-10-16,T20_N2P1K0,,,,0.0,0.0,0.0,,,,,,,,,,,,,0.0,,,,,,,,,2,1,0,2024,10,16,20.0
2024-10-16,T20_N2P1K0,,,,1.0,0.187,70.3,,,,,,,,,,,,,70.0280112044818,,,,,,,,,2,1,0,2024,10,16,20.0
2024-10-16,T18_N1P2K2,,57.6,27.0,0.0,0.0,0.0,5.5,3900.0,330.0,68.0,2200.0,13.97,7.4,36.0,4.0,2.0,32.0,0.12,0.0,7.59,19.7,25.4,26.3,59.7,Si,0.594,259.0,1,2,2,2024,10,16,18.0
2024-10-16,T18_N1P2K2,,,,1.0,0.271,70.5,,,,,,,,,,,,,82.76037687802393,,,,,,,,,1,2,2,2024,10,16,18.0
2024-10-16,T18_N1P2K2,,,,2.0,0.476,70.3,,,,,,,,,,,,,76.39419404125286,,,,,,,,,1,2,2,2024,10,16,18.0
2024-10-16,T6_N0P1K1,,,,2.0,0.364,70.7,,,,,,,,,,,,,68.43646549528903,,,,,,,,,0,1,1,2024,10,16,6.0
2024-10-16,T6_N0P1K1,,,,1.0,0.191,70.6,,,,,,,,,,,,,70.0280112044818,,,,,,,,,0,1,1,2024,10,16,6.0
2024-10-16,T6_N0P1K1,,53.2,27.0,3.0,0.379,60.1,5.4,3400.0,340.0,54.0,850.0,11.77,7.1,10.0,11.0,2.0,29.0,0.072,68.43646549528903,7.46,29.2,22.6,24.7,64.7,Si,0.173,359.0,0,1,1,2024,10,16,6.0
2024-10-16,T17_N1P2K1,,,,4.0,0.664,70.0,,,,,,,,,,,,,70.0280112044818,,,,,,,,,1,2,1,2024,10,16,17.0
2024-10-16,T17_N1P2K1,,,,2.0,0.296,60.7,,,,,,,,,,,,,63.66182836771072,,,,,,,,,1,2,1,2024,10,16,17.0
2024-10-16,T17_N1P2K1,,56.3,26.0,2.0,0.601,80.2,5.4,3700.0,360.0,65.0,460.0,11.96,6.4,34.0,16.0,4.0,47.0,0.165,84.3519225872167,7.52,22.2,23.0,24.8,69.6,Si,0.069,282.0,1,2,1,2024,10,16,17.0
2024-10-16,T25_N2P1K2,,,,3.0,0.551,70.3,,,,,,,,,,,,,71.61955691367456,,,,,,,,,2,1,2,2024,10,16,25.0
2024-10-16,T25_N2P1K2,,,,3.0,0.485,60.7,,,,,,,,,,,,,63.66182836771072,,,,,,,,,2,1,2,2024,10,16,25.0
2024-10-16,T25_N2P1K2,,55.4,24.0,2.0,0.444,70.9,5.5,3600.0,390.0,54.0,240.0,11.89,6.5,12.0,24.0,3.0,27.0,0.123,71.61955691367456,7.49,28.1,23.8,25.4,65.4,Si,0.093,336.0,2,1,2,2024,10,16,25.0
2024-10-16,T29_BIO N1P1K1,,,,1.0,0.244,70.6,,,,,,,,,,,,,77.98573975044563,,,,,,,,,1,1,1,2024,10,16,29.0
2024-10-16,T29_BIO N1P1K1,,,,2.0,0.266,60.9,,,,,,,,,,,,,62.070282658517954,,,,,,,,,1,1,1,2024,10,16,29.0
2024-10-16,T29_BIO N1P1K1,,58.1,30.0,5.0,0.99,80.2,5.2,3200.0,640.0,51.0,430.0,12.8,6.9,8.0,14.0,5.0,16.0,0.101,74.8026483320601,7.36,28.7,24.2,25.4,64.2,Si,0.092,240.0,1,1,1,2024,10,16,29.0
2024-10-16,T2_N0P1K0,,55.4,23.0,2.0,0.376,70.7,5.4,3600.0,230.0,60.0,300.0,10.22,6.8,5.0,21.0,1.0,17.0,0.084,76.39419404125286,7.44,29.1,24.2,25.3,63.8,Si,0.232,366.0,0,1,0,2024,10,16,2.0
2024-10-16,T2_N0P1K0,,,,2.0,0.358,65.5,,,,,,,,,,,,,72.41532976827095,,,,,,,,,0,1,0,2024,10,16,2.0
2024-10-16,T2_N0P1K0,,,,2.0,0.335,70.2,,,,,,,,,,,,,70.0280112044818,,,,,,,,,0,1,0,2024,10,16,2.0
2024-10-16,T19_N2P0K0,,61.7,25.0,0.0,0.0,0.0,5.4,3600.0,380.0,59.0,420.0,12.14,6.9,4.0,15.0,1.0,10.0,0.071,0.0,7.56,43.1,23.8,25.5,63.9,Si,0.093,362.0,2,0,0,2024,10,16,19.0
2024-10-16,T19_N2P0K0,,,,5.0,0.722,60.5,,,,,,,,,,,,,71.61955691367456,,,,,,,,,2,0,0,2024,10,16,19.0
2024-10-16,T19_N2P0K0,,,,3.0,0.406,70.3,,,,,,,,,,,,,65.25337407690348,,,,,,,,,2,0,0,2024,10,16,19.0
2024-10-16,T8_N0P2K1,,56.7,29.0,1.0,0.134,60.7,5.5,2800.0,210.0,62.0,310.0,10.8,7.4,6.0,7.0,1.0,11.0,0.053,62.070282658517954,7.51,38.6,23.4,25.0,64.2,Si,0.065,391.0,0,2,1,2024,10,16,8.0
2024-10-16,T8_N0P2K1,,,,3.0,0.613,70.5,,,,,,,,,,,,,74.8026483320601,,,,,,,,,0,2,1,2024,10,16,8.0
2024-10-16,T8_N0P2K1,,,,2.0,0.278,60.3,,,,,,,,,,,,,68.43646549528903,,,,,,,,,0,2,1,2024,10,16,8.0
2024-10-16,T15_N1P1K1,,57.3,18.0,0.0,0.0,0.0,5.3,2200.0,590.0,40.0,150.0,8.73,7.4,1.0,5.0,1.0,13.0,0.033,0.0,7.53,41.8,22.6,24.5,67.4,Si,0.168,376.0,1,1,1,2024,10,16,15.0
2024-10-16,T15_N1P1K1,,,,2.0,0.261,60.9,,,,,,,,,,,,,63.66182836771072,,,,,,,,,1,1,1,2024,10,16,15.0
2024-10-16,T15_N1P1K1,,,,0.0,0.0,0.0,,,,,,,,,,,,,0.0,,,,,,,,,1,1,1,2024,10,16,15.0
2024-10-16,T24_N2P1K1,,,,2.0,0.258,60.3,,,,,,,,,,,,,62.070282658517954,,,,,,,,,2,1,1,2024,10,16,24.0
2024-10-16,T24_N2P1K1,,,,1.0,0.164,70.2,,,,,,,,,,,,,66.84491978609626,,,,,,,,,2,1,1,2024,10,16,24.0
2024-10-16,T24_N2P1K1,,57.9,28.0,3.0,0.561,70.1,5.4,3600.0,170.0,51.0,910.0,10.77,7.0,24.0,28.0,2.0,14.0,0.194,70.0280112044818,7.52,23.6,22.6,24.3,66.4,Si,0.089,287.0,2,1,1,2024,10,16,24.0
2024-10-16,T11_N1P1K0,,,,4.0,0.68,70.3,,,,,,,,,,,,,68.43646549528903,,,,,,,,,1,1,0,2024,10,16,11.0
2024-10-16,T11_N1P1K0,,,,8.0,1.336,70.75,,,,,,,,,,,,,85.14769544181308,,,,,,,,,1,1,0,2024,10,16,11.0
2024-10-16,T11_N1P1K0,,51.9,18.0,4.0,0.488,65.0,5.4,3200.0,400.0,75.0,940.0,11.15,7.2,7.0,15.0,1.0,32.0,0.081,55.70409982174688,7.45,21.5,23.4,24.0,65.3,Si,0.164,286.0,1,1,0,2024,10,16,11.0
2024-10-16,T27_N2P2K2,,,,2.0,0.415,70.8,,,,,,,,,,,,,73.21110262286733,,,,,,,,,2,2,2,2024,10,16,27.0
2024-10-16,T27_N2P2K2,,,,3.0,0.325,65.5,,,,,,,,,,,,,67.64069264069265,,,,,,,,,2,2,2,2024,10,16,27.0
2024-10-16,T27_N2P2K2,,61.5,25.0,2.0,0.33,65.5,5.4,3600.0,110.0,54.0,770.0,10.63,5.8,4.0,34.0,2.0,8.0,0.107,66.84491978609626,7.39,25.6,23.4,23.9,67.3,Si,0.059,312.0,2,2,2,2024,10,16,27.0
2024-10-16,T4_N0P0K1,,,,1.0,0.12,70.2,,,,,,,,,,,,,58.88719124013242,,,,,,,,,0,0,1,2024,10,16,4.0
2024-10-16,T4_N0P0K1,,,,2.0,0.408,70.5,,,,,,,,,,,,,73.21110262286733,,,,,,,,,0,0,1,2024,10,16,4.0
2024-10-16,T4_N0P0K1,,56.6,24.0,3.0,0.546,65.5,5.5,3800.0,260.0,59.0,470.0,11.84,7.0,20.0,11.0,3.0,15.0,0.118,66.84491978609626,7.59,24.8,23.0,23.6,68.2,Si,0.03,263.0,0,0,1,2024,10,16,4.0
2024-10-23,T27_N2P2K2,,56.3,25.0,1.0,0.189,70.3,,4200.0,500.0,70.0,120.0,14.68,6.9,24.0,20.0,2.0,33.0,0.152,70.0280112044818,6.45,37.8,22.8,24.2,79.3,Si,0.154,175.0,2,2,2,2024,10,23,27.0
2024-10-23,T27_N2P2K2,,,,1.0,0.123,60.4,,,,,,,,,,,,,60.47873694932519,,,,,,,,,2,2,2,2024,10,23,27.0
2024-10-23,T27_N2P2K2,,,,3.0,0.724,70.5,,,,,,,,,,,,,68.43646549528903,,,,,,,,,2,2,2,2024,10,23,27.0
2024-10-23,T24_N2P1K1,,52.3,28.0,6.0,0.864,60.7,5.1,4600.0,350.0,64.0,340.0,13.78,6.3,52.0,15.0,2.0,36.0,0.225,66.84491978609626,7.7,23.1,23.2,24.3,78.6,Si,0.092,161.0,2,1,1,2024,10,23,24.0
2024-10-23,T24_N2P1K1,,,,2.0,0.223,60.4,,,,,,,,,,,,,57.29564553093965,,,,,,,,,2,1,1,2024,10,23,24.0
2024-10-23,T24_N2P1K1,,,,3.0,0.575,70.0,,,,,,,,,,,,,68.43646549528903,,,,,,,,,2,1,1,2024,10,23,24.0
2024-10-23,T4_N0P0K1,,,,0.0,0.0,0.0,,,,,,,,,14.0,,,,0.0,,,,,,,,,0,0,1,2024,10,23,4.0
2024-10-23,T4_N0P0K1,,,,3.0,0.486,70.1,,,,,,,,,,,,,65.25337407690348,,,,,,,,,0,0,1,2024,10,23,4.0
2024-10-23,T4_N0P0K1,,,,1.0,0.112,60.7,,,,,,,,,,,,,57.29564553093965,,,,,,,,,0,0,1,2024,10,23,4.0
2024-10-23,T15_N1P1K1,,55.3,27.0,1.0,0.08,50.8,5.4,4300.0,34.0,57.0,550.0,11.74,6.4,63.0,14.0,2.0,61.0,0.273,50.92946269416858,7.79,23.6,23.6,24.3,76.6,Si,0.213,136.0,1,1,1,2024,10,23,15.0
2024-10-23,T15_N1P1K1,,,,2.0,0.231,60.5,,,,,,,,,,,,,55.70409982174688,,,,,,,,,1,1,1,2024,10,23,15.0
2024-10-23,T15_N1P1K1,,59.6,26.0,1.0,0.172,70.8,,,,,,,6.4,16.0,9.0,1.0,22.0,0.094,66.84491978609626,7.77,44.7,23.6,24.2,76.3,Si,0.184,142.0,1,1,1,2024,10,23,15.0
2024-10-23,T9_N0P2K2,,,,2.0,0.179,50.8,,,,,,,,,,,,,63.66182836771072,,,,,,,,,0,2,2,2024,10,23,9.0
2024-10-23,T9_N0P2K2,,,,3.0,0.368,60.8,,,,,,,,,,,,,74.8026483320601,,,,,,,,,0,2,2,2024,10,23,9.0
2024-10-23,T9_N0P2K2,,64.5,29.0,3.0,0.615,70.5,5.3,4100.0,110.0,58.0,200.0,12.23,7.2,85.0,21.0,9.0,110.0,0.332,74.8026483320601,8.02,24.0,23.6,24.2,78.6,Si,0.126,149.0,0,2,2,2024,10,23,9.0
2024-10-23,T13_N1P0K1,,,,0.0,0.0,0.0,,,,,,,,,,,,,0.0,,,,,,,,,1,0,1,2024,10,23,13.0
2024-10-23,T13_N1P0K1,,,,4.0,0.545,70.6,,,,,,,,,,,,,62.070282658517954,,,,,,,,,1,0,1,2024,10,23,13.0
2024-10-23,T13_N1P0K1,,63.7,26.0,1.0,0.144,70.0,5.3,4500.0,240.0,62.0,250.0,12.92,7.6,17.0,7.0,1.0,42.0,0.082,70.0280112044818,6.62,34.2,22.8,24.1,80.1,Si,0.214,154.0,1,0,1,2024,10,23,13.0
2024-10-23,T22_N2P0K1,,,,6.0,0.779,70.3,,,,,,,,,,,,,66.84491978609626,,,,,,,,,2,0,1,2024,10,23,22.0
2024-10-23,T22_N2P0K1,,,,3.0,0.518,70.0,,,,,,,,,,,,,65.25337407690348,,,,,,,,,2,0,1,2024,10,23,22.0
2024-10-23,T22_N2P0K1,,56.0,22.0,3.0,0.329,60.4,5.2,4200.0,410.0,60.0,460.0,12.98,7.4,21.0,15.0,1.0,25.0,0.121,54.11255411255412,6.16,28.4,23.2,24.1,80.3,Si,0.199,159.0,2,0,1,2024,10,23,22.0
2024-10-23,T10_N1P0K0,,,,3.0,0.91,80.3,,,,,,,,,,,,,73.21110262286733,,,,,,,,,1,0,0,2024,10,23,10.0
2024-10-23,T10_N1P0K0,,,,5.0,0.777,70.0,,,,,,,,,,,,,70.0280112044818,,,,,,,,,1,0,0,2024,10,23,10.0
2024-10-23,T10_N1P0K0,,58.8,26.0,6.0,0.783,60.6,5.1,3900.0,440.0,48.0,310.0,12.39,7.1,18.0,19.0,1.0,33.0,0.131,63.66182836771072,8.02,26.0,23.6,24.3,74.4,Si,0.23,243.0,1,0,0,2024,10,23,10.0
2024-10-23,T28_BIO-N0P0K0,,52.6,26.0,2.0,0.473,70.7,5.3,4300.0,160.0,58.0,210.0,12.01,7.6,16.0,17.0,2.0,26.0,0.122,73.21110262286733,8.34,29.0,23.6,24.1,78.2,Si,0.314,168.0,0,0,0,2024,10,23,28.0
2024-10-23,T28_BIO-N0P0K0,,,,4.0,0.753,70.8,,,,,,,,,,,,,74.8026483320601,,,,,,,,,0,0,0,2024,10,23,28.0
2024-10-23,T28_BIO-N0P0K0,,,,2.0,0.35,70.3,,,,,,,,,,,,,66.84491978609626,,,,,,,,,0,0,0,2024,10,23,28.0
2024-10-23,T12_N1P2K0,,58.5,31.0,3.0,0.468,70.1,5.2,4600.0,420.0,76.0,300.0,14.44,7.3,72.0,35.0,4.0,95.0,0.391,70.0280112044818,6.79,18.9,23.2,24.0,78.6,Si,0.075,145.0,1,2,0,2024,10,23,12.0
2024-10-23,T12_N1P2K0,,,,0.0,0.0,0.0,,,,,,,,,,,,,0.0,,,,,,,,,1,2,0,2024,10,23,12.0
2024-10-23,T12_N1P2K0,,,,3.0,0.343,60.9,,,,,,,,,,,,,65.25337407690348,,,,,,,,,1,2,0,2024,10,23,12.0
2024-10-23,T26_N2P2K1,,49.1,26.0,3.0,0.421,60.9,5.1,4100.0,450.0,74.0,390.0,13.87,7.4,33.0,9.0,3.0,42.0,0.135,63.66182836771072,8.18,39.6,23.2,24.1,79.6,Si,0.175,140.0,2,2,1,2024,10,23,26.0
2024-10-23,T26_N2P2K1,,,,3.0,0.405,60.4,,,,,,,,,,,,,46.15482556659028,,,,,,,,,2,2,1,2024,10,23,26.0
2024-10-23,T26_N2P2K1,,,,1.0,0.169,70.7,,,,,,,,,,,,,66.84491978609626,,,,,,,,,2,2,1,2024,10,23,26.0
2024-10-23,T16_N1P1K2,,54.8,21.0,1.0,0.244,80.3,5.1,4800.0,350.0,74.0,390.0,14.69,7.5,29.0,16.0,3.0,41.0,0.159,73.21110262286733,7.91,35.2,23.3,24.0,78.4,Si,0.303,161.0,1,1,2,2024,10,23,16.0
2024-10-23,T16_N1P1K2,,,,4.0,0.481,60.8,,,,,,,,,,,,,54.11255411255412,,,,,,,,,1,1,2,2024,10,23,16.0
2024-10-23,T16_N1P1K2,,,,3.0,0.521,70.1,,,,,,,,,,,,,62.070282658517954,,,,,,,,,1,1,2,2024,10,23,16.0
2024-10-23,T1_N0P0K0,,,,1.0,0.078,60.0,,,,,,,,,,,,,50.92946269416858,,,,,,,,,0,0,0,2024,10,23,1.0
2024-10-23,T1_N0P0K0,,,,4.0,0.611,70.3,,,,,,,,,,,,,63.66182836771072,,,,,,,,,0,0,0,2024,10,23,1.0
2024-10-23,T1_N0P0K0,,46.0,32.0,2.0,0.253,70.2,5.3,4500.0,220.0,71.0,360.0,11.38,7.6,8.0,11.0,1.0,25.0,0.071,57.29564553093965,8.02,29.6,24.0,24.3,81.0,Si,0.205,199.0,0,0,0,2024,10,23,1.0
2024-10-23,T14_N1P0K2,,,,3.0,0.611,70.4,,,,,,,,,,,,,74.8026483320601,,,,,,,,,1,0,2,2024,10,23,14.0
2024-10-23,T14_N1P0K2,,,,3.0,0.473,70.6,,,,,,,,,,,,,63.66182836771072,,,,,,,,,1,0,2,2024,10,23,14.0
2024-10-23,T14_N1P0K2,,60.3,17.0,3.0,0.394,60.9,5.2,4400.0,280.0,74.0,580.0,10.94,6.6,88.0,49.0,7.0,100.0,0.451,62.070282658517954,8.05,23.7,23.6,24.2,78.0,Si,0.217,244.0,1,0,2,2024,10,23,14.0
2024-10-23,T7_N0P1K2,,,,0.0,0.786,60.3,,,,,,,,,,,,,74.8026483320601,,,,,,,,,0,1,2,2024,10,23,7.0
2024-10-23,T7_N0P1K2,,,,4.0,0.546,70.5,,,,,,,,,,,,,63.66182836771072,,,,,,,,,0,1,2,2024,10,23,7.0
2024-10-23,T7_N0P1K2,,59.9,21.0,2.0,0.331,70.3,,,,,,,6.8,41.0,13.0,2.0,43.0,0.158,66.84491978609626,7.22,21.7,23.6,24.2,76.9,Si,0.335,164.0,0,1,2,2024,10,23,7.0
2024-10-23,T3_N0P2K0,,,,0.0,0.0,0.0,,,,,,,,,,,,,0.0,,,,,,,,,0,2,0,2024,10,23,3.0
2024-10-23,T3_N0P2K0,,,,7.0,0.953,80.3,,,,,,,,,,,,,60.47873694932519,,,,,,,,,0,2,0,2024,10,23,3.0
2024-10-23,T3_N0P2K0,,56.8,25.0,3.0,0.455,60.8,5.2,3700.0,360.0,58.0,430.0,11.66,6.8,13.0,9.0,1.0,14.0,0.092,66.84491978609626,7.92,33.1,23.6,24.0,75.7,Si,0.269,245.0,0,2,0,2024,10,23,3.0
2024-10-23,T23_N2P0K2,,58.7,25.0,6.0,0.989,80.4,5.1,4200.0,450.0,63.0,480.0,14.56,6.2,71.0,15.0,3.0,49.0,0.289,68.43646549528903,7.88,39.3,23.6,24.0,77.1,Si,0.313,148.0,2,0,2,2024,10,23,23.0
2024-10-23,T23_N2P0K2,,,,7.0,0.81,70.3,,,,,,,,,,,,,66.84491978609626,,,,,,,,,2,0,2,2024,10,23,23.0
2024-10-23,T23_N2P0K2,,,,4.0,0.674,70.9,,,,,,,,,,,,,74.8026483320601,,,,,,,,,2,0,2,2024,10,23,23.0
2024-10-23,T21_N2P2K0,,61.8,26.0,1.0,0.092,60.1,5.1,4400.0,370.0,70.0,560.0,13.27,6.6,5.0,9.0,1.0,16.0,0.053,54.11255411255412,7.94,24.3,23.6,24.1,79.1,Si,0.139,164.0,2,2,0,2024,10,23,21.0
2024-10-23,T21_N2P2K0,,,,6.0,0.97,70.5,,,,,,,,,,,,,79.5772854596384,,,,,,,,,2,2,0,2024,10,23,21.0
2024-10-23,T21_N2P2K0,,56.0,17.0,4.0,0.518,60.9,,,,,,,6.6,19.0,9.0,4.0,54.0,0.123,63.66182836771072,6.54,36.9,23.6,24.2,80.0,Si,0.258,161.0,2,2,0,2024,10,23,21.0
2024-10-23,T5_N0P0K2,,58.9,29.0,3.0,0.69,70.9,5.3,4300.0,94.0,58.0,860.0,11.54,7.6,18.0,8.0,2.0,28.0,0.096,73.21110262286733,6.41,42.5,24.0,24.1,78.7,Si,0.292,214.0,0,0,2,2024,10,23,5.0
2024-10-23,T5_N0P0K2,,,,3.0,0.371,60.4,,,,,,,,,,,,,58.88719124013242,,,,,,,,,0,0,2,2024,10,23,5.0
2024-10-23,T5_N0P0K2,,,,1.0,0.211,80.0,,,,,,,,,,,,,71.61955691367456,,,,,,,,,0,0,2,2024,10,23,5.0
2024-10-23,T30_BIO N2P2K2,,61.1,19.0,4.0,0.409,60.8,5.1,5200.0,300.0,76.0,330.0,14.36,7.4,17.0,16.0,2.0,32.0,0.127,63.66182836771072,7.87,29.0,24.0,24.2,78.9,Si,0.187,199.0,2,2,2,2024,10,23,30.0
2024-10-23,T30_BIO N2P2K2,,,,5.0,0.622,60.9,,,,,,,,,,,,,65.25337407690348,,,,,,,,,2,2,2,2024,10,23,30.0
2024-10-23,T30_BIO N2P2K2,,,,2.0,0.274,70.0,,,,,,,,,,,,,63.66182836771072,,,,,,,,,2,2,2,2024,10,23,30.0
2024-10-23,T20_N2P1K0,,,,3.0,0.577,60.9,,,,,,,,,,,,,68.43646549528903,,,,,,,,,2,1,0,2024,10,23,20.0
2024-10-23,T20_N2P1K0,,,,2.0,0.2,60.4,,,,,,,,,,,,,58.88719124013242,,,,,,,,,2,1,0,2024,10,23,20.0
2024-10-23,T20_N2P1K0,,62.5,22.0,1.0,0.043,50.4,5.1,4100.0,410.0,70.0,240.0,11.94,7.2,16.0,17.0,2.0,39.0,0.138,46.15482556659028,7.93,29.4,23.6,24.5,78.6,Si,0.246,238.0,2,1,0,2024,10,23,20.0
2024-10-23,T18_N1P2K2,,,,2.0,0.217,60.7,,,,,,,,,,,,,62.070282658517954,,,,,,,,,1,2,2,2024,10,23,18.0
2024-10-23,T18_N1P2K2,,,,4.0,0.554,60.9,,,,,,,,,,,,,62.070282658517954,,,,,,,,,1,2,2,2024,10,23,18.0
2024-10-23,T18_N1P2K2,,62.5,18.0,2.0,0.153,60.7,5.3,4500.0,260.0,78.0,500.0,13.6,6.9,12.0,4.0,1.0,24.0,0.07,55.70409982174688,7.91,41.3,23.6,24.7,81.2,Si,0.226,214.0,1,2,2,2024,10,23,18.0
2024-10-23,T29_BIO N1P1K1,,,,10.0,1.543,70.1,,,,,,,,,,,,,74.8026483320601,,,,,,,,,1,1,1,2024,10,23,29.0
2024-10-23,T29_BIO N1P1K1,,,,2.0,0.401,70.3,,,,,,,,,,,,,70.0280112044818,,,,,,,,,1,1,1,2024,10,23,29.0
2024-10-23,T29_BIO N1P1K1,,62.5,21.0,4.0,0.407,70.3,5.1,4000.0,590.0,75.0,420.0,12.78,6.9,13.0,10.0,2.0,19.0,0.097,62.070282658517954,7.93,40.3,23.6,24.9,75.4,Si,0.195,214.0,1,1,1,2024,10,23,29.0
2024-10-23,T25_N2P1K2,,,,1.0,0.167,70.3,,,,,,,,,,,,,71.61955691367456,,,,,,,,,2,1,2,2024,10,23,25.0
2024-10-23,T25_N2P1K2,,,,3.0,0.436,60.1,,,,,,,,,,,,,62.070282658517954,,,,,,,,,2,1,2,2024,10,23,25.0
2024-10-23,T25_N2P1K2,,62.7,12.0,4.0,0.656,80.1,5.1,4000.0,510.0,71.0,260.0,12.94,6.5,110.0,46.0,5.0,64.0,0.524,71.61955691367456,7.99,30.8,24.4,25.6,70.8,Si,0.357,243.0,2,1,2,2024,10,23,25.0
2024-10-23,T19_N2P0K0,,55.5,31.0,9.0,1.408,70.8,5.1,3700.0,400.0,61.0,240.0,12.27,6.7,14.0,4.0,1.0,13.0,0.063,66.84491978609626,7.79,35.7,24.4,25.4,71.6,Si,0.154,237.0,2,0,0,2024,10,23,19.0
2024-10-23,T19_N2P0K0,,,,6.0,0.957,70.7,,,,,,,,,,,,,71.61955691367456,,,,,,,,,2,0,0,2024,10,23,19.0
2024-10-23,T19_N2P0K0,,,,11.0,1.418,70.4,,,,,,,,,,,,,71.61955691367456,,,,,,,,,2,0,0,2024,10,23,19.0
2024-10-23,T2_N0P1K0,,53.9,16.0,8.0,1.393,70.9,5.2,4000.0,280.0,71.0,520.0,11.84,6.7,6.0,1.0,1.0,15.0,0.046,71.61955691367456,7.8,40.4,23.6,25.1,76.7,Si,0.14,244.0,0,1,0,2024,10,23,2.0
2024-10-23,T2_N0P1K0,,,,7.0,0.358,70.4,,,,,,,,,,,,,66.84491978609626,,,,,,,,,0,1,0,2024,10,23,2.0
2024-10-23,T2_N0P1K0,,,,1.0,0.195,70.9,,,,,,,,,,,,,73.21110262286733,,,,,,,,,0,1,0,2024,10,23,2.0
2024-10-23,T6_N0P1K1,,55.8,29.0,3.0,0.276,60.3,5.3,4200.0,310.0,68.0,520.0,11.67,7.1,22.0,6.0,1.0,19.0,0.109,65.25337407690348,7.8,34.4,23.6,24.8,78.2,Si,0.138,235.0,0,1,1,2024,10,23,6.0
2024-10-23,T6_N0P1K1,,,,5.0,0.558,60.9,,,,,,,,,,,,,71.61955691367456,,,,,,,,,0,1,1,2024,10,23,6.0
2024-10-23,T6_N0P1K1,,,,5.0,0.439,70.1,,,,,,,,,,,,,70.0280112044818,,,,,,,,,0,1,1,2024,10,23,6.0
2024-10-23,T17_N1P2K1,,56.9,22.0,7.0,0.953,70.3,5.1,4000.0,410.0,49.0,330.0,12.32,6.5,71.0,28.0,6.0,74.0,0.335,77.98573975044563,8.01,31.7,24.0,24.4,78.8,Si,0.198,235.0,1,2,1,2024,10,23,17.0
2024-10-23,T17_N1P2K1,,,,6.0,0.772,70.2,,,,,,,,,,,,,71.61955691367456,,,,,,,,,1,2,1,2024,10,23,17.0
2024-10-23,T17_N1P2K1,,,,4.0,0.644,70.2,,,,,,,,,,,,,73.21110262286733,,,,,,,,,1,2,1,2024,10,23,17.0
2024-10-23,T11_N1P1K0,,,,7.0,0.729,70.2,,,,,,,,,,,,,71.61955691367456,,,,,,,,,1,1,0,2024,10,23,11.0
2024-10-23,T11_N1P1K0,,,,2.0,0.164,605.0,,,,,,,,,,,,,55.70409982174688,,,,,,,,,1,1,0,2024,10,23,11.0
2024-10-23,T11_N1P1K0,,58.0,34.0,2.0,0.127,50.4,5.2,4100.0,270.0,55.0,330.0,12.46,7.2,36.0,12.0,2.0,29.0,0.216,46.15482556659028,6.37,36.8,24.4,25.1,78.7,Si,0.304,214.0,1,1,0,2024,10,23,11.0
2024-10-23,T8_N0P2K1,,,,0.0,0.0,0.0,,,,,,,,,,,,,0.0,,,,,,,,,0,2,1,2024,10,23,8.0
2024-10-23,T8_N0P2K1,,,,4.0,0.54,70.3,,,,,,,,,,,,,70.0280112044818,,,,,,,,,0,2,1,2024,10,23,8.0
2024-10-23,T8_N0P2K1,,60.0,18.0,1.0,0.067,60.0,5.1,4000.0,240.0,51.0,280.0,11.16,7.5,64.0,10.0,2.0,38.0,0.226,54.11255411255412,7.94,34.4,24.0,25.0,78.0,Si,0.156,247.0,0,2,1,2024,10,23,8.0
2024-10-23,T9_N0P2K2,,,,5.0,0.732,70.2,,,,,,,,,,,,,68.43646549528903,,,,,,,,,0,2,2,2024,10,23,9.0
2024-10-23,T9_N0P2K2,,,,6.0,0.795,70.2,,,,,,,,,,,,,74.8026483320601,,,,,,,,,0,2,2,2024,10,23,9.0
2024-10-23,T9_N0P2K2,,,,6.0,0.729,70.7,,,,,,,,,,,,,68.43646549528903,6.49,33.5,24.0,25.6,70.2,Si,0.117,221.0,0,2,2,2024,10,23,9.0
2024-10-23,T13_N1P0K1,,,,6.0,0.878,80.1,,,,,,,,,,,,,73.21110262286733,,,,,,,,,1,0,1,2024,10,23,13.0
2024-10-23,T13_N1P0K1,,,,3.0,0.334,60.7,,,,,,,,,,,,,65.25337407690348,,,,,,,,,1,0,1,2024,10,23,13.0
2024-10-23,T13_N1P0K1,,,,8.0,0.778,60.8,,,,,,,,,,,,,76.39419404125286,7.84,34.8,24.0,25.6,68.2,Si,0.152,169.0,1,0,1,2024,10,23,13.0
2024-10-23,T26_N2P2K1,,,,4.0,0.562,70.3,,,,,,,,,,,,,74.8026483320601,8.35,36.1,24.0,25.6,72.1,Si,0.176,171.0,2,2,1,2024,10,23,26.0
2024-10-23,T26_N2P2K1,,,,8.0,0.147,70.6,,,,,,,,,,,,,71.61955691367456,,,,,,,,,2,2,1,2024,10,23,26.0
2024-10-23,T26_N2P2K1,,,,3.0,0.481,70.7,,,,,,,,,,,,,74.8026483320601,,,,,,,,,2,2,1,2024,10,23,26.0
2024-10-23,T16_N1P1K2,,,,5.0,0.642,70.5,,,,,,,,,,,,,77.98573975044563,7.85,34.5,24.0,25.6,72.7,Si,0.158,171.0,1,1,2,2024,10,23,16.0
2024-10-23,T16_N1P1K2,,,,3.0,0.43,60.9,,,,,,,,,,,,,66.84491978609626,,,,,,,,,1,1,2,2024,10,23,16.0
2024-10-23,T16_N1P1K2,,,,8.0,1.304,70.8,,,,,,,,,,,,,76.39419404125286,,,,,,,,,1,1,2,2024,10,23,16.0
2024-10-23,T10_N1P0K0,,,,4.0,0.637,80.1,,,,,,,,,,,,,70.0280112044818,8.04,25.7,24.0,24.9,75.8,Si,0.209,235.0,1,0,0,2024,10,23,10.0
2024-10-23,T10_N1P0K0,,,,5.0,0.902,70.7,,,,,,,,,,,,,74.8026483320601,,,,,,,,,1,0,0,2024,10,23,10.0
2024-10-23,T10_N1P0K0,,,,3.0,0.432,60.3,,,,,,,,,,,,,57.29564553093965,,,,,,,,,1,0,0,2024,10,23,10.0
2024-10-23,T22_N2P0K1,,,,6.0,0.841,70.8,,,,,,,,,,,,,71.61955691367456,7.8,28.9,24.8,25.4,74.2,Si,0.09,151.0,2,0,1,2024,10,23,22.0
2024-10-23,T22_N2P0K1,,,,7.0,1.022,70.3,,,,,,,,,,,,,71.61955691367456,,,,,,,,,2,0,1,2024,10,23,22.0
2024-10-23,T22_N2P0K1,,,,5.0,0.587,70.0,,,,,,,,,,,,,70.0280112044818,,,,,,,,,2,0,1,2024,10,23,22.0
2024-10-23,T12_N1P2K0,,,,6.0,0.551,60.7,,,,,,,,,,,,,60.47873694932519,,,,,,,,,1,2,0,2024,10,23,12.0
2024-10-23,T12_N1P2K0,,,,3.0,0.221,70.3,,,,,,,,,,,,,70.0280112044818,,,,,,,,,1,2,0,2024,10,23,12.0
2024-10-23,T12_N1P2K0,,,,4.0,0.309,70.0,,,,,,,,,,,,,71.61955691367456,6.41,27.5,24.4,25.4,71.0,Si,0.134,147.0,1,2,0,2024,10,23,12.0
2024-10-23,T28_BIO-N0P0K0,,,,7.0,1.0,70.6,,,,,,,,,,,,,74.8026483320601,,,,,,,,,0,0,0,2024,10,23,28.0
2024-10-23,T28_BIO-N0P0K0,,,,5.0,0.612,70.6,,,,,,,,,,,,,70.0280112044818,,,,,,,,,0,0,0,2024,10,23,28.0
2024-10-23,T28_BIO-N0P0K0,,,,5.0,0.651,70.7,,,,,,,,,,,,,70.0280112044818,7.98,30.7,24.0,25.3,74.8,Si,0.105,175.0,0,0,0,2024,10,23,28.0
2024-10-23,T1_N0P0K0,,,,4.0,0.667,70.5,,,,,,,,,,,,,74.8026483320601,,,,,,,,,0,0,0,2024,10,23,1.0
2024-10-23,T1_N0P0K0,,,,2.0,0.198,50.9,,,,,,,,,,,,,55.70409982174688,,,,,,,,,0,0,0,2024,10,23,1.0
2024-10-23,T1_N0P0K0,,,,6.0,0.829,70.0,,,,,,,,,,,,,74.8026483320601,6.35,30.7,24.0,25.2,74.0,Si,0.085,253.0,0,0,0,2024,10,23,1.0
2024-10-23,T14_N1P0K2,,,,2.0,0.548,80.6,,,,,,,,,,,,,90.71810542398778,,,,,,,,,1,0,2,2024,10,23,14.0
2024-10-23,T14_N1P0K2,,,,5.0,0.727,80.0,,,,,,,,,,,,,84.3519225872167,,,,,,,,,1,0,2,2024,10,23,14.0
2024-10-23,T14_N1P0K2,,,,4.0,0.552,70.2,,,,,,,,,,,,,73.21110262286733,6.42,38.4,24.0,25.0,76.4,Si,0.109,160.0,1,0,2,2024,10,23,14.0
2024-10-23,T5_N0P0K2,,,,7.0,0.93,60.7,,,,,,,,,,,,,73.21110262286733,8.76,36.6,24.0,25.2,75.5,Si,0.146,645.0,0,0,2,2024,10,23,5.0
2024-10-23,T5_N0P0K2,,,,8.0,0.873,70.8,,,,,,,,,,,,,73.21110262286733,,,,,,,,,0,0,2,2024,10,23,5.0
2024-10-23,T5_N0P0K2,,,,4.0,0.418,70.4,,,,,,,,,,,,,71.61955691367456,,,,,,,,,0,0,2,2024,10,23,5.0
2024-10-23,T30_BIO N2P2K2,,,,7.0,0.609,70.3,,,,,,,,,,,,,73.21110262286733,6.44,32.3,24.4,25.2,71.5,Si,0.084,171.0,2,2,2,2024,10,23,30.0
2024-10-23,T30_BIO N2P2K2,,,,7.0,0.791,70.1,,,,,,,,,,,,,73.21110262286733,,,,,,,,,2,2,2,2024,10,23,30.0
2024-10-23,T30_BIO N2P2K2,,,,8.0,0.802,70.1,,,,,,,,,,,,,70.0280112044818,,,,,,,,,2,2,2,2024,10,23,30.0
2024-10-23,T3_N0P2K0,,,,7.0,0.614,70.4,,,,,,,,,,,,,74.8026483320601,8.49,34.1,24.4,25.4,73.0,Si,0.071,154.0,0,2,0,2024,10,23,3.0
2024-10-23,T3_N0P2K0,,,,11.0,1.454,80.2,,,,,,,,,,,,,77.98573975044563,,,,,,,,,0,2,0,2024,10,23,3.0
2024-10-23,T3_N0P2K0,,,,9.0,0.968,70.6,,,,,,,,,,,,,71.61955691367456,,,,,,,,,0,2,0,2024,10,23,3.0
2024-10-23,T7_N0P1K2,,,,6.0,0.59,60.7,,,,,,,,,,,,,68.43646549528903,6.42,33.1,24.8,25.4,72.8,Si,0.2,149.0,0,1,2,2024,10,23,7.0
2024-10-23,T7_N0P1K2,,,,5.0,0.362,70.0,,,,,,,,,,,,,66.84491978609626,,,,,,,,,0,1,2,2024,10,23,7.0
2024-10-23,T7_N0P1K2,,,,4.0,0.633,70.1,,,,,,,,,,,,,62.070282658517954,,,,,,,,,0,1,2,2024,10,23,7.0
2024-10-23,T21_N2P2K0,,,,5.0,0.676,70.1,,,,,,,,,,,,,66.84491978609626,,,,,,,,,2,2,0,2024,10,23,21.0
2024-10-23,T21_N2P2K0,,,,4.0,0.482,60.4,,,,,,,,,,,,,66.84491978609626,,,,,,,,,2,2,0,2024,10,23,21.0
2024-10-23,T21_N2P2K0,,,,6.0,1.123,70.7,,,,,,,,,,,,,74.8026483320601,7.87,24.6,26.4,26.6,68.3,Si,0.132,279.0,2,2,0,2024,10,23,21.0
2024-10-23,T23_N2P0K2,,,,7.0,1.259,70.1,,,,,,,,,,,,,79.5772854596384,,,,,,,,,2,0,2,2024,10,23,23.0
2024-10-23,T23_N2P0K2,,,,7.0,1.267,70.7,,,,,,,,,,,,,76.39419404125286,,,,,,,,,2,0,2,2024,10,23,23.0
2024-10-23,T23_N2P0K2,,,,5.0,0.85,80.0,,,,,,,,,,,,,77.98573975044563,7.8,27.7,27.2,27.0,67.8,Si,0.18,257.0,2,0,2,2024,10,23,23.0
2024-10-23,T20_N2P1K0,,,,3.0,0.704,70.4,,,,,,,,,,,,,71.61955691367456,,,,,,,,,2,1,0,2024,10,23,20.0
2024-10-23,T20_N2P1K0,,,,6.0,1.006,70.3,,,,,,,,,,,,,71.61955691367456,,,,,,,,,2,1,0,2024,10,23,20.0
2024-10-23,T20_N2P1K0,,,,9.0,2.034,70.9,,,,,,,,,,,,,79.5772854596384,7.0,27.0,26.4,27.5,64.6,Si,0.233,329.0,2,1,0,2024,10,23,20.0
2024-10-23,T18_N1P2K2,,,,4.0,0.724,70.9,,,,,,,,,,,,,74.8026483320601,,,,,,,,,1,2,2,2024,10,23,18.0
2024-10-23,T18_N1P2K2,,,,5.0,0.726,70.0,,,,,,,,,,,,,66.84491978609626,,,,,,,,,1,2,2,2024,10,23,18.0
2024-10-23,T18_N1P2K2,,,,1.0,0.167,70.0,,,,,,,,,,,,,70.0280112044818,7.88,35.6,26.0,25.9,70.9,Si,0.144,895.0,1,2,2,2024,10,23,18.0
2024-10-23,T6_N0P1K1,,,,5.0,0.706,70.2,,,,,,,,,,,,,74.8026483320601,6.34,27.7,26.0,27.1,71.3,Si,0.145,991.0,0,1,1,2024,10,23,6.0
2024-10-23,T6_N0P1K1,,,,9.0,1.565,70.2,,,,,,,,,,,,,73.52941176470588,,,,,,,,,0,1,1,2024,10,23,6.0
2024-10-23,T6_N0P1K1,,,,6.0,1.047,70.4,,,,,,,,,,,,,73.21110262286733,,,,,,,,,0,1,1,2024,10,23,6.0
2024-10-23,T17_N1P2K1,,,,3.0,0.786,70.6,,,,,,,,,,,,,77.98573975044563,8.15,22.8,26.8,27.4,60.9,Si,0.178,261.0,1,2,1,2024,10,23,17.0
2024-10-23,T17_N1P2K1,,,,7.0,0.965,70.0,,,,,,,,,,,,,70.0280112044818,,,,,,,,,1,2,1,2024,10,23,17.0
2024-10-23,T17_N1P2K1,,,,4.0,0.788,70.3,,,,,,,,,,,,,71.61955691367456,,,,,,,,,1,2,1,2024,10,23,17.0
2024-10-23,T25_N2P1K2,,,,6.0,0.978,70.1,,,,,,,,,,,,,73.21110262286733,8.16,24.4,27.3,27.0,66.7,Si,0.16,244.0,2,1,2,2024,10,23,25.0
2024-10-23,T25_N2P1K2,,,,8.0,1.236,70.3,,,,,,,,,,,,,71.61955691367456,,,,,,,,,2,1,2,2024,10,23,25.0
2024-10-23,T25_N2P1K2,,,,5.0,0.854,70.5,,,,,,,,,,,,,66.84491978609626,,,,,,,,,2,1,2,2024,10,23,25.0
2024-10-23,T29_BIO N1P1K1,,,,9.0,1.513,70.1,,,,,,,,,,,,,71.61955691367456,7.82,26.1,26.8,26.6,63.2,Si,0.023,264.0,1,1,1,2024,10,23,29.0
2024-10-23,T29_BIO N1P1K1,,,,7.0,1.338,70.3,,,,,,,,,,,,,71.61955691367456,,,,,,,,,1,1,1,2024,10,23,29.0
2024-10-23,T29_BIO N1P1K1,,,,4.0,0.669,70.2,,,,,,,,,,,,,66.84491978609626,,,,,,,,,1,1,1,2024,10,23,29.0
2024-10-23,T2_N0P1K0,,,,3.0,0.761,80.4,,,,,,,,,,,,,84.3519225872167,,,,,,,,,0,1,0,2024,10,23,2.0
2024-10-23,T2_N0P1K0,,,,5.0,0.891,80.0,,,,,,,,,,,,,79.5772854596384,,,,,,,,,0,1,0,2024,10,23,2.0
2024-10-23,T2_N0P1K0,,,,6.0,1.185,70.5,,,,,,,,,,,,,74.8026483320601,7.36,29.2,25.6,26.4,65.6,Si,0.181,261.0,0,1,0,2024,10,23,2.0
2024-10-23,T19_N2P0K0,,,,2.0,0.382,60.8,,,,,,,,,,,,,68.43646549528903,,,,,,,,,2,0,0,2024,10,23,19.0
2024-10-23,T19_N2P0K0,,,,4.0,0.693,60.8,,,,,,,,,,,,,66.84491978609626,,,,,,,,,2,0,0,2024,10,23,19.0
2024-10-23,T19_N2P0K0,,,,5.0,0.994,80.3,,,,,,,,,,,,,81.16883116883118,6.67,21.9,25.2,26.3,70.1,Si,0.146,285.0,2,0,0,2024,10,23,19.0
2024-10-23,T8_N0P2K1,,,,6.0,1.089,70.9,,,,,,,,,,,,,76.39419404125286,,,,,,,,,0,2,1,2024,10,23,8.0
2024-10-23,T8_N0P2K1,,,,4.0,0.719,70.4,,,,,,,,,,,,,68.43646549528903,,,,,,,,,0,2,1,2024,10,23,8.0
2024-10-23,T8_N0P2K1,,,,4.0,0.71,70.4,,,,,,,,,,,,,70.0280112044818,6.27,25.1,25.6,26.2,66.1,Si,0.335,206.0,0,2,1,2024,10,23,8.0
2024-10-23,T15_N1P1K1,,,,6.0,0.74,60.8,,,,,,,,,,,,,66.84491978609626,,,,,,,,,1,1,1,2024,10,23,15.0
2024-10-23,T15_N1P1K1,,,,8.0,1.475,70.2,,,,,,,,,,,,,70.0280112044818,,,,,,,,,1,1,1,2024,10,23,15.0
2024-10-23,T15_N1P1K1,,,,5.0,1.275,70.6,,,,,,,,,,,,,66.84491978609626,8.83,25.8,25.6,26.1,67.9,Si,0.338,244.0,1,1,1,2024,10,23,15.0
2024-10-23,T24_N2P1K1,,,,6.0,0.737,70.2,,,,,,,,,,,,,71.61955691367456,6.34,23.4,25.6,26.1,69.8,Si,0.567,162.0,2,1,1,2024,10,23,24.0
2024-10-23,T24_N2P1K1,,,,6.0,1.342,80.1,,,,,,,,,,,,,84.3519225872167,,,,,,,,,2,1,1,2024,10,23,24.0
2024-10-23,T24_N2P1K1,,58.8,26.0,7.0,1.258,70.2,,,,,,,6.9,42.0,19.0,2.0,6.0,0.209,70.0280112044818,6.4,26.2,25.6,26.1,67.9,Si,0.57,162.0,2,1,1,2024,10,23,24.0
2024-10-23,T11_N1P1K0,,,,2.0,0.382,70.4,,,,,,,,,,,,,70.0280112044818,7.0,22.1,25.6,26.4,66.0,Si,0.391,147.0,1,1,0,2024,10,23,11.0
2024-10-23,T11_N1P1K0,,,,4.0,0.693,70.0,,,,,,,,,,,,,68.43646549528903,,,,,,,,,1,1,0,2024,10,23,11.0
2024-10-23,T11_N1P1K0,,,,6.0,0.994,80.4,,,,,,,,,,,,,63.66182836771072,,,,,,,,,1,1,0,2024,10,23,11.0
2024-10-23,T27_N2P2K2,,,,7.0,1.417,80.0,,,,,,,,,,,,,77.98573975044563,6.46,21.5,25.6,26.3,67.4,Si,0.234,279.0,2,2,2,2024,10,23,27.0
2024-10-23,T27_N2P2K2,,,,8.0,1.514,60.9,,,,,,,,,,,,,74.8026483320601,,,,,,,,,2,2,2,2024,10,23,27.0
2024-10-23,T27_N2P2K2,,,,5.0,1.205,70.5,,,,,,,,,,,,,71.61955691367456,,,,,,,,,2,2,2,2024,10,23,27.0
2024-10-23,T4_N0P0K1,,,,3.0,0.683,80.2,,,,,,,,,,,,,84.3519225872167,7.87,25.5,26.0,26.5,64.9,Si,0.084,250.0,0,0,1,2024,10,23,4.0
2024-10-23,T4_N0P0K1,,,,7.0,1.217,60.7,,,,,,,,,,,,,66.84491978609626,,,,,,,,,0,0,1,2024,10,23,4.0
2024-10-23,T4_N0P0K1,,,,5.0,0.93,70.4,,,,,,,,,,,,,70.0280112044818,,,,,,,,,0,0,1,2024,10,23,4.0
2024-10-30,T27_N2P2K2,,,,8.0,1.396,60.8,,,,,,,,,,,,,71.61955691367456,6.29,39.1,24.1,24.2,76.2,Si,0.13,87.0,2,2,2,2024,10,30,27.0
2024-10-30,T27_N2P2K2,,,,5.0,0.929,70.0,,,,,,,,,,,,,66.84491978609626,,,,,,,,,2,2,2,2024,10,30,27.0
2024-10-30,T27_N2P2K2,,,,5.0,0.718,70.7,,,,,,,,,,,,,77.98573975044563,,,,,,,,,2,2,2,2024,10,30,27.0
2024-10-30,T24_N2P1K1,,,,5.0,0.821,60.7,,,,,,,,,,,,,71.61955691367456,6.43,35.1,24.1,24.2,80.0,Si,0.064,82.0,2,1,1,2024,10,30,24.0
2024-10-30,T24_N2P1K1,,,,4.0,0.646,70.3,,,,,,,,,,,,,66.84491978609626,,,,,,,,,2,1,1,2024,10,30,24.0
2024-10-30,T24_N2P1K1,,,,8.0,1.349,70.3,,,,,,,,,,,,,70.0280112044818,,,,,,,,,2,1,1,2024,10,30,24.0
2024-10-30,T4_N0P0K1,,,,0.0,0.0,0.0,,,,,,,,,,,,,0.0,,,,,,,,,0,0,1,2024,10,30,4.0
2024-10-30,T4_N0P0K1,,,,4.0,0.689,70.2,,,,,,,,,,,,,68.43646549528903,,,,,,,,,0,0,1,2024,10,30,4.0
2024-10-30,T4_N0P0K1,,,,7.0,1.185,70.3,,,,,,,,,,,,,70.0280112044818,,,,,,,,,0,0,1,2024,10,30,4.0
2024-10-30,T15_N1P1K1,,,,9.0,1.268,60.7,,,,,,,,,,,,,65.25337407690348,6.49,34.6,24.1,23.9,78.6,Si,0.09,117.0,1,1,1,2024,10,30,15.0
2024-10-30,T15_N1P1K1,,,,6.0,1.031,60.8,,,,,,,,,,,,,68.43646549528903,,,,,,,,,1,1,1,2024,10,30,15.0
2024-10-30,T15_N1P1K1,,70.0,13.0,2.0,0.297,60.8,,,,,,,7.1,6.0,4.0,5.0,17.0,0.051,65.25337407690348,6.46,36.3,24.1,23.8,78.7,Si,0.064,106.0,1,1,1,2024,10,30,15.0
2024-10-30,T9_N0P2K2,,,,5.0,0.992,60.4,,,,,,,,,,,,,66.84491978609626,,,,,,,,,0,2,2,2024,10,30,9.0
2024-10-30,T9_N0P2K2,,,,2.0,0.34,70.3,,,,,,,,,,,,,66.84491978609626,,,,,,,,,0,2,2,2024,10,30,9.0
2024-10-30,T9_N0P2K2,,,,2.0,0.396,70.5,,,,,,,,,,,,,71.61955691367456,6.49,29.7,24.1,23.9,78.0,Si,0.092,129.0,0,2,2,2024,10,30,9.0
2024-10-30,T13_N1P0K1,,,,5.0,0.891,70.7,,,,,,,,,,,,,71.61955691367456,,,,,,,,,1,0,1,2024,10,30,13.0
2024-10-30,T13_N1P0K1,,,,5.0,0.943,70.4,,,,,,,,,,,,,70.0280112044818,,,,,,,,,1,0,1,2024,10,30,13.0
2024-10-30,T13_N1P0K1,,,,7.0,0.819,70.4,,,,,,,,,,,,,63.66182836771072,6.39,42.0,24.1,24.1,77.4,Si,0.043,112.0,1,0,1,2024,10,30,13.0
2024-10-30,T22_N2P0K1,,,,5.0,0.793,70.2,,,,,,,,,,,,,66.84491978609626,,,,,,,,,2,0,1,2024,10,30,22.0
2024-10-30,T22_N2P0K1,,,,5.0,0.916,70.8,,,,,,,,,,,,,74.8026483320601,,,,,,,,,2,0,1,2024,10,30,22.0
2024-10-30,T22_N2P0K1,,,,7.0,1.078,70.2,,,,,,,,,,,,,71.61955691367456,6.45,40.9,24.1,24.2,79.6,Si,0.048,101.0,2,0,1,2024,10,30,22.0
2024-10-30,T10_N1P0K0,,,,4.0,0.921,70.0,,,,,,,,,,,,,73.21110262286733,,,,,,,,,1,0,0,2024,10,30,10.0
2024-10-30,T10_N1P0K0,,,,4.0,0.626,70.7,,,,,,,,,,,,,74.8026483320601,,,,,,,,,1,0,0,2024,10,30,10.0
2024-10-30,T10_N1P0K0,,,,5.0,0.864,70.0,,,,,,,,,,,,,66.84491978609626,6.36,35.3,24.1,24.3,79.5,Si,0.075,110.0,1,0,0,2024,10,30,10.0
2024-10-30,T28_BIO-N0P0K0,,,,8.0,1.186,60.8,,,,,,,,,,,,,65.25337407690348,6.5,50.0,23.7,24.4,78.9,Si,0.058,108.0,0,0,0,2024,10,30,28.0
2024-10-30,T28_BIO-N0P0K0,,,,4.0,0.623,70.4,,,,,,,,,,,,,70.0280112044818,,,,,,,,,0,0,0,2024,10,30,28.0
2024-10-30,T28_BIO-N0P0K0,,,,6.0,1.126,70.0,,,,,,,,,,,,,73.21110262286733,,,,,,,,,0,0,0,2024,10,30,28.0
2024-10-30,T12_N1P2K0,,,,3.0,0.501,70.2,,,,,,,,,,,,,65.25337407690348,6.44,34.8,23.7,24.4,78.9,Si,0.038,101.0,1,2,0,2024,10,30,12.0
2024-10-30,T12_N1P2K0,,,,4.0,0.33,60.5,,,,,,,,,,,,,58.88719124013242,,,,,,,,,1,2,0,2024,10,30,12.0
2024-10-30,T12_N1P2K0,,,,6.0,1.164,70.1,,,,,,,,,,,,,70.0280112044818,,,,,,,,,1,2,0,2024,10,30,12.0
2024-10-30,T26_N2P2K1,,,,5.0,0.869,60.6,,,,,,,,,,,,,71.61955691367456,6.44,34.0,23.7,24.4,78.3,Si,0.131,96.0,2,2,1,2024,10,30,26.0
2024-10-30,T26_N2P2K1,,,,4.0,0.503,70.6,,,,,,,,,,,,,58.88719124013242,,,,,,,,,2,2,1,2024,10,30,26.0
2024-10-30,T26_N2P2K1,,,,7.0,1.153,70.5,,,,,,,,,,,,,70.0280112044818,,,,,,,,,2,2,1,2024,10,30,26.0
2024-10-30,T16_N1P1K2,,,,7.0,1.098,70.8,,,,,,,,,,,,,73.21110262286733,6.43,44.0,23.7,24.4,79.1,Si,0.157,88.0,1,1,2,2024,10,30,16.0
2024-10-30,T16_N1P1K2,,,,6.0,0.668,70.0,,,,,,,,,,,,,65.25337407690348,,,,,,,,,1,1,2,2024,10,30,16.0
2024-10-30,T16_N1P1K2,,,,4.0,0.598,70.3,,,,,,,,,,,,,70.0280112044818,,,,,,,,,1,1,2,2024,10,30,16.0
2024-10-30,T1_N0P0K0,,,,10.0,1.486,70.2,,,,,,,,,,,,,66.84491978609626,,,,,,,,,0,0,0,2024,10,30,1.0
2024-10-30,T1_N0P0K0,,,,4.0,0.74,70.5,,,,,,,,,,,,,70.0280112044818,,,,,,,,,0,0,0,2024,10,30,1.0
2024-10-30,T1_N0P0K0,,,,7.0,0.937,60.7,,,,,,,,,,,,,66.84491978609626,6.41,52.1,23.7,24.5,76.8,Si,0.08,90.0,0,0,0,2024,10,30,1.0
2024-10-30,T14_N1P0K2,,,,4.0,0.62,60.8,,,,,,,,,,,,,70.0280112044818,,,,,,,,,1,0,2,2024,10,30,14.0
2024-10-30,T14_N1P0K2,,,,6.0,0.923,60.6,,,,,,,,,,,,,70.0280112044818,,,,,,,,,1,0,2,2024,10,30,14.0
2024-10-30,T14_N1P0K2,,,,5.0,0.711,70.0,,,,,,,,,,,,,65.25337407690348,6.34,38.5,23.7,24.4,78.7,Si,0.051,102.0,1,0,2,2024,10,30,14.0
2024-10-30,T7_N0P1K2,,,,8.0,1.33,70.0,,,,,,,,,,,,,71.61955691367456,,,,,,,,,0,1,2,2024,10,30,7.0
2024-10-30,T7_N0P1K2,,,,5.0,0.832,70.2,,,,,,,,,,,,,71.61955691367456,,,,,,,,,0,1,2,2024,10,30,7.0
2024-10-30,T7_N0P1K2,,,,6.0,0.825,70.3,,,,,,,,,,,,,65.25337407690348,6.36,46.8,23.7,24.4,79.7,Si,0.061,95.0,0,1,2,2024,10,30,7.0
2024-10-30,T3_N0P2K0,,,,1.0,0.188,80.1,,,,,,,,,,,,,66.84491978609626,,,,,,,,,0,2,0,2024,10,30,3.0
2024-10-30,T3_N0P2K0,,,,6.0,0.923,70.4,,,,,,,,,,,,,71.61955691367456,,,,,,,,,0,2,0,2024,10,30,3.0
2024-10-30,T3_N0P2K0,,,,1.0,0.163,60.8,,,,,,,,,,,,,70.0280112044818,6.35,45.7,24.1,24.3,78.2,Si,0.067,133.0,0,2,0,2024,10,30,3.0
2024-10-30,T23_N2P0K2,,,,5.0,0.999,70.2,,,,,,,,,,,,,71.61955691367456,6.24,43.0,23.7,24.0,79.8,Si,0.228,142.0,2,0,2,2024,10,30,23.0
2024-10-30,T23_N2P0K2,,,,6.0,1.236,70.7,,,,,,,,,,,,,76.39419404125286,,,,,,,,,2,0,2,2024,10,30,23.0
2024-10-30,T23_N2P0K2,,,,7.0,1.352,70.0,,,,,,,,,,,,,71.61955691367456,,,,,,,,,2,0,2,2024,10,30,23.0
2024-10-30,T21_N2P2K0,,,,4.0,0.8,60.6,,,,,,,,,,,,,77.98573975044563,6.3,47.6,23.7,24.1,79.3,Si,0.095,168.0,2,2,0,2024,10,30,21.0
2024-10-30,T21_N2P2K0,,,,6.0,1.252,70.1,,,,,,,,,,,,,79.5772854596384,,,,,,,,,2,2,0,2024,10,30,21.0
2024-10-30,T21_N2P2K0,,57.1,27.0,8.0,1.335,70.5,,,,,,,6.6,5.0,6.0,1.0,6.0,0.05,77.98573975044563,6.41,51.4,23.7,24.2,79.8,Si,0.061,238.0,2,2,0,2024,10,30,21.0
2024-10-30,T5_N0P0K2,,,,3.0,0.43,60.6,,,,,,,,,,,,,66.84491978609626,6.36,41.9,24.1,24.4,78.6,Si,0.125,248.0,0,0,2,2024,10,30,5.0
2024-10-30,T5_N0P0K2,,,,6.0,1.15,70.1,,,,,,,,,,,,,77.98573975044563,,,,,,,,,0,0,2,2024,10,30,5.0
2024-10-30,T5_N0P0K2,,,,4.0,0.56,60.9,,,,,,,,,,,,,68.43646549528903,,,,,,,,,0,0,2,2024,10,30,5.0
2024-10-30,T30_BIO N2P2K2,,,,6.0,0.875,60.9,,,,,,,,,,,,,66.84491978609626,6.43,46.5,23.7,24.5,76.1,Si,0.111,114.0,2,2,2,2024,10,30,30.0
2024-10-30,T30_BIO N2P2K2,,,,4.0,0.483,50.6,,,,,,,,,,,,,63.66182836771072,,,,,,,,,2,2,2,2024,10,30,30.0
2024-10-30,T30_BIO N2P2K2,,,,7.0,0.993,70.0,,,,,,,,,,,,,66.84491978609626,,,,,,,,,2,2,2,2024,10,30,30.0
2024-10-30,T20_N2P1K0,,,,7.0,1.065,60.5,,,,,,,,,,,,,65.25337407690348,,,,,,,,,2,1,0,2024,10,30,20.0
2024-10-30,T20_N2P1K0,,,,7.0,1.036,70.5,,,,,,,,,,,,,66.84491978609626,,,,,,,,,2,1,0,2024,10,30,20.0
2024-10-30,T20_N2P1K0,,,,4.0,0.667,70.3,,,,,,,,,,,,,66.84491978609626,6.35,50.5,23.7,24.6,78.9,Si,0.107,159.0,2,1,0,2024,10,30,20.0
2024-10-30,T18_N1P2K2,,,,10.0,1.663,70.7,,,,,,,,,,,,,74.8026483320601,,,,,,,,,1,2,2,2024,10,30,18.0
2024-10-30,T18_N1P2K2,,,,4.0,0.809,60.5,,,,,,,,,,,,,74.8026483320601,,,,,,,,,1,2,2,2024,10,30,18.0
2024-10-30,T18_N1P2K2,,,,6.0,1.021,70.1,,,,,,,,,,,,,70.0280112044818,6.38,52.0,23.7,24.3,81.4,Si,0.056,245.0,1,2,2,2024,10,30,18.0
2024-10-30,T29_BIO N1P1K1,,,,2.0,0.292,60.3,,,,,,,,,,,,,63.66182836771072,,,,,,,,,1,1,1,2024,10,30,29.0
2024-10-30,T29_BIO N1P1K1,,,,6.0,0.95,70.1,,,,,,,,,,,,,70.0280112044818,,,,,,,,,1,1,1,2024,10,30,29.0
2024-10-30,T29_BIO N1P1K1,,,,9.0,1.336,70.0,,,,,,,,,,,,,70.0280112044818,6.29,48.2,23.7,24.0,79.4,Si,0.074,145.0,1,1,1,2024,10,30,29.0
2024-10-30,T25_N2P1K2,,,,2.0,0.457,70.6,,,,,,,,,,,,,74.8026483320601,,,,,,,,,2,1,2,2024,10,30,25.0
2024-10-30,T25_N2P1K2,,,,4.0,0.58,70.3,,,,,,,,,,,,,65.25337407690348,,,,,,,,,2,1,2,2024,10,30,25.0
2024-10-30,T25_N2P1K2,,,,6.0,0.805,60.7,,,,,,,,,,,,,65.25337407690348,6.1,38.2,23.7,23.9,77.3,Si,0.116,128.0,2,1,2,2024,10,30,25.0
2024-10-30,T19_N2P0K0,,,,3.0,0.448,70.2,,,,,,,,,,,,,70.0280112044818,6.43,49.0,23.7,24.0,78.3,Si,0.093,135.0,2,0,0,2024,10,30,19.0
2024-10-30,T19_N2P0K0,,,,5.0,0.873,70.1,,,,,,,,,,,,,70.0280112044818,,,,,,,,,2,0,0,2024,10,30,19.0
2024-10-30,T19_N2P0K0,,,,5.0,0.658,60.8,,,,,,,,,,,,,63.66182836771072,,,,,,,,,2,0,0,2024,10,30,19.0
2024-10-30,T2_N0P1K0,,,,2.0,0.296,70.0,,,,,,,,,,,,,60.47873694932519,6.36,49.4,23.7,24.1,80.7,Si,0.063,130.0,0,1,0,2024,10,30,2.0
2024-10-30,T2_N0P1K0,,,,6.0,0.735,60.7,,,,,,,,,,,,,70.0280112044818,,,,,,,,,0,1,0,2024,10,30,2.0
2024-10-30,T2_N0P1K0,,,,5.0,0.907,70.3,,,,,,,,,,,,,70.0280112044818,,,,,,,,,0,1,0,2024,10,30,2.0
2024-10-30,T6_N0P1K1,,,,5.0,0.783,60.9,,,,,,,,,,,,,71.61955691367456,6.41,43.2,23.7,24.1,78.7,Si,0.054,126.0,0,1,1,2024,10,30,6.0
2024-10-30,T6_N0P1K1,,,,7.0,1.064,60.7,,,,,,,,,,,,,66.84491978609626,,,,,,,,,0,1,1,2024,10,30,6.0
2024-10-30,T6_N0P1K1,,,,4.0,0.729,60.8,,,,,,,,,,,,,66.84491978609626,,,,,,,,,0,1,1,2024,10,30,6.0
2024-10-30,T17_N1P2K1,,,,3.0,0.524,70.3,,,,,,,,,,,,,70.0280112044818,6.51,26.7,23.7,24.1,79.6,Si,0.088,146.0,1,2,1,2024,10,30,17.0
2024-10-30,T17_N1P2K1,,,,3.0,0.603,70.4,,,,,,,,,,,,,71.61955691367456,,,,,,,,,1,2,1,2024,10,30,17.0
2024-10-30,T17_N1P2K1,,,,5.0,0.881,70.1,,,,,,,,,,,,,73.21110262286733,,,,,,,,,1,2,1,2024,10,30,17.0
2024-10-30,T11_N1P1K0,,,,3.0,0.325,50.7,,,,,,,,,,,,,60.47873694932519,,,,,,,,,1,1,0,2024,10,30,11.0
2024-10-30,T11_N1P1K0,,,,3.0,0.458,70.1,,,,,,,,,,,,,65.25337407690348,,,,,,,,,1,1,0,2024,10,30,11.0
2024-10-30,T11_N1P1K0,,,,2.0,0.342,60.8,,,,,,,,,,,,,68.43646549528903,6.51,42.7,23.7,24.1,79.1,Si,0.145,151.0,1,1,0,2024,10,30,11.0
2024-10-30,T8_N0P2K1,,,,2.0,0.466,707.0,,,,,,,,,,,,,74.8026483320601,,,,,,,,,0,2,1,2024,10,30,8.0
2024-10-30,T8_N0P2K1,,,,5.0,0.926,60.8,,,,,,,,,,,,,74.8026483320601,,,,,,,,,0,2,1,2024,10,30,8.0
2024-10-30,T8_N0P2K1,,,,6.0,0.926,70.1,,,,,,,,,,,,,63.66182836771072,6.48,34.9,23.7,24.1,79.8,Si,0.055,120.0,0,2,1,2024,10,30,8.0
2024-10-30,T9_N0P2K2,,,,2.0,0.259,60.8,,,,,,,,,,,,,62.070282658517954,,,,,,,,,0,2,2,2024,10,30,9.0
2024-10-30,T9_N0P2K2,,,,2.0,0.354,60.7,,,,,,,,,,,,,63.66182836771072,,,,,,,,,0,2,2,2024,10,30,9.0
2024-10-30,T9_N0P2K2,,67.1,20.0,3.0,0.314,60.7,5.7,3000.0,610.0,48.0,120.0,10.78,7.3,14.0,4.0,1.0,29.0,0.065,58.88719124013242,6.49,42.7,23.7,24.0,79.5,Si,0.076,128.0,0,2,2,2024,10,30,9.0
2024-10-30,T13_N1P0K1,,,,3.0,0.452,70.4,,,,,,,,,,,,,65.25337407690348,,,,,,,,,1,0,1,2024,10,30,13.0
2024-10-30,T13_N1P0K1,,,,1.0,0.091,60.3,,,,,,,,,,,,,52.52100840336134,,,,,,,,,1,0,1,2024,10,30,13.0
2024-10-30,T13_N1P0K1,,54.1,25.0,0.0,0.0,0.0,5.3,2900.0,890.0,42.0,260.0,12.2,7.2,4.0,5.0,1.0,11.0,0.025,0.0,6.36,32.7,23.7,24.0,79.8,Si,0.098,102.0,1,0,1,2024,10,30,13.0
2024-10-30,T26_N2P2K1,,52.5,14.0,2.0,0.513,60.8,5.5,3100.0,610.0,61.0,200.0,13.08,7.1,7.0,5.0,2.0,11.0,0.042,81.16883116883118,6.36,34.1,23.7,24.4,77.9,Si,0.17,87.0,2,2,1,2024,10,30,26.0
2024-10-30,T26_N2P2K1,,,,2.0,0.397,70.6,,,,,,,,,,,,,73.21110262286733,,,,,,,,,2,2,1,2024,10,30,26.0
2024-10-30,T26_N2P2K1,,,,3.0,0.838,70.7,,,,,,,,,,,,,82.76037687802393,,,,,,,,,2,2,1,2024,10,30,26.0
2024-10-30,T16_N1P1K2,,60.5,27.0,4.0,0.618,60.9,5.2,2800.0,910.0,38.0,190.0,11.67,7.5,30.0,15.0,2.0,25.0,0.16,63.66182836771072,6.55,45.2,23.3,24.0,81.2,Si,0.083,128.0,1,1,2,2024,10,30,16.0
2024-10-30,T16_N1P1K2,,,,7.0,0.945,60.7,,,,,,,,,,,,,66.84491978609626,,,,,,,,,1,1,2,2024,10,30,16.0
2024-10-30,T16_N1P1K2,,,,4.0,0.631,60.9,,,,,,,,,,,,,66.84491978609626,,,,,,,,,1,1,2,2024,10,30,16.0
2024-10-30,T10_N1P0K0,,56.2,27.0,3.0,0.421,70.4,5.3,2500.0,820.0,40.0,180.0,11.13,6.8,6.0,7.0,1.0,15.0,0.041,66.84491978609626,6.44,34.6,23.3,24.0,81.2,Si,0.054,161.0,1,0,0,2024,10,30,10.0
2024-10-30,T10_N1P0K0,,,,2.0,0.212,60.3,,,,,,,,,,,,,57.29564553093965,,,,,,,,,1,0,0,2024,10,30,10.0
2024-10-30,T10_N1P0K0,,,,4.0,0.617,70.6,,,,,,,,,,,,,70.0280112044818,,,,,,,,,1,0,0,2024,10,30,10.0
2024-10-30,T22_N2P0K1,,62.4,9.0,5.0,0.844,70.8,5.6,2900.0,570.0,46.0,330.0,11.49,7.0,5.0,4.0,1.0,16.0,0.046,66.84491978609626,6.31,36.4,23.7,24.1,81.0,Si,0.101,174.0,2,0,1,2024,10,30,22.0
2024-10-30,T22_N2P0K1,,,,1.0,0.233,70.5,,,,,,,,,,,,,76.39419404125286,,,,,,,,,2,0,1,2024,10,30,22.0
2024-10-30,T22_N2P0K1,,,,3.0,0.379,60.5,,,,,,,,,,,,,63.66182836771072,,,,,,,,,2,0,1,2024,10,30,22.0
2024-10-30,T12_N1P2K0,,,,6.0,0.92,70.2,,,,,,,,,,,,,65.25337407690348,,,,,,,,,1,2,0,2024,10,30,12.0
2024-10-30,T12_N1P2K0,,,,8.0,1.113,70.1,,,,,,,,,,,,,62.070282658517954,,,,,,,,,1,2,0,2024,10,30,12.0
2024-10-30,T12_N1P2K0,,55.4,20.0,6.0,1.304,80.0,5.4,3000.0,650.0,48.0,180.0,12.2,6.4,11.0,4.0,1.0,17.0,0.063,76.39419404125286,6.41,47.6,23.7,24.0,79.3,Si,0.06,245.0,1,2,0,2024,10,30,12.0
2024-10-30,T28_BIO-N0P0K0,,,,5.0,0.611,70.1,,,,,,,,,,,,,66.84491978609626,,,,,,,,,0,0,0,2024,10,30,28.0
2024-10-30,T28_BIO-N0P0K0,,,,2.0,0.192,50.8,,,,,,,,,,,,,57.29564553093965,,,,,,,,,0,0,0,2024,10,30,28.0
2024-10-30,T28_BIO-N0P0K0,,53.7,22.0,5.0,1.1,70.7,5.5,2600.0,680.0,38.0,150.0,10.41,7.2,5.0,11.0,1.0,38.0,0.067,76.39419404125286,6.38,49.7,23.7,24.0,80.0,Si,0.043,238.0,0,0,0,2024,10,30,28.0
2024-10-30,T1_N0P0K0,,,,6.0,0.878,60.9,,,,,,,,,,,,,66.84491978609626,,,,,,,,,0,0,0,2024,10,30,1.0
2024-10-30,T1_N0P0K0,,,,4.0,0.584,60.3,,,,,,,,,,,,,66.84491978609626,,,,,,,,,0,0,0,2024,10,30,1.0
2024-10-30,T1_N0P0K0,,61.2,34.0,4.0,0.755,70.3,5.4,3000.0,800.0,43.0,200.0,11.88,7.4,16.0,7.0,1.0,50.0,0.078,76.39419404125286,6.48,52.2,23.7,24.2,78.8,Si,0.063,82.0,0,0,0,2024,10,30,1.0
2024-10-30,T14_N1P0K2,,,,1.0,0.104,60.3,,,,,,,,,,,,,57.29564553093965,,,,,,,,,1,0,2,2024,10,30,14.0
2024-10-30,T14_N1P0K2,,,,6.0,0.919,70.1,,,,,,,,,,,,,71.61955691367456,,,,,,,,,1,0,2,2024,10,30,14.0
2024-10-30,T14_N1P0K2,,51.3,31.0,7.0,1.595,70.6,5.5,3100.0,540.0,42.0,210.0,11.83,7.3,5.0,7.0,1.0,27.0,0.063,82.76037687802393,6.49,31.9,23.7,24.7,77.6,Si,0.109,58.0,1,0,2,2024,10,30,14.0
2024-10-30,T5_N0P0K2,,65.3,25.0,3.0,0.45,60.8,5.5,3000.0,600.0,45.0,210.0,10.95,6.6,5.0,4.0,1.0,24.0,0.032,70.0280112044818,6.33,51.5,24.1,25.0,75.1,Si,0.047,41.0,0,0,2,2024,10,30,5.0
2024-10-30,T5_N0P0K2,,,,1.0,0.191,70.7,,,,,,,,,,,,,70.0280112044818,,,,,,,,,0,0,2,2024,10,30,5.0
2024-10-30,T5_N0P0K2,,,,4.0,0.931,70.2,,,,,,,,,,,,,71.61955691367456,,,,,,,,,0,0,2,2024,10,30,5.0
2024-10-30,T30_BIO N2P2K2,,55.0,26.0,1.0,0.105,60.8,5.2,2800.0,780.0,50.0,210.0,11.94,6.7,7.0,6.0,2.0,21.0,0.048,52.52100840336134,6.39,45.7,23.7,25.6,74.1,Si,0.049,107.0,2,2,2,2024,10,30,30.0
2024-10-30,T30_BIO N2P2K2,,,,2.0,0.383,70.3,,,,,,,,,,,,,71.61955691367456,,,,,,,,,2,2,2,2024,10,30,30.0
2024-10-30,T30_BIO N2P2K2,,,,0.0,0.0,0.0,,,,,,,,,,,,,0.0,,,,,,,,,2,2,2,2024,10,30,30.0
2024-10-30,T3_N0P2K0,,57.0,25.0,0.0,0.0,0.0,5.2,2400.0,930.0,38.0,200.0,11.23,6.9,4.0,4.0,1.0,16.0,0.025,0.0,6.55,45.1,23.7,24.4,79.1,Si,0.109,269.0,0,2,0,2024,10,30,3.0
2024-10-30,T3_N0P2K0,,,,4.0,0.861,70.7,,,,,,,,,,,,,71.61955691367456,,,,,,,,,0,2,0,2024,10,30,3.0
2024-10-30,T3_N0P2K0,,,,4.0,0.584,60.8,,,,,,,,,,,,,60.47873694932519,,,,,,,,,0,2,0,2024,10,30,3.0
2024-10-30,T7_N0P1K2,,56.7,22.0,4.0,0.849,70.4,5.3,3000.0,640.0,52.0,240.0,11.66,6.8,44.0,33.0,3.0,21.0,0.206,68.43646549528903,6.43,37.3,23.7,24.2,78.3,Si,0.086,155.0,0,1,2,2024,10,30,7.0
2024-10-30,T7_N0P1K2,,,,4.0,0.579,60.7,,,,,,,,,,,,,68.43646549528903,,,,,,,,,0,1,2,2024,10,30,7.0
2024-10-30,T7_N0P1K2,,,,3.0,0.289,60.4,,,,,,,,,,,,,54.11255411255412,,,,,,,,,0,1,2,2024,10,30,7.0
2024-10-30,T21_N2P2K0,,,,6.0,0.844,70.6,,,,,,,,,,,,,70.0280112044818,,,,,,,,,2,2,0,2024,10,30,21.0
2024-10-30,T21_N2P2K0,,,,2.0,0.195,60.1,,,,,,,,,,,,,54.11255411255412,,,,,,,,,2,2,0,2024,10,30,21.0
2024-10-30,T21_N2P2K0,,52.7,17.0,2.0,0.312,60.7,5.3,3100.0,570.0,53.0,380.0,11.6,7.1,9.0,7.0,1.0,25.0,0.043,66.84491978609626,6.37,48.3,23.7,24.2,75.7,Si,0.095,138.0,2,2,0,2024,10,30,21.0
2024-10-30,T23_N2P0K2,,,,3.0,0.41,60.5,,,,,,,,,,,,,70.0280112044818,,,,,,,,,2,0,2,2024,10,30,23.0
2024-10-30,T23_N2P0K2,,,,4.0,0.724,70.2,,,,,,,,,,,,,73.21110262286733,,,,,,,,,2,0,2,2024,10,30,23.0
2024-10-30,T23_N2P0K2,,57.7,24.0,4.0,0.566,70.3,5.3,3300.0,150.0,55.0,460.0,11.12,6.3,17.0,5.0,1.0,18.0,0.082,70.0280112044818,6.46,43.2,23.7,24.3,79.0,Si,0.104,237.0,2,0,2,2024,10,30,23.0
2024-10-30,T20_N2P1K0,,,,4.0,1.051,70.8,,,,,,,,,,,,,82.76037687802393,,,,,,,,,2,1,0,2024,10,30,20.0
2024-10-30,T20_N2P1K0,,,,5.0,0.952,70.1,,,,,,,,,,,,,74.8026483320601,,,,,,,,,2,1,0,2024,10,30,20.0
2024-10-30,T20_N2P1K0,,62.7,21.0,7.0,1.16,70.6,5.4,2500.0,170.0,43.0,250.0,10.01,7.3,6.0,8.0,1.0,43.0,0.038,65.25337407690348,6.24,39.4,23.7,25.4,73.5,Si,0.083,174.0,2,1,0,2024,10,30,20.0
2024-10-30,T18_N1P2K2,,,,10.0,1.029,60.6,,,,,,,,,,,,,60.47873694932519,,,,,,,,,1,2,2,2024,10,30,18.0
2024-10-30,T18_N1P2K2,,,,4.0,0.899,70.4,,,,,,,,,,,,,71.61955691367456,,,,,,,,,1,2,2,2024,10,30,18.0
2024-10-30,T18_N1P2K2,,47.1,24.0,7.0,1.271,70.5,5.3,2600.0,170.0,41.0,220.0,10.69,7.1,9.0,7.0,1.0,35.0,0.059,105.04201680672269,6.38,36.1,24.1,25.4,72.8,Si,0.144,51.0,1,2,2,2024,10,30,18.0
2024-10-30,T6_N0P1K1,,56.8,31.0,7.0,0.826,70.2,5.4,3100.0,260.0,52.0,350.0,10.96,6.8,15.0,5.0,1.0,41.0,0.079,70.0280112044818,6.33,37.2,23.3,23.9,79.5,Si,0.176,248.0,0,1,1,2024,10,30,6.0
2024-10-30,T6_N0P1K1,,,,0.0,0.0,0.0,,,,,,,,,,,,,0.0,,,,,,,,,0,1,1,2024,10,30,6.0
2024-10-30,T6_N0P1K1,,,,2.0,0.271,70.0,,,,,,,,,,,,,62.070282658517954,,,,,,,,,0,1,1,2024,10,30,6.0
2024-10-30,T17_N1P2K1,,58.6,16.0,4.0,0.771,70.0,5.3,3000.0,580.0,45.0,310.0,12.09,7.0,15.0,30.0,2.0,26.0,0.153,70.0280112044818,6.49,43.3,23.3,24.0,80.0,Si,0.231,283.0,1,2,1,2024,10,30,17.0
2024-10-30,T17_N1P2K1,,,,3.0,0.473,60.9,,,,,,,,,,,,,70.0280112044818,,,,,,,,,1,2,1,2024,10,30,17.0
2024-10-30,T17_N1P2K1,,,,5.0,0.948,70.4,,,,,,,,,,,,,70.0280112044818,,,,,,,,,1,2,1,2024,10,30,17.0
2024-10-30,T25_N2P1K2,,58.4,13.0,5.0,0.411,50.4,5.4,3300.0,350.0,54.0,380.0,11.32,6.3,19.0,11.0,1.0,28.0,0.102,55.70409982174688,6.34,52.4,23.3,24.4,76.8,Si,0.122,235.0,2,1,2,2024,10,30,25.0
2024-10-30,T25_N2P1K2,,,,5.0,0.787,60.9,,,,,,,,,,,,,68.43646549528903,,,,,,,,,2,1,2,2024,10,30,25.0
2024-10-30,T25_N2P1K2,,,,7.0,0.934,70.2,,,,,,,,,,,,,65.25337407690348,,,,,,,,,2,1,2,2024,10,30,25.0
2024-10-30,T29_BIO N1P1K1,,47.7,13.0,3.0,0.4,70.0,5.3,3000.0,800.0,44.0,260.0,12.65,6.8,6.0,12.0,2.0,30.0,0.06,68.43646549528903,6.38,49.3,23.7,24.5,74.9,Si,0.063,152.0,1,1,1,2024,10,30,29.0
2024-10-30,T29_BIO N1P1K1,,,,4.0,0.577,70.0,,,,,,,,,,,,,66.84491978609626,,,,,,,,,1,1,1,2024,10,30,29.0
2024-10-30,T29_BIO N1P1K1,,,,3.0,0.517,70.9,,,,,,,,,,,,,68.43646549528903,,,,,,,,,1,1,1,2024,10,30,29.0
2024-10-30,T2_N0P1K0,,,,4.0,0.799,70.3,,,,,,,,,,,,,70.0280112044818,,,,,,,,,0,1,0,2024,10,30,2.0
2024-10-30,T2_N0P1K0,,,,4.0,0.759,70.4,,,,,,,,,,,,,70.0280112044818,,,,,,,,,0,1,0,2024,10,30,2.0
2024-10-30,T2_N0P1K0,,54.8,17.0,4.0,0.72,70.1,5.4,3300.0,360.0,50.0,270.0,11.18,7.0,31.0,14.0,4.0,41.0,0.151,68.43646549528903,6.35,41.2,23.7,24.5,75.2,Si,0.079,175.0,0,1,0,2024,10,30,2.0
2024-10-30,T19_N2P0K0,,,,12.0,1.854,70.7,,,,,,,,,,,,,73.21110262286733,,,,,,,,,2,0,0,2024,10,30,19.0
2024-10-30,T19_N2P0K0,,,,2.0,0.27,60.5,,,,,,,,,,,,,62.070282658517954,,,,,,,,,2,0,0,2024,10,30,19.0
2024-10-30,T19_N2P0K0,,56.7,18.0,5.0,1.072,80.6,5.2,2200.0,810.0,38.0,130.0,9.71,7.1,17.0,22.0,2.0,33.0,0.079,79.5772854596384,6.46,46.8,23.3,24.3,77.2,Si,0.102,240.0,2,0,0,2024,10,30,19.0
2024-10-30,T8_N0P2K1,,,,8.0,1.202,70.2,,,,,,,,,,,,,71.61955691367456,,,,,,,,,0,2,1,2024,10,30,8.0
2024-10-30,T8_N0P2K1,,,,5.0,0.908,70.1,,,,,,,,,,,,,76.39419404125286,,,,,,,,,0,2,1,2024,10,30,8.0
2024-10-30,T8_N0P2K1,,55.3,26.0,8.0,1.163,60.9,5.4,2800.0,980.0,49.0,180.0,11.97,6.1,9.0,6.0,1.0,24.0,0.056,68.43646549528903,6.28,37.1,23.3,24.2,78.7,Si,0.138,260.0,0,2,1,2024,10,30,8.0
2024-10-30,T15_N1P1K1,,,,8.0,1.03,60.9,,,,,,,,,,,,,68.43646549528903,,,,,,,,,1,1,1,2024,10,30,15.0
2024-10-30,T15_N1P1K1,,,,3.0,0.375,60.0,,,,,,,,,,,,,65.25337407690348,,,,,,,,,1,1,1,2024,10,30,15.0
2024-10-30,T15_N1P1K1,,54.5,16.0,6.0,1.112,70.3,5.3,2900.0,670.0,54.0,210.0,11.63,6.9,7.0,11.0,1.0,41.0,0.068,73.21110262286733,6.3,44.4,23.3,23.7,80.3,Si,0.112,152.0,1,1,1,2024,10,30,15.0
2024-10-30,T24_N2P1K1,,44.3,22.0,7.0,1.149,70.3,5.4,2800.0,670.0,44.0,170.0,11.74,7.1,13.0,4.0,1.0,52.0,0.036,68.43646549528903,6.13,24.3,22.9,23.6,79.5,Si,0.227,140.0,2,1,1,2024,10,30,24.0
2024-10-30,T24_N2P1K1,,,,7.0,1.291,70.3,,,,,,,,,,,,,73.21110262286733,,,,,,,,,2,1,1,2024,10,30,24.0
2024-10-30,T24_N2P1K1,,58.8,20.0,4.0,0.648,60.9,,,,,,,6.9,4.0,7.0,1.0,8.0,0.045,66.84491978609626,6.23,32.5,22.9,23.6,83.2,Si,0.067,168.0,2,1,1,2024,10,30,24.0
2024-10-30,T11_N1P1K0,,61.2,20.0,6.0,1.092,70.4,5.4,2800.0,450.0,55.0,330.0,10.42,7.1,8.0,8.0,1.0,31.0,0.05,73.21110262286733,6.35,30.2,22.5,23.1,83.2,Si,0.054,235.0,1,1,0,2024,10,30,11.0
2024-10-30,T11_N1P1K0,,,,9.0,1.512,60.8,,,,,,,,,,,,,70.0280112044818,,,,,,,,,1,1,0,2024,10,30,11.0
2024-10-30,T11_N1P1K0,,,,4.0,0.741,80.1,,,,,,,,,,,,,66.84491978609626,,,,,,,,,1,1,0,2024,10,30,11.0
2024-10-30,T27_N2P2K2,,65.3,25.0,5.0,0.822,70.0,5.4,2700.0,680.0,50.0,350.0,12.37,7.3,4.0,6.0,1.0,37.0,0.037,66.84491978609626,6.13,39.1,22.5,22.9,86.9,Si,0.137,247.0,2,2,2,2024,10,30,27.0
2024-10-30,T27_N2P2K2,,,,7.0,1.402,70.1,,,,,,,,,,,,,73.21110262286733,,,,,,,,,2,2,2,2024,10,30,27.0
2024-10-30,T27_N2P2K2,,,,6.0,1.128,70.3,,,,,,,,,,,,,73.21110262286733,,,,,,,,,2,2,2,2024,10,30,27.0
2024-10-30,T4_N0P0K1,,60.0,27.0,7.0,1.446,70.8,5.4,2200.0,640.0,38.0,230.0,11.35,7.0,24.0,19.0,3.0,35.0,0.152,76.39419404125286,6.34,40.0,22.5,22.5,86.1,Si,0.068,175.0,0,0,1,2024,10,30,4.0
2024-10-30,T4_N0P0K1,,,,5.0,0.869,70.0,,,,,,,,,,,,,71.61955691367456,,,,,,,,,0,0,1,2024,10,30,4.0
2024-10-30,T4_N0P0K1,,,,2.0,0.421,70.5,,,,,,,,,,,,,74.8026483320601,,,,,,,,,0,0,1,2024,10,30,4.0
2024-11-06,T27_N2P2K2,,,,6.0,1.023,70.5,,,,,,,,,,,,,73.21110262286733,,,,,,,,,2,2,2,2024,11,6,27.0
2024-11-06,T27_N2P2K2,,54.6,17.0,6.0,0.846,70.5,5.3,2800.0,580.0,50.0,440.0,13.07,6.7,19.0,11.0,7.0,34.0,0.121,70.0280112044818,5.9,26.8,23.5,25.7,72.3,Si,0.026,326.0,2,2,2,2024,11,6,27.0
2024-11-06,T27_N2P2K2,,,,2.0,0.304,60.7,,,,,,,,,,,,,57.29564553093965,,,,,,,,,2,2,2,2024,11,6,27.0
2024-11-06,T24_N2P1K1,,,,1.0,0.2,70.0,,,,,,,,,,,,,73.21110262286733,,,,,,,,,2,1,1,2024,11,6,24.0
2024-11-06,T24_N2P1K1,,65.1,18.0,3.0,0.366,60.9,5.4,3200.0,420.0,57.0,620.0,13.06,6.0,7.0,4.0,1.0,16.0,0.068,60.47873694932519,6.19,30.5,25.1,27.1,63.7,Si,0.042,573.0,2,1,1,2024,11,6,24.0
2024-11-06,T24_N2P1K1,,,,1.0,0.161,60.7,,,,,,,,,,,,,66.84491978609626,,,,,,,,,2,1,1,2024,11,6,24.0
2024-11-06,T4_N0P0K1,,,,0.0,0.0,0.0,,,,,,,,,,,,,0.0,,,,,,,,,0,0,1,2024,11,6,4.0
2024-11-06,T4_N0P0K1,,65.6,14.0,2.0,0.42,70.7,5.3,3300.0,500.0,66.0,550.0,13.4,7.0,12.0,11.0,1.0,41.0,0.095,0.0716195569136745,6.5,44.5,25.9,27.5,64.0,Si,0.061,593.0,0,0,1,2024,11,6,4.0
2024-11-06,T4_N0P0K1,,,,0.0,0.0,0.0,,,,,,,,,,,,,0.0,,,,,,,,,0,0,1,2024,11,6,4.0
2024-11-06,T15_N1P1K1,,,,0.0,0.0,0.0,,,,,,,,,,,,,0.0,,,,,,,,,1,1,1,2024,11,6,15.0
2024-11-06,T15_N1P1K1,,60.7,19.0,3.0,0.488,70.2,5.3,3200.0,380.0,50.0,1200.0,12.66,6.0,21.0,12.0,1.0,25.0,0.124,68.43646549528903,6.48,37.3,27.1,27.7,62.1,Si,0.074,461.0,1,1,1,2024,11,6,15.0
2024-11-06,T15_N1P1K1,,56.5,16.0,6.0,0.896,70.0,,,,,,,6.5,64.0,62.0,5.0,85.0,0.46,66.84491978609626,6.35,29.6,30.7,31.1,50.6,Si,0.073,750.0,1,1,1,2024,11,6,15.0
2024-11-06,T9_N0P2K2,,,,2.0,0.439,60.8,,,,,,,,,,,,,79.5772854596384,,,,,,,,,0,2,2,2024,11,6,9.0
2024-11-06,T9_N0P2K2,,51.8,11.0,3.0,0.439,60.0,5.3,3300.0,130.0,49.0,610.0,11.12,7.1,8.0,1.0,1.0,13.0,0.047,57.29564553093965,6.5,21.7,25.9,27.9,64.1,Si,0.026,425.0,0,2,2,2024,11,6,9.0
2024-11-06,T9_N0P2K2,,,,3.0,0.541,70.1,,,,,,,,,,,,,68.43646549528903,,,,,,,,,0,2,2,2024,11,6,9.0
2024-11-06,T13_N1P0K1,,,,3.0,0.506,60.8,,,,,,,,,,,,,60.47873694932519,,,,,,,,,1,0,1,2024,11,6,13.0
2024-11-06,T13_N1P0K1,,67.3,14.0,2.0,0.315,70.1,5.3,2900.0,590.0,48.0,510.0,12.15,5.7,22.0,31.0,4.0,15.0,0.197,66.84491978609626,6.54,21.6,25.9,27.7,62.1,Si,0.032,279.0,1,0,1,2024,11,6,13.0
2024-11-06,T13_N1P0K1,,,,1.0,0.158,70.0,,,,,,,,,,,,,65.25337407690348,,,,,,,,,1,0,1,2024,11,6,13.0
2024-11-06,T22_N2P0K1,,,,2.0,0.357,70.0,,,,,,,,,,,,,68.43646549528903,,,,,,,,,2,0,1,2024,11,6,22.0
2024-11-06,T22_N2P0K1,,54.3,13.0,2.0,0.225,60.4,5.3,3100.0,380.0,50.0,400.0,11.34,6.4,24.0,73.0,5.0,26.0,0.384,55.70409982174688,6.5,39.5,25.7,27.8,62.2,Si,0.095,548.0,2,0,1,2024,11,6,22.0
2024-11-06,T22_N2P0K1,,,,2.0,0.273,60.9,,,,,,,,,,,,,57.29564553093965,,,,,,,,,2,0,1,2024,11,6,22.0
2024-11-06,T10_N1P0K0,,,,5.0,1.073,70.5,,,,,,,,,,,,,77.98573975044563,,,,,,,,,1,0,0,2024,11,6,10.0
2024-11-06,T10_N1P0K0,,64.8,16.0,4.0,0.87,70.9,5.3,3000.0,370.0,48.0,390.0,11.13,6.0,6.0,16.0,1.0,18.0,0.083,74.8026483320601,6.48,24.3,25.9,28.2,58.7,Si,0.01,352.0,1,0,0,2024,11,6,10.0
2024-11-06,T10_N1P0K0,,,,2.0,0.289,60.8,,,,,,,,,,,,,66.84491978609626,,,,,,,,,1,0,0,2024,11,6,10.0
2024-11-06,T28_BIO-N0P0K0,,,,4.0,0.725,70.3,,,,,,,,,,,,,71.61955691367456,,,,,,,,,0,0,0,2024,11,6,28.0
2024-11-06,T28_BIO-N0P0K0,,49.5,15.0,4.0,0.61,70.0,5.2,2400.0,730.0,45.0,200.0,12.03,6.7,27.0,51.0,3.0,25.0,0.324,68.43646549528903,6.47,39.8,25.9,27.9,62.4,Si,0.092,543.0,0,0,0,2024,11,6,28.0
2024-11-06,T28_BIO-N0P0K0,,,,6.0,0.642,60.2,,,,,,,,,,,,,58.88719124013242,,,,,,,,,0,0,0,2024,11,6,28.0
2024-11-06,T12_N1P2K0,,,,5.0,0.856,70.4,,,,,,,,,,,,,70.0280112044818,,,,,,,,,1,2,0,2024,11,6,12.0
2024-11-06,T12_N1P2K0,,52.1,27.0,2.0,0.272,70.7,5.2,3200.0,470.0,48.0,340.0,12.71,6.8,12.0,9.0,2.0,29.0,0.09,63.66182836771072,6.41,45.6,25.5,27.6,61.7,Si,0.04,336.0,1,2,0,2024,11,6,12.0
2024-11-06,T12_N1P2K0,,,,2.0,0.306,60.6,,,,,,,,,,,,,71.61955691367456,,,,,,,,,1,2,0,2024,11,6,12.0
2024-11-06,T26_N2P2K1,,,,6.0,0.862,70.0,,,,,,,,,,,,,73.21110262286733,,,,,,,,,2,2,1,2024,11,6,26.0
2024-11-06,T26_N2P2K1,,41.5,11.0,3.0,0.476,70.4,5.3,3100.0,620.0,62.0,320.0,12.58,7.5,18.0,7.0,1.0,42.0,0.111,57.29564553093965,6.56,37.8,25.5,28.0,56.9,Si,0.033,543.0,2,2,1,2024,11,6,26.0
2024-11-06,T26_N2P2K1,,,,2.0,0.374,70.6,,,,,,,,,,,,,70.0280112044818,,,,,,,,,2,2,1,2024,11,6,26.0
2024-11-06,T16_N1P1K2,,,,1.0,0.354,70.4,,,,,,,,,,,,,70.0280112044818,,,,,,,,,1,1,2,2024,11,6,16.0
2024-11-06,T16_N1P1K2,,,,3.0,0.441,60.8,,,,,,,,,,,,,66.84491978609626,,,,,,,,,1,1,2,2024,11,6,16.0
2024-11-06,T1_N0P0K0,,,,1.0,0.123,60.2,,,,,,,,,,,,,60.47873694932519,,,,,,,,,0,0,0,2024,11,6,1.0
2024-11-06,T1_N0P0K0,,58.8,16.0,0.0,0.0,0.0,5.4,3100.0,420.0,62.0,250.0,11.01,6.1,34.0,26.0,2.0,39.0,0.236,0.0,6.49,33.9,26.7,27.1,61.2,Si,0.057,382.0,0,0,0,2024,11,6,1.0
2024-11-06,T1_N0P0K0,,,,0.0,0.0,0.0,,,,,,,,,,,,,0.0,,,,,,,,,0,0,0,2024,11,6,1.0
2024-11-06,T14_N1P0K2,,,,5.0,0.627,60.7,,,,,,,,,,,,,63.66182836771072,,,,,,,,,1,0,2,2024,11,6,14.0
2024-11-06,T14_N1P0K2,,61.4,12.0,2.0,0.414,70.0,5.3,2700.0,74.0,53.0,400.0,10.55,7.0,11.0,6.0,1.0,18.0,0.096,71.61955691367456,6.44,24.3,26.7,27.1,62.3,Si,0.031,643.0,1,0,2,2024,11,6,14.0
2024-11-06,T14_N1P0K2,,,,2.0,0.314,70.0,,,,,,,,,,,,,68.43646549528903,,,,,,,,,1,0,2,2024,11,6,14.0
2024-11-06,T7_N0P1K2,,,,1.0,0.198,60.3,,,,,,,,,,,,,79.5772854596384,,,,,,,,,0,1,2,2024,11,6,7.0
2024-11-06,T7_N0P1K2,,51.5,11.0,1.0,0.239,70.3,5.3,3000.0,380.0,49.0,330.0,11.47,6.1,8.0,1.0,1.0,22.0,0.046,77.98573975044563,6.43,27.0,25.5,26.9,62.3,Si,0.244,630.0,0,1,2,2024,11,6,7.0
2024-11-06,T7_N0P1K2,,,,0.0,0.0,0.0,,,,,,,,,,,,,0.0,,,,,,,,,0,1,2,2024,11,6,7.0
2024-11-06,T3_N0P2K0,,,,2.0,0.241,60.5,,,,,,,,,,,,,55.70409982174688,,,,,,,,,0,2,0,2024,11,6,3.0
2024-11-06,T3_N0P2K0,,60.1,18.0,2.0,0.378,60.9,5.3,2800.0,500.0,45.0,260.0,11.13,5.9,21.0,120.0,9.0,35.0,0.552,70.0280112044818,6.42,36.7,26.3,27.8,54.2,Si,0.028,527.0,0,2,0,2024,11,6,3.0
2024-11-06,T3_N0P2K0,,,,4.0,0.788,70.7,,,,,,,,,,,,,79.5772854596384,,,,,,,,,0,2,0,2024,11,6,3.0
2024-11-06,T23_N2P0K2,,,,3.0,0.59,70.3,,,,,,,,,,,,,74.8026483320601,,,,,,,,,2,0,2,2024,11,6,23.0
2024-11-06,T23_N2P0K2,,59.5,17.0,3.0,0.518,70.1,5.3,3000.0,660.0,50.0,230.0,12.83,6.2,170.0,210.0,13.0,38.0,1.447,70.0280112044818,6.34,42.9,27.1,28.0,54.5,Si,0.095,133.0,2,0,2,2024,11,6,23.0
2024-11-06,T23_N2P0K2,,,,6.0,0.799,70.4,,,,,,,,,,,,,66.84491978609626,,,,,,,,,2,0,2,2024,11,6,23.0
2024-11-06,T21_N2P2K0,,,,3.0,0.467,60.5,,,,,,,,,,,,,66.84491978609626,,,,,,,,,2,2,0,2024,11,6,21.0
2024-11-06,T21_N2P2K0,,57.5,13.0,3.0,0.549,70.1,5.4,3100.0,79.0,48.0,250.0,10.18,7.1,8.0,14.0,1.0,24.0,0.084,70.0280112044818,6.38,35.7,26.3,26.8,58.7,Si,0.121,678.0,2,2,0,2024,11,6,21.0
2024-11-06,T21_N2P2K0,,56.7,21.0,4.0,0.601,60.6,,,,,,,6.6,12.0,24.0,1.0,49.0,0.131,70.0280112044818,6.36,22.9,25.1,26.6,62.1,Si,0.191,148.0,2,2,0,2024,11,6,21.0
2024-11-06,T5_N0P0K2,,,,3.0,0.816,70.9,,,,,,,,,,,,,84.3519225872167,,,,,,,,,0,0,2,2024,11,6,5.0
2024-11-06,T5_N0P0K2,,53.6,16.0,0.0,0.0,0.0,5.2,3200.0,320.0,50.0,440.0,11.98,6.8,10.0,1.0,1.0,34.0,0.062,0.0,6.1,39.4,29.1,30.4,50.1,Si,0.132,903.0,0,0,2,2024,11,6,5.0
2024-11-06,T5_N0P0K2,,,,0.0,0.0,0.0,,,,,,,,,,,,,0.0,,,,,,,,,0,0,2,2024,11,6,5.0
2024-11-06,T30_BIO N2P2K2,,,,1.0,0.176,70.4,,,,,,,,,,,,,66.84491978609626,,,,,,,,,2,2,2,2024,11,6,30.0
2024-11-06,T30_BIO N2P2K2,,61.8,11.0,3.0,0.486,70.3,5.2,3200.0,510.0,59.0,290.0,12.44,6.4,25.0,9.0,2.0,38.0,0.153,73.21110262286733,6.43,38.9,26.7,27.2,58.8,Si,0.018,171.0,2,2,2,2024,11,6,30.0
2024-11-06,T30_BIO N2P2K2,,,,4.0,0.558,60.5,,,,,,,,,,,,,63.66182836771072,,,,,,,,,2,2,2,2024,11,6,30.0
2024-11-06,T20_N2P1K0,,,,2.0,0.427,70.3,,,,,,,,,,,,,74.8026483320601,,,,,,,,,2,1,0,2024,11,6,20.0
2024-11-06,T20_N2P1K0,,54.0,17.0,2.0,0.3,60.8,5.5,3300.0,100.0,53.0,900.0,10.35,6.4,42.0,21.0,2.0,37.0,0.257,65.25337407690348,6.33,34.8,25.9,27.6,64.8,Si,0.034,438.0,2,1,0,2024,11,6,20.0
2024-11-06,T20_N2P1K0,,,,2.0,0.255,60.3,,,,,,,,,,,,,63.66182836771072,,,,,,,,,2,1,0,2024,11,6,20.0
2024-11-06,T18_N1P2K2,,,,3.0,0.483,70.4,,,,,,,,,,,,,66.84491978609626,,,,,,,,,1,2,2,2024,11,6,18.0
2024-11-06,T18_N1P2K2,,63.9,15.0,5.0,0.811,70.3,5.2,2900.0,540.0,62.0,330.0,12.42,6.6,33.0,10.0,2.0,22.0,0.18,74.8026483320601,6.28,34.5,27.9,29.0,59.1,Si,0.048,761.0,1,2,2,2024,11,6,18.0
2024-11-06,T18_N1P2K2,,,,4.0,0.594,60.6,,,,,,,,,,,,,66.84491978609626,,,,,,,,,1,2,2,2024,11,6,18.0
2024-11-06,T29_BIO N1P1K1,,,,0.0,0.0,0.0,,,,,,,,,,,,,0.0,,,,,,,,,1,1,1,2024,11,6,29.0
2024-11-06,T29_BIO N1P1K1,,54.5,12.0,3.0,0.321,60.6,5.3,3200.0,350.0,63.0,410.0,10.56,6.8,18.0,7.0,1.0,27.0,0.104,62.070282658517954,6.51,32.4,28.3,29.1,55.4,Si,0.024,783.0,1,1,1,2024,11,6,29.0
2024-11-06,T29_BIO N1P1K1,,,,2.0,0.242,60.8,,,,,,,,,,,,,57.29564553093965,,,,,,,,,1,1,1,2024,11,6,29.0
2024-11-06,T25_N2P1K2,,,,4.0,0.739,70.5,,,,,,,,,,,,,70.0280112044818,,,,,,,,,2,1,2,2024,11,6,25.0
2024-11-06,T25_N2P1K2,,52.5,9.0,4.0,0.475,70.3,5.2,3000.0,430.0,61.0,230.0,9.97,6.4,63.0,29.0,4.0,41.0,0.362,68.43646549528903,6.29,26.3,28.7,29.3,53.4,Si,0.073,599.0,2,1,2,2024,11,6,25.0
2024-11-06,T25_N2P1K2,,,,1.0,0.065,40.9,,,,,,,,,,,,,50.92946269416858,,,,,,,,,2,1,2,2024,11,6,25.0
2024-11-06,T19_N2P0K0,,,,5.0,0.699,70.5,,,,,,,,,,,,,70.0280112044818,,,,,,,,,2,0,0,2024,11,6,19.0
2024-11-06,T19_N2P0K0,,54.8,16.0,6.0,1.017,60.3,5.3,3000.0,510.0,59.0,190.0,11.47,6.3,9.0,9.0,1.0,20.0,0.077,70.0280112044818,6.29,32.4,29.5,29.2,54.4,Si,0.063,702.0,2,0,0,2024,11,6,19.0
2024-11-06,T19_N2P0K0,,,,2.0,0.3,60.9,,,,,,,,,,,,,66.84491978609626,,,,,,,,,2,0,0,2024,11,6,19.0
2024-11-06,T2_N0P1K0,,,,5.0,0.724,60.9,,,,,,,,,,,,,70.0280112044818,,,,,,,,,0,1,0,2024,11,6,2.0
2024-11-06,T2_N0P1K0,,58.5,25.0,3.0,0.29,50.6,5.2,2700.0,530.0,58.0,190.0,10.49,6.7,4.0,5.0,1.0,32.0,0.045,65.25337407690348,6.43,38.4,28.3,29.2,51.2,Si,0.022,732.0,0,1,0,2024,11,6,2.0
2024-11-06,T2_N0P1K0,,,,5.0,0.709,60.7,,,,,,,,,,,,,66.84491978609626,,,,,,,,,0,1,0,2024,11,6,2.0
2024-11-06,T6_N0P1K1,,,,3.0,0.325,50.8,,,,,,,,,,,,,63.66182836771072,,,,,,,,,0,1,1,2024,11,6,6.0
2024-11-06,T6_N0P1K1,,51.7,20.0,4.0,0.492,60.6,5.3,3500.0,520.0,56.0,500.0,11.9,6.6,15.0,4.0,2.0,42.0,0.085,66.84491978609626,6.37,35.9,27.5,28.5,61.1,Si,0.047,757.0,0,1,1,2024,11,6,6.0
2024-11-06,T6_N0P1K1,,,,3.0,0.385,60.7,,,,,,,,,,,,,66.84491978609626,,,,,,,,,0,1,1,2024,11,6,6.0
2024-11-06,T17_N1P2K1,,,,4.0,0.813,80.2,,,,,,,,,,,,,71.61955691367456,,,,,,,,,1,2,1,2024,11,6,17.0
2024-11-06,T17_N1P2K1,,65.0,13.0,1.0,0.177,60.7,5.1,3500.0,520.0,57.0,390.0,12.04,6.6,29.0,7.0,2.0,64.0,0.142,70.0280112044818,6.37,35.6,26.3,27.3,63.5,Si,0.026,155.0,1,2,1,2024,11,6,17.0
2024-11-06,T17_N1P2K1,,,,8.0,1.416,70.2,,,,,,,,,,,,,77.98573975044563,,,,,,,,,1,2,1,2024,11,6,17.0
2024-11-06,T11_N1P1K0,,,,2.0,0.377,70.2,,,,,,,,,,,,,66.84491978609626,,,,,,,,,1,1,0,2024,11,6,11.0
2024-11-06,T11_N1P1K0,,56.7,25.0,5.0,1.01,70.6,5.2,3100.0,520.0,53.0,330.0,11.35,5.8,38.0,66.0,4.0,110.0,0.369,70.0280112044818,6.57,35.8,28.7,30.4,53.1,Si,0.066,671.0,1,1,0,2024,11,6,11.0
2024-11-06,T11_N1P1K0,,,,0.0,0.0,0.0,,,,,,,,,,,,,0.0,,,,,,,,,1,1,0,2024,11,6,11.0
2024-11-06,T8_N0P2K1,,,,3.0,0.864,70.8,,,,,,,,,,,,,66.84491978609626,,,,,,,,,0,2,1,2024,11,6,8.0
2024-11-06,T8_N0P2K1,,66.8,21.0,1.0,0.201,70.3,5.1,2400.0,670.0,50.0,330.0,10.54,6.0,180.0,79.0,8.0,170.0,0.975,73.21110262286733,6.37,24.0,27.5,29.5,52.4,Si,0.267,611.0,0,2,1,2024,11,6,8.0
2024-11-06,T8_N0P2K1,,,,6.0,0.924,70.4,,,,,,,,,,,,,68.43646549528903,,,,,,,,,0,2,1,2024,11,6,8.0
2024-11-06,T9_N0P2K2,,,,3.0,0.654,70.5,,,,,,,,,,,,,73.21110262286733,,,,,,,,,0,2,2,2024,11,6,9.0
2024-11-06,T9_N0P2K2,,,,5.0,0.696,60.5,,,,,,,,,,,,,63.66182836771072,6.47,41.8,28.3,29.6,53.8,Si,0.121,746.0,0,2,2,2024,11,6,9.0
2024-11-06,T9_N0P2K2,,,,2.0,0.628,60.8,,,,,,,,,,,,,62.070282658517954,,,,,,,,,0,2,2,2024,11,6,9.0
2024-11-06,T13_N1P0K1,,,,4.0,0.671,70.7,,,,,,,,,,,,,66.84491978609626,,,,,,,,,1,0,1,2024,11,6,13.0
2024-11-06,T13_N1P0K1,,,,5.0,0.551,60.9,,,,,,,,,,,,,60.47873694932519,6.43,35.3,28.7,29.3,59.0,Si,0.193,497.0,1,0,1,2024,11,6,13.0
2024-11-06,T13_N1P0K1,,,,3.0,0.538,70.4,,,,,,,,,,,,,76.39419404125286,,,,,,,,,1,0,1,2024,11,6,13.0
2024-11-06,T26_N2P2K1,,,,4.0,0.804,70.3,,,,,,,,,,,,,76.39419404125286,,,,,,,,,2,2,1,2024,11,6,26.0
2024-11-06,T26_N2P2K1,,,,5.0,1.139,70.7,,,,,,,,,,,,,77.98573975044563,6.3,32.2,28.7,29.2,53.0,Si,0.588,575.0,2,2,1,2024,11,6,26.0
2024-11-06,T26_N2P2K1,,,,1.0,0.145,60.6,,,,,,,,,,,,,63.66182836771072,,,,,,,,,2,2,1,2024,11,6,26.0
2024-11-06,T16_N1P1K2,,,,5.0,0.748,70.9,,,,,,,,,,,,,71.61955691367456,,,,,,,,,1,1,2,2024,11,6,16.0
2024-11-06,T16_N1P1K2,,,,7.0,1.447,70.5,,,,,,,,,,,,,77.98573975044563,6.56,25.7,28.7,29.6,53.8,Si,0.134,679.0,1,1,2,2024,11,6,16.0
2024-11-06,T16_N1P1K2,,,,7.0,1.277,70.5,,,,,,,,,,,,,76.39419404125286,,,,,,,,,1,1,2,2024,11,6,16.0
2024-11-06,T10_N1P0K0,,,,6.0,1.04,80.3,,,,,,,,,,,,,77.98573975044563,,,,,,,,,1,0,0,2024,11,6,10.0
2024-11-06,T10_N1P0K0,,,,4.0,0.425,60.4,,,,,,,,,,,,,62.070282658517954,6.4,31.8,27.5,29.7,53.6,Si,0.04,566.0,1,0,0,2024,11,6,10.0
2024-11-06,T10_N1P0K0,,,,5.0,0.922,80.2,,,,,,,,,,,,,0.0763941940412528,,,,,,,,,1,0,0,2024,11,6,10.0
2024-11-06,T22_N2P0K1,,,,3.0,0.602,70.7,,,,,,,,,,,,,76.39419404125286,,,,,,,,,2,0,1,2024,11,6,22.0
2024-11-06,T22_N2P0K1,,,,6.0,1.093,70.8,,,,,,,,,,,,,82.76037687802393,6.46,32.9,29.5,30.0,53.3,Si,0.063,659.0,2,0,1,2024,11,6,22.0
2024-11-06,T22_N2P0K1,,,,4.0,0.547,70.8,,,,,,,,,,,,,68.43646549528903,,,,,,,,,2,0,1,2024,11,6,22.0
2024-11-06,T12_N1P2K0,,,,2.0,0.33,60.7,,,,,,,,,,,,,70.0280112044818,,,,,,,,,1,2,0,2024,11,6,12.0
2024-11-06,T12_N1P2K0,,,,2.0,0.231,60.7,,,,,,,,,,,,,62.070282658517954,6.5,35.8,27.9,30.4,50.1,Si,0.185,637.0,1,2,0,2024,11,6,12.0
2024-11-06,T12_N1P2K0,,,,0.0,0.0,0.0,,,,,,,,,,,,,0.0,,,,,,,,,1,2,0,2024,11,6,12.0
2024-11-06,T28_BIO-N0P0K0,,,,0.0,0.0,0.0,,,,,,,,,,,,,0.0,,,,,,,,,0,0,0,2024,11,6,28.0
2024-11-06,T28_BIO-N0P0K0,,,,9.0,0.94,70.2,,,,,,,,,,,,,70.0280112044818,6.49,32.5,27.9,31.0,51.0,Si,0.056,809.0,0,0,0,2024,11,6,28.0
2024-11-06,T28_BIO-N0P0K0,,,,2.0,0.257,70.0,,,,,,,,,,,,,62.070282658517954,,,,,,,,,0,0,0,2024,11,6,28.0
2024-11-06,T1_N0P0K0,,,,5.0,0.951,70.8,,,,,,,,,,,,,74.8026483320601,,,,,,,,,0,0,0,2024,11,6,1.0
2024-11-06,T1_N0P0K0,,,,6.0,0.762,60.2,,,,,,,,,,,,,60.47873694932519,6.47,30.4,28.7,31.3,50.5,Si,0.133,630.0,0,0,0,2024,11,6,1.0
2024-11-06,T1_N0P0K0,,,,3.0,0.486,60.7,,,,,,,,,,,,,65.25337407690348,,,,,,,,,0,0,0,2024,11,6,1.0
2024-11-06,T14_N1P0K2,,,,9.0,1.618,70.8,,,,,,,,,,,,,76.39419404125286,,,,,,,,,1,0,2,2024,11,6,14.0
2024-11-06,T14_N1P0K2,,,,1.0,0.2,70.7,,,,,,,,,,,,,70.0280112044818,6.49,36.0,29.5,31.3,46.9,Si,0.254,900.0,1,0,2,2024,11,6,14.0
2024-11-06,T14_N1P0K2,,,,5.0,0.646,60.5,,,,,,,,,,,,,60.47873694932519,,,,,,,,,1,0,2,2024,11,6,14.0
2024-11-06,T5_N0P0K2,,,,5.0,1.002,70.5,,,,,,,,,,,,,77.98573975044563,,,,,,,,,0,0,2,2024,11,6,5.0
2024-11-06,T5_N0P0K2,,,,4.0,0.676,70.2,,,,,,,,,,,,,68.43646549528903,6.39,28.7,28.7,31.4,48.6,Si,0.034,888.0,0,0,2,2024,11,6,5.0
2024-11-06,T5_N0P0K2,,,,3.0,0.447,70.6,,,,,,,,,,,,,70.0280112044818,,,,,,,,,0,0,2,2024,11,6,5.0
2024-11-06,T30_BIO N2P2K2,,,,6.0,0.972,60.7,,,,,,,,,,,,,60.47873694932519,,,,,,,,,2,2,2,2024,11,6,30.0
2024-11-06,T30_BIO N2P2K2,,,,2.0,0.29,60.7,,,,,,,,,,,,,66.84491978609626,6.43,31.2,28.7,31.3,49.9,Si,0.049,693.0,2,2,2,2024,11,6,30.0
2024-11-06,T30_BIO N2P2K2,,,,3.0,0.262,50.9,,,,,,,,,,,,,55.70409982174688,,,,,,,,,2,2,2,2024,11,6,30.0
2024-11-06,T3_N0P2K0,,,,4.0,0.354,50.9,,,,,,,,,,,,,54.11255411255412,,,,,,,,,0,2,0,2024,11,6,3.0
2024-11-06,T3_N0P2K0,,,,7.0,0.929,60.7,,,,,,,,,,,,,70.0280112044818,6.48,34.9,27.7,30.7,51.3,Si,0.048,738.0,0,2,0,2024,11,6,3.0
2024-11-06,T3_N0P2K0,,,,6.0,0.631,60.1,,,,,,,,,,,,,60.47873694932519,,,,,,,,,0,2,0,2024,11,6,3.0
2024-11-06,T7_N0P1K2,,,,6.0,1.284,70.1,,,,,,,,,,,,,71.61955691367456,,,,,,,,,0,1,2,2024,11,6,7.0
2024-11-06,T7_N0P1K2,,,,4.0,0.57,50.9,,,,,,,,,,,,,62.070282658517954,6.39,42.3,27.9,30.4,50.7,Si,0.131,575.0,0,1,2,2024,11,6,7.0
2024-11-06,T7_N0P1K2,,,,3.0,0.38,60.4,,,,,,,,,,,,,60.47873694932519,,,,,,,,,0,1,2,2024,11,6,7.0
2024-11-06,T21_N2P2K0,,,,7.0,1.138,70.3,,,,,,,,,,,,,68.43646549528903,,,,,,,,,2,2,0,2024,11,6,21.0
2024-11-06,T21_N2P2K0,,,,2.0,0.296,60.8,,,,,,,,,,,,,66.84491978609626,6.58,30.8,30.7,30.2,50.3,Si,0.051,742.0,2,2,0,2024,11,6,21.0
2024-11-06,T21_N2P2K0,,,,6.0,1.35,60.9,,,,,,,,,,,,,62.070282658517954,,,,,,,,,2,2,0,2024,11,6,21.0
2024-11-06,T23_N2P0K2,,,,3.0,0.597,70.2,,,,,,,,,,,,,76.39419404125286,,,,,,,,,2,0,2,2024,11,6,23.0
2024-11-06,T23_N2P0K2,,,,12.0,1.645,60.8,,,,,,,,,,,,,70.0280112044818,6.5,28.7,31.1,30.5,53.5,Si,0.042,678.0,2,0,2,2024,11,6,23.0
2024-11-06,T23_N2P0K2,,,,3.0,0.588,70.7,,,,,,,,,,,,,73.21110262286733,,,,,,,,,2,0,2,2024,11,6,23.0
2024-11-06,T20_N2P1K0,,,,3.0,0.689,70.6,,,,,,,,,,,,,76.39419404125286,,,,,,,,,2,1,0,2024,11,6,20.0
2024-11-06,T20_N2P1K0,,,,6.0,0.883,70.0,,,,,,,,,,,,,74.8026483320601,6.42,22.3,31.1,30.7,55.8,Si,0.057,834.0,2,1,0,2024,11,6,20.0
2024-11-06,T20_N2P1K0,,,,4.0,0.575,70.1,,,,,,,,,,,,,70.0280112044818,,,,,,,,,2,1,0,2024,11,6,20.0
2024-11-06,T18_N1P2K2,,,,1.0,0.14,60.5,,,,,,,,,,,,,65.25337407690348,,,,,,,,,1,2,2,2024,11,6,18.0
2024-11-06,T18_N1P2K2,,,,9.0,1.726,70.8,,,,,,,,,,,,,81.16883116883118,6.43,31.3,29.5,30.7,48.1,Si,0.228,580.0,1,2,2,2024,11,6,18.0
2024-11-06,T18_N1P2K2,,,,7.0,0.957,70.2,,,,,,,,,,,,,70.0280112044818,,,,,,,,,1,2,2,2024,11,6,18.0
2024-11-06,T6_N0P1K1,,,,2.0,0.273,60.7,,,,,,,,,,,,,58.88719124013242,,,,,,,,,0,1,1,2024,11,6,6.0
2024-11-06,T6_N0P1K1,,,,3.0,0.624,60.8,,,,,,,,,,,,,68.43646549528903,6.36,39.2,28.7,30.9,47.6,Si,0.038,500.0,0,1,1,2024,11,6,6.0
2024-11-06,T6_N0P1K1,,,,3.0,0.505,70.3,,,,,,,,,,,,,66.84491978609626,,,,,,,,,0,1,1,2024,11,6,6.0
2024-11-06,T17_N1P2K1,,,,3.0,0.488,70.3,,,,,,,,,,,,,73.21110262286733,,,,,,,,,1,2,1,2024,11,6,17.0
2024-11-06,T17_N1P2K1,,,,2.0,0.303,60.6,,,,,,,,,,,,,68.43646549528903,6.43,37.9,30.7,30.7,47.1,Si,0.044,866.0,1,2,1,2024,11,6,17.0
2024-11-06,T17_N1P2K1,,,,6.0,1.102,70.2,,,,,,,,,,,,,73.21110262286733,,,,,,,,,1,2,1,2024,11,6,17.0
2024-11-06,T25_N2P1K2,,,,2.0,0.429,80.0,,,,,,,,,,,,,89.12655971479501,,,,,,,,,2,1,2,2024,11,6,25.0
2024-11-06,T25_N2P1K2,,,,4.0,0.709,70.2,,,,,,,,,,,,,66.84491978609626,6.36,24.5,30.3,30.4,51.2,Si,0.046,705.0,2,1,2,2024,11,6,25.0
2024-11-06,T25_N2P1K2,,,,5.0,0.927,70.3,,,,,,,,,,,,,77.98573975044563,,,,,,,,,2,1,2,2024,11,6,25.0
2024-11-06,T29_BIO N1P1K1,,,,1.0,0.141,60.7,,,,,,,,,,,,,66.84491978609626,,,,,,,,,1,1,1,2024,11,6,29.0
2024-11-06,T29_BIO N1P1K1,,,,5.0,0.715,70.5,,,,,,,,,,,,,70.0280112044818,6.48,29.3,30.7,30.1,52.8,Si,0.037,502.0,1,1,1,2024,11,6,29.0
2024-11-06,T29_BIO N1P1K1,,,,6.0,1.003,70.7,,,,,,,,,,,,,73.21110262286733,,,,,,,,,1,1,1,2024,11,6,29.0
2024-11-06,T2_N0P1K0,,,,5.0,1.007,70.7,,,,,,,,,,,,,74.8026483320601,,,,,,,,,0,1,0,2024,11,6,2.0
2024-11-06,T2_N0P1K0,,,,5.0,0.872,70.7,,,,,,,,,,,,,79.5772854596384,6.37,34.4,29.5,30.6,51.9,Si,0.102,135.0,0,1,0,2024,11,6,2.0
2024-11-06,T2_N0P1K0,,,,2.0,0.327,70.5,,,,,,,,,,,,,66.84491978609626,,,,,,,,,0,1,0,2024,11,6,2.0
2024-11-06,T19_N2P0K0,,,,3.0,0.421,60.3,,,,,,,,,,,,,58.88719124013242,,,,,,,,,2,0,0,2024,11,6,19.0
2024-11-06,T19_N2P0K0,,,,0.0,0.0,0.0,,,,,,,,,,,,,0.0,6.39,23.9,29.1,29.7,49.2,Si,0.158,141.0,2,0,0,2024,11,6,19.0
2024-11-06,T19_N2P0K0,,,,6.0,1.147,70.8,,,,,,,,,,,,,71.61955691367456,,,,,,,,,2,0,0,2024,11,6,19.0
2024-11-06,T8_N0P2K1,,,,4.0,0.723,70.1,,,,,,,,,,,,,76.39419404125286,,,,,,,,,0,2,1,2024,11,6,8.0
2024-11-06,T8_N0P2K1,,,,3.0,0.537,70.1,,,,,,,,,,,,,71.61955691367456,6.48,30.5,28.3,28.9,49.7,Si,0.397,492.0,0,2,1,2024,11,6,8.0
2024-11-06,T8_N0P2K1,,,,2.0,0.486,70.0,,,,,,,,,,,,,76.39419404125286,,,,,,,,,0,2,1,2024,11,6,8.0
2024-11-06,T15_N1P1K1,,,,7.0,0.926,60.9,,,,,,,,,,,,,71.61955691367456,,,,,,,,,1,1,1,2024,11,6,15.0
2024-11-06,T15_N1P1K1,,,,3.0,0.645,70.3,,,,,,,,,,,,,81.16883116883118,6.19,40.4,28.7,29.5,54.7,Si,0.124,820.0,1,1,1,2024,11,6,15.0
2024-11-06,T15_N1P1K1,,,,2.0,0.373,70.4,,,,,,,,,,,,,73.21110262286733,,,,,,,,,1,1,1,2024,11,6,15.0
2024-11-06,T24_N2P1K1,,,,1.0,0.194,70.3,,,,,,,,,,,,,73.21110262286733,,,,,,,,,2,1,1,2024,11,6,24.0
2024-11-06,T24_N2P1K1,,,,3.0,0.355,60.6,,,,,,,,,,,,,65.25337407690348,6.27,34.5,29.9,30.6,49.8,Si,0.201,837.0,2,1,1,2024,11,6,24.0
2024-11-06,T24_N2P1K1,,58.6,15.0,1.0,0.176,70.3,,,,,,,7.5,8.0,28.0,1.0,80.0,0.133,73.21110262286733,6.44,28.8,28.3,29.0,57.8,Si,0.373,626.0,2,1,1,2024,11,6,24.0
2024-11-06,T11_N1P1K0,,,,6.0,1.184,70.5,,,,,,,,,,,,,71.61955691367456,,,,,,,,,1,1,0,2024,11,6,11.0
2024-11-06,T11_N1P1K0,,,,2.0,0.25,60.3,,,,,,,,,,,,,60.47873694932519,6.4,34.4,28.3,29.2,53.4,Si,0.136,164.0,1,1,0,2024,11,6,11.0
2024-11-06,T11_N1P1K0,,,,1.0,0.195,70.5,,,,,,,,,,,,,71.61955691367456,,,,,,,,,1,1,0,2024,11,6,11.0
2024-11-06,T27_N2P2K2,,,,3.0,0.476,70.1,,,,,,,,,,,,,68.43646549528903,,,,,,,,,2,2,2,2024,11,6,27.0
2024-11-06,T27_N2P2K2,,,,3.0,0.535,60.9,,,,,,,,,,,,,60.47873694932519,6.35,30.2,28.7,30.3,51.4,Si,0.08,123.0,2,2,2,2024,11,6,27.0
2024-11-06,T27_N2P2K2,,,,5.0,1.013,70.4,,,,,,,,,,,,,81.16883116883118,,,,,,,,,2,2,2,2024,11,6,27.0
2024-11-06,T4_N0P0K1,,,,2.0,0.285,60.8,,,,,,,,,,,,,63.66182836771072,,,,,,,,,0,0,1,2024,11,6,4.0
2024-11-06,T4_N0P0K1,,,,2.0,0.259,60.7,,,,,,,,,,,,,66.84491978609626,6.45,30.8,30.7,30.7,51.5,Si,0.175,414.0,0,0,1,2024,11,6,4.0
2024-11-06,T4_N0P0K1,,,,1.0,0.194,70.3,,,,,,,,,,,,,79.5772854596384,,,,,,,,,0,0,1,2024,11,6,4.0
2024-11-13,T27_N2P2K2,,,,3.0,0.52,70.1,,,,,,,,,,,,,70.0280112044818,,,,,,,,,2,2,2,2024,11,13,27.0
2024-11-13,T27_N2P2K2,,,,0.0,0.0,0.0,,,,,,,,,,,,,0.0,6.26,30.2,25.4,25.5,62.5,Si,0.328,404.0,2,2,2,2024,11,13,27.0
2024-11-13,T27_N2P2K2,,,,7.0,1.435,60.8,,,,,,,,,,,,,77.98573975044563,,,,,,,,,2,2,2,2024,11,13,27.0
2024-11-13,T24_N2P1K1,,,,5.0,0.581,60.8,,,,,,,,,,,,,77.98573975044563,,,,,,,,,2,1,1,2024,11,13,24.0
2024-11-13,T24_N2P1K1,,,,4.0,0.588,70.6,,,,,,,,,,,,,65.25337407690348,6.29,25.1,25.8,26.1,63.9,Si,0.252,250.0,2,1,1,2024,11,13,24.0
2024-11-13,T24_N2P1K1,,,,2.0,0.304,70.3,,,,,,,,,,,,,65.25337407690348,,,,,,,,,2,1,1,2024,11,13,24.0
2024-11-13,T4_N0P0K1,,,,0.0,0.0,0.0,,,,,,,,,,,,,0.0,,,,,,,,,0,0,1,2024,11,13,4.0
2024-11-13,T4_N0P0K1,,,,2.0,0.27,70.0,,,,,,,,,,,,,65.25337407690348,6.48,25.7,25.8,26.1,61.2,Si,0.113,238.0,0,0,1,2024,11,13,4.0
2024-11-13,T4_N0P0K1,,,,3.0,0.473,70.5,,,,,,,,,,,,,71.61955691367456,,,,,,,,,0,0,1,2024,11,13,4.0
2024-11-13,T15_N1P1K1,,,,0.0,0.0,0.0,,,,,,,,,,,,,0.0,,,,,,,,,1,1,1,2024,11,13,15.0
2024-11-13,T15_N1P1K1,,,,1.0,0.11,60.4,,,,,,,,,,,,,58.88719124013242,6.33,21.8,26.6,27.5,65.2,Si,0.332,761.0,1,1,1,2024,11,13,15.0
2024-11-13,T15_N1P1K1,,62.7,9.0,1.0,0.204,70.2,,,,,,,6.8,110.0,50.0,8.0,21.0,0.762,74.8026483320601,6.45,21.6,27.0,28.1,58.4,Si,0.32,813.0,1,1,1,2024,11,13,15.0
2024-11-13,T9_N0P2K2,,,,4.0,0.754,70.4,,,,,,,,,,,,,73.21110262286733,,,,,,,,,0,2,2,2024,11,13,9.0
2024-11-13,T9_N0P2K2,,,,5.0,0.896,70.5,,,,,,,,,,,,,70.0280112044818,6.31,28.8,26.2,26.6,64.5,Si,0.078,876.0,0,2,2,2024,11,13,9.0
2024-11-13,T9_N0P2K2,,,,3.0,0.731,70.2,,,,,,,,,,,,,71.61955691367456,,,,,,,,,0,2,2,2024,11,13,9.0
2024-11-13,T13_N1P0K1,,,,3.0,0.444,70.2,,,,,,,,,,,,,66.84491978609626,,,,,,,,,1,0,1,2024,11,13,13.0
2024-11-13,T13_N1P0K1,,,,9.0,1.387,70.0,,,,,,,,,,,,,70.0280112044818,6.39,25.9,25.8,26.2,63.1,Si,0.201,679.0,1,0,1,2024,11,13,13.0
2024-11-13,T13_N1P0K1,,,,3.0,0.389,60.8,,,,,,,,,,,,,63.66182836771072,,,,,,,,,1,0,1,2024,11,13,13.0
2024-11-13,T22_N2P0K1,,,,3.0,0.55,70.8,,,,,,,,,,,,,71.61955691367456,,,,,,,,,2,0,1,2024,11,13,22.0
2024-11-13,T22_N2P0K1,,,,4.0,0.567,70.6,,,,,,,,,,,,,66.84491978609626,6.37,28.3,25.0,25.5,63.0,Si,0.165,783.0,2,0,1,2024,11,13,22.0
2024-11-13,T22_N2P0K1,,,,2.0,0.306,60.8,,,,,,,,,,,,,68.43646549528903,,,,,,,,,2,0,1,2024,11,13,22.0
2024-11-13,T10_N1P0K0,,,,0.0,0.0,0.0,,,,,,,,,,,,,0.0,,,,,,,,,1,0,0,2024,11,13,10.0
2024-11-13,T10_N1P0K0,,,,1.0,0.161,70.5,,,,,,,,,,,,,65.25337407690348,6.17,45.4,25.4,25.4,65.5,Si,0.232,278.0,1,0,0,2024,11,13,10.0
2024-11-13,T10_N1P0K0,,,,6.0,1.287,60.9,,,,,,,,,,,,,68.43646549528903,,,,,,,,,1,0,0,2024,11,13,10.0
2024-11-13,T28_BIO-N0P0K0,,,,2.0,0.34,70.2,,,,,,,,,,,,,68.43646549528903,,,,,,,,,0,0,0,2024,11,13,28.0
2024-11-13,T28_BIO-N0P0K0,,,,2.0,0.153,57.0,,,,,,,,,,,,,52.52100840336134,6.3,31.4,26.2,25.6,60.7,Si,0.34,278.0,0,0,0,2024,11,13,28.0
2024-11-13,T28_BIO-N0P0K0,,,,2.0,0.225,60.3,,,,,,,,,,,,,58.88719124013242,,,,,,,,,0,0,0,2024,11,13,28.0
2024-11-13,T12_N1P2K0,,,,5.0,0.692,70.3,,,,,,,,,,,,,63.66182836771072,,,,,,,,,1,2,0,2024,11,13,12.0
2024-11-13,T12_N1P2K0,,,,1.0,0.088,60.8,,,,,,,,,,,,,50.92946269416858,6.42,26.8,25.8,25.4,65.6,Si,0.276,437.0,1,2,0,2024,11,13,12.0
2024-11-13,T12_N1P2K0,,,,3.0,0.502,70.6,,,,,,,,,,,,,70.0280112044818,,,,,,,,,1,2,0,2024,11,13,12.0
2024-11-13,T26_N2P2K1,,,,1.0,0.257,70.8,,,,,,,,,,,,,79.5772854596384,,,,,,,,,2,2,1,2024,11,13,26.0
2024-11-13,T26_N2P2K1,,,,0.0,0.0,0.0,,,,,,,,,,,,,0.0,6.49,28.0,25.0,25.0,67.9,Si,0.374,363.0,2,2,1,2024,11,13,26.0
2024-11-13,T26_N2P2K1,,,,1.0,0.127,60.8,,,,,,,,,,,,,65.25337407690348,,,,,,,,,2,2,1,2024,11,13,26.0
2024-11-13,T16_N1P1K2,,,,3.0,0.421,215.0,,,,,,,,,,,,,68.43646549528903,,,,,,,,,1,1,2,2024,11,13,16.0
2024-11-13,T16_N1P1K2,,,,0.0,0.0,0.0,,,,,,,,,,,,,0.0,,,,,,,,,1,1,2,2024,11,13,16.0
2024-11-13,T16_N1P1K2,,,,3.0,0.257,60.5,,,,,,,,,,,,,6.207028265851795,,,,,,,,,1,1,2,2024,11,13,16.0
2024-11-13,T1_N0P0K0,,,,1.0,0.137,60.7,,,,,,,,,,,,,62.070282658517954,,,,,,,,,0,0,0,2024,11,13,1.0
2024-11-13,T1_N0P0K0,,,,2.0,0.196,50.9,,,,,,,,,,,,,54.11255411255412,6.34,33.9,24.7,24.7,65.6,Si,0.142,389.0,0,0,0,2024,11,13,1.0
2024-11-13,T1_N0P0K0,,,,0.0,0.0,0.0,,,,,,,,,,,,,0.0,,,,,,,,,0,0,0,2024,11,13,1.0
2024-11-13,T14_N1P0K2,,,,1.0,0.104,60.1,,,,,,,,,,,,,57.29564553093965,,,,,,,,,1,0,2,2024,11,13,14.0
2024-11-13,T14_N1P0K2,,,,4.0,0.715,50.8,,,,,,,,,,,,,62.070282658517954,6.51,28.1,25.0,24.8,66.7,Si,0.297,374.0,1,0,2,2024,11,13,14.0
2024-11-13,T14_N1P0K2,,,,3.0,0.506,60.9,,,,,,,,,,,,,65.25337407690348,,,,,,,,,1,0,2,2024,11,13,14.0
2024-11-13,T7_N0P1K2,,,,0.0,0.0,0.0,,,,,,,,,,,,,0.0,,,,,,,,,0,1,2,2024,11,13,7.0
2024-11-13,T7_N0P1K2,,,,4.0,0.541,70.5,,,,,,,,,,,,,68.43646549528903,6.36,47.3,25.8,25.5,64.3,Si,0.138,352.0,0,1,2,2024,11,13,7.0
2024-11-13,T7_N0P1K2,,,,1.0,0.09,60.2,,,,,,,,,,,,,55.70409982174688,,,,,,,,,0,1,2,2024,11,13,7.0
2024-11-13,T3_N0P2K0,,,,1.0,0.108,60.2,,,,,,,,,,,,,57.29564553093965,,,,,,,,,0,2,0,2024,11,13,3.0
2024-11-13,T3_N0P2K0,,,,6.0,0.895,70.2,,,,,,,,,,,,,65.25337407690348,6.14,49.5,26.2,25.6,65.6,Si,0.118,246.0,0,2,0,2024,11,13,3.0
2024-11-13,T3_N0P2K0,,,,0.0,0.0,0.0,,,,,,,,,,,,,0.0,,,,,,,,,0,2,0,2024,11,13,3.0
2024-11-13,T23_N2P0K2,,,,5.0,0.662,70.1,,,,,,,,,,,,,63.66182836771072,,,,,,,,,2,0,2,2024,11,13,23.0
2024-11-13,T23_N2P0K2,,,,3.0,0.488,60.6,,,,,,,,,,,,,68.43646549528903,6.47,32.4,24.6,25.2,67.4,Si,0.564,315.0,2,0,2,2024,11,13,23.0
2024-11-13,T23_N2P0K2,,,,3.0,0.439,70.2,,,,,,,,,,,,,70.0280112044818,,,,,,,,,2,0,2,2024,11,13,23.0
2024-11-13,T21_N2P2K0,,,,4.0,0.553,50.9,,,,,,,,,,,,,58.88719124013242,,,,,,,,,2,2,0,2024,11,13,21.0
2024-11-13,T21_N2P2K0,,,,4.0,0.574,60.7,,,,,,,,,,,,,71.61955691367456,6.38,29.3,24.6,25.3,63.8,Si,0.241,296.0,2,2,0,2024,11,13,21.0
2024-11-13,T21_N2P2K0,,56.2,19.0,4.0,0.485,60.7,,,,,,,6.9,24.0,53.0,3.0,8.0,0.296,68.43646549528903,6.35,37.3,25.0,25.2,62.3,Si,0.234,283.0,2,2,0,2024,11,13,21.0
2024-11-13,T5_N0P0K2,,,,2.0,0.342,70.5,,,,,,,,,,,,,70.0280112044818,,,,,,,,,0,0,2,2024,11,13,5.0
2024-11-13,T5_N0P0K2,,,,2.0,0.201,50.9,,,,,,,,,,,,,58.88719124013242,6.25,28.4,24.6,25.0,64.0,Si,0.383,286.0,0,0,2,2024,11,13,5.0
2024-11-13,T5_N0P0K2,,,,0.0,0.0,0.0,,,,,,,,,,,,,0.0,,,,,,,,,0,0,2,2024,11,13,5.0
2024-11-13,T30_BIO N2P2K2,,,,1.0,0.174,70.2,,,,,,,,,,,,,66.84491978609626,,,,,,,,,2,2,2,2024,11,13,30.0
2024-11-13,T30_BIO N2P2K2,,,,4.0,0.594,60.3,,,,,,,,,,,,,70.0280112044818,6.45,28.5,24.6,24.9,65.1,Si,0.32,278.0,2,2,2,2024,11,13,30.0
2024-11-13,T30_BIO N2P2K2,,,,5.0,0.704,70.3,,,,,,,,,,,,,66.84491978609626,,,,,,,,,2,2,2,2024,11,13,30.0
2024-11-13,T20_N2P1K0,,,,2.0,0.314,60.9,,,,,,,,,,,,,68.43646549528903,,,,,,,,,2,1,0,2024,11,13,20.0
2024-11-13,T20_N2P1K0,,,,3.0,0.437,70.1,,,,,,,,,,,,,70.0280112044818,6.36,31.6,25.0,24.9,63.2,Si,0.164,283.0,2,1,0,2024,11,13,20.0
2024-11-13,T20_N2P1K0,,,,7.0,0.942,70.3,,,,,,,,,,,,,68.43646549528903,,,,,,,,,2,1,0,2024,11,13,20.0
2024-11-13,T18_N1P2K2,,,,3.0,0.485,70.0,,,,,,,,,,,,,68.43646549528903,,,,,,,,,1,2,2,2024,11,13,18.0
2024-11-13,T18_N1P2K2,,,,3.0,0.475,70.2,,,,,,,,,,,,,66.84491978609626,6.33,45.2,24.6,24.9,63.3,Si,0.145,282.0,1,2,2,2024,11,13,18.0
2024-11-13,T18_N1P2K2,,,,5.0,0.975,70.2,,,,,,,,,,,,,71.61955691367456,,,,,,,,,1,2,2,2024,11,13,18.0
2024-11-13,T29_BIO N1P1K1,,,,5.0,0.668,70.6,,,,,,,,,,,,,71.61955691367456,,,,,,,,,1,1,1,2024,11,13,29.0
2024-11-13,T29_BIO N1P1K1,,,,3.0,0.442,70.1,,,,,,,,,,,,,65.25337407690348,6.36,37.1,25.0,25.3,65.5,Si,0.145,280.0,1,1,1,2024,11,13,29.0
2024-11-13,T29_BIO N1P1K1,,,,4.0,0.632,60.9,,,,,,,,,,,,,66.84491978609626,,,,,,,,,1,1,1,2024,11,13,29.0
2024-11-13,T25_N2P1K2,,,,0.0,0.0,0.0,,,,,,,,,,,,,0.0,,,,,,,,,2,1,2,2024,11,13,25.0
2024-11-13,T25_N2P1K2,,,,4.0,0.567,70.0,,,,,,,,,,,,,65.25337407690348,6.28,39.3,25.0,25.2,64.5,Si,0.116,312.0,2,1,2,2024,11,13,25.0
2024-11-13,T25_N2P1K2,,,,2.0,0.24,70.1,,,,,,,,,,,,,70.0280112044818,,,,,,,,,2,1,2,2024,11,13,25.0
2024-11-13,T19_N2P0K0,,,,2.0,0.327,90.3,,,,,,,,,,,,,79.5772854596384,,,,,,,,,2,0,0,2024,11,13,19.0
2024-11-13,T19_N2P0K0,,,,1.0,0.156,70.2,,,,,,,,,,,,,65.25337407690348,6.24,41.6,24.2,25.0,61.7,Si,0.137,312.0,2,0,0,2024,11,13,19.0
2024-11-13,T19_N2P0K0,,,,3.0,0.487,60.7,,,,,,,,,,,,,68.43646549528903,,,,,,,,,2,0,0,2024,11,13,19.0
2024-11-13,T2_N0P1K0,,,,2.0,0.304,70.4,,,,,,,,,,,,,65.25337407690348,,,,,,,,,0,1,0,2024,11,13,2.0
2024-11-13,T2_N0P1K0,,,,6.0,0.921,60.9,,,,,,,,,,,,,68.43646549528903,6.26,37.9,24.2,25.1,65.8,Si,0.155,278.0,0,1,0,2024,11,13,2.0
2024-11-13,T2_N0P1K0,,,,9.0,0.905,60.2,,,,,,,,,,,,,62.070282658517954,,,,,,,,,0,1,0,2024,11,13,2.0
2024-11-13,T6_N0P1K1,,,,5.0,0.509,40.9,,,,,,,,,,,,,57.29564553093965,,,,,,,,,0,1,1,2024,11,13,6.0
2024-11-13,T6_N0P1K1,,,,1.0,0.107,60.3,,,,,,,,,,,,,57.29564553093965,6.15,39.0,23.8,24.7,68.2,Si,0.101,361.0,0,1,1,2024,11,13,6.0
2024-11-13,T6_N0P1K1,,,,0.0,0.0,0.0,,,,,,,,,,,,,0.0,,,,,,,,,0,1,1,2024,11,13,6.0
2024-11-13,T17_N1P2K1,,,,2.0,0.261,60.5,,,,,,,,,,,,,62.070282658517954,,,,,,,,,1,2,1,2024,11,13,17.0
2024-11-13,T17_N1P2K1,,,,1.0,0.139,70.3,,,,,,,,,,,,,37.87878787878788,6.4,36.3,23.4,24.6,66.0,Si,0.258,366.0,1,2,1,2024,11,13,17.0
2024-11-13,T17_N1P2K1,,,,0.0,0.0,0.0,,,,,,,,,,,,,0.0,,,,,,,,,1,2,1,2024,11,13,17.0
2024-11-13,T11_N1P1K0,,,,4.0,0.51,60.5,,,,,,,,,,,,,71.61955691367456,,,,,,,,,1,1,0,2024,11,13,11.0
2024-11-13,T11_N1P1K0,,,,3.0,0.49,70.1,,,,,,,,,,,,,71.61955691367456,6.38,49.1,23.4,24.4,67.2,Si,0.205,345.0,1,1,0,2024,11,13,11.0
2024-11-13,T11_N1P1K0,,,,2.0,0.232,60.4,,,,,,,,,,,,,62.070282658517954,,,,,,,,,1,1,0,2024,11,13,11.0
2024-11-13,T8_N0P2K1,,,,1.0,0.187,70.4,,,,,,,,,,,,,71.61955691367456,,,,,,,,,0,2,1,2024,11,13,8.0
2024-11-13,T8_N0P2K1,,,,3.0,0.512,70.2,,,,,,,,,,,,,71.61955691367456,6.36,42.7,23.8,24.6,62.6,Si,0.174,394.0,0,2,1,2024,11,13,8.0
2024-11-13,T8_N0P2K1,,,,1.0,0.086,50.8,,,,,,,,,,,,,58.88719124013242,,,,,,,,,0,2,1,2024,11,13,8.0
2024-11-13,T9_N0P2K2,,,,4.0,0.619,70.4,,,,,,,,,,,,,68.43646549528903,,,,,,,,,0,2,2,2024,11,13,9.0
2024-11-13,T9_N0P2K2,,51.9,28.0,2.0,0.285,60.7,5.7,3300.0,740.0,72.0,72.0,13.37,6.9,99.0,560.0,15.0,11.0,0.729,65.25337407690348,6.33,41.1,24.2,25.0,64.6,Si,0.191,296.0,0,2,2,2024,11,13,9.0
2024-11-13,T9_N0P2K2,,,,3.0,0.624,80.5,,,,,,,,,,,,,77.98573975044563,,,,,,,,,0,2,2,2024,11,13,9.0
2024-11-13,T13_N1P0K1,,,,5.0,0.621,70.3,,,,,,,,,,,,,68.43646549528903,,,,,,,,,1,0,1,2024,11,13,13.0
2024-11-13,T13_N1P0K1,,62.4,14.0,3.0,0.293,60.3,5.7,3600.0,610.0,76.0,73.0,10.72,6.7,72.0,64.0,5.0,14.0,0.642,55.70409982174688,6.34,29.9,24.6,25.1,64.4,Si,0.198,559.0,1,0,1,2024,11,13,13.0
2024-11-13,T13_N1P0K1,,,,2.0,0.233,60.4,,,,,,,,,,,,,58.88719124013242,,,,,,,,,1,0,1,2024,11,13,13.0
2024-11-13,T26_N2P2K1,,,,4.0,0.922,70.6,,,,,,,,,,,,,79.5772854596384,,,,,,,,,2,2,1,2024,11,13,26.0
2024-11-13,T26_N2P2K1,,55.0,16.0,2.0,0.375,60.8,5.8,3400.0,440.0,64.0,52.0,11.77,7.2,90.0,170.0,10.0,13.0,1.025,74.8026483320601,6.25,22.9,23.4,24.3,68.6,Si,0.299,271.0,2,2,1,2024,11,13,26.0
2024-11-13,T26_N2P2K1,,,,4.0,0.837,80.0,,,,,,,,,,,,,77.98573975044563,,,,,,,,,2,2,1,2024,11,13,26.0
2024-11-13,T16_N1P1K2,,,,4.0,0.684,70.0,,,,,,,,,,,,,71.61955691367456,,,,,,,,,1,1,2,2024,11,13,16.0
2024-11-13,T16_N1P1K2,,61.1,21.0,4.0,0.65,70.4,5.5,3600.0,100.0,57.0,89.0,9.88,6.6,48.0,72.0,4.0,12.0,0.528,74.8026483320601,6.35,22.3,23.4,24.3,68.1,Si,0.302,282.0,1,1,2,2024,11,13,16.0
2024-11-13,T16_N1P1K2,,,,2.0,0.327,70.4,,,,,,,,,,,,,70.0280112044818,,,,,,,,,1,1,2,2024,11,13,16.0
2024-11-13,T10_N1P0K0,,,,5.0,0.819,70.5,,,,,,,,,,,,,73.21110262286733,,,,,,,,,1,0,0,2024,11,13,10.0
2024-11-13,T10_N1P0K0,,59.9,27.0,6.0,1.26,70.6,5.4,3500.0,160.0,59.0,59.0,9.04,6.7,6.0,44.0,6.0,1.0,0.189,74.8026483320601,6.27,27.6,23.8,24.4,68.4,Si,0.082,342.0,1,0,0,2024,11,13,10.0
2024-11-13,T10_N1P0K0,,,,3.0,0.53,70.7,,,,,,,,,,,,,71.61955691367456,,,,,,,,,1,0,0,2024,11,13,10.0
2024-11-13,T22_N2P0K1,,,,1.0,0.169,60.9,,,,,,,,,,,,,71.61955691367456,,,,,,,,,2,0,1,2024,11,13,22.0
2024-11-13,T22_N2P0K1,,53.7,9.0,0.0,0.0,0.0,5.5,3500.0,82.0,59.0,110.0,10.41,6.4,38.0,62.0,4.0,11.0,0.438,0.0,6.29,26.9,23.4,24.4,64.6,Si,0.079,292.0,2,0,1,2024,11,13,22.0
2024-11-13,T22_N2P0K1,,,,7.0,1.186,70.2,,,,,,,,,,,,,68.43646549528903,,,,,,,,,2,0,1,2024,11,13,22.0
2024-11-13,T12_N1P2K0,,,,3.0,0.432,70.4,,,,,,,,,,,,,70.0280112044818,,,,,,,,,1,2,0,2024,11,13,12.0
2024-11-13,T12_N1P2K0,,47.6,23.0,2.0,0.26,60.8,5.4,3600.0,320.0,77.0,58.0,11.02,6.4,47.0,46.0,5.0,11.0,0.557,62.070282658517954,6.35,26.1,23.4,24.4,68.1,Si,0.129,305.0,1,2,0,2024,11,13,12.0
2024-11-13,T12_N1P2K0,,,,3.0,0.503,70.7,,,,,,,,,,,,,68.43646549528903,,,,,,,,,1,2,0,2024,11,13,12.0
2024-11-13,T28_BIO-N0P0K0,,,,9.0,1.155,70.4,,,,,,,,,,,,,71.61955691367456,,,,,,,,,0,0,0,2024,11,13,28.0
2024-11-13,T28_BIO-N0P0K0,,49.3,23.0,0.0,0.0,0.0,5.6,3200.0,170.0,61.0,69.0,9.18,6.4,68.0,46.0,5.0,7.0,0.663,0.0,9.0,29.2,23.8,24.3,66.1,Si,0.16,381.0,0,0,0,2024,11,13,28.0
2024-11-13,T28_BIO-N0P0K0,,,,4.0,0.475,70.0,,,,,,,,,,,,,63.66182836771072,,,,,,,,,0,0,0,2024,11,13,28.0
2024-11-13,T1_N0P0K0,,,,2.0,0.219,60.3,,,,,,,,,,,,,60.47873694932519,,,,,,,,,0,0,0,2024,11,13,1.0
2024-11-13,T1_N0P0K0,,50.1,32.0,5.0,0.782,70.2,5.6,4100.0,200.0,64.0,87.0,11.32,7.3,38.0,65.0,6.0,9.0,0.386,68.43646549528903,6.33,22.3,23.4,24.4,66.9,Si,0.19,316.0,0,0,0,2024,11,13,1.0
2024-11-13,T1_N0P0K0,,,,5.0,0.744,70.5,,,,,,,,,,,,,71.61955691367456,,,,,,,,,0,0,0,2024,11,13,1.0
2024-11-13,T14_N1P0K2,,,,5.0,0.743,70.3,,,,,,,,,,,,,70.0280112044818,,,,,,,,,1,0,2,2024,11,13,14.0
2024-11-13,T14_N1P0K2,,42.9,17.0,3.0,0.409,60.6,5.5,3700.0,190.0,61.0,62.0,11.04,7.0,97.0,91.0,6.0,21.0,0.764,63.66182836771072,6.53,30.0,23.4,24.3,67.3,Si,0.377,259.0,1,0,2,2024,11,13,14.0
2024-11-13,T14_N1P0K2,,,,2.0,0.31,70.2,,,,,,,,,,,,,62.070282658517954,,,,,,,,,1,0,2,2024,11,13,14.0
2024-11-13,T5_N0P0K2,,,,3.0,0.685,70.5,,,,,,,,,,,,,74.8026483320601,,,,,,,,,0,0,2,2024,11,13,5.0
2024-11-13,T5_N0P0K2,,52.1,10.0,4.0,0.943,60.6,5.5,3400.0,100.0,64.0,81.0,9.84,5.6,170.0,75.0,10.0,26.0,1.257,6.5253374076903485,6.3,23.1,23.4,24.4,67.5,Si,0.547,285.0,0,0,2,2024,11,13,5.0
2024-11-13,T5_N0P0K2,,,,5.0,0.805,60.9,,,,,,,,,,,,,74.8026483320601,,,,,,,,,0,0,2,2024,11,13,5.0
2024-11-13,T30_BIO N2P2K2,,,,4.0,0.522,60.6,,,,,,,,,,,,,63.66182836771072,,,,,,,,,2,2,2,2024,11,13,30.0
2024-11-13,T30_BIO N2P2K2,,56.2,34.0,1.0,0.161,70.0,5.3,3300.0,710.0,75.0,58.0,12.25,6.6,56.0,55.0,6.0,11.0,0.495,65.25337407690348,6.27,41.9,23.0,24.3,64.4,Si,0.102,315.0,2,2,2,2024,11,13,30.0
2024-11-13,T30_BIO N2P2K2,,,,4.0,0.39,60.0,,,,,,,,,,,,,58.88719124013242,,,,,,,,,2,2,2,2024,11,13,30.0
2024-11-13,T3_N0P2K0,,,,4.0,0.653,80.3,,,,,,,,,,,,,74.8026483320601,,,,,,,,,0,2,0,2024,11,13,3.0
2024-11-13,T3_N0P2K0,,46.7,17.0,5.0,0.475,50.9,5.4,3300.0,330.0,63.0,74.0,9.5,6.4,22.0,60.0,3.0,7.0,0.317,6.207028265851795,6.31,29.0,22.6,24.0,68.0,Si,0.239,538.0,0,2,0,2024,11,13,3.0
2024-11-13,T3_N0P2K0,,,,0.0,0.0,0.0,,,,,,,,,,,,,0.0,,,,,,,,,0,2,0,2024,11,13,3.0
2024-11-13,T7_N0P1K2,,,,5.0,1.109,70.3,,,,,,,,,,,,,74.8026483320601,,,,,,,,,0,1,2,2024,11,13,7.0
2024-11-13,T7_N0P1K2,,56.9,16.0,3.0,0.394,50.9,5.7,3300.0,140.0,64.0,110.0,8.43,6.9,110.0,52.0,6.0,15.0,0.699,65.25337407690348,6.27,32.6,22.6,23.8,68.2,Si,0.076,298.0,0,1,2,2024,11,13,7.0
2024-11-13,T7_N0P1K2,,,,3.0,0.546,50.4,,,,,,,,,,,,,54.11255411255412,,,,,,,,,0,1,2,2024,11,13,7.0
2024-11-13,T21_N2P2K0,,,,3.0,0.429,70.1,,,,,,,,,,,,,60.47873694932519,,,,,,,,,2,2,0,2024,11,13,21.0
2024-11-13,T21_N2P2K0,,42.3,14.0,2.0,0.397,70.3,5.5,3500.0,460.0,72.0,85.0,11.05,7.5,100.0,72.0,7.0,19.0,0.813,71.61955691367456,8.62,30.1,22.6,23.7,70.4,Si,0.125,285.0,2,2,0,2024,11,13,21.0
2024-11-13,T21_N2P2K0,,,,2.0,0.288,60.7,,,,,,,,,,,,,65.25337407690348,,,,,,,,,2,2,0,2024,11,13,21.0
2024-11-13,T23_N2P0K2,,,,7.0,1.168,60.7,,,,,,,,,,,,,68.43646549528903,,,,,,,,,2,0,2,2024,11,13,23.0
2024-11-13,T23_N2P0K2,,61.9,17.0,4.0,0.506,60.7,5.6,3500.0,190.0,62.0,81.0,9.2,6.2,76.0,48.0,4.0,14.0,0.677,68.43646549528903,6.33,25.2,23.0,24.2,67.2,Si,0.265,368.0,2,0,2,2024,11,13,23.0
2024-11-13,T23_N2P0K2,,,,2.0,0.24,60.0,,,,,,,,,,,,,63.66182836771072,,,,,,,,,2,0,2,2024,11,13,23.0
2024-11-13,T20_N2P1K0,,,,5.0,1.08,70.7,,,,,,,,,,,,,77.98573975044563,,,,,,,,,2,1,0,2024,11,13,20.0
2024-11-13,T20_N2P1K0,,56.1,29.0,2.0,0.347,60.9,5.5,2500.0,630.0,60.0,41.0,9.81,7.1,1.0,19.0,2.0,1.0,0.077,71.61955691367456,6.17,28.4,23.0,24.3,63.4,Si,0.113,345.0,2,1,0,2024,11,13,20.0
2024-11-13,T20_N2P1K0,,,,2.0,0.307,60.3,,,,,,,,,,,,,68.43646549528903,,,,,,,,,2,1,0,2024,11,13,20.0
2024-11-13,T18_N1P2K2,,,,1.0,0.239,70.9,,,,,,,,,,,,,77.98573975044563,,,,,,,,,1,2,2,2024,11,13,18.0
2024-11-13,T18_N1P2K2,,65.1,14.0,4.0,0.693,60.4,5.4,3100.0,650.0,64.0,52.0,11.0,7.2,1.0,19.0,2.0,1.0,0.076,63.66182836771072,6.33,33.8,23.4,24.4,62.7,Si,0.074,342.0,1,2,2,2024,11,13,18.0
2024-11-13,T18_N1P2K2,,,,4.0,0.507,70.2,,,,,,,,,,,,,71.61955691367456,,,,,,,,,1,2,2,2024,11,13,18.0
2024-11-13,T6_N0P1K1,,,,4.0,0.581,70.5,,,,,,,,,,,,,68.43646549528903,,,,,,,,,0,1,1,2024,11,13,6.0
2024-11-13,T6_N0P1K1,,51.2,27.0,5.0,0.85,60.8,5.5,3200.0,120.0,58.0,67.0,9.67,7.3,1.0,18.0,2.0,1.0,0.07,73.21110262286733,6.24,33.8,21.0,22.0,74.7,Si,0.045,274.0,0,1,1,2024,11,13,6.0
2024-11-13,T6_N0P1K1,,,,4.0,0.61,70.5,,,,,,,,,,,,,68.43646549528903,,,,,,,,,0,1,1,2024,11,13,6.0
2024-11-13,T17_N1P2K1,,,,2.0,0.375,70.3,,,,,,,,,,,,,70.0280112044818,,,,,,,,,1,2,1,2024,11,13,17.0
2024-11-13,T17_N1P2K1,,54.8,18.0,3.0,0.481,70.6,5.4,3400.0,360.0,63.0,57.0,10.48,7.0,1.0,12.0,1.0,1.0,0.046,70.0280112044818,6.41,37.1,21.8,22.2,72.2,Si,0.047,276.0,1,2,1,2024,11,13,17.0
2024-11-13,T17_N1P2K1,,,,3.0,0.519,60.6,,,,,,,,,,,,,63.66182836771072,,,,,,,,,1,2,1,2024,11,13,17.0
2024-11-13,T25_N2P1K2,,,,5.0,0.704,60.8,,,,,,,,,,,,,70.0280112044818,,,,,,,,,2,1,2,2024,11,13,25.0
2024-11-13,T25_N2P1K2,,56.1,9.0,1.0,0.173,60.3,5.7,3400.0,130.0,60.0,110.0,9.24,6.2,23.0,28.0,5.0,1.0,0.192,68.43646549528903,6.15,28.1,22.2,22.9,70.1,Si,0.041,278.0,2,1,2,2024,11,13,25.0
2024-11-13,T25_N2P1K2,,,,4.0,0.742,70.5,,,,,,,,,,,,,71.61955691367456,,,,,,,,,2,1,2,2024,11,13,25.0
2024-11-13,T29_BIO N1P1K1,,,,4.0,0.756,70.1,,,,,,,,,,,,,70.0280112044818,,,,,,,,,1,1,1,2024,11,13,29.0
2024-11-13,T29_BIO N1P1K1,,54.7,20.0,4.0,0.686,60.9,5.6,3700.0,380.0,68.0,96.0,11.24,7.0,7.0,21.0,3.0,1.0,0.096,74.8026483320601,6.4,32.8,22.2,23.5,71.3,Si,0.047,282.0,1,1,1,2024,11,13,29.0
2024-11-13,T29_BIO N1P1K1,,,,1.0,0.177,70.2,,,,,,,,,,,,,66.84491978609626,,,,,,,,,1,1,1,2024,11,13,29.0
2024-11-13,T2_N0P1K0,,,,2.0,0.423,70.1,,,,,,,,,,,,,71.61955691367456,,,,,,,,,0,1,0,2024,11,13,2.0
2024-11-13,T2_N0P1K0,,47.7,15.0,0.0,0.0,0.0,5.7,3500.0,240.0,62.0,82.0,10.17,7.4,1.0,18.0,2.0,1.0,0.07,0.0,8.36,37.4,22.2,23.2,70.3,Si,0.038,282.0,0,1,0,2024,11,13,2.0
2024-11-13,T2_N0P1K0,,,,4.0,0.613,60.8,,,,,,,,,,,,,68.43646549528903,,,,,,,,,0,1,0,2024,11,13,2.0
2024-11-13,T19_N2P0K0,,,,1.0,0.26,70.0,,,,,,,,,,,,,79.5772854596384,,,,,,,,,2,0,0,2024,11,13,19.0
2024-11-13,T19_N2P0K0,,35.8,13.0,2.0,0.202,60.2,5.5,3500.0,110.0,60.0,120.0,8.72,7.4,1.0,25.0,1.0,1.0,0.091,57.29564553093965,6.34,34.3,22.2,22.8,73.8,Si,0.052,377.0,2,0,0,2024,11,13,19.0
2024-11-13,T19_N2P0K0,,,,1.0,0.113,60.3,,,,,,,,,,,,,62.070282658517954,,,,,,,,,2,0,0,2024,11,13,19.0
2024-11-13,T8_N0P2K1,,,,1.0,0.173,60.8,,,,,,,,,,,,,70.0280112044818,,,,,,,,,0,2,1,2024,11,13,8.0
2024-11-13,T8_N0P2K1,,52.3,14.0,2.0,0.283,60.4,5.5,3100.0,800.0,71.0,80.0,11.53,6.9,19.0,16.0,3.0,1.0,0.146,65.25337407690348,8.79,40.7,22.2,22.5,74.7,Si,0.056,324.0,0,2,1,2024,11,13,8.0
2024-11-13,T8_N0P2K1,,,,3.0,0.453,60.8,,,,,,,,,,,,,66.84491978609626,,,,,,,,,0,2,1,2024,11,13,8.0
2024-11-13,T15_N1P1K1,,,,2.0,0.251,60.3,,,,,,,,,,,,,60.47873694932519,,,,,,,,,1,1,1,2024,11,13,15.0
2024-11-13,T15_N1P1K1,,53.8,22.0,4.0,0.608,70.4,5.6,3200.0,520.0,64.0,64.0,9.72,5.8,42.0,37.0,4.0,1.0,0.307,60.47873694932519,6.15,35.3,20.6,21.9,73.1,Si,0.137,381.0,1,1,1,2024,11,13,15.0
2024-11-13,T15_N1P1K1,,,,2.0,0.491,70.3,,,,,,,,,,,,,74.8026483320601,,,,,,,,,1,1,1,2024,11,13,15.0
2024-11-13,T24_N2P1K1,,,,1.0,0.138,60.8,,,,,,,,,,,,,63.66182836771072,,,,,,,,,2,1,1,2024,11,13,24.0
2024-11-13,T24_N2P1K1,,53.6,22.0,2.0,0.31,60.9,5.5,3000.0,690.0,58.0,48.0,9.91,6.4,37.0,42.0,4.0,8.0,0.3,66.84491978609626,5.85,31.1,20.6,21.7,73.3,Si,0.319,307.0,2,1,1,2024,11,13,24.0
2024-11-13,T24_N2P1K1,,54.2,16.0,6.0,1.139,70.1,,,,,,,7.1,92.0,140.0,4.0,27.0,0.828,70.0280112044818,6.0,30.2,20.6,21.3,75.0,Si,0.558,344.0,2,1,1,2024,11,13,24.0
2024-11-13,T11_N1P1K0,,,,2.0,0.332,70.1,,,,,,,,,,,,,70.0280112044818,,,,,,,,,1,1,0,2024,11,13,11.0
2024-11-13,T11_N1P1K0,,62.9,21.0,7.0,1.128,70.2,5.5,3100.0,690.0,65.0,64.0,10.68,7.5,17.0,38.0,3.0,1.0,0.18,70.0280112044818,6.08,38.9,20.2,20.9,75.6,Si,0.035,247.0,1,1,0,2024,11,13,11.0
2024-11-13,T11_N1P1K0,,,,0.0,0.0,0.0,,,,,,,,,,,,,0.0,,,,,,,,,1,1,0,2024,11,13,11.0
2024-11-13,T27_N2P2K2,,,,1.0,0.263,80.0,,,,,,,,,,,,,79.5772854596384,,,,,,,,,2,2,2,2024,11,13,27.0
2024-11-13,T27_N2P2K2,,57.9,18.0,4.0,0.632,75.0,5.5,3400.0,800.0,77.0,88.0,13.15,7.1,15.0,52.0,9.0,1.0,0.256,66.84491978609626,4.71,30.4,20.2,20.8,74.4,Si,0.356,240.0,2,2,2,2024,11,13,27.0
2024-11-13,T27_N2P2K2,,,,2.0,0.405,78.0,,,,,,,,,,,,,73.21110262286733,,,,,,,,,2,2,2,2024,11,13,27.0
2024-11-13,T4_N0P0K1,,,,3.0,0.439,70.1,,,,,,,,,,,,,68.43646549528903,,,,,,,,,0,0,1,2024,11,13,4.0
2024-11-13,T4_N0P0K1,,45.1,14.0,0.0,0.0,0.0,5.5,3000.0,700.0,72.0,66.0,10.95,7.2,75.0,65.0,5.0,18.0,0.702,0.0,3.93,28.0,20.2,20.4,77.3,Si,0.346,192.0,0,0,1,2024,11,13,4.0
2024-11-13,T4_N0P0K1,,,,3.0,0.295,50.8,,,,,,,,,,,,,62.070282658517954,,,,,,,,,0,0,1,2024,11,13,4.0
2024-11-20,T27_N2P2K2,,,,2.0,0.272,60.8,,,,,,,,,,,,,65.25337407690348,,,,,,,,,2,2,2,2024,11,20,27.0
2024-11-20,T27_N2P2K2,,,,1.0,0.172,60.3,,,,,,,,,,,,,73.21110262286733,,,,,,,,,2,2,2,2024,11,20,27.0
2024-11-20,T27_N2P2K2,,66.0,18.0,0.0,0.0,0.0,5.8,3500.0,240.0,41.0,980.0,8.94,6.1,5.0,11.0,3.0,16.0,0.106,0.0,6.05,17.1,21.9,22.5,82.2,Si,0.0,111.0,2,2,2,2024,11,20,27.0
2024-11-20,T24_N2P1K1,,,,0.0,0.0,0.0,,,,,,,,,,,,,0.0,,,,,,,,,2,1,1,2024,11,20,24.0
2024-11-20,T24_N2P1K1,,,,0.0,0.0,0.0,,,,,,,,,,,,,0.0,,,,,,,,,2,1,1,2024,11,20,24.0
2024-11-20,T24_N2P1K1,,65.0,11.0,2.0,0.313,60.9,5.7,3000.0,230.0,37.0,950.0,7.99,6.4,19.0,16.0,1.0,12.0,0.176,66.84491978609626,6.15,14.5,21.5,22.6,83.4,Si,0.0,125.0,2,1,1,2024,11,20,24.0
2024-11-20,T4_N0P0K1,,,,0.0,0.0,0.0,,,,,,,,,,,,,0.0,,,,,,,,,0,0,1,2024,11,20,4.0
2024-11-20,T4_N0P0K1,,,,4.0,0.695,70.1,,,,,,,,,,,,,63.66182836771072,,,,,,,,,0,0,1,2024,11,20,4.0
2024-11-20,T4_N0P0K1,,62.4,11.0,2.0,0.345,70.0,5.6,3300.0,210.0,37.0,780.0,8.63,5.6,4.0,6.0,1.0,7.0,0.043,70.0280112044818,6.06,20.2,21.5,22.5,83.7,Si,0.0,143.0,0,0,1,2024,11,20,4.0
2024-11-20,T15_N1P1K1,,,,0.0,0.0,0.0,,,,,,,,,,,,,0.0,,,,,,,,,1,1,1,2024,11,20,15.0
2024-11-20,T15_N1P1K1,,,,0.0,0.0,0.0,,,,,,,,,,,,,0.0,,,,,,,,,1,1,1,2024,11,20,15.0
2024-11-20,T15_N1P1K1,,62.7,9.0,0.0,0.0,0.0,5.7,3000.0,220.0,33.0,1000.0,8.34,7.0,42.0,42.0,2.0,36.0,0.302,0.0,6.31,17.7,21.9,22.4,86.0,Si,0.011,148.0,1,1,1,2024,11,20,15.0
2024-11-20,T9_N0P2K2,,57.0,7.0,5.0,0.711,60.3,5.6,3600.0,96.0,40.0,910.0,9.69,6.2,13.0,21.0,1.0,14.0,0.095,63.66182836771072,6.24,25.0,21.4,22.2,84.3,Si,0.043,147.0,0,2,2,2024,11,20,9.0
2024-11-20,T9_N0P2K2,,,,2.0,0.368,70.0,,,,,,,,,,,,,71.61955691367456,,,,,,,,,0,2,2,2024,11,20,9.0
2024-11-20,T9_N0P2K2,,,,1.0,0.144,60.6,,,,,,,,,,,,,66.84491978609626,,,,,,,,,0,2,2,2024,11,20,9.0
2024-11-20,T13_N1P0K1,,63.5,9.0,1.0,0.075,50.5,5.5,3500.0,69.0,40.0,670.0,9.46,6.3,46.0,62.0,4.0,29.0,0.398,54.11255411255412,6.34,13.1,21.9,22.2,87.2,Si,0.006,152.0,1,0,1,2024,11,20,13.0
2024-11-20,T13_N1P0K1,,,,1.0,0.144,70.0,,,,,,,,,,,,,65.25337407690348,,,,,,,,,1,0,1,2024,11,20,13.0
2024-11-20,T13_N1P0K1,,,,0.0,0.0,0.0,,,,,,,,,,,,,0.0,,,,,,,,,1,0,1,2024,11,20,13.0
2024-11-20,T22_N2P0K1,,66.5,28.0,2.0,0.292,60.7,5.6,3300.0,73.0,40.0,350.0,9.07,6.7,12.0,13.0,1.0,8.0,0.094,65.25337407690348,6.41,22.1,21.9,22.5,84.2,Si,0.058,156.0,2,0,1,2024,11,20,22.0
2024-11-20,T22_N2P0K1,,,,1.0,0.172,70.3,,,,,,,,,,,,,70.0280112044818,,,,,,,,,2,0,1,2024,11,20,22.0
2024-11-20,T22_N2P0K1,,,,1.0,0.165,70.3,,,,,,,,,,,,,68.43646549528903,,,,,,,,,2,0,1,2024,11,20,22.0
2024-11-20,T10_N1P0K0,,59.1,16.0,2.0,0.207,60.3,5.6,3100.0,250.0,35.0,150.0,7.73,6.6,1.0,6.0,1.0,9.0,0.031,57.29564553093965,6.36,46.7,21.9,22.6,86.0,Si,0.031,235.0,1,0,0,2024,11,20,10.0
2024-11-20,T10_N1P0K0,,,,3.0,0.529,60.9,,,,,,,,,,,,,68.43646549528903,,,,,,,,,1,0,0,2024,11,20,10.0
2024-11-20,T10_N1P0K0,,,,2.0,0.396,70.6,,,,,,,,,,,,,70.0280112044818,,,,,,,,,1,0,0,2024,11,20,10.0
2024-11-20,T28_BIO-N0P0K0,,,,2.0,0.277,60.5,,,,,,,,,,,,,63.66182836771072,,,,,,,,,0,0,0,2024,11,20,28.0
2024-11-20,T28_BIO-N0P0K0,,,,1.0,0.134,60.6,,,,,,,,,,,,,63.66182836771072,,,,,,,,,0,0,0,2024,11,20,28.0
2024-11-20,T28_BIO-N0P0K0,,56.6,17.0,3.0,0.406,60.6,5.7,3200.0,82.0,38.0,320.0,8.45,6.3,8.0,20.0,1.0,6.0,0.105,63.66182836771072,6.71,28.3,21.9,22.7,85.2,Si,0.024,197.0,0,0,0,2024,11,20,28.0
2024-11-20,T12_N1P2K0,,,,2.0,0.228,60.5,,,,,,,,,,,,,60.47873694932519,,,,,,,,,1,2,0,2024,11,20,12.0
2024-11-20,T12_N1P2K0,,,,5.0,0.448,60.7,,,,,,,,,,,,,63.66182836771072,,,,,,,,,1,2,0,2024,11,20,12.0
2024-11-20,T12_N1P2K0,,63.7,14.0,3.0,0.456,60.6,5.6,3600.0,110.0,42.0,520.0,9.24,6.3,1.0,10.0,1.0,9.0,0.047,63.66182836771072,6.38,38.7,21.9,22.4,86.3,Si,0.13,162.0,1,2,0,2024,11,20,12.0
2024-11-20,T26_N2P2K1,,,,1.0,0.152,60.1,,,,,,,,,,,,,68.43646549528903,,,,,,,,,2,2,1,2024,11,20,26.0
2024-11-20,T26_N2P2K1,,,,2.0,0.205,70.2,,,,,,,,,,,,,57.29564553093965,,,,,,,,,2,2,1,2024,11,20,26.0
2024-11-20,T26_N2P2K1,,65.7,14.0,2.0,0.241,60.3,5.6,3300.0,30.0,40.0,550.0,8.26,6.7,10.0,5.0,1.0,16.0,0.048,62.070282658517954,6.36,40.6,21.9,22.3,87.1,Si,0.228,174.0,2,2,1,2024,11,20,26.0
2024-11-20,T16_N1P1K2,,,,2.0,0.231,60.5,,,,,,,,,,,,,55.70409982174688,,,,,,,,,1,1,2,2024,11,20,16.0
2024-11-20,T16_N1P1K2,,,,0.0,0.0,0.0,,,,,,,,,,,,,0.0,,,,,,,,,1,1,2,2024,11,20,16.0
2024-11-20,T16_N1P1K2,,54.5,13.0,1.0,0.092,60.0,5.6,3800.0,79.0,46.0,730.0,9.54,6.8,13.0,10.0,1.0,17.0,0.07,55.70409982174688,6.29,43.5,21.5,22.3,84.8,Si,0.164,141.0,1,1,2,2024,11,20,16.0
2024-11-20,T1_N0P0K0,,49.5,11.0,3.0,0.301,60.7,5.8,3700.0,47.0,49.0,670.0,10.22,6.0,28.0,45.0,2.0,14.0,0.226,58.88719124013242,6.22,40.5,22.7,23.9,77.0,Si,0.206,279.0,0,0,0,2024,11,20,1.0
2024-11-20,T1_N0P0K0,,,,0.0,0.0,0.0,,,,,,,,,,,,,0.0,,,,,,,,,0,0,0,2024,11,20,1.0
2024-11-20,T1_N0P0K0,,,,0.0,0.0,0.0,,,,,,,,,,,,,0.0,,,,,,,,,0,0,0,2024,11,20,1.0
2024-11-20,T14_N1P0K2,,56.5,11.0,1.0,0.109,60.6,5.9,3300.0,26.0,42.0,660.0,8.48,5.5,49.0,33.0,2.0,13.0,0.316,60.47873694932519,6.33,39.5,22.7,23.6,82.0,Si,0.137,274.0,1,0,2,2024,11,20,14.0
2024-11-20,T14_N1P0K2,,,,0.0,0.0,0.0,,,,,,,,,,,,,0.0,,,,,,,,,1,0,2,2024,11,20,14.0
2024-11-20,T14_N1P0K2,,,,4.0,0.447,60.9,,,,,,,,,,,,,63.66182836771072,,,,,,,,,1,0,2,2024,11,20,14.0
2024-11-20,T7_N0P1K2,,56.4,18.0,2.0,0.237,60.2,5.8,3500.0,62.0,48.0,720.0,9.75,6.8,22.0,9.0,1.0,12.0,0.111,65.25337407690348,6.4,33.9,22.3,23.3,82.8,Si,0.071,266.0,0,1,2,2024,11,20,7.0
2024-11-20,T7_N0P1K2,,,,3.0,0.514,60.8,,,,,,,,,,,,,68.43646549528903,,,,,,,,,0,1,2,2024,11,20,7.0
2024-11-20,T7_N0P1K2,,,,2.0,0.247,60.3,,,,,,,,,,,,,60.47873694932519,,,,,,,,,0,1,2,2024,11,20,7.0
2024-11-20,T3_N0P2K0,,57.6,17.0,0.0,0.0,0.0,5.8,3200.0,71.0,39.0,480.0,8.72,6.4,4.0,8.0,1.0,9.0,0.048,0.0,6.26,35.1,22.3,22.8,82.9,Si,0.175,238.0,0,2,0,2024,11,20,3.0
2024-11-20,T3_N0P2K0,,,,3.0,0.426,60.3,,,,,,,,,,,,,58.88719124013242,,,,,,,,,0,2,0,2024,11,20,3.0
2024-11-20,T3_N0P2K0,,,,4.0,0.755,70.2,,,,,,,,,,,,,74.8026483320601,,,,,,,,,0,2,0,2024,11,20,3.0
2024-11-20,T23_N2P0K2,,,,1.0,0.088,60.4,,,,,,,,,,,,,55.70409982174688,,,,,,,,,2,0,2,2024,11,20,23.0
2024-11-20,T23_N2P0K2,,,,2.0,0.256,60.9,,,,,,,,,,,,,60.47873694932519,,,,,,,,,2,0,2,2024,11,20,23.0
2024-11-20,T23_N2P0K2,,52.7,15.0,0.0,0.0,0.0,5.6,3600.0,110.0,49.0,300.0,9.63,6.9,19.0,17.0,5.0,13.0,0.1,0.0,6.3,34.3,22.3,22.8,82.9,Si,0.225,255.0,2,0,2,2024,11,20,23.0
2024-11-20,T21_N2P2K0,,,,3.0,0.264,50.4,,,,,,,,,,,,,58.88719124013242,,,,,,,,,2,2,0,2024,11,20,21.0
2024-11-20,T21_N2P2K0,,,,3.0,0.485,60.8,,,,,,,,,,,,,70.0280112044818,,,,,,,,,2,2,0,2024,11,20,21.0
2024-11-20,T21_N2P2K0,,60.8,18.0,3.0,0.35,60.5,5.6,3400.0,73.0,58.0,420.0,9.41,6.7,31.0,35.0,1.0,9.0,0.168,60.47873694932519,6.21,51.7,22.3,23.1,81.6,Si,0.152,271.0,2,2,0,2024,11,20,21.0
2024-11-20,T5_N0P0K2,,,,0.0,0.0,0.0,,,,,,,,,,,,,0.0,,,,,,,,,0,0,2,2024,11,20,5.0
2024-11-20,T5_N0P0K2,,,,2.0,0.397,70.4,,,,,,,,,,,,,81.16883116883118,,,,,,,,,0,0,2,2024,11,20,5.0
2024-11-20,T5_N0P0K2,,50.0,14.0,0.0,0.0,0.0,5.7,3800.0,70.0,46.0,790.0,9.02,6.5,36.0,15.0,1.0,10.0,0.182,0.0,6.36,51.4,22.7,23.8,80.3,Si,0.187,281.0,0,0,2,2024,11,20,5.0
2024-11-20,T30_BIO N2P2K2,,,,3.0,0.349,60.2,,,,,,,,,,,,,62.070282658517954,,,,,,,,,2,2,2,2024,11,20,30.0
2024-11-20,T30_BIO N2P2K2,,,,2.0,0.304,60.5,,,,,,,,,,,,,68.43646549528903,,,,,,,,,2,2,2,2024,11,20,30.0
2024-11-20,T30_BIO N2P2K2,,57.6,15.0,3.0,0.369,60.7,5.7,3500.0,38.0,44.0,680.0,9.07,6.0,42.0,29.0,3.0,1.0,0.25,62.070282658517954,6.42,45.1,22.7,23.9,76.8,Si,0.109,310.0,2,2,2,2024,11,20,30.0
2024-11-20,T20_N2P1K0,,57.8,15.0,2.0,0.281,60.2,5.7,3200.0,42.0,40.0,530.0,5.97,6.4,10.0,19.0,1.0,6.0,0.108,65.25337407690348,6.28,30.1,23.1,23.9,76.3,Si,0.194,298.0,2,1,0,2024,11,20,20.0
2024-11-20,T20_N2P1K0,,,,1.0,0.108,60.3,,,,,,,,,,,,,63.66182836771072,,,,,,,,,2,1,0,2024,11,20,20.0
2024-11-20,T20_N2P1K0,,,,6.0,0.904,71.0,,,,,,,,,,,,,79.5772854596384,,,,,,,,,2,1,0,2024,11,20,20.0
2024-11-20,T18_N1P2K2,,56.1,13.0,1.0,0.132,60.0,5.7,3800.0,59.0,44.0,660.0,9.33,5.8,23.0,23.0,2.0,22.0,0.144,65.25337407690348,6.25,46.6,23.1,24.0,78.7,Si,0.178,276.0,1,2,2,2024,11,20,18.0
2024-11-20,T18_N1P2K2,,,,1.0,0.703,70.0,,,,,,,,,,,,,70.0280112044818,,,,,,,,,1,2,2,2024,11,20,18.0
2024-11-20,T18_N1P2K2,,,,0.0,0.0,0.0,,,,,,,,,,,,,0.0,,,,,,,,,1,2,2,2024,11,20,18.0
2024-11-20,T29_BIO N1P1K1,,55.6,15.0,1.0,0.605,68.0,5.8,3600.0,73.0,45.0,690.0,8.89,6.7,5.0,23.0,3.0,10.0,0.091,70.0280112044818,6.29,35.1,23.1,24.2,75.7,Si,0.304,274.0,1,1,1,2024,11,20,29.0
2024-11-20,T29_BIO N1P1K1,,,,3.0,0.409,68.0,,,,,,,,,,,,,66.84491978609626,,,,,,,,,1,1,1,2024,11,20,29.0
2024-11-20,T29_BIO N1P1K1,,,,0.0,0.0,0.0,,,,,,,,,,,,,0.0,,,,,,,,,1,1,1,2024,11,20,29.0
2024-11-20,T25_N2P1K2,,56.6,15.0,0.0,0.0,0.0,5.8,3200.0,67.0,45.0,460.0,8.01,6.4,18.0,33.0,2.0,6.0,0.131,0.0,6.18,47.5,23.9,24.7,77.2,Si,0.25,248.0,2,1,2,2024,11,20,25.0
2024-11-20,T25_N2P1K2,,,,0.0,0.0,0.0,,,,,,,,,,,,,0.0,,,,,,,,,2,1,2,2024,11,20,25.0
2024-11-20,T25_N2P1K2,,,,2.0,0.299,65.1,,,,,,,,,,,,,6.5253374076903485,,,,,,,,,2,1,2,2024,11,20,25.0
2024-11-20,T19_N2P0K0,,,,2.0,0.523,80.2,,,,,,,,,,,,,79.5772854596384,,,,,,,,,2,0,0,2024,11,20,19.0
2024-11-20,T19_N2P0K0,,,,3.0,0.485,70.3,,,,,,,,,,,,,74.8026483320601,,,,,,,,,2,0,0,2024,11,20,19.0
2024-11-20,T19_N2P0K0,,48.8,7.0,1.0,0.045,60.7,5.6,3000.0,140.0,48.0,430.0,8.34,7.3,1.0,35.0,1.0,10.0,0.091,65.25337407690348,6.32,31.6,23.9,24.6,78.2,Si,0.331,263.0,2,0,0,2024,11,20,19.0
2024-11-20,T2_N0P1K0,,,,3.0,0.584,78.9,,,,,,,,,,,,,73.21110262286733,,,,,,,,,0,1,0,2024,11,20,2.0
2024-11-20,T2_N0P1K0,,,,3.0,0.284,60.1,,,,,,,,,,,,,57.29564553093965,,,,,,,,,0,1,0,2024,11,20,2.0
2024-11-20,T2_N0P1K0,,,,0.0,0.0,0.0,,,,,,,,,,,,,0.0,,,,,,,,,0,1,0,2024,11,20,2.0
2024-11-20,T6_N0P1K1,,,,8.0,1.316,70.0,,,,,,,,,,,,,70.0280112044818,,,,,,,,,0,1,1,2024,11,20,6.0
2024-11-20,T6_N0P1K1,,,,5.0,0.635,72.0,,,,,,,,,,,,,65.25337407690348,,,,,,,,,0,1,1,2024,11,20,6.0
2024-11-20,T6_N0P1K1,,58.6,16.0,4.0,0.602,69.0,5.8,3200.0,65.0,46.0,650.0,8.44,5.6,50.0,40.0,2.0,20.0,0.226,68.43646549528903,6.4,49.2,23.1,24.1,79.1,Si,0.122,280.0,0,1,1,2024,11,20,6.0
2024-11-20,T17_N1P2K1,,,,4.0,0.553,69.5,,,,,,,,,,,,,66.84491978609626,,,,,,,,,1,2,1,2024,11,20,17.0
2024-11-20,T17_N1P2K1,,,,4.0,0.617,72.5,,,,,,,,,,,,,66.84491978609626,,,,,,,,,1,2,1,2024,11,20,17.0
2024-11-20,T17_N1P2K1,,54.8,11.0,6.0,1.007,68.5,5.6,3300.0,250.0,37.0,520.0,9.52,6.5,18.0,34.0,3.0,12.0,0.095,68.43646549528903,6.26,50.7,23.1,23.8,79.1,Si,0.227,273.0,1,2,1,2024,11,20,17.0
2024-11-20,T11_N1P1K0,,50.6,14.0,5.0,0.55,73.0,5.5,3300.0,100.0,47.0,790.0,8.56,7.0,11.0,7.0,1.0,13.0,0.059,68.43646549528903,9.0,37.2,23.1,24.0,77.1,Si,0.243,246.0,1,1,0,2024,11,20,11.0
2024-11-20,T11_N1P1K0,,,,3.0,0.631,82.0,,,,,,,,,,,,,71.61955691367456,,,,,,,,,1,1,0,2024,11,20,11.0
2024-11-20,T11_N1P1K0,,,,3.0,0.373,63.5,,,,,,,,,,,,,65.25337407690348,,,,,,,,,1,1,0,2024,11,20,11.0
2024-11-20,T8_N0P2K1,,57.8,12.0,2.0,0.417,66.0,5.7,3600.0,120.0,57.0,380.0,9.73,7.1,7.0,18.0,2.0,10.0,0.075,74.8026483320601,6.34,45.7,23.1,24.1,76.3,Si,0.133,236.0,0,2,1,2024,11,20,8.0
2024-11-20,T8_N0P2K1,,,,4.0,0.721,63.3,,,,,,,,,,,,,84.3519225872167,,,,,,,,,0,2,1,2024,11,20,8.0
2024-11-20,T8_N0P2K1,,,,1.0,0.123,69.5,,,,,,,,,,,,,62.070282658517954,,,,,,,,,0,2,1,2024,11,20,8.0
2024-11-20,T9_N0P2K2,,,,0.0,0.0,0.0,,,,,,,,,,,,,0.0,6.53,36.9,23.1,24.6,73.5,Si,0.044,127.0,0,2,2,2024,11,20,9.0
2024-11-20,T9_N0P2K2,,,,3.0,0.396,76.3,,,,,,,,,,,,,65.25337407690348,,,,,,,,,0,2,2,2024,11,20,9.0
2024-11-20,T9_N0P2K2,,,,0.0,0.0,0.0,,,,,,,,,,,,,0.0,,,,,,,,,0,2,2,2024,11,20,9.0
2024-11-20,T13_N1P0K1,,,,3.0,0.335,72.0,,,,,,,,,,,,,60.47873694932519,6.27,45.6,23.5,24.8,75.3,Si,0.123,160.0,1,0,1,2024,11,20,13.0
2024-11-20,T13_N1P0K1,,,,2.0,0.273,65.3,,,,,,,,,,,,,65.25337407690348,,,,,,,,,1,0,1,2024,11,20,13.0
2024-11-20,T13_N1P0K1,,,,0.0,0.0,0.0,,,,,,,,,,,,,0.0,,,,,,,,,1,0,1,2024,11,20,13.0
2024-11-20,T26_N2P2K1,,,,1.0,0.164,78.1,,,,,,,,,,,,,68.43646549528903,,,,,,,,,2,2,1,2024,11,20,26.0
2024-11-20,T26_N2P2K1,,,,0.0,0.0,0.0,,,,,,,,,,,,,0.0,,,,,,,,,2,2,1,2024,11,20,26.0
2024-11-20,T26_N2P2K1,,,,1.0,0.105,62.0,,,,,,,,,,,,,62.070282658517954,6.47,34.2,23.5,24.8,76.2,Si,0.399,190.0,2,2,1,2024,11,20,26.0
2024-11-20,T16_N1P1K2,,,,5.0,0.67,70.0,,,,,,,,,,,,,65.25337407690348,,,,,,,,,1,1,2,2024,11,20,16.0
2024-11-20,T16_N1P1K2,,,,2.0,0.238,62.0,,,,,,,,,,,,,62.070282658517954,,,,,,,,,1,1,2,2024,11,20,16.0
2024-11-20,T16_N1P1K2,,,,2.0,0.226,65.0,,,,,,,,,,,,,63.66182836771072,6.32,28.1,23.2,24.7,75.0,Si,0.33,150.0,1,1,2,2024,11,20,16.0
2024-11-20,T10_N1P0K0,,,,2.0,0.321,67.0,,,,,,,,,,,,,63.66182836771072,,,,,,,,,1,0,0,2024,11,20,10.0
2024-11-20,T10_N1P0K0,,,,1.0,0.226,73.1,,,,,,,,,,,,,7.48026483320601,,,,,,,,,1,0,0,2024,11,20,10.0
2024-11-20,T10_N1P0K0,,,,1.0,0.114,69.0,,,,,,,,,,,,,60.47873694932519,6.48,33.3,23.1,24.3,77.4,Si,0.032,157.0,1,0,0,2024,11,20,10.0
2024-11-20,T22_N2P0K1,,,,0.0,0.0,0.0,,,,,,,,,,,,,0.0,,,,,,,,,2,0,1,2024,11,20,22.0
2024-11-20,T22_N2P0K1,,,,1.0,0.157,68.1,,,,,,,,,,,,,68.43646549528903,,,,,,,,,2,0,1,2024,11,20,22.0
2024-11-20,T22_N2P0K1,,,,0.0,0.0,0.0,,,,,,,,,,,,,0.0,6.45,43.6,23.1,23.8,78.1,Si,0.217,252.0,2,0,1,2024,11,20,22.0
2024-11-20,T12_N1P2K0,,,,0.0,0.0,0.0,,,,,,,,,,,,,0.0,6.46,27.1,23.5,23.8,76.7,Si,0.041,267.0,1,2,0,2024,11,20,12.0
2024-11-20,T12_N1P2K0,,,,2.0,0.26,69.0,,,,,,,,,,,,,60.47873694932519,,,,,,,,,1,2,0,2024,11,20,12.0
2024-11-20,T12_N1P2K0,,,,5.0,0.798,76.0,,,,,,,,,,,,,65.25337407690348,,,,,,,,,1,2,0,2024,11,20,12.0
2024-11-20,T28_BIO-N0P0K0,,,,3.0,0.617,74.9,,,,,,,,,,,,,70.0280112044818,6.56,20.6,24.3,23.7,78.6,Si,0.019,160.0,0,0,0,2024,11,20,28.0
2024-11-20,T28_BIO-N0P0K0,,,,0.0,0.0,0.0,,,,,,,,,,,,,0.0,,,,,,,,,0,0,0,2024,11,20,28.0
2024-11-20,T28_BIO-N0P0K0,,,,3.0,0.298,69.3,,,,,,,,,,,,,55.70409982174688,,,,,,,,,0,0,0,2024,11,20,28.0
2024-11-20,T1_N0P0K0,,,,5.0,0.948,75.9,,,,,,,,,,,,,70.0280112044818,6.54,29.8,23.9,23.6,78.7,Si,0.029,157.0,0,0,0,2024,11,20,1.0
2024-11-20,T1_N0P0K0,,,,2.0,0.304,66.0,,,,,,,,,,,,,66.84491978609626,,,,,,,,,0,0,0,2024,11,20,1.0
2024-11-20,T1_N0P0K0,,,,3.0,0.373,58.0,,,,,,,,,,,,,54.11255411255412,,,,,,,,,0,0,0,2024,11,20,1.0
2024-11-20,T14_N1P0K2,,,,1.0,0.096,68.5,,,,,,,,,,,,,57.29564553093965,6.45,21.9,24.3,23.4,77.3,Si,0.033,139.0,1,0,2,2024,11,20,14.0
2024-11-20,T14_N1P0K2,,,,1.0,0.211,72.0,,,,,,,,,,,,,77.98573975044563,,,,,,,,,1,0,2,2024,11,20,14.0
2024-11-20,T14_N1P0K2,,,,5.0,0.649,63.0,,,,,,,,,,,,,6.684491978609626,,,,,,,,,1,0,2,2024,11,20,14.0
2024-11-20,T5_N0P0K2,,,,0.0,0.0,0.0,,,,,,,,,,,,,0.0,,,,,,,,,0,0,2,2024,11,20,5.0
2024-11-20,T5_N0P0K2,,,,1.0,0.175,71.5,,,,,,,,,,,,,73.21110262286733,,,,,,,,,0,0,2,2024,11,20,5.0
2024-11-20,T5_N0P0K2,,,,1.0,0.149,66.5,,,,,,,,,,,,,66.84491978609626,6.01,23.2,24.3,23.4,80.1,Si,0.033,146.0,0,0,2,2024,11,20,5.0
2024-11-20,T30_BIO N2P2K2,,,,4.0,0.484,66.0,,,,,,,,,,,,,65.25337407690348,,,,,,,,,2,2,2,2024,11,20,30.0
2024-11-20,T30_BIO N2P2K2,,,,3.0,0.353,65.0,,,,,,,,,,,,,57.29564553093965,,,,,,,,,2,2,2,2024,11,20,30.0
2024-11-20,T30_BIO N2P2K2,,,,0.0,0.0,0.0,,,,,,,,,,,,,0.0,6.52,29.9,23.9,23.5,78.5,Si,0.018,160.0,2,2,2,2024,11,20,30.0
2024-11-20,T3_N0P2K0,,,,0.0,0.0,0.0,,,,,,,,,,,,,0.0,,,,,,,,,0,2,0,2024,11,20,3.0
2024-11-20,T3_N0P2K0,,,,0.0,0.0,0.0,,,,,,,,,,,,,0.0,,,,,,,,,0,2,0,2024,11,20,3.0
2024-11-20,T3_N0P2K0,,,,1.0,0.131,68.5,,,,,,,,,,,,,63.66182836771072,6.35,26.4,24.3,23.7,77.7,Si,0.028,183.0,0,2,0,2024,11,20,3.0
2024-11-20,T7_N0P1K2,,,,0.0,0.0,0.0,,,,,,,,,,,,,0.0,,,,,,,,,0,1,2,2024,11,20,7.0
2024-11-20,T7_N0P1K2,,,,1.0,0.143,61.0,,,,,,,,,,,,,70.0280112044818,,,,,,,,,0,1,2,2024,11,20,7.0
2024-11-20,T7_N0P1K2,,,,0.0,0.0,0.0,,,,,,,,,,,,,0.0,6.58,31.9,23.9,23.8,78.0,Si,0.08,270.0,0,1,2,2024,11,20,7.0
2024-11-20,T21_N2P2K0,,,,0.0,0.0,0.0,,,,,,,,,,,,,0.0,,,,,,,,,2,2,0,2024,11,20,21.0
2024-11-20,T21_N2P2K0,,,,2.0,0.232,61.3,,,,,,,,,,,,,60.47873694932519,,,,,,,,,2,2,0,2024,11,20,21.0
2024-11-20,T21_N2P2K0,,,,0.0,0.0,0.0,,,,,,,,,,,,,0.0,,,,,,,,,2,2,0,2024,11,20,21.0
2024-11-20,T23_N2P0K2,,,,2.0,0.353,68.0,,,,,,,,,,,,,71.61955691367456,6.35,28.5,23.9,23.2,80.0,Si,0.045,153.0,2,0,2,2024,11,20,23.0
2024-11-20,T23_N2P0K2,,,,2.0,0.258,62.0,,,,,,,,,,,,,65.25337407690348,,,,,,,,,2,0,2,2024,11,20,23.0
2024-11-20,T23_N2P0K2,,,,3.0,0.526,74.3,,,,,,,,,,,,,68.43646549528903,,,,,,,,,2,0,2,2024,11,20,23.0
2024-11-20,T20_N2P1K0,,,,0.0,0.0,0.0,,,,,,,,,,,,,0.0,6.29,29.6,23.9,23.3,78.9,Si,0.038,171.0,2,1,0,2024,11,20,20.0
2024-11-20,T20_N2P1K0,,,,4.0,0.517,66.9,,,,,,,,,,,,,63.66182836771072,,,,,,,,,2,1,0,2024,11,20,20.0
2024-11-20,T20_N2P1K0,,,,4.0,0.558,66.8,,,,,,,,,,,,,63.66182836771072,,,,,,,,,2,1,0,2024,11,20,20.0
2024-11-20,T18_N1P2K2,,,,3.0,0.509,72.5,,,,,,,,,,,,,74.8026483320601,6.36,29.1,23.9,23.3,80.0,Si,0.023,169.0,1,2,2,2024,11,20,18.0
2024-11-20,T18_N1P2K2,,,,1.0,0.098,61.0,,,,,,,,,,,,,57.29564553093965,,,,,,,,,1,2,2,2024,11,20,18.0
2024-11-20,T18_N1P2K2,,,,0.0,0.0,0.0,,,,,,,,,,,,,0.0,,,,,,,,,1,2,2,2024,11,20,18.0
2024-11-20,T6_N0P1K1,,,,4.0,0.344,63.8,,,,,,,,,,,,,57.29564553093965,,,,,,,,,0,1,1,2024,11,20,6.0
2024-11-20,T6_N0P1K1,,,,2.0,0.175,54.9,,,,,,,,,,,,,55.70409982174688,,,,,,,,,0,1,1,2024,11,20,6.0
2024-11-20,T6_N0P1K1,,,,2.0,0.277,71.3,,,,,,,,,,,,,66.84491978609626,7.18,28.1,24.3,23.3,75.7,Si,0.054,167.0,0,1,1,2024,11,20,6.0
2024-11-20,T17_N1P2K1,,,,2.0,0.483,66.0,,,,,,,,,,,,,79.5772854596384,,,,,,,,,1,2,1,2024,11,20,17.0
2024-11-20,T17_N1P2K1,,,,0.0,0.0,0.0,,,,,,,,,,,,,0.0,,,,,,,,,1,2,1,2024,11,20,17.0
2024-11-20,T17_N1P2K1,,,,1.0,0.286,85.0,,,,,,,,,,,,,82.76037687802393,,,,,,,,,1,2,1,2024,11,20,17.0
2024-11-20,T25_N2P1K2,,,,1.0,0.177,71.9,,,,,,,,,,,,,70.0280112044818,,,,,,,,,2,1,2,2024,11,20,25.0
2024-11-20,T25_N2P1K2,,,,0.0,0.0,0.0,,,,,,,,,,,,,0.0,,,,,,,,,2,1,2,2024,11,20,25.0
2024-11-20,T25_N2P1K2,,,,0.0,0.0,0.0,,,,,,,,,,,,,0.0,6.4,22.9,23.9,23.1,77.6,Si,0.063,139.0,2,1,2,2024,11,20,25.0
2024-11-20,T29_BIO N1P1K1,,,,0.0,0.0,0.0,,,,,,,,,,,,,0.0,,,,,,,,,1,1,1,2024,11,20,29.0
2024-11-20,T29_BIO N1P1K1,,,,5.0,0.571,70.0,,,,,,,,,,,,,66.84491978609626,,,,,,,,,1,1,1,2024,11,20,29.0
2024-11-20,T29_BIO N1P1K1,,,,5.0,0.638,70.3,,,,,,,,,,,,,66.84491978609626,6.4,23.2,23.9,22.9,76.1,Si,0.023,162.0,1,1,1,2024,11,20,29.0
2024-11-20,T2_N0P1K0,,,,1.0,0.154,70.0,,,,,,,,,,,,,68.43646549528903,6.6,29.8,23.5,22.9,78.2,Si,0.017,168.0,0,1,0,2024,11,20,2.0
2024-11-20,T2_N0P1K0,,,,3.0,0.486,68.9,,,,,,,,,,,,,66.84491978609626,,,,,,,,,0,1,0,2024,11,20,2.0
2024-11-20,T2_N0P1K0,,,,1.0,0.123,66.1,,,,,,,,,,,,,62.070282658517954,,,,,,,,,0,1,0,2024,11,20,2.0
2024-11-20,T19_N2P0K0,,,,3.0,0.436,66.0,,,,,,,,,,,,,70.0280112044818,6.36,25.9,23.5,22.9,78.7,Si,0.17,197.0,2,0,0,2024,11,20,19.0
2024-11-20,T19_N2P0K0,,,,1.0,0.16,65.0,,,,,,,,,,,,,70.0280112044818,,,,,,,,,2,0,0,2024,11,20,19.0
2024-11-20,T19_N2P0K0,,,,0.0,0.0,0.0,,,,,,,,,,,,,0.0,,,,,,,,,2,0,0,2024,11,20,19.0
2024-11-20,T8_N0P2K1,,,,2.0,0.252,68.3,,,,,,,,,,,,,62.070282658517954,6.47,31.6,23.5,23.1,78.8,Si,0.181,360.0,0,2,1,2024,11,20,8.0
2024-11-20,T8_N0P2K1,,,,0.0,0.0,0.0,,,,,,,,,,,,,0.0,,,,,,,,,0,2,1,2024,11,20,8.0
2024-11-20,T8_N0P2K1,,,,2.0,0.146,56.0,,,,,,,,,,,,,52.52100840336134,,,,,,,,,0,2,1,2024,11,20,8.0
2024-11-20,T15_N1P1K1,,,,0.0,0.0,0.0,,,,,,,,,,,,,0.0,6.33,36.3,23.5,23.4,75.7,Si,0.162,279.0,1,1,1,2024,11,20,15.0
2024-11-20,T15_N1P1K1,,,,4.0,0.597,68.9,,,,,,,,,,,,,65.25337407690348,,,,,,,,,1,1,1,2024,11,20,15.0
2024-11-20,T15_N1P1K1,,,,2.0,0.315,59.5,,,,,,,,,,,,,68.43646549528903,,,,,,,,,1,1,1,2024,11,20,15.0
2024-11-20,T24_N2P1K1,,,,3.0,0.375,68.5,,,,,,,,,,,,,66.84491978609626,,,,,,,,,2,1,1,2024,11,20,24.0
2024-11-20,T24_N2P1K1,,,,1.0,0.164,66.3,,,,,,,,,,,,,70.0280112044818,,,,,,,,,2,1,1,2024,11,20,24.0
2024-11-20,T24_N2P1K1,,51.9,11.0,3.0,0.623,67.0,,,,,,,7.1,34.0,38.0,2.0,13.0,0.16,71.61955691367456,6.34,46.0,23.9,23.7,79.5,Si,0.141,387.0,2,1,1,2024,11,20,24.0
2024-11-20,T11_N1P1K0,,,,4.0,0.672,70.0,,,,,,,,,,,,,71.61955691367456,,,,,,,,,1,1,0,2024,11,20,11.0
2024-11-20,T11_N1P1K0,,,,2.0,0.313,68.0,,,,,,,,,,,,,66.84491978609626,,,,,,,,,1,1,0,2024,11,20,11.0
2024-11-20,T11_N1P1K0,,,,1.0,0.174,80.0,,,,,,,,,,,,,65.25337407690348,6.7,36.8,23.5,23.0,79.0,Si,0.279,259.0,1,1,0,2024,11,20,11.0
2024-11-20,T27_N2P2K2,,,,6.0,1.116,76.3,,,,,,,,,,,,,74.8026483320601,,,,,,,,,2,2,2,2024,11,20,27.0
2024-11-20,T27_N2P2K2,,,,2.0,0.299,70.0,,,,,,,,,,,,,65.25337407690348,,,,,,,,,2,2,2,2024,11,20,27.0
2024-11-20,T27_N2P2K2,,,,0.0,0.0,0.0,,,,,,,,,,,,,0.0,6.33,27.5,23.5,22.9,77.6,Si,0.104,171.0,2,2,2,2024,11,20,27.0
2024-11-20,T4_N0P0K1,,,,4.0,0.508,75.0,,,,,,,,,,,,,66.84491978609626,,,,,,,,,0,0,1,2024,11,20,4.0
2024-11-20,T4_N0P0K1,,,,2.0,0.204,59.0,,,,,,,,,,,,,58.88719124013242,,,,,,,,,0,0,1,2024,11,20,4.0
2024-11-20,T4_N0P0K1,,,,4.0,0.688,64.0,,,,,,,,,,,,,57.29564553093965,6.57,36.5,23.5,22.9,78.9,Si,0.104,175.0,0,0,1,2024,11,20,4.0
2024-11-27,T27_N2P2K2,,,,7.0,0.917,70.5,,,,,,,,,,,,,68.43646549528903,,,,,,,,,2,2,2,2024,11,27,27.0
2024-11-27,T27_N2P2K2,,,,0.0,0.0,0.0,,,,,,,,,,,,,0.0,,,,,,,,,2,2,2,2024,11,27,27.0
2024-11-27,T27_N2P2K2,,,,5.0,0.558,70.3,,,,,,,,,,,,,62.070282658517954,6.2,35.7,27.6,27.9,63.6,Si,0.134,131.0,2,2,2,2024,11,27,27.0
2024-11-27,T24_N2P1K1,,,,3.0,0.602,60.4,,,,,,,,,,,,,63.66182836771072,,,,,,,,,2,1,1,2024,11,27,24.0
2024-11-27,T24_N2P1K1,,,,2.0,0.255,60.2,,,,,,,,,,,,,63.66182836771072,,,,,,,,,2,1,1,2024,11,27,24.0
2024-11-27,T24_N2P1K1,,,,0.0,0.0,0.0,,,,,,,,,,,,,0.0,6.37,28.0,27.2,27.7,63.8,Si,0.045,143.0,2,1,1,2024,11,27,24.0
2024-11-27,T4_N0P0K1,,,,0.0,0.0,0.0,,,,,,,,,,,,,0.0,,,,,,,,,0,0,1,2024,11,27,4.0
2024-11-27,T4_N0P0K1,,,,0.0,0.0,0.0,,,,,,,,,,,,,0.0,,,,,,,,,0,0,1,2024,11,27,4.0
2024-11-27,T4_N0P0K1,,,,0.0,0.0,0.0,,,,,,,,,,,,,0.0,6.11,46.8,27.2,27.3,65.0,Si,0.058,143.0,0,0,1,2024,11,27,4.0
2024-11-27,T15_N1P1K1,,,,4.0,0.432,60.1,,,,,,,,,,,,,60.47873694932519,,,,,,,,,1,1,1,2024,11,27,15.0
2024-11-27,T15_N1P1K1,,,,2.0,0.223,60.0,,,,,,,,,,,,,57.29564553093965,,,,,,,,,1,1,1,2024,11,27,15.0
2024-11-27,T15_N1P1K1,,55.5,13.0,2.0,0.301,70.2,5.33,3400.0,190.0,53.0,300.0,7.99,6.74,9.0,13.0,5.0,31.0,0.08,65.25337407690348,6.33,41.8,27.6,26.8,68.4,Si,0.065,132.0,1,1,1,2024,11,27,15.0
2024-11-27,T9_N0P2K2,,,,2.0,0.273,60.1,,,,,,,,,,,,,66.84491978609626,6.29,39.5,27.6,26.6,66.9,Si,0.068,139.0,0,2,2,2024,11,27,9.0
2024-11-27,T9_N0P2K2,,,,0.0,0.0,0.0,,,,,,,,,,,,,0.0,,,,,,,,,0,2,2,2024,11,27,9.0
2024-11-27,T9_N0P2K2,,,,0.0,0.0,0.0,,,,,,,,,,,,,0.0,,,,,,,,,0,2,2,2024,11,27,9.0
2024-11-27,T13_N1P0K1,,,,2.0,0.436,70.4,,,,,,,,,,,,,73.21110262286733,6.17,25.1,27.2,27.2,66.2,Si,0.164,134.0,1,0,1,2024,11,27,13.0
2024-11-27,T13_N1P0K1,,,,1.0,0.155,70.1,,,,,,,,,,,,,65.25337407690348,,,,,,,,,1,0,1,2024,11,27,13.0
2024-11-27,T13_N1P0K1,,,,1.0,0.149,70.0,,,,,,,,,,,,,66.84491978609626,,,,,,,,,1,0,1,2024,11,27,13.0
2024-11-27,T22_N2P0K1,,,,1.0,0.074,50.7,,,,,,,,,,,,,50.92946269416858,6.15,24.0,27.2,27.5,65.8,Si,0.075,143.0,2,0,1,2024,11,27,22.0
2024-11-27,T22_N2P0K1,,,,6.0,0.932,70.7,,,,,,,,,,,,,71.61955691367456,,,,,,,,,2,0,1,2024,11,27,22.0
2024-11-27,T22_N2P0K1,,,,2.0,0.243,60.9,,,,,,,,,,,,,57.29564553093965,,,,,,,,,2,0,1,2024,11,27,22.0
2024-11-27,T10_N1P0K0,,,,0.0,0.0,0.0,,,,,,,,,,,,,0.0,6.11,42.3,27.6,28.2,59.8,Si,0.093,162.0,1,0,0,2024,11,27,10.0
2024-11-27,T10_N1P0K0,,,,3.0,0.486,70.1,,,,,,,,,,,,,68.43646549528903,,,,,,,,,1,0,0,2024,11,27,10.0
2024-11-27,T10_N1P0K0,,,,3.0,0.355,50.8,,,,,,,,,,,,,60.47873694932519,,,,,,,,,1,0,0,2024,11,27,10.0
2024-11-27,T28_BIO-N0P0K0,,,,1.0,0.131,60.8,,,,,,,,,,,,,60.47873694932519,,,,,,,,,0,0,0,2024,11,27,28.0
2024-11-27,T28_BIO-N0P0K0,,,,2.0,0.242,60.5,,,,,,,,,,,,,63.66182836771072,,,,,,,,,0,0,0,2024,11,27,28.0
2024-11-27,T28_BIO-N0P0K0,,,,2.0,0.221,60.2,,,,,,,,,,,,,60.47873694932519,6.25,31.2,27.6,29.0,61.8,Si,0.129,154.0,0,0,0,2024,11,27,28.0
2024-11-27,T12_N1P2K0,,,,3.0,0.372,70.0,,,,,,,,,,,,,65.25337407690348,,,,,,,,,1,2,0,2024,11,27,12.0
2024-11-27,T12_N1P2K0,,,,1.0,0.06,50.5,,,,,,,,,,,,,50.92946269416858,,,,,,,,,1,2,0,2024,11,27,12.0
2024-11-27,T12_N1P2K0,,,,4.0,0.556,70.2,,,,,,,,,,,,,66.84491978609626,6.22,50.6,29.2,29.4,58.7,Si,0.106,154.0,1,2,0,2024,11,27,12.0
2024-11-27,T26_N2P2K1,,,,4.0,0.514,60.5,,,,,,,,,,,,,66.84491978609626,,,,,,,,,2,2,1,2024,11,27,26.0
2024-11-27,T26_N2P2K1,,,,0.0,0.0,0.0,,,,,,,,,,,,,0.0,,,,,,,,,2,2,1,2024,11,27,26.0
2024-11-27,T26_N2P2K1,,,,2.0,0.132,50.6,,,,,,,,,,,,,55.70409982174688,6.28,41.9,28.0,29.9,59.7,Si,0.152,255.0,2,2,1,2024,11,27,26.0
2024-11-27,T16_N1P1K2,,,,3.0,0.328,60.2,,,,,,,,,,,,,65.25337407690348,,,,,,,,,1,1,2,2024,11,27,16.0
2024-11-27,T16_N1P1K2,,,,0.0,0.0,0.0,,,,,,,,,,,,,0.0,,,,,,,,,1,1,2,2024,11,27,16.0
2024-11-27,T16_N1P1K2,,,,6.0,0.729,60.4,,,,,,,,,,,,,63.66182836771072,6.32,32.3,28.7,30.1,57.0,Si,0.117,424.0,1,1,2,2024,11,27,16.0
2024-11-27,T1_N0P0K0,,,,4.0,0.442,70.4,,,,,,,,,,,,,65.25337407690348,6.35,35.2,27.6,30.4,55.9,Si,0.212,279.0,0,0,0,2024,11,27,1.0
2024-11-27,T1_N0P0K0,,,,2.0,0.193,50.5,,,,,,,,,,,,,55.70409982174688,,,,,,,,,0,0,0,2024,11,27,1.0
2024-11-27,T1_N0P0K0,,,,1.0,0.109,50.8,,,,,,,,,,,,,60.47873694932519,,,,,,,,,0,0,0,2024,11,27,1.0
2024-11-27,T14_N1P0K2,,,,3.0,0.44,60.7,,,,,,,,,,,,,63.66182836771072,6.12,46.0,28.8,30.0,56.9,Si,0.076,280.0,1,0,2,2024,11,27,14.0
2024-11-27,T14_N1P0K2,,,,0.0,0.0,0.0,,,,,,,,,,,,,0.0,,,,,,,,,1,0,2,2024,11,27,14.0
2024-11-27,T14_N1P0K2,,,,2.0,0.171,50.7,,,,,,,,,,,,,55.70409982174688,,,,,,,,,1,0,2,2024,11,27,14.0
2024-11-27,T7_N0P1K2,,,,1.0,0.033,60.8,,,,,,,,,,,,,62.070282658517954,6.21,26.6,27.6,29.7,57.8,Si,0.057,174.0,0,1,2,2024,11,27,7.0
2024-11-27,T7_N0P1K2,,,,1.0,0.088,50.8,,,,,,,,,,,,,57.29564553093965,,,,,,,,,0,1,2,2024,11,27,7.0
2024-11-27,T7_N0P1K2,,,,6.0,0.763,70.1,,,,,,,,,,,,,63.66182836771072,,,,,,,,,0,1,2,2024,11,27,7.0
2024-11-27,T3_N0P2K0,,,,1.0,0.105,60.7,,,,,,,,,,,,,50.92946269416858,6.16,33.6,27.6,28.6,58.4,Si,0.046,152.0,0,2,0,2024,11,27,3.0
2024-11-27,T3_N0P2K0,,,,1.0,0.081,50.7,,,,,,,,,,,,,52.52100840336134,,,,,,,,,0,2,0,2024,11,27,3.0
2024-11-27,T3_N0P2K0,,,,1.0,0.102,60.0,,,,,,,,,,,,,62.070282658517954,,,,,,,,,0,2,0,2024,11,27,3.0
2024-11-27,T23_N2P0K2,,,,3.0,0.287,60.3,,,,,,,,,,,,,58.88719124013242,,,,,,,,,2,0,2,2024,11,27,23.0
2024-11-27,T23_N2P0K2,,,,3.0,0.411,60.7,,,,,,,,,,,,,66.84491978609626,,,,,,,,,2,0,2,2024,11,27,23.0
2024-11-27,T23_N2P0K2,,,,2.0,0.314,70.2,,,,,,,,,,,,,65.25337407690348,6.31,40.4,28.8,29.9,60.4,Si,0.212,658.0,2,0,2,2024,11,27,23.0
2024-11-27,T21_N2P2K0,,,,3.0,0.381,60.3,,,,,,,,,,,,,65.25337407690348,,,,,,,,,2,2,0,2024,11,27,21.0
2024-11-27,T21_N2P2K0,,,,2.0,0.301,60.5,,,,,,,,,,,,,70.0280112044818,,,,,,,,,2,2,0,2024,11,27,21.0
2024-11-27,T21_N2P2K0,,63.9,9.0,1.0,0.14,60.7,5.2,3200.0,480.0,49.0,380.0,8.89,7.26,5.0,9.0,1.0,18.0,0.06,70.0280112044818,6.21,42.2,29.6,31.5,52.5,Si,0.067,803.0,2,2,0,2024,11,27,21.0
2024-11-27,T5_N0P0K2,,,,2.0,0.263,60.5,,,,,,,,,,,,,63.66182836771072,,,,,,,,,0,0,2,2024,11,27,5.0
2024-11-27,T5_N0P0K2,,,,4.0,0.538,60.8,,,,,,,,,,,,,65.25337407690348,,,,,,,,,0,0,2,2024,11,27,5.0
2024-11-27,T5_N0P0K2,,,,1.0,0.24,70.6,,,,,,,,,,,,,74.8026483320601,6.14,29.5,28.8,32.2,55.4,Si,0.079,673.0,0,0,2,2024,11,27,5.0
2024-11-27,T30_BIO N2P2K2,,,,4.0,0.34,60.4,,,,,,,,,,,,,58.88719124013242,,,,,,,,,2,2,2,2024,11,27,30.0
2024-11-27,T30_BIO N2P2K2,,,,1.0,0.084,60.0,,,,,,,,,,,,,65.25337407690348,,,,,,,,,2,2,2,2024,11,27,30.0
2024-11-27,T30_BIO N2P2K2,,,,2.0,0.175,60.0,,,,,,,,,,,,,54.11255411255412,6.21,47.5,26.8,31.4,49.1,Si,0.091,266.0,2,2,2,2024,11,27,30.0
2024-11-27,T20_N2P1K0,,,,3.0,0.472,60.8,,,,,,,,,,,,,65.25337407690348,6.16,43.9,27.2,30.8,54.2,Si,0.051,281.0,2,1,0,2024,11,27,20.0
2024-11-27,T20_N2P1K0,,,,2.0,0.273,60.6,,,,,,,,,,,,,63.66182836771072,,,,,,,,,2,1,0,2024,11,27,20.0
2024-11-27,T20_N2P1K0,,,,0.0,0.0,0.0,,,,,,,,,,,,,0.0,,,,,,,,,2,1,0,2024,11,27,20.0
2024-11-27,T18_N1P2K2,,,,1.0,0.081,60.3,,,,,,,,,,,,,55.70409982174688,5.98,43.6,29.6,32.8,52.8,Si,0.127,678.0,1,2,2,2024,11,27,18.0
2024-11-27,T18_N1P2K2,,,,3.0,0.555,60.4,,,,,,,,,,,,,66.84491978609626,,,,,,,,,1,2,2,2024,11,27,18.0
2024-11-27,T18_N1P2K2,,,,3.0,0.36,60.6,,,,,,,,,,,,,66.84491978609626,,,,,,,,,1,2,2,2024,11,27,18.0
2024-11-27,T29_BIO N1P1K1,,,,0.0,0.0,0.0,,,,,,,,,,,,,0.0,6.28,35.2,29.2,31.0,57.3,Si,0.181,789.0,1,1,1,2024,11,27,29.0
2024-11-27,T29_BIO N1P1K1,,,,2.0,0.411,70.7,,,,,,,,,,,,,70.0280112044818,,,,,,,,,1,1,1,2024,11,27,29.0
2024-11-27,T29_BIO N1P1K1,,,,2.0,0.408,70.2,,,,,,,,,,,,,87.53501400560224,,,,,,,,,1,1,1,2024,11,27,29.0
2024-11-27,T25_N2P1K2,,,,5.0,0.941,60.9,,,,,,,,,,,,,73.21110262286733,6.38,33.0,29.2,30.5,61.0,Si,0.205,728.0,2,1,2,2024,11,27,25.0
2024-11-27,T25_N2P1K2,,,,0.0,0.0,0.0,,,,,,,,,,,,,0.0,,,,,,,,,2,1,2,2024,11,27,25.0
2024-11-27,T25_N2P1K2,,,,4.0,0.59,60.8,,,,,,,,,,,,,63.66182836771072,,,,,,,,,2,1,2,2024,11,27,25.0
2024-11-27,T19_N2P0K0,,,,10.0,0.789,60.5,,,,,,,,,,,,,60.47873694932519,,,,,,,,,2,0,0,2024,11,27,19.0
2024-11-27,T19_N2P0K0,,,,1.0,0.23,60.7,,,,,,,,,,,,,79.5772854596384,9.0,29.9,26.6,24.3,77.2,Si,0.269,394.0,2,0,0,2024,11,27,19.0
2024-11-27,T19_N2P0K0,,,,6.0,0.656,60.5,,,,,,,,,,,,,62.070282658517954,6.06,37.7,28.4,29.4,62.0,Si,0.232,706.0,2,0,0,2024,11,27,19.0
2024-11-27,T2_N0P1K0,,,,3.0,0.386,70.2,,,,,,,,,,,,,60.47873694932519,,,,,,,,,0,1,0,2024,11,27,2.0
2024-11-27,T2_N0P1K0,,,,2.0,0.224,60.3,,,,,,,,,,,,,60.47873694932519,,,,,,,,,0,1,0,2024,11,27,2.0
2024-11-27,T2_N0P1K0,,,,0.0,0.0,0.0,,,,,,,,,,,,,0.0,,,,,,,,,0,1,0,2024,11,27,2.0
2024-11-27,T6_N0P1K1,,,,2.0,0.397,60.9,,,,,,,,,,,,,73.21110262286733,,,,,,,,,0,1,1,2024,11,27,6.0
2024-11-27,T6_N0P1K1,,,,4.0,0.534,60.9,,,,,,,,,,,,,65.25337407690348,,,,,,,,,0,1,1,2024,11,27,6.0
2024-11-27,T6_N0P1K1,,,,2.0,0.309,70.0,,,,,,,,,,,,,66.84491978609626,6.16,39.5,26.0,28.3,62.3,Si,0.152,611.0,0,1,1,2024,11,27,6.0
2024-11-27,T17_N1P2K1,,,,2.0,0.297,70.8,,,,,,,,,,,,,65.25337407690348,,,,,,,,,1,2,1,2024,11,27,17.0
2024-11-27,T17_N1P2K1,,,,2.0,0.271,70.0,,,,,,,,,,,,,63.66182836771072,,,,,,,,,1,2,1,2024,11,27,17.0
2024-11-27,T17_N1P2K1,,,,2.0,0.339,70.2,,,,,,,,,,,,,71.61955691367456,6.11,44.0,25.2,27.8,63.8,Si,0.17,162.0,1,2,1,2024,11,27,17.0
2024-11-27,T11_N1P1K0,,,,2.0,0.378,70.3,,,,,,,,,,,,,71.61955691367456,6.21,53.8,25.2,27.7,63.8,Si,0.118,678.0,1,1,0,2024,11,27,11.0
2024-11-27,T11_N1P1K0,,,,5.0,0.7,70.0,,,,,,,,,,,,,68.43646549528903,,,,,,,,,1,1,0,2024,11,27,11.0
2024-11-27,T11_N1P1K0,,,,1.0,0.089,50.7,,,,,,,,,,,,,55.70409982174688,,,,,,,,,1,1,0,2024,11,27,11.0
2024-11-27,T8_N0P2K1,,,,6.0,0.912,70.1,,,,,,,,,,,,,71.61955691367456,6.07,45.1,26.0,28.1,64.6,Si,0.181,650.0,0,2,1,2024,11,27,8.0
2024-11-27,T8_N0P2K1,,,,6.0,0.822,70.4,,,,,,,,,,,,,68.43646549528903,,,,,,,,,0,2,1,2024,11,27,8.0
2024-11-27,T8_N0P2K1,,,,5.0,0.676,70.4,,,,,,,,,,,,,70.0280112044818,,,,,,,,,0,2,1,2024,11,27,8.0
2024-11-27,T9_N0P2K2,,53.1,26.0,0.0,0.0,0.0,5.34,3500.0,140.0,58.0,270.0,9.84,6.81,89.0,66.0,11.0,41.0,0.556,0.0,6.33,42.6,27.2,28.6,63.4,Si,0.125,704.0,0,2,2,2024,11,27,9.0
2024-11-27,T9_N0P2K2,,,,11.0,1.75,70.5,,,,,,,,,,,,,70.0280112044818,,,,,,,,,0,2,2,2024,11,27,9.0
2024-11-27,T9_N0P2K2,,,,1.0,0.161,70.2,,,,,,,,,,,,,68.43646549528903,,,,,,,,,0,2,2,2024,11,27,9.0
2024-11-27,T13_N1P0K1,,44.8,9.0,1.0,0.286,80.8,5.52,3000.0,930.0,69.0,230.0,12.42,6.4,61.0,100.0,5.0,22.0,0.586,63.66182836771072,6.13,39.0,27.6,29.1,62.9,Si,0.248,737.0,1,0,1,2024,11,27,13.0
2024-11-27,T13_N1P0K1,,,,2.0,0.18,50.9,,,,,,,,,,,,,55.70409982174688,,,,,,,,,1,0,1,2024,11,27,13.0
2024-11-27,T13_N1P0K1,,,,2.0,0.222,60.2,,,,,,,,,,,,,55.70409982174688,,,,,,,,,1,0,1,2024,11,27,13.0
2024-11-27,T26_N2P2K1,,,,1.0,0.132,70.0,,,,,,,,,,,,,65.25337407690348,,,,,,,,,2,2,1,2024,11,27,26.0
2024-11-27,T26_N2P2K1,,,,2.0,0.328,70.0,,,,,,,,,,,,,66.84491978609626,,,,,,,,,2,2,1,2024,11,27,26.0
2024-11-27,T26_N2P2K1,,52.8,16.0,2.0,0.233,60.4,5.28,3800.0,270.0,55.0,180.0,10.94,7.72,62.0,26.0,26.0,65.0,0.322,60.47873694932519,6.04,39.0,26.0,26.9,71.2,Si,0.2,790.0,2,2,1,2024,11,27,26.0
2024-11-27,T16_N1P1K2,,,,5.0,0.514,60.5,,,,,,,,,,,,,65.25337407690348,,,,,,,,,1,1,2,2024,11,27,16.0
2024-11-27,T16_N1P1K2,,,,7.0,1.087,70.2,,,,,,,,,,,,,65.25337407690348,,,,,,,,,1,1,2,2024,11,27,16.0
2024-11-27,T16_N1P1K2,,49.6,14.0,1.0,0.136,60.3,5.49,3200.0,100.0,42.0,280.0,9.03,7.22,11.0,49.0,2.0,42.0,0.141,65.25337407690348,6.0,35.1,26.0,27.3,67.9,Si,0.224,262.0,1,1,2,2024,11,27,16.0
2024-11-27,T10_N1P0K0,,,,3.0,0.458,70.0,,,,,,,,,,,,,70.0280112044818,,,,,,,,,1,0,0,2024,11,27,10.0
2024-11-27,T10_N1P0K0,,,,7.0,1.402,70.6,,,,,,,,,,,,,79.5772854596384,,,,,,,,,1,0,0,2024,11,27,10.0
2024-11-27,T10_N1P0K0,,50.1,10.0,3.0,0.523,70.3,5.51,2500.0,710.0,45.0,240.0,9.29,6.69,9.0,366.0,19.0,18.0,1.21,68.43646549528903,6.21,45.1,27.2,27.9,65.6,Si,0.146,162.0,1,0,0,2024,11,27,10.0
2024-11-27,T22_N2P0K1,,,,0.0,0.0,0.0,,,,,,,,,,,,,0.0,,,,,,,,,2,0,1,2024,11,27,22.0
2024-11-27,T22_N2P0K1,,,,4.0,0.507,60.8,,,,,,,,,,,,,68.43646549528903,,,,,,,,,2,0,1,2024,11,27,22.0
2024-11-27,T22_N2P0K1,,49.4,8.0,1.0,0.144,60.9,5.34,3000.0,390.0,51.0,290.0,8.77,7.17,50.0,230.0,14.0,26.0,0.707,65.25337407690348,6.02,48.7,26.8,27.9,63.8,Si,0.178,171.0,2,0,1,2024,11,27,22.0
2024-11-27,T12_N1P2K0,,63.8,9.0,0.0,0.0,0.0,5.39,3000.0,82.0,42.0,320.0,7.3,5.85,130.0,510.0,31.0,160.0,1.519,0.0,5.93,44.1,26.0,27.9,64.6,Si,0.308,173.0,1,2,0,2024,11,27,12.0
2024-11-27,T12_N1P2K0,,,,1.0,0.127,60.4,,,,,,,,,,,,,60.47873694932519,,,,,,,,,1,2,0,2024,11,27,12.0
2024-11-27,T12_N1P2K0,,,,2.0,0.219,60.4,,,,,,,,,,,,,60.47873694932519,,,,,,,,,1,2,0,2024,11,27,12.0
2024-11-27,T28_BIO-N0P0K0,,56.1,17.0,1.0,0.143,60.4,5.39,3200.0,120.0,45.0,230.0,8.39,7.15,83.0,190.0,58.0,40.0,0.923,65.25337407690348,6.19,36.4,27.2,27.8,65.0,Si,0.163,248.0,0,0,0,2024,11,27,28.0
2024-11-27,T28_BIO-N0P0K0,,,,5.0,0.339,50.6,,,,,,,,,,,,,54.11255411255412,,,,,,,,,0,0,0,2024,11,27,28.0
2024-11-27,T28_BIO-N0P0K0,,,,3.0,0.321,60.7,,,,,,,,,,,,,60.47873694932519,,,,,,,,,0,0,0,2024,11,27,28.0
2024-11-27,T1_N0P0K0,,60.1,19.0,2.0,0.334,60.9,5.53,3100.0,32.0,38.0,340.0,6.7,6.97,33.0,120.0,4.0,48.0,0.593,68.43646549528903,6.15,31.2,26.8,27.6,67.1,Si,0.248,298.0,0,0,0,2024,11,27,1.0
2024-11-27,T1_N0P0K0,,,,7.0,0.968,60.6,,,,,,,,,,,,,65.25337407690348,,,,,,,,,0,0,0,2024,11,27,1.0
2024-11-27,T1_N0P0K0,,,,3.0,0.467,70.0,,,,,,,,,,,,,65.25337407690348,,,,,,,,,0,0,0,2024,11,27,1.0
2024-11-27,T14_N1P0K2,,52.0,24.0,2.0,0.23,60.6,5.56,3400.0,460.0,45.0,200.0,11.4,6.58,250.0,310.0,31.0,41.0,1.562,57.29564553093965,5.99,29.2,26.0,26.3,74.5,Si,0.28,389.0,1,0,2,2024,11,27,14.0
2024-11-27,T14_N1P0K2,,,,1.0,0.146,60.2,,,,,,,,,,,,,63.66182836771072,,,,,,,,,1,0,2,2024,11,27,14.0
2024-11-27,T14_N1P0K2,,,,8.0,1.338,70.4,,,,,,,,,,,,,74.8026483320601,,,,,,,,,1,0,2,2024,11,27,14.0
2024-11-27,T5_N0P0K2,,,,1.0,0.138,60.9,,,,,,,,,,,,,60.47873694932519,,,,,,,,,0,0,2,2024,11,27,5.0
2024-11-27,T5_N0P0K2,,,,1.0,0.17,70.3,,,,,,,,,,,,,70.0280112044818,,,,,,,,,0,0,2,2024,11,27,5.0
2024-11-27,T5_N0P0K2,,54.3,7.0,1.0,0.077,50.2,5.4,3300.0,110.0,49.0,480.0,9.38,6.17,39.0,44.0,5.0,30.0,0.21,54.11255411255412,5.91,25.9,25.6,25.6,74.9,Si,0.131,485.0,0,0,2,2024,11,27,5.0
2024-11-27,T30_BIO N2P2K2,,,,1.0,0.088,60.2,,,,,,,,,,,,,54.11255411255412,,,,,,,,,2,2,2,2024,11,27,30.0
2024-11-27,T30_BIO N2P2K2,,,,7.0,0.817,70.4,,,,,,,,,,,,,66.84491978609626,,,,,,,,,2,2,2,2024,11,27,30.0
2024-11-27,T30_BIO N2P2K2,,43.6,8.0,0.0,0.0,0.0,5.54,3000.0,67.0,42.0,390.0,7.32,7.85,5.0,35.0,2.0,48.0,0.101,0.0,6.27,37.7,25.2,24.7,72.6,Si,0.114,486.0,2,2,2,2024,11,27,30.0
2024-11-27,T3_N0P2K0,,,,0.0,0.0,0.0,,,,,,,,,,,,,0.0,,,,,,,,,0,2,0,2024,11,27,3.0
2024-11-27,T3_N0P2K0,,,,0.0,0.0,0.0,,,,,,,,,,,,,0.0,,,,,,,,,0,2,0,2024,11,27,3.0
2024-11-27,T3_N0P2K0,,56.9,10.0,0.0,0.0,0.0,5.59,2900.0,45.0,39.0,290.0,7.33,6.6,11.0,39.0,2.0,41.0,0.149,0.0,5.99,44.0,24.4,24.4,78.9,Si,0.073,394.0,0,2,0,2024,11,27,3.0
2024-11-27,T7_N0P1K2,,,,2.0,0.387,70.5,,,,,,,,,,,,,74.8026483320601,,,,,,,,,0,1,2,2024,11,27,7.0
2024-11-27,T7_N0P1K2,,,,1.0,0.086,50.8,,,,,,,,,,,,,58.88719124013242,,,,,,,,,0,1,2,2024,11,27,7.0
2024-11-27,T7_N0P1K2,,43.5,6.0,0.0,0.0,0.0,5.36,3200.0,630.0,56.0,310.0,11.37,6.39,21.0,54.0,2.0,36.0,0.192,0.0,6.25,39.1,24.4,24.3,76.9,Si,0.252,243.0,0,1,2,2024,11,27,7.0
2024-11-27,T21_N2P2K0,,54.5,10.0,2.0,0.303,60.9,5.27,2700.0,410.0,55.0,200.0,8.51,7.25,12.0,40.0,6.0,35.0,0.166,63.66182836771072,5.81,46.4,24.0,24.4,77.2,Si,0.125,160.0,2,2,0,2024,11,27,21.0
2024-11-27,T21_N2P2K0,,,,1.0,0.087,60.2,,,,,,,,,,,,,54.11255411255412,,,,,,,,,2,2,0,2024,11,27,21.0
2024-11-27,T21_N2P2K0,,,,3.0,0.35,60.8,,,,,,,,,,,,,63.66182836771072,,,,,,,,,2,2,0,2024,11,27,21.0
2024-11-27,T23_N2P0K2,,60.0,12.0,2.0,0.261,60.2,5.35,2900.0,730.0,53.0,270.0,10.58,5.75,13.0,150.0,3.0,13.0,0.515,62.070282658517954,6.01,49.3,24.4,24.3,76.5,Si,0.181,255.0,2,0,2,2024,11,27,23.0
2024-11-27,T23_N2P0K2,,,,3.0,0.369,60.6,,,,,,,,,,,,,66.84491978609626,,,,,,,,,2,0,2,2024,11,27,23.0
2024-11-27,T23_N2P0K2,,,,2.0,0.28,70.2,,,,,,,,,,,,,73.21110262286733,,,,,,,,,2,0,2,2024,11,27,23.0
2024-11-27,T20_N2P1K0,,49.2,6.0,5.0,0.631,50.9,5.45,3000.0,81.0,39.0,300.0,8.26,6.33,18.0,32.0,1.0,4.0,0.091,58.88719124013242,6.1,43.2,25.2,24.9,75.1,Si,0.205,687.0,2,1,0,2024,11,27,20.0
2024-11-27,T20_N2P1K0,,,,8.0,1.071,70.1,,,,,,,,,,,,,68.43646549528903,,,,,,,,,2,1,0,2024,11,27,20.0
2024-11-27,T20_N2P1K0,,,,4.0,0.553,70.3,,,,,,,,,,,,,66.84491978609626,,,,,,,,,2,1,0,2024,11,27,20.0
2024-11-27,T18_N1P2K2,,60.9,14.0,2.0,0.429,70.7,5.47,3100.0,57.0,41.0,220.0,7.65,6.18,22.0,270.0,33.0,23.0,0.862,73.21110262286733,5.74,48.1,26.0,26.0,71.4,Si,0.247,460.0,1,2,2,2024,11,27,18.0
2024-11-27,T18_N1P2K2,,,,0.0,0.0,0.0,,,,,,,,,,,,,0.0,,,,,,,,,1,2,2,2024,11,27,18.0
2024-11-27,T18_N1P2K2,,,,1.0,0.079,50.7,,,,,,,,,,,,,55.70409982174688,,,,,,,,,1,2,2,2024,11,27,18.0
2024-11-27,T6_N0P1K1,,,,6.0,0.615,60.8,,,,,,,,,,,,,60.47873694932519,,,,,,,,,0,1,1,2024,11,27,6.0
2024-11-27,T6_N0P1K1,,,,7.0,0.748,70.5,,,,,,,,,,,,,71.61955691367456,,,,,,,,,0,1,1,2024,11,27,6.0
2024-11-27,T6_N0P1K1,,58.0,14.0,5.0,0.764,70.2,5.57,3000.0,150.0,41.0,360.0,7.17,6.6,7.0,21.0,1.0,18.0,0.074,65.25337407690348,6.25,42.7,25.0,25.1,74.8,Si,0.225,596.0,0,1,1,2024,11,27,6.0
2024-11-27,T17_N1P2K1,,,,2.0,0.305,60.9,,,,,,,,,,,,,65.25337407690348,,,,,,,,,1,2,1,2024,11,27,17.0
2024-11-27,T17_N1P2K1,,,,3.0,0.317,60.4,,,,,,,,,,,,,62.070282658517954,,,,,,,,,1,2,1,2024,11,27,17.0
2024-11-27,T17_N1P2K1,,56.9,11.0,4.0,0.701,60.8,5.4,3100.0,84.0,38.0,360.0,8.2,6.84,5.0,13.0,1.0,21.0,0.063,76.39419404125286,6.42,36.8,25.4,25.3,72.9,Si,0.239,603.0,1,2,1,2024,11,27,17.0
2024-11-27,T25_N2P1K2,,,,1.0,0.071,50.4,,,,,,,,,,,,,50.92946269416858,,,,,,,,,2,1,2,2024,11,27,25.0
2024-11-27,T25_N2P1K2,,,,2.0,0.247,50.8,,,,,,,,,,,,,63.66182836771072,,,,,,,,,2,1,2,2024,11,27,25.0
2024-11-27,T25_N2P1K2,,56.7,15.0,0.0,0.0,0.0,5.5,3300.0,50.0,40.0,620.0,8.36,5.65,39.0,41.0,3.0,16.0,0.258,0.0,,,,,,,,,2,1,2,2024,11,27,25.0
2024-11-27,T29_BIO N1P1K1,,,,2.0,0.193,50.8,,,,,,,,,,,,,57.29564553093965,,,,,,,,,1,1,1,2024,11,27,29.0
2024-11-27,T29_BIO N1P1K1,,,,1.0,0.13,60.3,,,,,,,,,,,,,62.070282658517954,,,,,,,,,1,1,1,2024,11,27,29.0
2024-11-27,T29_BIO N1P1K1,,60.2,10.0,5.0,0.593,60.9,5.57,3300.0,300.0,44.0,310.0,9.15,6.66,17.0,39.0,8.0,16.0,0.208,62.070282658517954,9.0,50.0,24.2,25.1,73.6,Si,0.221,139.0,1,1,1,2024,11,27,29.0
2024-11-27,T2_N0P1K0,,55.4,10.0,3.0,0.479,70.1,5.59,3300.0,100.0,44.0,830.0,8.34,5.71,6.0,48.0,1.0,9.0,0.168,74.8026483320601,6.52,49.1,23.8,24.8,72.9,Si,0.142,141.0,0,1,0,2024,11,27,2.0
2024-11-27,T2_N0P1K0,,,,4.0,0.657,70.2,,,,,,,,,,,,,71.61955691367456,,,,,,,,,0,1,0,2024,11,27,2.0
2024-11-27,T2_N0P1K0,,,,5.0,0.69,70.0,,,,,,,,,,,,,70.0280112044818,,,,,,,,,0,1,0,2024,11,27,2.0
2024-11-27,T19_N2P0K0,,62.9,16.0,1.0,0.104,60.2,5.47,2700.0,96.0,39.0,400.0,7.54,5.84,18.0,57.0,2.0,23.0,0.198,58.88719124013242,6.69,46.8,25.0,25.3,70.9,Si,0.258,159.0,2,0,0,2024,11,27,19.0
2024-11-27,T19_N2P0K0,,,,1.0,0.116,60.1,,,,,,,,,,,,,62.070282658517954,,,,,,,,,2,0,0,2024,11,27,19.0
2024-11-27,T19_N2P0K0,,,,1.0,0.229,70.6,,,,,,,,,,,,,76.39419404125286,,,,,,,,,2,0,0,2024,11,27,19.0
2024-11-27,T8_N0P2K1,,59.0,19.0,2.0,0.289,60.6,5.55,3200.0,170.0,49.0,260.0,8.68,6.45,5.0,10.0,1.0,10.0,0.049,68.43646549528903,6.55,36.6,25.4,25.4,72.5,Si,0.248,300.0,0,2,1,2024,11,27,8.0
2024-11-27,T8_N0P2K1,,,,5.0,0.508,60.7,,,,,,,,,,,,,58.88719124013242,,,,,,,,,0,2,1,2024,11,27,8.0
2024-11-27,T8_N0P2K1,,,,3.0,0.225,70.3,,,,,,,,,,,,,65.25337407690348,,,,,,,,,0,2,1,2024,11,27,8.0
2024-11-27,T15_N1P1K1,,54.8,12.0,2.0,0.221,60.9,5.4,3100.0,260.0,49.0,350.0,8.99,7.4,5.0,8.0,1.0,11.0,0.046,57.29564553093965,6.29,33.8,24.6,24.9,74.2,Si,0.276,287.0,1,1,1,2024,11,27,15.0
2024-11-27,T15_N1P1K1,,,,3.0,0.633,70.2,,,,,,,,,,,,,73.21110262286733,,,,,,,,,1,1,1,2024,11,27,15.0
2024-11-27,T15_N1P1K1,,,,4.0,0.481,50.8,,,,,,,,,,,,,55.70409982174688,,,,,,,,,1,1,1,2024,11,27,15.0
2024-11-27,T24_N2P1K1,,,,5.0,0.583,60.4,,,,,,,,,,,,,57.29564553093965,,,,,,,,,2,1,1,2024,11,27,24.0
2024-11-27,T24_N2P1K1,,,,11.0,1.63,70.5,,,,,,,,,,,,,73.21110262286733,,,,,,,,,2,1,1,2024,11,27,24.0
2024-11-27,T24_N2P1K1,,49.9,6.0,2.0,0.36,70.2,5.57,3000.0,410.0,45.0,430.0,9.69,6.56,1.0,7.0,1.0,11.0,0.033,70.0280112044818,7.31,33.2,25.4,24.4,77.1,Si,0.143,359.0,2,1,1,2024,11,27,24.0
2024-11-27,T11_N1P1K0,,,,0.0,0.0,0.0,,,,,,,,,,,,,0.0,,,,,,,,,1,1,0,2024,11,27,11.0
2024-11-27,T11_N1P1K0,,,,5.0,0.917,70.6,,,,,,,,,,,,,74.8026483320601,,,,,,,,,1,1,0,2024,11,27,11.0
2024-11-27,T11_N1P1K0,,46.9,6.0,2.0,0.303,70.3,5.66,3000.0,110.0,40.0,740.0,8.34,6.0,21.0,73.0,2.0,13.0,0.375,62.070282658517954,,,,,,,,,1,1,0,2024,11,27,11.0
2024-11-27,T27_N2P2K2,,,,3.0,0.642,70.7,,,,,,,,,,,,,76.39419404125286,,,,,,,,,2,2,2,2024,11,27,27.0
2024-11-27,T27_N2P2K2,,,,3.0,0.556,70.4,,,,,,,,,,,,,73.21110262286733,,,,,,,,,2,2,2,2024,11,27,27.0
2024-11-27,T27_N2P2K2,,55.4,11.0,2.0,0.34,60.5,5.59,3400.0,130.0,44.0,310.0,8.81,6.51,8.0,13.0,1.0,11.0,0.082,74.8026483320601,6.43,42.4,26.2,24.1,79.0,Si,0.048,472.0,2,2,2,2024,11,27,27.0
2024-11-27,T4_N0P0K1,,,,3.0,0.451,70.4,,,,,,,,,,,,,71.61955691367456,,,,,,,,,0,0,1,2024,11,27,4.0
2024-11-27,T4_N0P0K1,,,,4.0,0.464,60.3,,,,,,,,,,,,,65.25337407690348,,,,,,,,,0,0,1,2024,11,27,4.0
2024-11-27,T4_N0P0K1,,46.0,15.0,3.0,0.397,60.7,5.64,3200.0,80.0,40.0,290.0,8.11,6.96,6.0,9.0,1.0,14.0,0.043,81.16883116883118,7.33,28.5,25.4,23.6,78.5,Si,0.045,380.0,0,0,1,2024,11,27,4.0
2024-12-04,T27_N2P2K2,,55.6,8.0,0.0,0.0,0.0,6.9,4200.0,550.0,51.0,100.0,10.24,6.9,8.0,9.0,5.0,23.0,0.038,0.0,6.41,50.0,22.0,21.0,98.7,Si,0.034,154.0,2,2,2,2024,12,4,27.0
2024-12-04,T27_N2P2K2,,,,0.0,0.0,0.0,,,,,,,,,,,,,0.0,,,,,,,,,2,2,2,2024,12,4,27.0
2024-12-04,T27_N2P2K2,,,,0.0,0.0,0.0,,,,,,,,,,,,,0.0,,,,,,,,,2,2,2,2024,12,4,27.0
2024-12-04,T24_N2P1K1,,55.2,28.0,3.0,0.38,70.0,6.5,3900.0,270.0,51.0,570.0,9.5,6.5,4.0,1.0,1.0,7.0,0.036,60.47873694932519,9.0,33.8,22.0,21.4,98.2,Si,0.019,169.0,2,1,1,2024,12,4,24.0
2024-12-04,T24_N2P1K1,,,,1.0,0.147,68.2,,,,,,,,,,,,,65.25337407690348,,,,,,,,,2,1,1,2024,12,4,24.0
2024-12-04,T24_N2P1K1,,,,1.0,0.128,70.1,,,,,,,,,,,,,63.66182836771072,,,,,,,,,2,1,1,2024,12,4,24.0
2024-12-04,T4_N0P0K1,,,,0.0,0.0,0.0,,,,,,,,,,,,,0.0,,,,,,,,,0,0,1,2024,12,4,4.0
2024-12-04,T4_N0P0K1,,,,3.0,0.491,70.5,,,,,,,,,,,,,68.43646549528903,,,,,,,,,0,0,1,2024,12,4,4.0
2024-12-04,T4_N0P0K1,,,,3.0,0.402,60.8,,,,,,,,,,,,,70.0280112044818,,,,,,,,,0,0,1,2024,12,4,4.0
2024-12-04,T15_N1P1K1,,55.6,11.0,5.0,0.578,60.7,6.0,4100.0,170.0,53.0,360.0,9.63,6.0,6.0,4.0,1.0,8.0,0.024,62.070282658517954,7.28,34.4,22.4,21.9,95.9,Si,0.022,164.0,1,1,1,2024,12,4,15.0
2024-12-04,T15_N1P1K1,,,,3.0,0.523,60.8,,,,,,,,,,,,,74.8026483320601,,,,,,,,,1,1,1,2024,12,4,15.0
2024-12-04,T15_N1P1K1,,50.5,13.0,2.0,0.378,80.0,7.0,3500.0,97.0,39.0,370.0,7.79,7.0,6.0,21.0,1.0,11.0,0.069,71.61955691367456,9.0,28.5,22.8,22.3,93.9,Si,0.015,136.0,1,1,1,2024,12,4,15.0
2024-12-04,T9_N0P2K2,,,,7.0,0.802,60.2,,,,,,,,,,,,,66.84491978609626,,,,,,,,,0,2,2,2024,12,4,9.0
2024-12-04,T9_N0P2K2,,,,2.0,0.246,60.2,,,,,,,,,,,,,60.47873694932519,,,,,,,,,0,2,2,2024,12,4,9.0
2024-12-04,T9_N0P2K2,,47.8,16.0,1.0,0.146,60.6,6.6,400.0,260.0,49.0,170.0,9.14,6.6,7.0,29.0,3.0,9.0,0.095,65.25337407690348,6.42,38.2,22.8,22.8,86.6,Si,0.078,257.0,0,2,2,2024,12,4,9.0
2024-12-04,T13_N1P0K1,,,,6.0,0.814,70.3,,,,,,,,,,,,,63.66182836771072,,,,,,,,,1,0,1,2024,12,4,13.0
2024-12-04,T13_N1P0K1,,,,1.0,0.141,60.7,,,,,,,,,,,,,62.070282658517954,,,,,,,,,1,0,1,2024,12,4,13.0
2024-12-04,T13_N1P0K1,,49.4,29.0,5.0,0.534,60.0,6.9,3700.0,120.0,39.0,290.0,8.76,6.9,1.0,5.0,1.0,9.0,0.015,60.47873694932519,9.0,40.0,23.2,24.0,82.3,Si,0.03,274.0,1,0,1,2024,12,4,13.0
2024-12-04,T22_N2P0K1,,,,1.0,0.163,70.1,,,,,,,,,,,,,64.61675579322639,,,,,,,,,2,0,1,2024,12,4,22.0
2024-12-04,T22_N2P0K1,,,,2.0,0.444,70.8,,,,,,,,,,,,,73.21110262286733,,,,,,,,,2,0,1,2024,12,4,22.0
2024-12-04,T22_N2P0K1,,52.8,10.0,7.0,0.692,60.4,6.0,3600.0,110.0,34.0,220.0,8.86,6.0,1.0,5.0,1.0,8.0,0.013,60.47873694932519,7.36,36.7,24.0,24.8,78.9,Si,0.023,333.0,2,0,1,2024,12,4,22.0
2024-12-04,T10_N1P0K0,,,,6.0,1.374,80.0,,,,,,,,,,,,,79.5772854596384,,,,,,,,,1,0,0,2024,12,4,10.0
2024-12-04,T10_N1P0K0,,,,0.0,0.0,0.0,,,,,,,,,,,,,0.0,,,,,,,,,1,0,0,2024,12,4,10.0
2024-12-04,T10_N1P0K0,,51.2,23.0,3.0,0.366,60.5,6.8,3200.0,570.0,46.0,140.0,8.75,6.8,1.0,20.0,1.0,10.0,0.055,62.070282658517954,7.15,53.5,23.6,24.8,76.8,Si,0.031,169.0,1,0,0,2024,12,4,10.0
2024-12-04,T28_BIO-N0P0K0,,62.3,8.0,2.0,0.205,60.3,7.2,3600.0,120.0,37.0,300.0,8.71,7.2,1.0,9.0,1.0,11.0,0.024,58.88719124013242,9.0,42.4,24.0,24.8,76.5,Si,0.039,150.0,0,0,0,2024,12,4,28.0
2024-12-04,T28_BIO-N0P0K0,,,,4.0,0.406,60.2,,,,,,,,,,,,,56.65902724726254,,,,,,,,,0,0,0,2024,12,4,28.0
2024-12-04,T28_BIO-N0P0K0,,,,0.0,0.0,0.0,,,,,,,,,,,,,0.0,,,,,,,,,0,0,0,2024,12,4,28.0
2024-12-04,T12_N1P2K0,,25.8,13.0,14.0,1.67,60.8,6.8,4500.0,250.0,61.0,220.0,11.12,6.8,8.0,20.0,2.0,14.0,0.066,74.8026483320601,9.0,26.9,24.0,24.5,81.9,Si,0.065,175.0,1,2,0,2024,12,4,12.0
2024-12-04,T12_N1P2K0,,,,2.0,0.378,70.0,,,,,,,,,,,,,73.21110262286733,,,,,,,,,1,2,0,2024,12,4,12.0
2024-12-04,T12_N1P2K0,,,,0.0,0.0,0.0,,,,,,,,,,,,,0.0,,,,,,,,,1,2,0,2024,12,4,12.0
2024-12-04,T26_N2P2K1,,45.1,6.0,6.0,0.85,60.8,6.6,4400.0,130.0,58.0,280.0,10.61,6.6,4.0,4.0,1.0,12.0,0.021,71.61955691367456,9.0,46.2,22.8,23.4,85.8,Si,0.038,280.0,2,2,1,2024,12,4,26.0
2024-12-04,T26_N2P2K1,,,,0.0,0.0,0.0,,,,,,,,,,,,,0.0,,,,,,,,,2,2,1,2024,12,4,26.0
2024-12-04,T26_N2P2K1,,,,4.0,0.708,70.6,,,,,,,,,,,,,71.61955691367456,,,,,,,,,2,2,1,2024,12,4,26.0
2024-12-04,T16_N1P1K2,,35.9,11.0,4.0,0.402,50.5,6.5,4400.0,180.0,67.0,260.0,9.87,6.5,4.0,4.0,1.0,11.0,0.02,61.433664374840845,9.0,33.9,23.2,22.6,90.1,Si,0.049,155.0,1,1,2,2024,12,4,16.0
2024-12-04,T16_N1P1K2,,,,0.0,0.0,0.0,,,,,,,,,,,,,0.0,,,,,,,,,1,1,2,2024,12,4,16.0
2024-12-04,T16_N1P1K2,,,,2.0,0.17,50.2,,,,,,,,,,,,,50.92946269416858,,,,,,,,,1,1,2,2024,12,4,16.0
2024-12-04,T1_N0P0K0,,,,4.0,0.314,50.4,,,,,,,,,,,,,57.29564553093965,,,,,,,,,0,0,0,2024,12,4,1.0
2024-12-04,T1_N0P0K0,,,,3.0,0.381,60.0,,,,,,,,,,,,,65.25337407690348,,,,,,,,,0,0,0,2024,12,4,1.0
2024-12-04,T1_N0P0K0,,57.2,4.0,2.0,0.217,60.3,6.7,4500.0,130.0,54.0,260.0,9.78,6.7,5.0,9.0,1.0,10.0,0.042,60.47873694932519,6.66,51.0,23.6,24.2,78.4,Si,0.076,150.0,0,0,0,2024,12,4,1.0
2024-12-04,T14_N1P0K2,,,,2.0,0.258,60.8,,,,,,,,,,,,,63.02521008403362,,,,,,,,,1,0,2,2024,12,4,14.0
2024-12-04,T14_N1P0K2,,,,3.0,0.308,60.0,,,,,,,,,,,,,60.47873694932519,,,,,,,,,1,0,2,2024,12,4,14.0
2024-12-04,T14_N1P0K2,,54.7,11.0,3.0,0.324,50.5,6.9,4000.0,120.0,48.0,240.0,8.84,6.9,4.0,4.0,1.0,14.0,0.024,55.70409982174688,6.56,43.0,24.0,24.4,77.8,Si,0.089,162.0,1,0,2,2024,12,4,14.0
2024-12-04,T7_N0P1K2,,,,4.0,0.535,60.4,,,,,,,,,,,,,66.84491978609626,,,,,,,,,0,1,2,2024,12,4,7.0
2024-12-04,T7_N0P1K2,,,,2.0,0.211,60.0,,,,,,,,,,,,,57.29564553093965,,,,,,,,,0,1,2,2024,12,4,7.0
2024-12-04,T7_N0P1K2,,56.9,10.0,6.0,0.714,70.0,7.0,3900.0,130.0,48.0,260.0,9.75,7.0,1.0,4.0,1.0,12.0,0.023,62.070282658517954,9.0,34.8,23.6,24.7,77.6,Si,0.093,143.0,0,1,2,2024,12,4,7.0
2024-12-04,T3_N0P2K0,,,,0.0,0.0,0.0,,,,,,,,,,,,,0.0,,,,,,,,,0,2,0,2024,12,4,3.0
2024-12-04,T3_N0P2K0,,,,3.0,0.127,60.4,,,,,,,,,,,,,61.7519735166794,,,,,,,,,0,2,0,2024,12,4,3.0
2024-12-04,T3_N0P2K0,,28.9,1.0,2.0,0.281,60.6,6.7,3700.0,160.0,42.0,200.0,8.37,6.7,1.0,14.0,1.0,10.0,0.046,63.66182836771072,7.64,35.8,24.0,24.8,75.0,Si,0.051,167.0,0,2,0,2024,12,4,3.0
2024-12-04,T23_N2P0K2,,51.6,6.0,1.0,0.172,70.7,6.5,3400.0,75.0,40.0,170.0,7.41,6.5,8.0,9.0,2.0,11.0,0.056,70.0280112044818,6.22,40.5,23.7,24.5,79.6,Si,0.105,167.0,2,0,2,2024,12,4,23.0
2024-12-04,T23_N2P0K2,,,,2.0,0.215,60.3,,,,,,,,,,,,,60.47873694932519,,,,,,,,,2,0,2,2024,12,4,23.0
2024-12-04,T23_N2P0K2,,,,2.0,0.247,60.8,,,,,,,,,,,,,61.7519735166794,,,,,,,,,2,0,2,2024,12,4,23.0
2024-12-04,T21_N2P2K0,,52.9,17.0,8.0,1.171,70.0,5.9,3600.0,150.0,42.0,170.0,8.4,5.9,5.0,14.0,1.0,7.0,0.06,65.25337407690348,9.0,43.9,23.6,24.6,77.7,Si,0.061,197.0,2,2,0,2024,12,4,21.0
2024-12-04,T21_N2P2K0,,,,1.0,0.125,60.0,,,,,,,,,,,,,60.47873694932519,7.78,41.1,24.0,24.6,78.3,Si,0.113,157.0,2,2,0,2024,12,4,21.0
2024-12-04,T21_N2P2K0,,65.8,7.0,4.0,0.534,70.2,7.3,3800.0,340.0,42.0,410.0,7.81,7.3,1.0,5.0,1.0,21.0,0.024,68.43646549528903,6.47,46.1,24.0,24.6,77.5,Si,0.028,147.0,2,2,0,2024,12,4,21.0
2024-12-04,T5_N0P0K2,,55.4,10.0,5.0,0.481,70.4,7.2,4000.0,230.0,49.0,220.0,9.69,7.2,7.0,8.0,1.0,17.0,0.052,71.61955691367456,,,,,,,,,0,0,2,2024,12,4,5.0
2024-12-04,T5_N0P0K2,,,,7.0,0.633,60.5,,,,,,,,,,,,,73.21110262286733,,,,,,,,,0,0,2,2024,12,4,5.0
2024-12-04,T5_N0P0K2,,,,2.0,0.171,70.3,,,,,,,,,,,,,68.43646549528903,,,,,,,,,0,0,2,2024,12,4,5.0
2024-12-04,T30_BIO N2P2K2,,55.6,12.0,1.0,0.084,60.0,7.3,4000.0,80.0,42.0,280.0,9.02,7.3,1.0,5.0,1.0,16.0,0.03,55.70409982174688,9.0,44.0,23.6,24.2,79.3,Si,0.08,156.0,2,2,2,2024,12,4,30.0
2024-12-04,T30_BIO N2P2K2,,,,0.0,0.0,0.0,,,,,,,,,,,,,0.0,,,,,,,,,2,2,2,2024,12,4,30.0
2024-12-04,T30_BIO N2P2K2,,,,2.0,0.105,60.5,,,,,,,,,,,,,60.47873694932519,,,,,,,,,2,2,2,2024,12,4,30.0
2024-12-04,T20_N2P1K0,,,,2.0,0.126,60.2,,,,,,,,,,,,,57.29564553093965,,,,,,,,,2,1,0,2024,12,4,20.0
2024-12-04,T20_N2P1K0,,,,6.0,0.367,70.0,,,,,,,,,,,,,60.47873694932519,,,,,,,,,2,1,0,2024,12,4,20.0
2024-12-04,T20_N2P1K0,,63.2,3.0,3.0,0.318,60.2,7.3,3500.0,210.0,39.0,420.0,8.13,7.3,1.0,7.0,1.0,13.0,0.026,62.070282658517954,6.62,45.7,23.6,24.5,76.7,Si,0.066,257.0,2,1,0,2024,12,4,20.0
2024-12-04,T18_N1P2K2,,,,6.0,0.521,70.0,,,,,,,,,,,,,63.66182836771072,,,,,,,,,1,2,2,2024,12,4,18.0
2024-12-04,T18_N1P2K2,,,,2.0,0.214,60.4,,,,,,,,,,,,,66.84491978609626,,,,,,,,,1,2,2,2024,12,4,18.0
2024-12-04,T18_N1P2K2,,58.9,10.0,3.0,0.236,60.5,6.9,3800.0,93.0,43.0,460.0,8.92,6.9,1.0,4.0,1.0,14.0,0.019,63.66182836771072,6.35,46.1,23.6,24.4,77.1,Si,0.05,245.0,1,2,2,2024,12,4,18.0
2024-12-04,T29_BIO N1P1K1,,,,4.0,0.528,70.5,,,,,,,,,,,,,73.21110262286733,,,,,,,,,1,1,1,2024,12,4,29.0
2024-12-04,T29_BIO N1P1K1,,,,3.0,0.477,70.0,,,,,,,,,,,,,68.43646549528903,,,,,,,,,1,1,1,2024,12,4,29.0
2024-12-04,T29_BIO N1P1K1,,43.7,12.0,2.0,0.205,60.2,7.0,4000.0,88.0,45.0,260.0,9.03,7.0,1.0,7.0,1.0,12.0,0.021,57.29564553093965,6.45,36.0,24.0,24.9,76.8,Si,0.059,388.0,1,1,1,2024,12,4,29.0
2024-12-04,T25_N2P1K2,,,,0.0,0.0,0.0,,,,,,,,,,,,,0.0,,,,,,,,,2,1,2,2024,12,4,25.0
2024-12-04,T25_N2P1K2,,,,0.0,0.0,0.0,,,,,,,,,,,,,0.0,,,,,,,,,2,1,2,2024,12,4,25.0
2024-12-04,T25_N2P1K2,,59.8,9.0,2.0,0.315,70.0,6.3,3500.0,100.0,38.0,220.0,7.76,6.3,4.0,23.0,1.0,7.0,0.093,66.84491978609626,6.38,47.7,24.0,25.1,75.5,Si,0.077,332.0,2,1,2,2024,12,4,25.0
2024-12-04,T19_N2P0K0,,48.2,1.0,0.0,0.0,0.0,6.7,3200.0,270.0,46.0,210.0,8.22,6.7,1.0,12.0,1.0,10.0,0.034,0.0,6.79,33.9,24.4,25.5,72.5,Si,0.057,280.0,2,0,0,2024,12,4,19.0
2024-12-04,T19_N2P0K0,,,,0.0,0.0,0.0,,,,,,,,,,,,,0.0,,,,,,,,,2,0,0,2024,12,4,19.0
2024-12-04,T19_N2P0K0,,,,0.0,0.0,0.0,,,,,,,,,,,,,0.0,,,,,,,,,2,0,0,2024,12,4,19.0
2024-12-04,T2_N0P1K0,,55.0,6.0,7.0,0.866,60.5,6.6,3400.0,180.0,44.0,390.0,8.26,6.6,1.0,25.0,2.0,9.0,0.083,65.25337407690348,6.85,31.2,24.0,24.7,76.9,Si,0.053,308.0,0,1,0,2024,12,4,2.0
2024-12-04,T2_N0P1K0,,,,3.0,0.399,60.8,,,,,,,,,,,,,62.070282658517954,,,,,,,,,0,1,0,2024,12,4,2.0
2024-12-04,T2_N0P1K0,,,,0.0,0.0,0.0,,,,,,,,,,,,,0.0,,,,,,,,,0,1,0,2024,12,4,2.0
2024-12-04,T6_N0P1K1,,42.7,26.0,2.0,0.229,60.0,6.3,4000.0,90.0,65.0,450.0,9.05,6.3,1.0,5.0,1.0,11.0,0.025,58.88719124013242,9.0,45.9,23.6,24.6,78.4,Si,0.045,260.0,0,1,1,2024,12,4,6.0
2024-12-04,T6_N0P1K1,,,,5.0,0.487,60.8,,,,,,,,,,,,,58.88719124013242,,,,,,,,,0,1,1,2024,12,4,6.0
2024-12-04,T6_N0P1K1,,,,3.0,0.272,50.8,,,,,,,,,,,,,63.02521008403362,,,,,,,,,0,1,1,2024,12,4,6.0
2024-12-04,T17_N1P2K1,,59.3,3.0,0.0,0.0,0.0,6.7,3700.0,190.0,35.0,760.0,8.14,7.0,15.0,44.0,6.0,13.0,0.191,0.0,6.41,51.7,23.6,24.3,78.3,Si,0.093,159.0,1,2,1,2024,12,4,17.0
2024-12-04,T17_N1P2K1,,,,2.0,0.281,70.0,,,,,,,,,,,,,61.433664374840845,,,,,,,,,1,2,1,2024,12,4,17.0
2024-12-04,T17_N1P2K1,,,,2.0,0.32,60.8,,,,,,,,,,,,,66.84491978609626,,,,,,,,,1,2,1,2024,12,4,17.0
2024-12-04,T11_N1P1K0,,,,2.0,0.187,50.8,,,,,,,,,,,,,60.47873694932519,,,,,,,,,1,1,0,2024,12,4,11.0
2024-12-04,T11_N1P1K0,,,,1.0,0.097,60.5,,,,,,,,,,,,,57.29564553093965,,,,,,,,,1,1,0,2024,12,4,11.0
2024-12-04,T11_N1P1K0,,55.7,5.0,2.0,0.239,60.6,7.1,3600.0,190.0,41.0,440.0,8.59,7.1,4.0,14.0,1.0,16.0,0.049,58.25057295645531,9.0,45.8,27.2,28.1,63.1,Si,0.059,620.0,1,1,0,2024,12,4,11.0
2024-12-04,T8_N0P2K1,,,,1.0,0.138,70.0,,,,,,,,,,,,,66.84491978609626,,,,,,,,,0,2,1,2024,12,4,8.0
2024-12-04,T8_N0P2K1,,,,1.0,0.171,80.0,,,,,,,,,,,,,70.98293862999745,,,,,,,,,0,2,1,2024,12,4,8.0
2024-12-04,T8_N0P2K1,,40.5,7.0,2.0,0.185,60.5,6.7,3800.0,440.0,67.0,270.0,9.46,6.7,9.0,9.0,1.0,15.0,0.06,54.11255411255412,6.4,39.7,26.4,27.0,68.6,Si,0.107,652.0,0,2,1,2024,12,4,8.0
2024-12-04,T9_N0P2K2,,,,1.0,0.113,60.6,,,,,,,,,,,,,62.70690094219506,,,,,,,,,0,2,2,2024,12,4,9.0
2024-12-04,T9_N0P2K2,,,,1.0,0.108,60.2,,,,,,,,,,,,,58.88719124013242,,,,,,,,,0,2,2,2024,12,4,9.0
2024-12-04,T9_N0P2K2,,,,6.0,1.512,80.2,,,,,,,,,,,,,79.5772854596384,6.4,49.3,25.6,26.6,71.8,Si,0.086,281.0,0,2,2,2024,12,4,9.0
2024-12-04,T13_N1P0K1,,,,4.0,0.549,70.4,,,,,,,,,,,,,68.43646549528903,,,,,,,,,1,0,1,2024,12,4,13.0
2024-12-04,T13_N1P0K1,,,,4.0,0.302,50.8,,,,,,,,,,,,,55.70409982174688,,,,,,,,,1,0,1,2024,12,4,13.0
2024-12-04,T13_N1P0K1,,,,4.0,0.367,60.2,,,,,,,,,,,,,54.11255411255412,7.0,38.3,24.4,25.7,73.5,Si,0.053,237.0,1,0,1,2024,12,4,13.0
2024-12-04,T26_N2P2K1,,,,1.0,0.105,50.8,,,,,,,,,,,,,57.29564553093965,6.38,34.6,24.4,25.8,69.4,Si,0.046,245.0,2,2,1,2024,12,4,26.0
2024-12-04,T26_N2P2K1,,,,8.0,1.354,70.2,,,,,,,,,,,,,71.61955691367456,,,,,,,,,2,2,1,2024,12,4,26.0
2024-12-04,T26_N2P2K1,,,,7.0,1.125,70.5,,,,,,,,,,,,,71.61955691367456,,,,,,,,,2,2,1,2024,12,4,26.0
2024-12-04,T16_N1P1K2,,,,1.0,0.128,60.8,,,,,,,,,,,,,61.433664374840845,6.36,45.4,25.2,26.2,72.6,Si,0.063,507.0,1,1,2,2024,12,4,16.0
2024-12-04,T16_N1P1K2,,,,4.0,0.591,70.0,,,,,,,,,,,,,63.66182836771072,,,,,,,,,1,1,2,2024,12,4,16.0
2024-12-04,T16_N1P1K2,,,,10.0,1.401,70.4,,,,,,,,,,,,,65.25337407690348,,,,,,,,,1,1,2,2024,12,4,16.0
2024-12-04,T10_N1P0K0,,,,5.0,0.847,70.4,,,,,,,,,,,,,68.43646549528903,8.23,35.0,26.8,27.3,66.8,Si,0.058,662.0,1,0,0,2024,12,4,10.0
2024-12-04,T10_N1P0K0,,,,1.0,0.43,60.6,,,,,,,,,,,,,66.20830150241915,,,,,,,,,1,0,0,2024,12,4,10.0
2024-12-04,T10_N1P0K0,,,,3.0,0.373,70.0,,,,,,,,,,,,,59.84211866564808,,,,,,,,,1,0,0,2024,12,4,10.0
2024-12-04,T22_N2P0K1,,,,1.0,0.18,80.0,,,,,,,,,,,,,69.07308377896614,9.0,34.8,27.2,28.2,64.8,Si,0.036,450.0,2,0,1,2024,12,4,22.0
2024-12-04,T22_N2P0K1,,,,1.0,0.165,60.8,,,,,,,,,,,,,70.0280112044818,,,,,,,,,2,0,1,2024,12,4,22.0
2024-12-04,T22_N2P0K1,,,,0.0,0.0,0.0,,,,,,,,,,,,,0.0,,,,,,,,,2,0,1,2024,12,4,22.0
2024-12-04,T12_N1P2K0,,,,0.0,0.0,0.0,,,,,,,,,,,,,0.0,,,,,,,,,1,2,0,2024,12,4,12.0
2024-12-04,T12_N1P2K0,,,,0.0,0.0,0.0,,,,,,,,,,,,,0.0,,,,,,,,,1,2,0,2024,12,4,12.0
2024-12-04,T12_N1P2K0,,,,1.0,0.253,80.1,,,,,,,,,,,,,77.98573975044563,9.0,39.3,27.2,28.4,62.6,Si,0.039,579.0,1,2,0,2024,12,4,12.0
2024-12-04,T28_BIO-N0P0K0,,,,4.0,0.504,60.5,,,,,,,,,,,,,62.070282658517954,,,,,,,,,0,0,0,2024,12,4,28.0
2024-12-04,T28_BIO-N0P0K0,,,,2.0,0.302,60.8,,,,,,,,,,,,,71.61955691367456,,,,,,,,,0,0,0,2024,12,4,28.0
2024-12-04,T28_BIO-N0P0K0,,,,2.0,0.259,70.0,,,,,,,,,,,,,60.47873694932519,9.0,41.4,27.2,28.7,60.0,Si,0.035,246.0,0,0,0,2024,12,4,28.0
2024-12-04,T1_N0P0K0,,,,4.0,0.702,70.2,,,,,,,,,,,,,66.84491978609626,,,,,,,,,0,0,0,2024,12,4,1.0
2024-12-04,T1_N0P0K0,,,,1.0,0.106,60.0,,,,,,,,,,,,,60.47873694932519,,,,,,,,,0,0,0,2024,12,4,1.0
2024-12-04,T1_N0P0K0,,,,5.0,0.694,60.3,,,,,,,,,,,,,66.84491978609626,9.0,35.1,26.0,27.8,63.8,Si,0.093,263.0,0,0,0,2024,12,4,1.0
2024-12-04,T14_N1P0K2,,,,7.0,1.139,70.0,,,,,,,,,,,,,71.61955691367456,,,,,,,,,1,0,2,2024,12,4,14.0
2024-12-04,T14_N1P0K2,,,,3.0,0.405,60.8,,,,,,,,,,,,,65.25337407690348,,,,,,,,,1,0,2,2024,12,4,14.0
2024-12-04,T14_N1P0K2,,,,6.0,1.007,60.8,,,,,,,,,,,,,70.0280112044818,6.45,47.5,26.4,27.6,61.6,Si,0.075,233.0,1,0,2,2024,12,4,14.0
2024-12-04,T5_N0P0K2,,,,3.0,0.333,60.4,,,,,,,,,,,,,62.070282658517954,6.34,48.1,26.0,27.6,64.8,Si,0.059,682.0,0,0,2,2024,12,4,5.0
2024-12-04,T5_N0P0K2,,,,4.0,0.544,60.8,,,,,,,,,,,,,62.070282658517954,,,,,,,,,0,0,2,2024,12,4,5.0
2024-12-04,T5_N0P0K2,,,,0.0,0.0,0.0,,,,,,,,,,,,,0.0,,,,,,,,,0,0,2,2024,12,4,5.0
2024-12-04,T30_BIO N2P2K2,,,,3.0,0.432,60.4,,,,,,,,,,,,,60.47873694932519,9.0,32.5,26.0,27.6,66.0,Si,0.076,267.0,2,2,2,2024,12,4,30.0
2024-12-04,T30_BIO N2P2K2,,,,0.0,0.0,0.0,,,,,,,,,,,,,0.0,,,,,,,,,2,2,2,2024,12,4,30.0
2024-12-04,T30_BIO N2P2K2,,,,3.0,0.315,60.3,,,,,,,,,,,,,60.47873694932519,,,,,,,,,2,2,2,2024,12,4,30.0
2024-12-04,T3_N0P2K0,,,,4.0,0.592,70.0,,,,,,,,,,,,,65.25337407690348,9.0,39.9,27.2,28.8,63.0,Si,0.056,304.0,0,2,0,2024,12,4,3.0
2024-12-04,T3_N0P2K0,,,,1.0,0.064,50.3,,,,,,,,,,,,,49.01960784313726,,,,,,,,,0,2,0,2024,12,4,3.0
2024-12-04,T3_N0P2K0,,,,3.0,0.509,70.4,,,,,,,,,,,,,68.43646549528903,,,,,,,,,0,2,0,2024,12,4,3.0
2024-12-04,T7_N0P1K2,,,,2.0,0.355,70.3,,,,,,,,,,,,,71.61955691367456,9.0,34.9,27.6,28.7,62.7,Si,0.05,628.0,0,1,2,2024,12,4,7.0
2024-12-04,T7_N0P1K2,,,,0.0,0.0,0.0,,,,,,,,,,,,,0.0,,,,,,,,,0,1,2,2024,12,4,7.0
2024-12-04,T7_N0P1K2,,,,0.0,0.0,0.0,,,,,,,,,,,,,0.0,,,,,,,,,0,1,2,2024,12,4,7.0
2024-12-04,T21_N2P2K0,,,,1.0,0.102,50.8,,,,,,,,,,,,,60.47873694932519,,,,,,,,,2,2,0,2024,12,4,21.0
2024-12-04,T21_N2P2K0,,,,0.0,0.0,0.0,,,,,,,,,,,,,0.0,,,,,,,,,2,2,0,2024,12,4,21.0
2024-12-04,T21_N2P2K0,,,,2.0,0.276,70.0,,,,,,,,,,,,,63.66182836771072,9.0,33.8,26.8,28.0,61.5,Si,0.047,498.0,2,2,0,2024,12,4,21.0
2024-12-04,T23_N2P0K2,,,,1.0,0.194,60.7,,,,,,,,,,,,,73.21110262286733,,,,,,,,,2,0,2,2024,12,4,23.0
2024-12-04,T23_N2P0K2,,,,2.0,0.33,70.5,,,,,,,,,,,,,68.43646549528903,,,,,,,,,2,0,2,2024,12,4,23.0
2024-12-04,T23_N2P0K2,,,,3.0,0.262,70.3,,,,,,,,,,,,,60.47873694932519,6.42,35.1,28.0,27.9,60.4,Si,0.05,625.0,2,0,2,2024,12,4,23.0
2024-12-04,T20_N2P1K0,,,,4.0,1.068,80.0,,,,,,,,,,,,,84.3519225872167,,,,,,,,,2,1,0,2024,12,4,20.0
2024-12-04,T20_N2P1K0,,,,10.0,1.253,70.2,,,,,,,,,,,,,63.66182836771072,,,,,,,,,2,1,0,2024,12,4,20.0
2024-12-04,T20_N2P1K0,,,,2.0,0.218,60.5,,,,,,,,,,,,,62.070282658517954,9.0,30.3,26.8,28.0,60.5,Si,0.106,821.0,2,1,0,2024,12,4,20.0
2024-12-04,T18_N1P2K2,,,,1.0,0.181,70.3,,,,,,,,,,,,,66.84491978609626,,,,,,,,,1,2,2,2024,12,4,18.0
2024-12-04,T18_N1P2K2,,,,5.0,0.664,60.6,,,,,,,,,,,,,65.25337407690348,,,,,,,,,1,2,2,2024,12,4,18.0
2024-12-04,T18_N1P2K2,,,,1.0,0.188,60.8,,,,,,,,,,,,,76.39419404125286,6.24,51.6,26.0,27.6,67.6,Si,0.057,806.0,1,2,2,2024,12,4,18.0
2024-12-04,T6_N0P1K1,,,,5.0,0.665,70.0,,,,,,,,,,,,,63.66182836771072,,,,,,,,,0,1,1,2024,12,4,6.0
2024-12-04,T6_N0P1K1,,,,5.0,0.555,60.3,,,,,,,,,,,,,62.070282658517954,6.17,36.5,26.4,28.1,63.2,Si,0.04,687.0,0,1,1,2024,12,4,6.0
2024-12-04,T6_N0P1K1,,,,4.0,0.51,70.3,,,,,,,,,,,,,63.66182836771072,,,,,,,,,0,1,1,2024,12,4,6.0
2024-12-04,T17_N1P2K1,,,,2.0,0.217,50.5,,,,,,,,,,,,,63.66182836771072,9.0,39.8,26.4,28.1,59.8,Si,0.064,386.0,1,2,1,2024,12,4,17.0
2024-12-04,T17_N1P2K1,,,,5.0,0.728,70.2,,,,,,,,,,,,,66.84491978609626,,,,,,,,,1,2,1,2024,12,4,17.0
2024-12-04,T17_N1P2K1,,,,3.0,0.46,70.2,,,,,,,,,,,,,68.43646549528903,,,,,,,,,1,2,1,2024,12,4,17.0
2024-12-04,T25_N2P1K2,,,,0.0,0.0,0.0,,,,,,,,,,,,,0.0,7.43,31.4,28.8,28.1,59.6,Si,0.058,267.0,2,1,2,2024,12,4,25.0
2024-12-04,T25_N2P1K2,,,,3.0,0.273,50.5,,,,,,,,,,,,,57.29564553093965,,,,,,,,,2,1,2,2024,12,4,25.0
2024-12-04,T25_N2P1K2,,,,0.0,0.0,0.0,,,,,,,,,,,,,0.0,,,,,,,,,2,1,2,2024,12,4,25.0
2024-12-04,T29_BIO N1P1K1,,,,0.0,0.0,0.0,,,,,,,,,,,,,0.0,8.01,32.9,27.6,28.1,65.4,Si,0.026,304.0,1,1,1,2024,12,4,29.0
2024-12-04,T29_BIO N1P1K1,,,,3.0,0.346,60.3,,,,,,,,,,,,,60.47873694932519,,,,,,,,,1,1,1,2024,12,4,29.0
2024-12-04,T29_BIO N1P1K1,,,,5.0,0.578,70.0,,,,,,,,,,,,,63.66182836771072,,,,,,,,,1,1,1,2024,12,4,29.0
2024-12-04,T2_N0P1K0,,,,2.0,0.437,70.7,,,,,,,,,,,,,73.21110262286733,,,,,,,,,0,1,0,2024,12,4,2.0
2024-12-04,T2_N0P1K0,,,,5.0,0.748,70.0,,,,,,,,,,,,,70.0280112044818,,,,,,,,,0,1,0,2024,12,4,2.0
2024-12-04,T2_N0P1K0,,,,1.0,0.155,70.1,,,,,,,,,,,,,65.25337407690348,6.39,31.5,27.6,27.6,62.3,Si,0.049,153.0,0,1,0,2024,12,4,2.0
2024-12-04,T19_N2P0K0,,,,2.0,0.305,60.6,,,,,,,,,,,,,66.84491978609626,,,,,,,,,2,0,0,2024,12,4,19.0
2024-12-04,T19_N2P0K0,,,,0.0,0.0,0.0,,,,,,,,,,,,,0.0,,,,,,,,,2,0,0,2024,12,4,19.0
2024-12-04,T19_N2P0K0,,,,6.0,0.803,60.7,,,,,,,,,,,,,66.84491978609626,6.36,33.4,26.8,27.5,63.4,Si,0.104,134.0,2,0,0,2024,12,4,19.0
2024-12-04,T8_N0P2K1,,,,3.0,0.377,60.7,,,,,,,,,,,,,62.070282658517954,,,,,,,,,0,2,1,2024,12,4,8.0
2024-12-04,T8_N0P2K1,,,,2.0,0.232,60.0,,,,,,,,,,,,,62.070282658517954,,,,,,,,,0,2,1,2024,12,4,8.0
2024-12-04,T8_N0P2K1,,,,5.0,0.773,70.5,,,,,,,,,,,,,66.84491978609626,6.38,25.0,26.4,26.4,66.7,Si,0.102,93.0,0,2,1,2024,12,4,8.0
2024-12-04,T15_N1P1K1,,,,5.0,0.795,70.0,,,,,,,,,,,,,70.0280112044818,,,,,,,,,1,1,1,2024,12,4,15.0
2024-12-04,T15_N1P1K1,,,,4.0,0.581,60.8,,,,,,,,,,,,,68.43646549528903,,,,,,,,,1,1,1,2024,12,4,15.0
2024-12-04,T15_N1P1K1,,,,2.0,0.345,70.1,,,,,,,,,,,,,69.07308377896614,7.6,32.7,25.2,25.5,70.3,Si,0.098,111.0,1,1,1,2024,12,4,15.0
2024-12-04,T24_N2P1K1,,,,1.0,0.14,70.2,,,,,,,,,,,,,62.070282658517954,6.45,20.3,25.6,25.9,67.2,Si,0.044,98.0,2,1,1,2024,12,4,24.0
2024-12-04,T24_N2P1K1,,,,4.0,0.513,60.4,,,,,,,,,,,,,63.66182836771072,,,,,,,,,2,1,1,2024,12,4,24.0
2024-12-04,T24_N2P1K1,,54.5,5.0,0.0,0.0,0.0,6.9,3200.0,650.0,38.0,230.0,8.21,6.9,9.0,36.0,2.0,14.0,0.121,0.0,6.19,24.9,26.0,26.2,68.2,Si,0.105,91.0,2,1,1,2024,12,4,24.0
2024-12-04,T11_N1P1K0,,,,0.0,0.0,0.0,,,,,,,,,,,,,0.0,6.4,20.5,26.4,27.0,65.7,Si,0.069,120.0,1,1,0,2024,12,4,11.0
2024-12-04,T11_N1P1K0,,,,0.0,0.0,0.0,,,,,,,,,,,,,0.0,,,,,,,,,1,1,0,2024,12,4,11.0
2024-12-04,T11_N1P1K0,,,,8.0,1.502,60.7,,,,,,,,,,,,,77.98573975044563,,,,,,,,,1,1,0,2024,12,4,11.0
2024-12-04,T27_N2P2K2,,,,1.0,0.096,60.2,,,,,,,,,,,,,60.47873694932519,6.21,21.1,26.4,27.3,60.2,,0.06,109.0,2,2,2,2024,12,4,27.0
2024-12-04,T27_N2P2K2,,,,1.0,0.18,70.3,,,,,,,,,,,,,68.75477463712758,,,,,,,,,2,2,2,2024,12,4,27.0
2024-12-04,T27_N2P2K2,,,,7.0,0.706,60.7,,,,,,,,,,,,,66.84491978609626,,,,,,,,,2,2,2,2024,12,4,27.0
2024-12-04,T4_N0P0K1,,,,6.0,0.829,70.2,,,,,,,,,,,,,63.66182836771072,6.57,24.1,28.0,27.8,63.3,,0.028,269.0,0,0,1,2024,12,4,4.0
2024-12-04,T4_N0P0K1,,,,2.0,0.174,50.7,,,,,,,,,,,,,54.74917239623122,,,,,,,,,0,0,1,2024,12,4,4.0
2024-12-04,T4_N0P0K1,,,,1.0,0.15,70.1,,,,,,,,,,,,,65.25337407690348,,,,,,,,,0,0,1,2024,12,4,4.0
