Fecha,Planta,Tratamiento,Altura planta (cm),Diametro tallo (mm),Clorofila (SPAD),Numero flores ,Numero frutos,Numero frutos cosechados ,Peso frutos cosechados (Kg),Perímetro (mm),Tamanno altura (mm),Frutos de 2da,pH_savia,K_savia (ppm),Ca_savia (ppm),Na_savia (ppm),NO3_savia (ppm),Conductividad_savia (mS/cm),Fosforo_savia (ppm),pH_suelo_Horiba,K_suelo_Horiba (ppm),Ca_suelo_Horiba (ppm),Na_suelo_Horiba (ppm),NO3_suelo_Horiba (ppm),Conductividad_suelo_Horiba (mS/cm),Fosforo_suelo_Hanna (ppm),Tamanno cintura (mm),7in1_Nitrogen[mg/kg],7in1_Phosphorus[mg/kg],7in1_Potasium[mg/kg],7in1_Ph[pH],7in1_Moisture[%RH],7in1_S_Temperature[C],7in1_Conductivity[uS/cm],Pynamometer_Radiation[W/m^2],Air_sensor_Temperature[C],Air_sensor_Humidity[%RH],RGB_capture,Tapo_capture,Parrot_capture,Tratamiento iniciado,7in1_Conductivity[mS/cm],Pynamometer_Radiation[W/m2],Cultivo,Laboratorio,Posicion_x,Posicion_y,x,y
2024-07-30,1,T27_N2P2K2,21.5,,34.8,,,,,,,,,,,,,,,6.9,86.0,,14.0,,0.996,,,13.0,18.0,36,5.23,39.8,33.3,183.0,42.8,30.8,53.1,1.0,1.0,5.0,Si,0.183,428.0,Tomatoes,Quindio,1.0,0.0,1.0,0.0
2024-07-30,4,T24_N2P1K1,22.0,,37.5,,,,,,,,,,,,,,,7.4,63.0,,6.5,,0.823,,,22.0,30.0,61,5.28,27.1,33.3,309.0,29.5,30.7,51.6,1.0,1.0,5.0,Si,0.309,295.0,Tomatoes,Quindio,3.2,0.0,3.2,0.0
2024-07-30,7,T4_N0P0K1,18.0,,37.2,,,,,,,,,,,,,,,7.6,19.0,,4.0,,0.165,,,8.0,11.0,23,6.24,29.6,31.7,118.0,38.3,30.6,51.8,1.0,1.0,5.0,Si,0.118,383.0,Tomatoes,Quindio,5.4,0.0,5.4,0.0
2024-07-30,10,T15_N1P1K1,18.5,,39.5,,,,,,,,,,,,,,,7.4,220.0,,55.0,,1.433,,,19.0,27.0,55,6.1,26.8,31.3,278.0,46.4,30.6,53.8,1.0,1.0,5.0,Si,0.278,464.0,Tomatoes,Quindio,7.6,0.0,7.6,0.0
2024-07-30,15,T9_N0P2K2,22.0,,40.1,,,,,,,,,,,,,,,7.2,41.0,,8.0,,0.296,,,26.0,36.0,73,6.36,25.8,31.7,371.0,50.8,31.0,51.9,1.0,1.0,5.0,Si,0.371,508.0,Tomatoes,Quindio,7.6,1.2,7.6,1.2
2024-07-30,18,T13_N1P0K1,18.5,,43.3,,,,,,,,,,,,,,,7.5,130.0,,32.0,,1.018,,,27.0,39.0,78,6.34,23.2,32.1,394.0,40.4,31.3,51.6,1.0,1.0,5.0,Si,0.394,404.0,Tomatoes,Quindio,5.4,1.2,5.4,1.2
2024-07-30,21,T22_N2P0K1,13.0,,39.8,,,,,,,,,,,,,,,7.2,65.0,,14.0,,0.657,,,12.0,17.0,33,6.42,23.5,33.1,172.0,46.9,31.5,48.7,1.0,1.0,5.0,Si,0.172,469.0,Tomatoes,Quindio,3.2,1.2,3.2,1.2
2024-07-30,24,T10_N1P0K0,15.0,,37.2,,,,,,,,,,,,,,,7.2,44.0,,7.0,,0.631,,,39.0,55.0,111,6.27,23.6,33.3,556.0,50.2,31.7,47.9,1.0,1.0,5.0,Si,0.556,502.0,Tomatoes,Quindio,1.0,1.2,1.0,1.2
2024-07-30,25,T28_BIO-N0P0K0,17.5,,36.5,,,,,,,,,,,,,,,7.7,45.0,,6.0,,0.319,,,22.0,31.0,62,6.38,22.4,32.5,317.0,47.0,30.9,50.2,0.0,0.0,2.0,Si,0.317,470.0,Tomatoes,Quindio,1.0,2.4,1.0,2.4
2024-07-30,28,T12_N1P2K0,23.0,,40.3,,,,,,,,,,,,,,,7.9,180.0,,54.0,,1.197,,,27.0,38.0,76,6.3,21.6,33.3,386.0,41.2,31.7,48.5,1.0,1.0,5.0,Si,0.386,412.0,Tomatoes,Quindio,3.2,2.4,3.2,2.4
2024-07-30,31,T26_N2P2K1,17.5,,34.2,,,,,,,,,,,,,,,7.3,86.0,,21.0,,0.935,,,40.0,56.0,112,6.29,32.6,32.9,564.0,37.4,31.6,48.0,1.0,1.0,5.0,Si,0.564,374.0,Tomatoes,Quindio,5.4,2.4,5.4,2.4
2024-07-30,34,T16_N1P1K2,18.0,,31.1,,,,,,,,,,,,,,,7.4,240.0,,62.0,,1.301,,,50.0,71.0,141,6.45,31.3,32.5,710.0,42.8,31.3,49.5,1.0,1.0,5.0,Si,0.71,428.0,Tomatoes,Quindio,7.6,2.4,7.6,2.4
2024-07-30,39,T1_N0P0K0,17.0,,35.3,,,,,,,,,,,,,,,7.4,40.0,,6.0,,0.401,,,18.0,26.0,52,6.4,21.6,31.7,261.0,45.9,31.4,50.6,1.0,1.0,5.0,Si,0.261,459.0,Tomatoes,Quindio,7.6,3.6,7.6,3.6
2024-07-30,42,T14_N1P0K2,18.5,,38.8,,,,,,,,,,,,,,,7.3,260.0,,68.0,,1.478,,,38.0,54.0,109,6.35,23.6,32.1,546.0,33.7,31.2,48.1,1.0,1.0,5.0,Si,0.546,337.0,Tomatoes,Quindio,5.4,3.6,5.4,3.6
2024-07-30,45,T7_N0P1K2,17.5,,37.0,,,,,,,,,,,,,,,7.4,88.0,,26.0,,0.725,,,39.0,55.0,110,6.45,18.8,32.9,555.0,35.3,31.0,48.7,1.0,1.0,5.0,Si,0.555,353.0,Tomatoes,Quindio,3.2,3.6,3.2,3.6
2024-07-30,48,T3_N0P2K0,19.0,,35.7,,,,,,,,,,,,,,,7.4,100.0,,10.0,,1.591,,,40.0,56.0,113,6.36,29.6,32.9,569.0,28.5,31.0,49.4,1.0,1.0,5.0,Si,0.569,285.0,Tomatoes,Quindio,1.0,3.6,1.0,3.6
2024-07-30,49,T23_N2P0K2,17.0,,35.7,,,,,,,,,,,,,,,7.5,17.0,,2.0,,0.222,,,39.0,54.0,109,6.26,22.6,32.9,548.0,32.2,30.9,50.0,1.0,1.0,5.0,Si,0.548,322.0,Tomatoes,Quindio,1.0,4.8,1.0,4.8
2024-07-30,52,T21_N2P2K0,23.0,,37.0,,,,,,,,,,,,,,,7.5,92.0,,18.0,,1.165,,,24.0,34.0,68,6.52,22.8,32.9,345.0,29.6,30.9,51.9,1.0,1.0,5.0,Si,0.345,296.0,Tomatoes,Quindio,3.2,4.8,3.2,4.8
2024-07-30,55,T5_N0P0K2,22.5,,33.8,,,,,,,,,,,,,,,7.5,54.0,,11.0,,0.352,,,,,,,,,,,,,,,,,,,Tomate ,Quindío,5.4,4.8,5.4,4.8
2024-07-30,58,T30_BIO N2P2K2,22.0,,32.3,,,,,,,,,,,,,,,7.4,150.0,,17.0,,1.056,,,55.0,76.0,156,6.32,24.1,32.7,768.0,78.7,30.9,50.0,1.0,1.0,5.0,Si,0.768,787.0,Tomatoes,Quindio,7.6,4.8,7.6,4.8
2024-07-30,63,T20_N2P1K0,22.0,,35.9,,,,,,,,,,,,,,,7.5,36.0,,8.0,,0.783,,,41.0,57.0,115,6.39,20.8,32.9,578.0,84.8,31.2,49.2,1.0,1.0,5.0,Si,0.578,848.0,Tomatoes,Quindio,7.6,6.0,7.6,6.0
2024-07-30,66,T18_N1P2K2,20.5,,36.0,,,,,,,,,,,,,,,7.5,110.0,,27.0,,1.162,,,41.0,57.0,115,6.4,23.1,32.9,577.0,46.9,31.3,48.9,1.0,1.0,5.0,Si,0.577,469.0,Tomatoes,Quindio,5.4,6.0,5.4,6.0
2024-07-30,69,T29_BIO N1P1K1,21.5,,29.6,,,,,,,,,,,,,,,7.5,94.0,,16.0,,0.908,,,88.0,126.0,250,6.31,20.7,32.9,1298.0,66.6,31.5,50.9,1.0,1.0,5.0,Si,1.298,666.0,Tomatoes,Quindio,3.2,6.0,3.2,6.0
2024-07-30,72,T25_N2P1K2,23.5,,36.2,,,,,,,,,,,,,,,7.4,200.0,,48.0,,1.965,,,41.0,58.0,117,6.34,24.3,32.9,586.0,63.0,31.8,50.5,1.0,1.0,5.0,Si,0.586,630.0,Tomatoes,Quindio,1.0,6.0,1.0,6.0
2024-07-30,73,T19_N2P0K0,20.5,,32.6,,,,,,,,,,,,,,,7.5,42.0,,5.0,,0.711,,,41.0,57.0,115,6.25,29.4,34.1,575.0,57.8,32.1,49.1,1.0,1.0,5.0,Si,0.575,578.0,Tomatoes,Quindio,1.0,7.2,1.0,7.2
2024-07-30,76,T2_N0P1K0,16.0,,34.5,,,,,,,,,,,,,,,7.5,49.0,,7.0,,0.541,,,40.0,56.0,113,6.36,28.3,34.5,566.0,28.2,32.2,50.8,1.0,1.0,5.0,Si,0.566,282.0,Tomatoes,Quindio,3.2,7.2,3.2,7.2
2024-07-30,79,T6_N0P1K1,15.5,,37.6,,,,,,,,,,,,,,,7.4,110.0,,13.0,,0.999,,,29.0,40.0,81,6.45,27.2,33.7,528.0,55.4,32.1,47.2,1.0,1.0,5.0,Si,0.528,554.0,Tomatoes,Quindio,5.4,7.2,5.4,7.2
2024-07-30,82,T17_N1P2K1,20.0,,36.9,,,,,,,,,,,,,,,7.4,280.0,,52.0,,2.02,,,41.0,58.0,117,6.41,21.2,34.1,695.0,81.6,32.3,47.8,1.0,1.0,5.0,Si,0.695,816.0,Tomatoes,Quindio,7.6,7.2,7.6,7.2
2024-07-30,87,T11_N1P1K0,17.5,,34.4,,,,,,,,,,,,,,,7.5,51.0,,7.0,,0.703,,,39.0,55.0,110,6.39,20.6,34.1,552.0,75.9,32.3,45.6,1.0,1.0,5.0,Si,0.552,759.0,Tomatoes,Quindio,7.6,8.4,7.6,8.4
2024-07-30,90,T8_N0P2K1,14.0,,37.2,,,,,,,,,,,,,,,7.4,160.0,,29.0,,1.218,,,,,,,,,,,,,,,,,,,Tomate ,Quindío,5.4,8.4,5.4,8.4
2024-08-06,2,T27_N2P2K2,24.0,,44.7,,,,,,,,,,,,,,,6.7,63.0,,14.0,450.0,1.43,,,,,,,,,,,,,,,,,,,Tomate ,Quindío,1.5,0.0,1.5,0.0
2024-08-06,5,T24_N2P1K1,27.0,,45.1,,,,,,,,,,,,,,,6.8,41.0,,6.0,340.0,1.117,,,5.0,7.0,14,6.29,19.2,23.9,73.0,16.9,22.5,84.9,1.0,1.0,5.0,Si,0.073,169.0,Tomatoes,Quindio,3.7,0.0,3.7,0.0
2024-08-06,8,T4_N0P0K1,26.0,,41.8,,,,,,,,,,,,,,,6.9,170.0,,93.0,440.0,1.81,,,0.0,0.0,0,6.34,13.7,23.9,0.0,38.9,23.3,81.3,1.0,1.0,5.0,Si,0.0,389.0,Tomatoes,Quindio,5.9,0.0,5.9,0.0
2024-08-06,11,T15_N1P1K1,24.5,,46.4,,,,,,,,,,,,,,,6.6,74.0,,32.0,290.0,1.217,,,0.0,0.0,1,6.36,19.2,24.3,8.0,41.1,23.8,78.2,1.0,1.0,5.0,Si,0.008,411.0,Tomatoes,Quindio,8.1,0.0,8.1,0.0
2024-08-06,14,T9_N0P2K2,23.5,,45.0,,,,,,,,,,,,,,,7.0,120.0,,40.0,380.0,1.313,,,0.0,0.0,1,6.31,19.1,26.3,9.0,54.6,24.6,76.6,1.0,1.0,5.0,Si,0.009,546.0,Tomatoes,Quindio,8.1,1.2,8.1,1.2
2024-08-06,17,T13_N1P0K1,23.0,,42.3,,,,,,,,,,,,,,,6.5,85.0,,36.0,430.0,1.39,,,3.0,5.0,10,6.49,23.1,26.7,52.0,55.1,25.5,73.0,1.0,1.0,5.0,Si,0.052,551.0,Tomatoes,Quindio,5.9,1.2,5.9,1.2
2024-08-06,20,T22_N2P0K1,24.0,,45.1,,,,,,,,,,,,,,,6.8,59.0,,28.0,380.0,1.04,,,1.0,2.0,4,6.54,23.1,27.1,23.0,33.2,26.1,69.6,1.0,1.0,5.0,Si,0.023,332.0,Tomatoes,Quindio,3.7,1.2,3.7,1.2
2024-08-06,23,T10_N1P0K0,24.0,,43.9,,,,,,,,,,,,,,,7.0,10.0,,6.0,68.0,0.16,,,3.0,5.0,11,6.42,21.0,26.7,55.0,17.6,26.4,67.9,1.0,1.0,5.0,Si,0.055,176.0,Tomatoes,Quindio,1.5,1.2,1.5,1.2
2024-08-06,26,T28_BIO-N0P0K0,21.0,,40.1,,,,,,,,,,,,,,,6.7,41.0,,11.0,410.0,1.06,,,23.0,33.0,65,6.46,13.4,26.7,328.0,31.1,26.4,68.9,1.0,1.0,5.0,Si,0.328,311.0,Tomatoes,Quindio,1.5,2.4,1.5,2.4
2024-08-06,29,T12_N1P2K0,21.0,,47.9,,,,,,,,,,,,,,,6.6,53.0,,18.0,530.0,1.21,,,7.0,10.0,20,6.33,21.9,26.3,104.0,28.5,26.4,66.3,1.0,1.0,5.0,Si,0.104,285.0,Tomatoes,Quindio,3.7,2.4,3.7,2.4
2024-08-06,32,T26_N2P2K1,25.0,,43.2,,,,,,,,,,,,,,,7.0,160.0,,88.0,280.0,1.43,,,3.0,5.0,10,6.57,17.4,26.3,53.0,25.3,26.3,66.6,1.0,1.0,5.0,Si,0.053,253.0,Tomatoes,Quindio,5.9,2.4,5.9,2.4
2024-08-06,35,T16_N1P1K2,23.0,,46.5,,,,,,,,,,,,,,,6.7,11.0,,5.0,410.0,0.64,,,0.0,0.0,1,6.54,20.1,26.7,8.0,23.9,26.2,67.6,1.0,1.0,5.0,Si,0.008,239.0,Tomatoes,Quindio,8.1,2.4,8.1,2.4
2024-08-06,38,T1_N0P0K0,19.5,,42.5,,,,,,,,,,,,,,,6.7,47.0,,16.0,310.0,0.83,,,2.0,3.0,7,6.47,20.3,26.7,38.0,21.4,26.0,68.8,1.0,1.0,5.0,Si,0.038,214.0,Tomatoes,Quindio,8.1,3.6,8.1,3.6
2024-08-06,41,T14_N1P0K2,21.0,,45.8,,,,,,,,,,,,,,,6.9,47.0,,20.0,330.0,1.14,,,5.0,7.0,14,6.41,21.1,26.7,75.0,23.8,25.8,69.0,1.0,1.0,5.0,Si,0.075,238.0,Tomatoes,Quindio,5.9,3.6,5.9,3.6
2024-08-06,44,T7_N0P1K2,21.5,,41.5,,,,,,,,,,,,,,,6.9,37.0,,13.0,160.0,0.61,,,28.0,39.0,78,6.35,14.6,26.3,392.0,17.5,25.6,68.3,1.0,1.0,5.0,Si,0.392,175.0,Tomatoes,Quindio,3.7,3.6,3.7,3.6
2024-08-06,47,T3_N0P2K0,22.0,,41.7,,,,,,,,,,,,,,,6.6,8.0,,5.0,370.0,0.62,,,18.0,26.0,52,6.39,14.5,26.3,263.0,18.5,25.4,68.8,1.0,1.0,5.0,Si,0.263,185.0,Tomatoes,Quindio,1.5,3.6,1.5,3.6
2024-08-06,50,T23_N2P0K2,16.5,,42.2,,,,,,,,,,,,,,,7.0,43.0,,12.0,250.0,0.46,,,39.0,55.0,111,6.36,15.8,25.9,556.0,16.1,25.4,69.2,1.0,1.0,5.0,Si,0.556,161.0,Tomatoes,Quindio,1.5,4.8,1.5,4.8
2024-08-06,53,T21_N2P2K0,20.5,,43.4,,,,,,,,,,,,,,,6.6,60.0,,21.0,540.0,1.44,,,24.0,33.0,68,6.4,17.8,25.9,338.0,19.2,25.2,68.7,1.0,1.0,5.0,Si,0.338,192.0,Tomatoes,Quindio,3.7,4.8,3.7,4.8
2024-08-06,56,T5_N0P0K2,17.0,,37.2,,,,,,,,,,,,,,,7.1,4.0,,2.0,22.0,0.067,,,6.0,9.0,18,6.46,23.3,25.9,92.0,25.4,25.1,70.1,1.0,1.0,5.0,Si,0.092,254.0,Tomatoes,Quindio,5.9,4.8,5.9,4.8
2024-08-06,59,T30_BIO N2P2K2,15.5,,36.6,,,,,,,,,,,,,,,6.7,130.0,,20.0,740.0,2.01,,,40.0,57.0,114,6.49,14.9,26.3,575.0,27.4,25.0,68.1,1.0,1.0,5.0,Si,0.575,274.0,Tomatoes,Quindio,8.1,4.8,8.1,4.8
2024-08-06,62,T20_N2P1K0,21.5,,44.0,,,,,,,,,,,,,,,6.5,43.0,,21.0,540.0,0.94,,,24.0,34.0,69,6.44,19.0,26.3,350.0,28.3,25.0,71.0,1.0,1.0,5.0,Si,0.35,283.0,Tomatoes,Quindio,8.1,6.0,8.1,6.0
2024-08-06,65,T18_N1P2K2,21.0,,43.7,,,,,,,,,,,,,,,6.4,14.0,,6.0,150.0,0.34,,,21.0,29.0,59,6.38,16.2,26.3,299.0,51.3,25.1,69.4,1.0,1.0,5.0,Si,0.299,513.0,Tomatoes,Quindio,5.9,6.0,5.9,6.0
2024-08-06,68,T29_BIO N1P1K1,24.0,,45.4,,,,,,,,,,,,,,,7.0,34.0,,19.0,110.0,0.46,,,27.0,38.0,77,6.41,14.6,27.5,388.0,59.9,25.6,69.7,1.0,1.0,5.0,Si,0.388,599.0,Tomatoes,Quindio,3.7,6.0,3.7,6.0
2024-08-06,71,T25_N2P1K2,21.0,,41.5,,,,,,,,,,,,,,,6.6,31.0,,10.0,190.0,0.67,,,22.0,32.0,63,6.31,19.3,27.5,322.0,62.0,26.5,68.1,1.0,1.0,5.0,Si,0.322,620.0,Tomatoes,Quindio,1.5,6.0,1.5,6.0
2024-08-06,74,T19_N2P0K0,23.0,,37.8,,,,,,,,,,,,,,,6.5,49.0,,2.0,34.0,0.089,,,69.0,94.0,190,6.31,14.0,27.9,974.0,29.0,27.1,66.6,1.0,1.0,5.0,Si,0.974,290.0,Tomatoes,Quindio,1.5,7.2,1.5,7.2
2024-08-06,77,T2_N0P1K0,24.0,,39.3,,,,,,,,,,,,,,,6.7,670.0,,10.0,650.0,1.36,,,23.0,32.0,65,6.37,16.5,28.3,332.0,19.9,27.2,62.4,1.0,1.0,5.0,Si,0.332,199.0,Tomatoes,Quindio,3.7,7.2,3.7,7.2
2024-08-06,80,T6_N0P1K1,25.0,,38.6,,,,,,,,,,,,,,,6.6,2200.0,,26.0,666.0,1.38,,,19.0,27.0,55,6.43,19.5,28.3,278.0,19.9,27.1,64.6,1.0,1.0,5.0,Si,0.278,199.0,Tomatoes,Quindio,5.9,7.2,5.9,7.2
2024-08-06,83,T17_N1P2K1,22.0,,41.7,,,,,,,,,,,,,,,7.2,2800.0,,40.0,620.0,1.51,,,38.0,53.0,107,6.45,15.2,27.9,537.0,24.3,26.8,61.3,1.0,1.0,5.0,Si,0.537,243.0,Tomatoes,Quindio,8.1,7.2,8.1,7.2
2024-08-06,86,T11_N1P1K0,28.0,,37.0,,,,,,,,,,,,,,,7.3,3400.0,,59.0,786.0,1.95,,,24.0,34.0,69,6.44,20.1,27.5,348.0,28.2,26.0,67.8,1.0,1.0,5.0,Si,0.348,282.0,Tomatoes,Quindio,8.1,8.4,8.1,8.4
2024-08-06,89,T8_N0P2K1,30.0,,42.1,,,,,,,,,,,,,,,7.1,1700.0,,29.0,720.0,1.77,,,20.0,29.0,58,6.45,16.2,27.5,293.0,30.7,26.0,64.9,1.0,1.0,5.0,Si,0.293,307.0,Tomatoes,Quindio,5.9,8.4,5.9,8.4
2024-08-06,92,T9_N0P2K2,,,,,,,,,,,,,,,,,,,,,,,,,,24.0,34.0,68,6.39,17.0,27.5,343.0,29.7,26.0,67.3,1.0,1.0,5.0,Si,0.343,297.0,Tomatoes,Quindio,3.7,8.4,3.7,8.4
2024-08-06,95,T13_N1P0K1,,,,,,,,,,,,,,,,,,,,,,,,,,19.0,27.0,54,6.34,15.4,27.5,271.0,59.0,26.1,63.3,1.0,1.0,5.0,Si,0.271,590.0,Tomatoes,Quindio,1.5,8.4,1.5,8.4
2024-08-06,98,T26_N2P2K1,,,,,,,,,,,,,,,,,,,,,,,,,,38.0,54.0,108,6.44,22.5,27.5,544.0,32.9,26.3,66.7,1.0,1.0,5.0,Si,0.544,329.0,Tomatoes,Quindio,1.5,9.6,1.5,9.6
2024-08-06,101,T16_N1P1K2,,,,,,,,,,,,,,,,,,,,,,,,,,14.0,20.0,39,6.43,22.5,27.9,201.0,33.6,26.4,62.6,1.0,1.0,5.0,Si,0.201,336.0,Tomatoes,Quindio,3.7,9.6,3.7,9.6
2024-08-06,104,T10_N1P0K0,,,,,,,,,,,,,,,,,,,,,,,,,,27.0,38.0,76,6.54,17.0,28.3,383.0,26.3,26.6,65.7,1.0,1.0,5.0,Si,0.383,263.0,Tomatoes,Quindio,5.9,9.6,5.9,9.6
2024-08-06,107,T22_N2P0K1,,,,,,,,,,,,,,,,,,,,,,,,,,26.0,37.0,75,6.46,16.8,28.7,378.0,51.0,26.6,63.2,0.0,0.0,0.0,Si,0.378,510.0,Tomatoes,Quindio,8.1,9.6,8.1,9.6
2024-08-06,110,T12_N1P2K0,,,,,,,,,,,,,,,,,,,,,,,,,,15.0,21.0,43,6.41,19.4,27.9,217.0,65.1,26.8,63.1,1.0,1.0,5.0,Si,0.217,651.0,Tomatoes,Quindio,8.1,10.8,8.1,10.8
2024-08-06,113,T28_BIO-N0P0K0,,,,,,,,,,,,,,,,,,,,,,,,,,24.0,34.0,68,6.54,19.1,27.9,344.0,63.3,27.0,65.2,1.0,1.0,5.0,Si,0.344,633.0,Tomatoes,Quindio,5.9,10.8,5.9,10.8
2024-08-06,116,T1_N0P0K0,,,,,,,,,,,,,,,,,,,,,,,,,,20.0,28.0,56,6.44,21.8,29.5,284.0,67.2,27.4,58.9,1.0,1.0,5.0,Si,0.284,672.0,Tomatoes,Quindio,3.7,10.8,3.7,10.8
2024-08-06,119,T14_N1P0K2,,,,,,,,,,,,,,,,,,,,,,,,,,41.0,58.0,116,6.55,16.1,30.3,580.0,72.5,27.9,60.0,1.0,1.0,5.0,Si,0.58,725.0,Tomatoes,Quindio,1.5,10.8,1.5,10.8
2024-08-06,122,T5_N0P0K2,,,,,,,,,,,,,,,,,,,,,,,,,,40.0,57.0,114,6.6,17.0,31.5,574.0,72.5,28.5,56.0,1.0,1.0,5.0,Si,0.574,725.0,Tomatoes,Quindio,1.5,12.0,1.5,12.0
2024-08-06,125,T30_BIO N2P2K2,,,,,,,,,,,,,,,,,,,,,,,,,,27.0,37.0,75,6.46,18.6,31.5,377.0,66.4,28.8,55.9,1.0,1.0,5.0,Si,0.377,664.0,Tomatoes,Quindio,3.7,12.0,3.7,12.0
2024-08-06,128,T3_N0P2K0,,,,,,,,,,,,,,,,,,,,,,,,,,8.0,11.0,23,6.53,22.4,31.2,116.0,26.7,28.9,54.1,1.0,1.0,5.0,Si,0.116,267.0,Tomatoes,Quindio,5.9,12.0,5.9,12.0
2024-08-06,131,T7_N0P1K2,,,,,,,,,,,,,,,,,,,,,,,,,,40.0,56.0,112,6.4,14.0,31.1,563.0,25.6,28.7,53.4,1.0,1.0,5.0,Si,0.563,256.0,Tomatoes,Quindio,8.1,12.0,8.1,12.0
2024-08-06,134,T21_N2P2K0,,,,,,,,,,,,,,,,,,,,,,,,,,58.0,84.0,169,6.43,16.4,31.1,852.0,23.9,28.5,58.7,1.0,1.0,5.0,Si,0.852,239.0,Tomatoes,Quindio,8.1,13.2,8.1,13.2
2024-08-06,137,T23_N2P0K2,,,,,,,,,,,,,,,,,,,,,,,,,,40.0,56.0,113,6.48,16.8,29.9,566.0,19.9,28.2,60.0,1.0,1.0,5.0,Si,0.566,199.0,Tomatoes,Quindio,5.9,13.2,5.9,13.2
2024-08-06,140,T20_N2P1K0,,,,,,,,,,,,,,,,,,,,,,,,,,39.0,54.0,109,6.56,24.9,29.1,548.0,25.2,27.9,57.8,1.0,1.0,5.0,Si,0.548,252.0,Tomatoes,Quindio,3.7,13.2,3.7,13.2
2024-08-06,143,T18_N1P2K2,,,,,,,,,,,,,,,,,,,,,,,,,,26.0,36.0,73,6.52,20.7,29.1,368.0,16.8,27.5,61.2,1.0,1.0,5.0,Si,0.368,168.0,Tomatoes,Quindio,1.5,13.2,1.5,13.2
2024-08-06,146,T6_N0P1K1,,,,,,,,,,,,,,,,,,,,,,,,,,29.0,40.0,105,6.52,17.1,28.7,528.0,16.0,26.9,60.9,1.0,1.0,5.0,Si,0.528,160.0,Tomatoes,Quindio,1.5,14.4,1.5,14.4
2024-08-06,149,T17_N1P2K1,,,,,,,,,,,,,,,,,,,,,,,,,,25.0,36.0,72,6.39,19.1,28.7,362.0,13.2,26.3,61.9,1.0,1.0,5.0,Si,0.362,132.0,Tomatoes,Quindio,3.7,14.4,3.7,14.4
2024-08-06,152,T25_N2P1K2,,,,,,,,,,,,,,,,,,,,,,,,,,13.0,18.0,37,6.45,23.4,27.5,191.0,11.3,25.8,66.0,1.0,1.0,5.0,Si,0.191,113.0,Tomatoes,Quindio,5.9,14.4,5.9,14.4
2024-08-06,155,T29_BIO N1P1K1,,,,,,,,,,,,,,,,,,,,,,,,,,37.0,53.0,106,6.43,19.7,27.5,531.0,11.0,25.5,64.9,1.0,1.0,5.0,Si,0.531,110.0,Tomatoes,Quindio,8.1,14.4,8.1,14.4
2024-08-06,158,T2_N0P1K0,,,,,,,,,,,,,,,,,,,,,,,,,,58.0,80.0,164,6.56,16.6,27.1,827.0,11.0,25.3,66.9,1.0,1.0,5.0,Si,0.827,110.0,Tomatoes,Quindio,8.1,15.6,8.1,15.6
2024-08-06,161,T19_N2P0K0,,,,,,,,,,,,,,,,,,,,,,,,,,71.0,100.0,203,6.59,16.8,27.1,998.0,11.7,25.1,67.7,1.0,1.0,5.0,Si,0.998,117.0,Tomatoes,Quindio,5.9,15.6,5.9,15.6
2024-08-06,164,T8_N0P2K1,,,,,,,,,,,,,,,,,,,,,,,,,,38.0,53.0,107,6.51,23.0,26.9,540.0,12.6,25.0,66.9,1.0,1.0,5.0,Si,0.54,126.0,Tomatoes,Quindio,3.7,15.6,3.7,15.6
2024-08-06,167,T15_N1P1K1,,,,,,,,,,,,,,,,,,,,,,,,,,39.0,54.0,109,6.43,17.3,26.7,551.0,12.3,24.7,69.9,0.0,0.0,1.0,Si,0.551,123.0,Tomatoes,Quindio,1.5,15.6,1.5,15.6
2024-08-06,170,T24_N2P1K1,,,,,,,,,,,,,,,,,,,,,,,,,,26.0,37.0,76,6.43,19.9,26.7,378.0,13.0,24.6,69.9,1.0,1.0,5.0,Si,0.378,130.0,Tomatoes,Quindio,1.5,16.8,1.5,16.8
2024-08-06,173,T11_N1P1K0,,,,,,,,,,,,,,,,,,,,,,,,,,27.0,38.0,77,6.42,16.0,26.3,385.0,14.2,24.5,71.1,1.0,1.0,5.0,Si,0.385,142.0,Tomatoes,Quindio,3.7,16.8,3.7,16.8
2024-08-06,176,T27_N2P2K2,,,,,,,,,,,,,,,,,,,,,,,,,,8.0,12.0,25,6.45,16.9,26.3,125.0,16.8,24.4,71.7,1.0,1.0,5.0,Si,0.125,168.0,Tomatoes,Quindio,5.9,16.8,5.9,16.8
2024-08-14,1,T27_N2P2K2,,,,,,,,,,,,,,,,,,,,,,,,,,28.0,40.0,81,6.68,21.5,24.4,406.0,13.2,23.1,78.7,1.0,1.0,5.0,Si,0.406,132.0,Tomatoes,Quindio,1.0,0.0,1.0,0.0
2024-08-14,4,T24_N2P1K1,,,,,,,,,,,,,,,,,,,,,,,,,,61.0,87.0,173,6.48,14.1,24.0,866.0,14.8,23.2,79.7,1.0,1.0,5.0,Si,0.866,148.0,Tomatoes,Quindio,3.2,0.0,3.2,0.0
2024-08-14,7,T4_N0P0K1,,,,,,,,,,,,,,,,,,,,,,,,,,39.0,55.0,110,6.61,17.3,24.0,552.0,16.6,23.3,79.1,0.0,0.0,1.0,Si,0.552,166.0,Tomatoes,Quindio,5.4,0.0,5.4,0.0
2024-08-14,10,T15_N1P1K1,,,,,,,,,,,,,,,,,,,,,,,,,,21.0,30.0,61,6.56,13.7,24.0,304.0,15.5,23.4,77.6,1.0,1.0,5.0,Si,0.304,155.0,Tomatoes,Quindio,7.6,0.0,7.6,0.0
2024-08-14,15,T9_N0P2K2,,,,,,,,,,,,,,,,,,,,,,,,,,19.0,27.0,55,6.68,22.3,24.4,278.0,16.1,23.4,77.0,1.0,1.0,5.0,Si,0.278,161.0,Tomatoes,Quindio,7.6,1.2,7.6,1.2
2024-08-14,18,T13_N1P0K1,,,,,,,,,,,,,,,,,,,,,,,,,,39.0,56.0,111,6.7,15.4,24.4,561.0,25.9,23.6,76.8,1.0,1.0,5.0,Si,0.561,259.0,Tomatoes,Quindio,5.4,1.2,5.4,1.2
2024-08-14,21,T22_N2P0K1,,,,,,,,,,,,,,,,,,,,,,,,,,52.0,74.0,146,6.08,15.3,24.5,741.0,26.4,23.9,74.8,1.0,1.0,5.0,Si,0.741,264.0,Tomatoes,Quindio,3.2,1.2,3.2,1.2
2024-08-14,24,T10_N1P0K0,,,,,,,,,,,,,,,,,,,,,,,,,,39.0,55.0,111,6.44,15.0,24.4,557.0,45.3,24.2,74.0,1.0,1.0,5.0,Si,0.557,453.0,Tomatoes,Quindio,1.0,1.2,1.0,1.2
2024-08-14,25,T28_BIO-N0P0K0,,,,,,,,,,,,,,,,,,,,,,,,,,41.0,57.0,115,6.56,14.5,25.2,578.0,47.1,24.8,75.3,1.0,1.0,5.0,Si,0.578,471.0,Tomatoes,Quindio,1.0,2.4,1.0,2.4
2024-08-14,28,T12_N1P2K0,,,,,,,,,,,,,,,,,,,,,,,,,,8.0,12.0,24,6.61,10.8,25.6,119.0,59.0,25.4,68.8,1.0,1.0,5.0,Si,0.119,590.0,Tomatoes,Quindio,3.2,2.4,3.2,2.4
2024-08-14,31,T26_N2P2K1,,,,,,,,,,,,,,,,,,,,,,,,,,39.0,55.0,110,6.56,14.9,26.0,551.0,55.9,26.0,69.1,1.0,1.0,5.0,Si,0.551,559.0,Tomatoes,Quindio,5.4,2.4,5.4,2.4
2024-08-14,34,T16_N1P1K2,,,,,,,,,,,,,,,,,,,,,,,,,,69.0,99.0,193,6.61,16.6,27.0,982.0,61.2,26.7,66.4,1.0,1.0,5.0,Si,0.982,612.0,Tomatoes,Quindio,7.6,2.4,7.6,2.4
2024-08-14,39,T1_N0P0K0,,,,,,,,,,,,,,,,,,,,,,,,,,9.0,13.0,26,6.62,23.9,26.8,133.0,43.5,27.4,64.1,1.0,1.0,5.0,Si,0.133,435.0,Tomatoes,Quindio,7.6,3.6,7.6,3.6
2024-08-14,42,T14_N1P0K2,,,,,,,,,,,,,,,,,,,,,,,,,,26.0,36.0,73,6.56,10.5,26.8,374.0,28.2,27.3,59.3,1.0,1.0,5.0,Si,0.374,282.0,Tomatoes,Quindio,5.4,3.6,5.4,3.6
2024-08-14,45,T7_N0P1K2,,,,,,,,,,,,,,,,,,,,,,,,,,17.0,24.0,49,6.54,18.5,26.8,247.0,43.7,27.2,58.7,1.0,1.0,5.0,Si,0.247,437.0,Tomatoes,Quindio,3.2,3.6,3.2,3.6
2024-08-14,48,T3_N0P2K0,,,,,,,,,,,,,,,,,,,,,,,,,,92.0,132.0,259,6.56,23.1,26.8,1336.0,46.7,27.4,63.8,1.0,1.0,5.0,Si,1.336,467.0,Tomatoes,Quindio,1.0,3.6,1.0,3.6
2024-08-14,49,T23_N2P0K2,,,,,,,,,,,,,,,,,,,,,,,,,,41.0,57.0,115,6.48,18.3,27.2,576.0,24.7,27.2,61.8,1.0,1.0,5.0,Si,0.576,247.0,Tomatoes,Quindio,1.0,4.8,1.0,4.8
2024-08-14,52,T21_N2P2K0,,,,,,,,,,,,,,,,,,,,,,,,,,37.0,52.0,105,6.47,17.1,27.2,528.0,28.6,27.1,60.7,1.0,1.0,5.0,Si,0.528,286.0,Tomatoes,Quindio,3.2,4.8,3.2,4.8
2024-08-14,55,T5_N0P0K2,,,,,,,,,,,,,,,,,,,,,,,,,,39.0,55.0,110,6.41,19.9,27.2,552.0,17.6,27.0,62.0,1.0,1.0,5.0,Si,0.552,176.0,Tomatoes,Quindio,5.4,4.8,5.4,4.8
2024-08-14,58,T30_BIO N2P2K2,,,,,,,,,,,,,,,,,,,,,,,,,,39.0,55.0,111,6.51,14.3,27.2,557.0,15.3,26.7,62.0,1.0,1.0,5.0,Si,0.557,153.0,Tomatoes,Quindio,7.6,4.8,7.6,4.8
2024-08-14,63,T20_N2P1K0,,,,,,,,,,,,,,,,,,,,,,,,,,26.0,36.0,74,6.43,16.6,26.4,371.0,15.5,26.4,63.0,1.0,1.0,5.0,Si,0.371,155.0,Tomatoes,Quindio,7.6,6.0,7.6,6.0
2024-08-14,66,T18_N1P2K2,,,,,,,,,,,,,,,,,,,,,,,,,,26.0,37.0,75,6.54,19.9,26.0,375.0,15.5,26.1,63.6,1.0,1.0,5.0,Si,0.375,155.0,Tomatoes,Quindio,5.4,6.0,5.4,6.0
2024-08-14,69,T29_BIO N1P1K1,,,,,,,,,,,,,,,,,,,,,,,,,,26.0,36.0,74,6.45,18.2,25.6,371.0,17.5,26.0,65.5,1.0,1.0,5.0,Si,0.371,175.0,Tomatoes,Quindio,3.2,6.0,3.2,6.0
2024-08-14,72,T25_N2P1K2,,,,,,,,,,,,,,,,,,,,,,,,,,55.0,77.0,154,6.43,17.0,25.6,768.0,27.0,25.9,65.7,1.0,1.0,5.0,Si,0.768,270.0,Tomatoes,Quindio,1.0,6.0,1.0,6.0
2024-08-14,73,T19_N2P0K0,,,,,,,,,,,,,,,,,,,,,,,,,,95.0,140.0,288,6.5,26.1,25.6,1416.0,28.9,25.8,66.3,1.0,1.0,5.0,Si,1.416,289.0,Tomatoes,Quindio,1.0,7.2,1.0,7.2
2024-08-14,76,T2_N0P1K0,,,,,,,,,,,,,,,,,,,,,,,,,,40.0,56.0,112,6.6,20.3,26.0,563.0,26.5,25.8,66.0,1.0,1.0,5.0,Si,0.563,265.0,Tomatoes,Quindio,3.2,7.2,3.2,7.2
2024-08-14,79,T6_N0P1K1,,,,,,,,,,,,,,,,,,,,,,,,,,40.0,56.0,112,6.47,15.9,26.4,562.0,42.7,26.1,66.8,1.0,1.0,5.0,Si,0.562,427.0,Tomatoes,Quindio,5.4,7.2,5.4,7.2
2024-08-14,82,T17_N1P2K1,,,,,,,,,,,,,,,,,,,,,,,,,,39.0,54.0,109,6.5,14.0,26.8,548.0,24.0,26.3,65.1,1.0,1.0,5.0,Si,0.548,240.0,Tomatoes,Quindio,7.6,7.2,7.6,7.2
2024-08-14,87,T11_N1P1K0,,,,,,,,,,,,,,,,,,,,,,,,,,26.0,36.0,72,6.4,18.6,26.5,364.0,35.1,26.5,63.9,1.0,1.0,5.0,Si,0.364,351.0,Tomatoes,Quindio,7.6,8.4,7.6,8.4
2024-08-14,90,T8_N0P2K1,,,,,,,,,,,,,,,,,,,,,,,,,,40.0,56.0,114,6.52,16.8,27.1,572.0,90.0,26.8,62.3,1.0,1.0,5.0,Si,0.572,900.0,Tomatoes,Quindio,5.4,8.4,5.4,8.4
2024-08-14,93,T9_N0P2K2,31.0,,45.7,,,,,,,,,,,,,,,6.0,31.0,,7.0,150.0,0.389,,,41.0,57.0,115,6.56,19.4,27.7,575.0,35.0,27.0,59.9,1.0,1.0,5.0,Si,0.575,350.0,Tomatoes,Quindio,3.2,8.4,3.2,8.4
2024-08-14,96,T13_N1P0K1,38.0,,44.9,,,,,,,,,,,,,,,6.0,22.0,,3.0,120.0,0.186,,,40.0,56.0,112,6.22,14.7,27.3,562.0,63.9,27.0,63.1,1.0,1.0,5.0,Si,0.562,639.0,Tomatoes,Quindio,1.0,8.4,1.0,8.4
2024-08-14,97,T26_N2P2K1,43.0,,46.6,,,,,,,,,,,,,,,6.8,7.0,,3.0,14.0,0.046,,,50.0,70.0,139,6.53,19.2,27.4,715.0,21.4,27.1,61.5,1.0,1.0,5.0,Si,0.715,214.0,Tomatoes,Quindio,1.0,9.6,1.0,9.6
2024-08-14,100,T16_N1P1K2,36.0,,44.3,,,,,,,,,,,,,,,6.9,39.0,,6.0,63.0,0.157,,,40.0,56.0,112,6.43,20.8,27.4,561.0,26.7,27.4,59.4,1.0,1.0,5.0,Si,0.561,267.0,Tomatoes,Quindio,3.2,9.6,3.2,9.6
2024-08-14,103,T10_N1P0K0,27.0,,43.6,,,,,,,,,,,,,,,6.7,50.0,,15.0,470.0,0.789,,,40.0,56.0,112,6.6,14.9,27.0,563.0,29.6,27.3,61.4,1.0,1.0,5.0,Si,0.563,296.0,Tomatoes,Quindio,5.4,9.6,5.4,9.6
2024-08-14,106,T22_N2P0K1,34.0,,46.1,,,,,,,,,,,,,,,6.9,7.0,,3.0,59.0,0.115,,,37.0,53.0,106,6.6,17.4,27.0,530.0,31.9,27.2,61.8,1.0,1.0,5.0,Si,0.53,319.0,Tomatoes,Quindio,7.6,9.6,7.6,9.6
2024-08-14,111,T12_N1P2K0,48.0,,45.7,,,,,,,,,,,,,,,7.1,4.0,,2.0,25.0,0.065,,,28.0,39.0,79,6.51,20.7,27.4,394.0,28.6,27.3,63.6,1.0,1.0,5.0,Si,0.394,286.0,Tomatoes,Quindio,7.6,10.8,7.6,10.8
2024-08-14,114,T28_BIO-N0P0K0,31.0,,46.6,,,,,,,,,,,,,,,7.0,44.0,,7.0,240.0,0.62,,,41.0,58.0,116,6.6,16.0,27.4,582.0,25.6,27.4,59.5,1.0,1.0,5.0,Si,0.582,256.0,Tomatoes,Quindio,5.4,10.8,5.4,10.8
2024-08-14,117,T1_N0P0K0,42.0,,46.3,,,,,,,,,,,,,,,7.0,23.0,,6.0,320.0,0.226,,,39.0,55.0,111,6.65,21.4,27.4,558.0,26.1,27.1,61.8,1.0,1.0,5.0,Si,0.558,261.0,Tomatoes,Quindio,3.2,10.8,3.2,10.8
2024-08-14,120,T14_N1P0K2,32.0,,44.5,,,,,,,,,,,,,,,7.3,23.0,,4.0,120.0,0.218,,,39.0,55.0,110,6.54,24.5,27.4,554.0,26.1,27.0,63.5,1.0,1.0,5.0,Si,0.554,261.0,Tomatoes,Quindio,1.0,10.8,1.0,10.8
2024-08-14,121,T5_N0P0K2,40.0,,45.1,,,,,,,,,,,,,,,6.4,14.0,,2.0,59.0,0.133,,,25.0,35.0,71,6.53,18.3,27.4,357.0,27.8,27.1,62.9,1.0,1.0,5.0,Si,0.357,278.0,Tomatoes,Quindio,1.0,12.0,1.0,12.0
2024-08-14,124,T30_BIO N2P2K2,36.5,,46.2,,,,,,,,,,,,,,,6.9,11.0,,5.0,57.0,0.058,,,41.0,57.0,115,6.49,22.8,27.0,578.0,27.1,27.1,60.9,1.0,1.0,5.0,Si,0.578,271.0,Tomatoes,Quindio,3.2,12.0,3.2,12.0
2024-08-14,127,T3_N0P2K0,33.5,,45.3,,,,,,,,,,,,,,,6.8,35.0,,6.0,210.0,0.303,,,40.0,57.0,114,6.55,21.4,27.0,571.0,28.2,26.7,59.5,0.0,0.0,2.0,Si,0.571,282.0,Tomatoes,Quindio,5.4,12.0,5.4,12.0
2024-08-14,130,T7_N0P1K2,38.0,,46.2,,,,,,,,,,,,,,,6.6,43.0,,5.0,90.0,0.404,,,40.0,55.0,109,3.94,17.8,27.4,543.0,23.5,26.8,63.6,1.0,1.0,5.0,Si,0.543,235.0,Tomatoes,Quindio,7.6,12.0,7.6,12.0
2024-08-14,135,T21_N2P2K0,42.0,,46.7,,,,,,,,,,,,,,,6.7,68.0,,14.0,590.0,0.847,,,38.0,54.0,109,6.47,15.6,27.8,547.0,32.0,27.2,58.0,1.0,1.0,5.0,Si,0.547,320.0,Tomatoes,Quindio,7.6,13.2,7.6,13.2
2024-08-14,138,T23_N2P0K2,28.0,,44.5,,,,,,,,,,,,,,,6.6,11.0,,4.0,140.0,0.304,,,28.0,40.0,79,6.42,18.3,27.4,403.0,44.0,27.2,58.0,1.0,1.0,5.0,Si,0.403,440.0,Tomatoes,Quindio,5.4,13.2,5.4,13.2
2024-08-14,141,T20_N2P1K0,40.0,,42.0,,,,,,,,,,,,,,,6.3,67.0,,18.0,400.0,0.739,,,39.0,55.0,110,6.37,15.9,27.4,551.0,32.9,27.2,58.0,1.0,1.0,5.0,Si,0.551,329.0,Tomatoes,Quindio,3.2,13.2,3.2,13.2
2024-08-14,144,T18_N1P2K2,35.0,,44.3,,,,,,,,,,,,,,,7.0,10.0,,3.0,140.0,0.352,,,38.0,54.0,108,6.48,24.0,27.8,544.0,43.5,27.1,57.8,1.0,1.0,5.0,Si,0.544,435.0,Tomatoes,Quindio,1.0,13.2,1.0,13.2
2024-08-14,145,T6_N0P1K1,34.5,,42.3,,,,,,,,,,,,,,,6.8,0.5,,2.0,21.0,0.079,,,27.0,38.0,76,6.5,26.3,27.8,386.0,83.4,27.2,59.1,1.0,1.0,5.0,Si,0.386,834.0,Tomatoes,Quindio,1.0,14.4,1.0,14.4
2024-08-14,148,T17_N1P2K1,37.0,,45.1,,,,,,,,,,,,,,,6.8,6.0,,2.0,45.0,0.103,,,39.0,54.0,110,6.56,20.7,27.8,551.0,37.4,27.3,59.0,1.0,1.0,5.0,Si,0.551,374.0,Tomatoes,Quindio,3.2,14.4,3.2,14.4
2024-08-14,151,T25_N2P1K2,35.0,,47.3,,,,,,,,,,,,,,,6.9,15.0,,3.0,88.0,0.159,,,38.0,53.0,107,6.57,22.5,28.6,538.0,78.9,27.7,61.2,1.0,1.0,5.0,Si,0.538,789.0,Tomatoes,Quindio,5.4,14.4,5.4,14.4
2024-08-14,154,T29_BIO N1P1K1,38.0,,44.1,,,,,,,,,,,,,,,6.5,27.0,,4.0,90.0,0.259,,,40.0,55.0,112,6.62,25.1,29.0,560.0,43.7,28.4,59.6,1.0,1.0,5.0,Si,0.56,437.0,Tomatoes,Quindio,7.6,14.4,7.6,14.4
2024-08-14,159,T2_N0P1K0,42.0,,44.9,,,,,,,,,,,,,,,6.4,6.0,,2.0,42.0,0.1,,,22.0,31.0,64,6.53,26.2,29.4,321.0,53.8,29.1,58.0,1.0,1.0,5.0,Si,0.321,538.0,Tomatoes,Quindio,7.6,15.6,7.6,15.6
2024-08-14,162,T19_N2P0K0,35.0,,45.8,,,,,,,,,,,,,,,6.6,5.0,,2.0,62.0,0.16,,,25.0,35.0,71,6.44,26.4,29.0,358.0,27.6,29.2,56.6,1.0,1.0,5.0,Si,0.358,276.0,Tomatoes,Quindio,5.4,15.6,5.4,15.6
2024-08-14,165,T8_N0P2K1,33.0,,46.8,,,,,,,,,,,,,,,6.6,0.5,,0.5,34.0,0.074,,,25.0,35.0,70,6.65,29.8,29.0,355.0,26.1,28.8,53.6,1.0,1.0,5.0,Si,0.355,261.0,Tomatoes,Quindio,3.2,15.6,3.2,15.6
2024-08-14,168,T15_N1P1K1,44.5,,45.4,,,,,,,,,,,,,,,6.2,6.0,,2.0,50.0,0.098,,,39.0,55.0,110,6.57,28.7,28.6,555.0,26.3,28.2,56.0,1.0,1.0,5.0,Si,0.555,263.0,Tomatoes,Quindio,1.0,15.6,1.0,15.6
2024-08-14,169,T24_N2P1K1,43.0,,45.2,,,,,,,,,,,,,,,6.8,4.0,,2.0,48.0,0.135,,,39.0,55.0,110,6.56,25.7,28.2,553.0,25.4,28.1,56.1,1.0,1.0,5.0,Si,0.553,254.0,Tomatoes,Quindio,1.0,16.8,1.0,16.8
2024-08-14,172,T11_N1P1K0,43.0,,45.7,,,,,,,,,,,,,,,7.2,9.0,,4.0,68.0,0.133,,,27.0,38.0,78,6.49,26.1,27.4,393.0,27.3,28.0,56.5,1.0,1.0,5.0,Si,0.393,273.0,Tomatoes,Quindio,3.2,16.8,3.2,16.8
2024-08-14,175,T27_N2P2K2,39.0,,43.2,,,,,,,,,,,,,,,7.5,120.0,,37.0,180.0,0.723,,,41.0,57.0,115,6.54,25.3,27.4,579.0,79.7,28.1,54.4,1.0,1.0,5.0,Si,0.579,797.0,Tomatoes,Quindio,5.4,16.8,5.4,16.8
2024-08-14,178,T4_N0P0K1,37.0,,42.2,,,,,,,,,,,,,,,7.0,14.0,,3.0,81.0,0.156,,,38.0,54.0,108,6.63,22.1,28.2,541.0,83.1,28.2,57.4,1.0,1.0,5.0,Si,0.541,831.0,Tomatoes,Quindio,7.6,16.8,7.6,16.8
2024-08-21,2,T27_N2P2K2,,,,,,,,,,,,,,,,,,,,,,,,,,3.0,4.0,10,6.45,22.6,25.1,51.0,15.2,24.5,68.5,1.0,1.0,5.0,Si,0.051,152.0,Tomatoes,Quindio,1.5,0.0,1.5,0.0
2024-08-21,5,T24_N2P1K1,,,,,,,,,,,,,,,,,,,,,,,,,,38.0,54.0,109,6.67,17.4,24.3,554.0,15.2,24.6,68.0,1.0,1.0,5.0,Si,0.554,152.0,Tomatoes,Quindio,3.7,0.0,3.7,0.0
2024-08-21,8,T4_N0P0K1,,,,,,,,,,,,,,,,,,,,,,,,,,18.0,25.0,52,6.61,13.8,23.9,271.0,14.5,24.7,67.5,1.0,1.0,5.0,Si,0.271,145.0,Tomatoes,Quindio,5.9,0.0,5.9,0.0
2024-08-21,11,T15_N1P1K1,,,,,,,,,,,,,,,,,,,,,,,,,,4.0,6.0,13,6.43,21.9,23.9,68.0,15.2,24.9,67.4,1.0,1.0,5.0,Si,0.068,152.0,Tomatoes,Quindio,8.1,0.0,8.1,0.0
2024-08-21,14,T9_N0P2K2,,,,,,,,,,,,,,,,,,,,,,,,,,39.0,56.0,112,6.61,26.6,23.5,565.0,16.4,24.9,66.7,1.0,1.0,5.0,Si,0.565,164.0,Tomatoes,Quindio,8.1,1.2,8.1,1.2
2024-08-21,17,T13_N1P0K1,,,,,,,,,,,,,,,,,,,,,,,,,,10.0,14.0,29,6.48,25.4,23.9,145.0,16.6,24.8,68.8,1.0,1.0,5.0,Si,0.145,166.0,Tomatoes,Quindio,5.9,1.2,5.9,1.2
2024-08-21,20,T22_N2P0K1,,,,,,,,,,,,,,,,,,,,,,,,,,16.0,22.0,45,6.43,24.1,23.5,230.0,23.9,24.8,68.0,1.0,1.0,5.0,Si,0.23,239.0,Tomatoes,Quindio,3.7,1.2,3.7,1.2
2024-08-21,23,T10_N1P0K0,,,,,,,,,,,,,,,,,,,,,,,,,,3.0,5.0,10,6.5,20.5,23.9,57.0,23.8,25.0,67.5,1.0,1.0,5.0,Si,0.057,238.0,Tomatoes,Quindio,1.5,1.2,1.5,1.2
2024-08-21,26,T28_BIO-N0P0K0,,,,,,,,,,,,,,,,,,,,,,,,,,40.0,56.0,112,6.38,18.8,24.3,563.0,25.9,25.5,68.8,1.0,1.0,5.0,Si,0.563,259.0,Tomatoes,Quindio,1.5,2.4,1.5,2.4
2024-08-21,29,T12_N1P2K0,,,,,,,,,,,,,,,,,,,,,,,,,,9.0,14.0,27,6.4,31.9,24.3,142.0,25.3,25.5,67.3,1.0,1.0,5.0,Si,0.142,253.0,Tomatoes,Quindio,3.7,2.4,3.7,2.4
2024-08-21,32,T26_N2P2K1,,,,,,,,,,,,,,,,,,,,,,,,,,15.0,22.0,45,6.3,26.9,24.3,228.0,24.6,25.5,65.7,1.0,1.0,5.0,Si,0.228,246.0,Tomatoes,Quindio,5.9,2.4,5.9,2.4
2024-08-21,35,T16_N1P1K2,,,,,,,,,,,,,,,,,,,,,,,,,,5.0,8.0,16,6.55,26.9,24.3,84.0,15.5,25.5,65.6,1.0,1.0,5.0,Si,0.084,155.0,Tomatoes,Quindio,8.1,2.4,8.1,2.4
2024-08-21,38,T1_N0P0K0,,,,,,,,,,,,,,,,,,,,,,,,,,4.0,6.0,12,6.4,26.0,24.3,63.0,13.9,25.5,66.5,1.0,1.0,5.0,Si,0.063,139.0,Tomatoes,Quindio,8.1,3.6,8.1,3.6
2024-08-21,41,T14_N1P0K2,,,,,,,,,,,,,,,,,,,,,,,,,,7.0,10.0,20,6.46,19.0,24.3,101.0,13.9,25.4,64.2,1.0,1.0,5.0,Si,0.101,139.0,Tomatoes,Quindio,5.9,3.6,5.9,3.6
2024-08-21,44,T7_N0P1K2,,,,,,,,,,,,,,,,,,,,,,,,,,7.0,11.0,21,6.45,27.4,24.3,110.0,14.8,25.2,65.0,1.0,1.0,5.0,Si,0.11,148.0,Tomatoes,Quindio,3.7,3.6,3.7,3.6
2024-08-21,47,T3_N0P2K0,,,,,,,,,,,,,,,,,,,,,,,,,,6.0,9.0,18,6.35,23.3,23.9,93.0,60.6,25.3,67.3,1.0,1.0,5.0,Si,0.093,606.0,Tomatoes,Quindio,1.5,3.6,1.5,3.6
2024-08-21,50,T23_N2P0K2,,,,,,,,,,,,,,,,,,,,,,,,,,12.0,18.0,35,6.36,25.2,24.7,181.0,63.0,25.7,65.8,1.0,1.0,5.0,Si,0.181,630.0,Tomatoes,Quindio,1.5,4.8,1.5,4.8
2024-08-21,53,T21_N2P2K0,,,,,,,,,,,,,,,,,,,,,,,,,,14.0,20.0,41,6.41,20.9,25.9,209.0,61.5,26.5,66.4,1.0,1.0,5.0,Si,0.209,615.0,Tomatoes,Quindio,3.7,4.8,3.7,4.8
2024-08-21,56,T5_N0P0K2,,,,,,,,,,,,,,,,,,,,,,,,,,1.0,2.0,5,6.47,18.7,27.1,25.0,50.7,27.3,60.6,1.0,1.0,5.0,Si,0.025,507.0,Tomatoes,Quindio,5.9,4.8,5.9,4.8
2024-08-21,59,T30_BIO N2P2K2,,,,,,,,,,,,,,,,,,,,,,,,,,21.0,29.0,59,6.42,20.5,26.7,302.0,52.5,27.7,59.2,1.0,1.0,5.0,Si,0.302,525.0,Tomatoes,Quindio,8.1,4.8,8.1,4.8
2024-08-21,62,T20_N2P1K0,,,,,,,,,,,,,,,,,,,,,,,,,,1.0,2.0,5,6.43,23.8,27.5,27.0,51.4,28.4,57.4,1.0,1.0,5.0,Si,0.027,514.0,Tomatoes,Quindio,8.1,6.0,8.1,6.0
2024-08-21,65,T18_N1P2K2,,,,,,,,,,,,,,,,,,,,,,,,,,9.0,13.0,27,6.34,29.8,26.3,139.0,57.9,28.8,56.0,1.0,1.0,5.0,Si,0.139,579.0,Tomatoes,Quindio,5.9,6.0,5.9,6.0
2024-08-21,68,T29_BIO N1P1K1,,,,,,,,,,,,,,,,,,,,,,,,,,20.0,28.0,57,6.31,24.7,26.7,288.0,74.5,29.2,56.4,1.0,1.0,5.0,Si,0.288,745.0,Tomatoes,Quindio,3.7,6.0,3.7,6.0
2024-08-21,71,T25_N2P1K2,,,,,,,,,,,,,,,,,,,,,,,,,,4.0,5.0,11,6.18,33.9,26.7,56.0,26.1,29.2,55.3,1.0,1.0,5.0,Si,0.056,261.0,Tomatoes,Quindio,1.5,6.0,1.5,6.0
2024-08-21,74,T19_N2P0K0,,,,,,,,,,,,,,,,,,,,,,,,,,4.0,6.0,12,6.38,26.7,26.3,62.0,23.8,28.9,55.6,1.0,1.0,5.0,Si,0.062,238.0,Tomatoes,Quindio,1.5,7.2,1.5,7.2
2024-08-21,77,T2_N0P1K0,,,,,,,,,,,,,,,,,,,,,,,,,,2.0,3.0,7,6.33,24.6,25.9,38.0,25.7,28.6,57.7,1.0,1.0,5.0,Si,0.038,257.0,Tomatoes,Quindio,3.7,7.2,3.7,7.2
2024-08-21,80,T6_N0P1K1,,,,,,,,,,,,,,,,,,,,,,,,,,14.0,20.0,41,6.4,23.6,25.5,209.0,26.1,28.1,57.1,1.0,1.0,5.0,Si,0.209,261.0,Tomatoes,Quindio,5.9,7.2,5.9,7.2
2024-08-21,83,T17_N1P2K1,,,,,,,,,,,,,,,,,,,,,,,,,,4.0,6.0,13,6.31,23.4,25.1,67.0,27.8,27.8,56.4,1.0,1.0,5.0,Si,0.067,278.0,Tomatoes,Quindio,8.1,7.2,8.1,7.2
2024-08-21,86,T11_N1P1K0,,,,,,,,,,,,,,,,,,,,,,,,,,2.0,3.0,7,6.45,22.6,24.3,38.0,24.5,27.4,58.6,1.0,1.0,5.0,Si,0.038,245.0,Tomatoes,Quindio,8.1,8.4,8.1,8.4
2024-08-21,89,T8_N0P2K1,,,,,,,,,,,,,,,,,,,,,,,,,,4.0,6.0,12,6.45,29.2,24.3,64.0,57.3,27.2,60.5,1.0,1.0,5.0,Si,0.064,573.0,Tomatoes,Quindio,5.9,8.4,5.9,8.4
2024-08-21,92,T9_N0P2K2,71.0,,45.9,,4.0,,,,,,5.9,4000.0,,46.0,2000.0,13.99,,6.9,17.0,,4.0,24.0,0.151,,,4.0,6.0,12,6.45,23.8,24.7,60.0,61.5,27.3,61.4,1.0,1.0,5.0,Si,0.06,615.0,Tomatoes,Quindio,3.7,8.4,3.7,8.4
2024-08-21,95,T13_N1P0K1,72.0,,41.6,,5.0,,,,,,5.8,4100.0,,72.0,2000.0,12.25,,6.8,14.0,,3.0,16.0,0.117,,,8.0,11.0,22,6.39,29.0,25.5,114.0,80.0,27.6,62.9,1.0,1.0,5.0,Si,0.114,800.0,Tomatoes,Quindio,1.5,8.4,1.5,8.4
2024-08-21,98,T26_N2P2K1,72.0,,47.5,,6.0,,,,,,5.8,3600.0,,54.0,2000.0,14.44,,7.0,21.0,,2.0,56.0,0.353,,,20.0,28.0,56,6.49,21.9,25.9,284.0,28.7,28.0,56.3,1.0,1.0,5.0,Si,0.284,287.0,Tomatoes,Quindio,1.5,9.6,1.5,9.6
2024-08-21,101,T16_N1P1K2,73.0,,48.3,,4.0,,,,,,6.0,3700.0,,43.0,2000.0,11.79,,7.1,16.0,,3.0,19.0,0.054,,,27.0,38.0,77,6.57,27.5,25.5,386.0,76.1,28.4,58.2,1.0,1.0,5.0,Si,0.386,761.0,Tomatoes,Quindio,3.7,9.6,3.7,9.6
2024-08-21,104,T10_N1P0K0,68.0,,50.0,,4.0,,,,,,6.1,3400.0,,39.0,1900.0,13.66,,6.8,43.0,,11.0,210.0,0.541,,,1.0,2.0,5,6.34,19.5,28.5,25.0,34.5,31.7,47.6,1.0,1.0,5.0,Si,0.025,345.0,Tomatoes,Quindio,5.9,9.6,5.9,9.6
2024-08-21,107,T22_N2P0K1,57.0,,48.8,,3.0,,,,,,6.0,3600.0,,41.0,1900.0,13.36,,7.0,11.0,,2.0,25.0,0.15,,,11.0,15.0,31,6.4,27.6,26.7,159.0,80.5,29.5,53.9,1.0,1.0,5.0,Si,0.159,805.0,Tomatoes,Quindio,8.1,9.6,8.1,9.6
2024-08-21,110,T12_N1P2K0,73.0,,49.9,,5.0,,,,,,5.8,3400.0,,52.0,1300.0,12.87,,7.2,18.0,,3.0,42.0,0.229,,,22.0,31.0,64,6.46,22.1,27.1,325.0,81.5,29.8,53.3,1.0,1.0,5.0,Si,0.325,815.0,Tomatoes,Quindio,8.1,10.8,8.1,10.8
2024-08-21,113,T28_BIO-N0P0K0,64.5,,48.7,,3.0,,,,,,5.9,3400.0,,41.0,1500.0,13.35,,6.8,7.0,,0.5,20.0,0.078,,,3.0,5.0,10,6.31,23.9,27.4,52.0,25.0,29.6,51.4,1.0,1.0,5.0,Si,0.052,250.0,Tomatoes,Quindio,5.9,10.8,5.9,10.8
2024-08-21,116,T1_N0P0K0,70.0,,45.1,,5.0,,,,,,5.8,3600.0,,40.0,2100.0,13.59,,6.8,5.0,,0.5,18.0,0.047,,,7.0,10.0,21,6.48,30.9,26.6,108.0,23.5,29.3,52.2,1.0,1.0,5.0,Si,0.108,235.0,Tomatoes,Quindio,3.7,10.8,3.7,10.8
2024-08-21,119,T14_N1P0K2,62.0,,45.6,,4.0,,,,,,5.9,3600.0,,50.0,2600.0,11.87,,6.8,15.0,,3.0,20.0,0.086,,,13.0,19.0,38,6.44,27.8,26.2,191.0,17.6,28.9,51.7,1.0,1.0,5.0,Si,0.191,176.0,Tomatoes,Quindio,1.5,10.8,1.5,10.8
2024-08-21,122,T5_N0P0K2,71.0,,48.0,,3.0,,,,,,5.8,3400.0,,42.0,2400.0,12.9,,6.0,44.0,,9.0,340.0,0.868,,,28.0,39.0,79,6.45,20.6,25.8,398.0,26.5,28.6,54.6,1.0,1.0,5.0,Si,0.398,265.0,Tomatoes,Quindio,1.5,12.0,1.5,12.0
2024-08-21,125,T30_BIO N2P2K2,73.0,,49.0,,4.0,,,,,,5.9,3500.0,,39.0,2700.0,13.19,,6.6,98.0,,9.0,190.0,0.846,,,7.0,10.0,21,6.49,20.7,25.8,109.0,82.3,28.6,54.3,1.0,1.0,5.0,Si,0.109,823.0,Tomatoes,Quindio,3.7,12.0,3.7,12.0
2024-08-21,128,T3_N0P2K0,63.0,,50.9,,3.0,,,,,,5.9,2300.0,,34.0,1100.0,10.48,,7.2,33.0,,5.0,51.0,0.312,,,9.0,13.0,26,6.49,24.7,25.8,135.0,64.3,28.7,54.6,1.0,1.0,5.0,Si,0.135,643.0,Tomatoes,Quindio,5.9,12.0,5.9,12.0
2024-08-21,131,T7_N0P1K2,58.5,,50.4,,4.0,,,,,,5.8,3600.0,,48.0,2700.0,12.5,,6.7,41.0,,7.0,200.0,0.333,,,5.0,8.0,16,6.41,22.4,26.5,83.0,80.9,29.0,56.3,1.0,1.0,5.0,Si,0.083,809.0,Tomatoes,Quindio,8.1,12.0,8.1,12.0
2024-08-21,134,T21_N2P2K0,68.0,,48.1,,1.0,,,,,,5.9,3300.0,,44.0,1800.0,12.17,,6.9,14.0,,4.0,33.0,0.148,,,3.0,4.0,10,6.5,21.6,27.0,50.0,74.2,29.4,55.4,1.0,1.0,5.0,Si,0.05,742.0,Tomatoes,Quindio,8.1,13.2,8.1,13.2
2024-08-21,137,T23_N2P0K2,75.0,,48.6,1.0,5.0,,,,,,5.7,3600.0,,43.0,2300.0,13.22,,6.0,47.0,,10.0,320.0,0.938,,,8.0,11.0,23,6.58,21.3,27.4,116.0,67.6,29.7,50.0,1.0,1.0,5.0,Si,0.116,676.0,Tomatoes,Quindio,5.9,13.2,5.9,13.2
2024-08-21,140,T20_N2P1K0,66.5,,51.3,,3.0,,,,,,5.7,3200.0,,37.0,2300.0,13.58,,6.7,28.0,,7.0,140.0,0.328,,,14.0,19.0,39,6.44,18.8,27.4,198.0,76.1,29.9,52.8,1.0,1.0,5.0,Si,0.198,761.0,Tomatoes,Quindio,3.7,13.2,3.7,13.2
2024-08-21,143,T18_N1P2K2,70.0,,50.9,,3.0,,,,,,6.0,3300.0,,41.0,1400.0,11.43,,6.4,51.0,,8.0,280.0,0.809,,,11.0,15.0,30,6.52,19.9,27.8,155.0,77.0,30.1,49.6,1.0,1.0,5.0,Si,0.155,770.0,Tomatoes,Quindio,1.5,13.2,1.5,13.2
2024-08-21,146,T6_N0P1K1,71.0,,47.1,,4.0,,,,,,5.8,3300.0,,37.0,2700.0,13.6,,6.7,26.0,,7.0,130.0,0.358,,,7.0,10.0,20,6.32,23.1,27.8,102.0,78.3,30.5,52.9,1.0,1.0,5.0,Si,0.102,783.0,Tomatoes,Quindio,1.5,14.4,1.5,14.4
2024-08-21,149,T17_N1P2K1,65.0,,49.4,,4.0,,,,,,5.7,3400.0,,42.0,2100.0,14.21,,7.3,36.0,,10.0,63.0,0.303,,,10.0,14.0,28,6.47,16.9,27.8,146.0,75.4,30.9,50.9,1.0,1.0,5.0,Si,0.146,754.0,Tomatoes,Quindio,3.7,14.4,3.7,14.4
2024-08-21,152,T25_N2P1K2,53.0,,48.6,,2.0,,,,,,5.8,3000.0,,32.0,1700.0,12.94,,6.7,48.0,,10.0,86.0,0.382,,,37.0,53.0,106,6.43,18.7,29.0,533.0,72.9,31.4,47.2,1.0,1.0,5.0,Si,0.533,729.0,Tomatoes,Quindio,5.9,14.4,5.9,14.4
2024-08-21,155,T29_BIO N1P1K1,60.0,,48.8,,2.0,,,,,,6.0,3300.0,,36.0,2100.0,11.25,,6.9,10.0,,2.0,54.0,0.161,,,38.0,54.0,108,6.37,23.2,29.4,542.0,86.8,31.6,45.3,1.0,1.0,5.0,Si,0.542,868.0,Tomatoes,Quindio,8.1,14.4,8.1,14.4
2024-08-21,158,T2_N0P1K0,67.0,,47.7,,4.0,,,,,,5.9,3500.0,,39.0,3000.0,14.32,,7.0,8.0,,2.0,38.0,0.091,,,23.0,32.0,65,6.34,19.5,29.1,328.0,63.1,31.6,45.0,1.0,1.0,5.0,Si,0.328,631.0,Tomatoes,Quindio,8.1,15.6,8.1,15.6
2024-08-21,161,T19_N2P0K0,54.0,,49.4,,3.0,,,,,,6.0,3300.0,,38.0,2600.0,13.3,,6.8,21.0,,4.0,110.0,0.271,,,12.0,16.0,33,6.29,23.4,29.0,171.0,78.3,31.1,46.2,1.0,1.0,5.0,Si,0.171,783.0,Tomatoes,Quindio,5.9,15.6,5.9,15.6
2024-08-21,164,T8_N0P2K1,67.0,,44.7,,2.0,,,,,,6.0,3600.0,,43.0,2900.0,13.9,,6.4,25.0,,8.0,150.0,0.44,,,23.0,32.0,65,6.4,21.2,29.4,328.0,78.7,30.8,47.9,1.0,1.0,5.0,Si,0.328,787.0,Tomatoes,Quindio,3.7,15.6,3.7,15.6
2024-08-21,167,T15_N1P1K1,61.0,,49.3,,3.0,,,,,,5.8,3300.0,,42.0,2300.0,13.96,,6.4,18.0,,5.0,170.0,0.722,,,19.0,27.0,55,6.34,16.2,29.4,283.0,78.7,30.7,48.3,1.0,1.0,5.0,Si,0.283,787.0,Tomatoes,Quindio,1.5,15.6,1.5,15.6
2024-08-21,170,T24_N2P1K1,65.0,,47.0,,2.0,,,,,,5.8,3400.0,,41.0,2300.0,14.56,,5.5,56.0,,8.0,230.0,0.653,,,27.0,39.0,78,6.41,22.7,29.4,401.0,82.3,30.9,45.7,1.0,1.0,5.0,Si,0.401,823.0,Tomatoes,Quindio,1.5,16.8,1.5,16.8
2024-08-21,173,T11_N1P1K0,71.0,,46.7,,4.0,,,,,,5.8,3300.0,,45.0,3000.0,13.71,,6.6,58.0,,20.0,160.0,0.59,,,15.0,22.0,44,6.16,24.9,29.6,222.0,82.9,31.6,44.5,1.0,1.0,5.0,Si,0.222,829.0,Tomatoes,Quindio,3.7,16.8,3.7,16.8
2024-08-21,176,T27_N2P2K2,65.0,,48.8,,3.0,,,,,,6.0,2900.0,,32.0,2500.0,11.09,,6.8,27.0,,6.0,70.0,0.258,,,19.0,27.0,54,6.34,21.1,29.6,275.0,69.3,31.8,43.9,1.0,1.0,5.0,Si,0.275,693.0,Tomatoes,Quindio,5.9,16.8,5.9,16.8
2024-08-21,179,T4_N0P0K1,65.0,,51.2,,1.0,,,,,,5.9,3200.0,,32.0,2400.0,13.19,,6.7,49.0,,8.0,110.0,0.494,,,8.0,12.0,24,6.3,17.8,28.8,122.0,63.3,31.8,46.5,1.0,1.0,5.0,Si,0.122,633.0,Tomatoes,Quindio,8.1,16.8,8.1,16.8
2024-08-27,3,T27_N2P2K2,89.0,,51.3,0.0,5.0,,,,,,5.75,3550.0,565.0,38.5,2000.0,10.65,,6.4,99.33333333333333,130.0,20.67,236.67,0.785,,,5.0,8.0,16,6.46,14.2,24.8,80.0,31.5,26.1,61.4,1.0,1.0,5.0,Si,0.08,315.0,Tomatoes,Quindio,2.0,0.0,2.0,0.0
2024-08-27,6,T24_N2P1K1,85.0,,54.0,2.0,5.0,,,,,,5.99,4350.0,220.5,60.5,2850.0,13.68,,6.5,26.5,370.0,3.0,83.0,0.285,,,5.0,7.0,15,6.46,13.4,24.8,0.0,39.8,26.6,63.6,1.0,1.0,5.0,Si,0.0,398.0,Tomatoes,Quindio,4.2,0.0,4.2,0.0
2024-08-27,9,T4_N0P0K1,73.0,,51.0,2.0,2.0,,,,,,6.01,3600.0,260.0,57.5,2000.0,11.0,,6.2,24.666666666666668,120.0,6.5,130.0,0.298,,,6.0,9.0,16,6.49,18.1,25.6,0.0,37.7,27.0,62.3,1.0,1.0,5.0,Si,0.0,377.0,Tomatoes,Quindio,6.4,0.0,6.4,0.0
2024-08-27,12,T15_N1P1K1,92.0,,52.2,2.0,4.0,,,,,,6.07,4050.0,78.0,47.0,3600.0,11.82,,6.1,50.5,105.0,16.0,205.0,0.561,,,6.0,9.0,19,6.45,17.3,26.4,0.0,34.6,27.6,56.7,1.0,1.0,5.0,Si,0.0,346.0,Tomatoes,Quindio,8.6,0.0,8.6,0.0
2024-08-27,13,T9_N0P2K2,73.0,,50.2,0.0,4.0,,,,,,5.91,3800.0,230.0,43.0,3000.0,12.32,,6.68,70.5,155.0,6.67,163.3,0.553,,,0.0,1.0,2,6.53,16.7,26.4,13.0,39.6,28.1,54.4,1.0,1.0,5.0,Si,0.013,396.0,Tomatoes,Quindio,8.6,1.2,8.6,1.2
2024-08-27,16,T13_N1P0K1,83.5,,48.9,2.0,7.0,,,,,,5.9,4050.0,130.0,42.5,3000.0,13.01,,6.7,23.5,255.0,7.5,61.33,0.117,,,1.0,2.0,2,6.53,12.1,26.4,0.0,11.7,28.5,50.3,0.0,0.0,2.0,Si,0.0,117.0,Tomatoes,Quindio,6.4,1.2,6.4,1.2
2024-08-27,19,T22_N2P0K1,102.0,,50.6,2.0,5.0,,,,,,5.91,3650.0,180.0,42.0,2350.0,11.65,,7.23,62.0,93.66666666666667,16.0,135.0,0.524,,,2.0,3.0,7,6.71,16.2,26.0,38.0,51.0,28.7,44.9,1.0,1.0,5.0,Si,0.038,510.0,Tomatoes,Quindio,4.2,1.2,4.2,1.2
2024-08-27,22,T10_N1P0K0,89.0,,49.5,0.0,7.0,,,,,,6.23,3550.0,190.5,33.0,2700.0,11.75,,6.66,13.0,150.0,4.0,60.5,0.25,,,3.0,2.0,10,6.47,19.4,26.0,9.0,52.7,29.0,46.3,1.0,1.0,5.0,Si,0.009,527.0,Tomatoes,Quindio,2.0,1.2,2.0,1.2
2024-08-27,27,T28_BIO-N0P0K0,87.0,,49.8,0.0,3.0,,,,,,6.04,3500.0,370.5,36.0,3000.0,11.13,,6.51,19.5,110.0,7.5,205.0,0.432,,,4.0,6.0,13,6.45,25.3,26.8,66.0,16.1,28.9,43.3,1.0,1.0,5.0,Si,0.066,161.0,Tomatoes,Quindio,2.0,2.4,2.0,2.4
2024-08-27,30,T12_N1P2K0,80.0,,51.6,0.0,3.0,,,,,,6.03,4050.0,320.5,56.5,2450.0,12.76,,6.85,96.0,155.0,31.5,220.0,0.823,,,3.0,4.0,8,6.47,16.1,26.4,43.0,56.6,28.9,46.9,1.0,1.0,5.0,Si,0.043,566.0,Tomatoes,Quindio,4.2,2.4,4.2,2.4
2024-08-27,33,T26_N2P2K1,79.0,,49.6,1.0,3.0,,,,,,6.02,3500.0,360.0,40.5,2250.0,10.69,,7.04,97.0,170.0,36.0,245.0,0.999,,,3.0,6.0,16,6.4,20.3,26.4,0.0,10.6,28.9,39.9,0.0,0.0,3.0,Si,0.0,106.0,Tomatoes,Quindio,6.4,2.4,6.4,2.4
2024-08-27,36,T16_N1P1K2,85.0,,49.1,5.0,4.0,,,,,,5.91,4000.0,150.5,50.5,3000.0,12.42,,7.19,31.33,140.0,9.5,77.0,0.254,,,3.0,8.0,6,6.43,24.0,26.4,0.0,51.3,28.8,45.8,1.0,1.0,5.0,Si,0.0,513.0,Tomatoes,Quindio,8.6,2.4,8.6,2.4
2024-08-27,37,T1_N0P0K0,84.0,,52.3,1.0,3.0,,,,,,6.09,3700.0,120.0,41.0,2200.0,11.29,,7.22,47.0,64.0,18.0,73.0,0.334,,,1.0,2.0,4,6.35,22.2,26.4,21.0,47.6,28.7,42.8,1.0,1.0,5.0,Si,0.021,476.0,Tomatoes,Quindio,8.6,3.6,8.6,3.6
2024-08-27,40,T14_N1P0K2,73.0,,51.3,0.0,6.0,,,,,,6.03,3700.0,230.0,43.0,3000.0,11.12,,6.3,21.0,77.5,4.5,87.5,0.295,,,10.0,14.0,29,6.52,23.3,26.4,149.0,49.4,28.6,46.7,1.0,1.0,5.0,Si,0.149,494.0,Tomatoes,Quindio,6.4,3.6,6.4,3.6
2024-08-27,43,T7_N0P1K2,68.0,,47.0,0.0,6.0,,,,,,5.83,4350.0,58.0,65.5,2250.0,14.47,,6.86,14.0,260.0,3.0,27.0,0.118,,,3.0,4.0,8,6.36,22.6,26.8,45.0,54.9,28.5,40.3,1.0,1.0,5.0,Si,0.045,549.0,Tomatoes,Quindio,4.2,3.6,4.2,3.6
2024-08-27,46,T3_N0P2K0,92.0,,45.1,1.0,6.0,,,,,,5.9,3750.0,48.5,37.5,2200.0,11.71,,6.89,5.0,44.5,3.0,22.5,0.083,,,0.0,1.0,2,6.37,18.4,27.2,9.0,42.7,28.5,46.7,1.0,1.0,5.0,Si,0.009,427.0,Tomatoes,Quindio,2.0,3.6,2.0,3.6
2024-08-27,51,T23_N2P0K2,82.0,,50.6,0.0,4.0,,,,,,6.11,3900.0,560.0,43.0,3600.0,11.86,,5.54,98.0,110.0,12.0,675.0,1.55,,,9.0,13.0,27,6.24,27.5,28.0,137.0,63.3,28.6,48.2,1.0,1.0,5.0,Si,0.137,633.0,Tomatoes,Quindio,2.0,4.8,2.0,4.8
2024-08-27,54,T21_N2P2K0,82.0,,47.1,1.0,5.0,,,,,,6.04,4000.0,205.0,46.0,3500.0,12.38,,6.49,26.5,120.0,7.5,145.0,0.274,,,14.0,20.0,40,6.31,24.6,27.6,207.0,56.6,28.6,49.3,1.0,1.0,5.0,Si,0.207,566.0,Tomatoes,Quindio,4.2,4.8,4.2,4.8
2024-08-27,57,T5_N0P0K2,82.5,,52.3,3.0,3.0,,,,,,6.12,3850.0,160.0,46.0,3000.0,12.91,,6.3,0.5,235.0,2.0,84.0,0.165,,,11.0,16.0,32,6.39,20.7,26.8,162.0,55.5,28.6,50.2,1.0,1.0,5.0,Si,0.162,555.0,Tomatoes,Quindio,6.4,4.8,6.4,4.8
2024-08-27,60,T30_BIO N2P2K2,83.0,,46.9,0.0,6.0,,,,,,5.86,3900.0,340.0,46.0,3300.0,12.72,,6.01,62.5,170.0,7.5,265.0,0.623,,,12.0,17.0,35,6.4,28.5,26.8,180.0,53.3,29.0,49.2,1.0,1.0,5.0,Si,0.18,533.0,Tomatoes,Quindio,8.6,4.8,8.6,4.8
2024-08-27,61,T20_N2P1K0,93.0,,55.1,4.0,6.0,,,,,,5.92,3850.0,32.0,41.0,2800.0,11.63,,6.88,0.5,110.0,0.5,10.5,0.017,,,1.0,2.0,5,6.35,22.0,26.8,23.0,55.4,29.5,50.4,1.0,1.0,5.0,Si,0.023,554.0,Tomatoes,Quindio,8.6,6.0,8.6,6.0
2024-08-27,64,T18_N1P2K2,83.0,,52.1,0.0,5.0,,,,,,5.95,3300.0,16.0,42.0,1800.0,11.06,,7.06,0.5,265.0,0.5,11.0,0.02,,,3.0,5.0,11,6.38,20.5,27.2,55.0,56.6,29.7,50.0,1.0,0.0,5.0,Si,0.055,566.0,Tomatoes,Quindio,6.4,6.0,6.4,6.0
2024-08-27,67,T29_BIO N1P1K1,91.0,,49.9,1.0,7.0,,,,,,6.01,3900.0,44.0,40.0,2600.0,11.62,,7.11,5.0,135.0,3.0,18.5,0.049,,,7.0,10.0,21,6.34,36.1,28.0,110.0,59.3,30.0,50.9,1.0,1.0,5.0,Si,0.11,593.0,Tomatoes,Quindio,4.2,6.0,4.2,6.0
2024-08-27,70,T25_N2P1K2,82.0,,52.0,2.0,3.0,,,,,,6.01,3800.0,130.0,45.0,3500.0,11.96,,7.14,140.0,120.0,53.0,275.0,0.871,,,20.0,28.0,56,6.34,33.1,28.4,288.0,63.8,30.3,52.7,1.0,1.0,5.0,Si,0.288,638.0,Tomatoes,Quindio,2.0,6.0,2.0,6.0
2024-08-27,75,T19_N2P0K0,83.0,,52.6,2.0,6.0,,,,,,6.03,3250.0,155.0,33.5,3000.0,10.74,,6.41,4.5,96.0,3.0,44.0,0.237,,,14.0,19.0,39,6.24,35.3,29.2,197.0,57.8,30.7,53.5,1.0,1.0,5.0,Si,0.197,578.0,Tomatoes,Quindio,2.0,7.2,2.0,7.2
2024-08-27,78,T2_N0P1K0,87.0,,51.7,1.0,5.0,,,,,,6.27,3700.0,82.66666666666667,36.5,3200.0,11.32,,6.66,0.5,335.0,0.5,27.0,0.116,,,38.0,53.0,107,6.42,31.0,29.6,539.0,58.5,31.1,53.0,1.0,1.0,5.0,Si,0.539,585.0,Tomatoes,Quindio,4.2,7.2,4.2,7.2
2024-08-27,81,T6_N0P1K1,92.0,,50.5,3.0,5.0,,,,,,6.02,3800.0,215.0,37.0,3500.0,11.53,,6.45,12.5,72.5,3.0,175.0,0.356,,,7.0,10.0,21,6.33,22.6,29.2,108.0,54.9,31.1,49.4,1.0,1.0,5.0,Si,0.108,549.0,Tomatoes,Quindio,6.4,7.2,6.4,7.2
2024-08-27,84,T17_N1P2K1,87.0,,48.4,0.0,4.0,,,,,,5.95,3600.0,280.0,37.0,2400.0,10.91,,6.57,110.0,150.0,18.0,315.0,0.877,,,14.0,19.0,39,6.55,20.6,28.4,199.0,62.0,30.6,48.1,1.0,1.0,5.0,Si,0.199,620.0,Tomatoes,Quindio,8.6,7.2,8.6,7.2
2024-08-27,85,T11_N1P1K0,84.0,,49.3,2.0,6.0,,,,,,6.04,4250.0,120.0,40.5,3550.0,13.14,,6.7,9.0,79.5,3.0,84.5,0.218,,,17.0,24.0,49,6.36,33.4,28.0,254.0,15.4,29.9,53.4,1.0,1.0,5.0,Si,0.254,154.0,Tomatoes,Quindio,8.6,8.4,8.6,8.4
2024-08-27,88,T8_N0P2K1,96.0,,50.8,2.0,6.0,,,,,,5.87,4100.0,100.0,38.0,2400.0,12.78,,6.72,12.5,140.0,4.5,125.0,282.0,,,4.0,6.0,12,6.28,22.2,27.6,65.0,27.1,29.5,54.6,1.0,1.0,5.0,Si,0.065,271.0,Tomatoes,Quindio,6.4,8.4,6.4,8.4
2024-08-27,91,T9_N0P2K2,,,,,,,,,,,,,,,,,,,,,,,,,,26.0,37.0,75,6.35,26.2,28.4,393.0,67.6,29.4,55.7,1.0,1.0,5.0,Si,0.393,676.0,Tomatoes,Quindio,4.2,8.4,4.2,8.4
2024-08-27,94,T13_N1P0K1,,,,,,,,,,,,,,,,,,,,,,,,,,19.0,27.0,55,6.39,32.1,30.0,282.0,73.1,29.5,57.2,1.0,1.0,5.0,Si,0.282,731.0,Tomatoes,Quindio,2.0,8.4,2.0,8.4
2024-08-27,99,T26_N2P2K1,,,,,,,,,,,,,,,,,,,,,,,,,,20.0,28.0,57,6.41,33.5,29.2,287.0,69.7,29.9,53.6,1.0,1.0,5.0,Si,0.287,697.0,Tomatoes,Quindio,2.0,9.6,2.0,9.6
2024-08-27,102,T16_N1P1K2,,,,,,,,,,,,,,,,,,,,,,,,,,13.0,19.0,39,6.32,31.5,28.8,196.0,69.7,30.0,54.9,1.0,1.0,5.0,Si,0.196,697.0,Tomatoes,Quindio,4.2,9.6,4.2,9.6
2024-08-27,105,T10_N1P0K0,,,,,,,,,,,,,,,,,,,,,,,,,,38.0,53.0,107,6.6,29.3,28.8,537.0,70.3,30.3,53.5,1.0,1.0,5.0,Si,0.537,703.0,Tomatoes,Quindio,6.4,9.6,6.4,9.6
2024-08-27,108,T22_N2P0K1,,,,,,,,,,,,,,,,,,,,,,,,,,10.0,14.0,29,6.38,24.3,28.8,149.0,68.4,30.4,51.9,1.0,1.0,5.0,Si,0.149,684.0,Tomatoes,Quindio,8.6,9.6,8.6,9.6
2024-08-27,109,T12_N1P2K0,,,,,,,,,,,,,,,,,,,,,,,,,,17.0,24.0,47,6.42,29.0,28.8,241.0,67.1,30.4,54.6,0.0,0.0,4.0,Si,0.241,671.0,Tomatoes,Quindio,8.6,10.8,8.6,10.8
2024-08-27,112,T28_BIO-N0P0K0,,,,,,,,,,,,,,,,,,,,,,,,,,13.0,19.0,38,6.37,18.8,28.8,193.0,66.6,30.4,51.1,1.0,1.0,5.0,Si,0.193,666.0,Tomatoes,Quindio,6.4,10.8,6.4,10.8
2024-08-27,115,T1_N0P0K0,,,,,,,,,,,,,,,,,,,,,,,,,,15.0,22.0,44,6.39,30.4,29.2,223.0,66.6,30.2,54.2,1.0,1.0,5.0,Si,0.223,666.0,Tomatoes,Quindio,4.2,10.8,4.2,10.8
2024-08-27,118,T14_N1P0K2,,,,,,,,,,,,,,,,,,,,,,,,,,37.0,53.0,106,6.52,28.7,29.2,532.0,66.4,30.4,53.6,1.0,1.0,5.0,Si,0.532,664.0,Tomatoes,Quindio,2.0,10.8,2.0,10.8
2024-08-27,123,T5_N0P0K2,,,,,,,,,,,,,,,,,,,,,,,,,,12.0,17.0,34,6.36,22.6,30.0,173.0,70.9,30.5,51.3,1.0,1.0,5.0,Si,0.173,709.0,Tomatoes,Quindio,2.0,12.0,2.0,12.0
2024-08-27,126,T30_BIO N2P2K2,,,,,,,,,,,,,,,,,,,,,,,,,,12.0,17.0,34,6.36,33.1,30.3,172.0,71.6,30.5,54.4,1.0,1.0,5.0,Si,0.172,716.0,Tomatoes,Quindio,4.2,12.0,4.2,12.0
2024-08-27,129,T3_N0P2K0,,,,,,,,,,,,,,,,,,,,,,,,,,19.0,27.0,55,6.33,26.6,29.2,279.0,70.2,30.8,55.5,1.0,1.0,5.0,Si,0.279,702.0,Tomatoes,Quindio,6.4,12.0,6.4,12.0
2024-08-27,132,T7_N0P1K2,,,,,,,,,,,,,,,,,,,,,,,,,,11.0,16.0,32,6.25,22.0,30.8,164.0,69.1,31.3,52.8,1.0,1.0,5.0,Si,0.164,691.0,Tomatoes,Quindio,8.6,12.0,8.6,12.0
2024-08-27,133,T21_N2P2K0,,,,,,,,,,,,,,,,,,,,,,,,,,11.0,16.0,32,6.32,24.9,29.2,166.0,69.3,31.6,49.0,1.0,1.0,5.0,Si,0.166,693.0,Tomatoes,Quindio,8.6,13.2,8.6,13.2
2024-08-27,136,T23_N2P0K2,,,,,,,,,,,,,,,,,,,,,,,,,,12.0,17.0,35,6.37,32.7,28.8,181.0,73.2,31.5,51.1,1.0,1.0,5.0,Si,0.181,732.0,Tomatoes,Quindio,6.4,13.2,6.4,13.2
2024-08-27,139,T20_N2P1K0,,,,,,,,,,,,,,,,,,,,,,,,,,11.0,16.0,33,6.34,27.7,29.2,168.0,72.2,31.3,48.7,1.0,1.0,5.0,Si,0.168,722.0,Tomatoes,Quindio,4.2,13.2,4.2,13.2
2024-08-27,142,T18_N1P2K2,,,,,,,,,,,,,,,,,,,,,,,,,,39.0,54.0,109,6.45,24.4,29.2,548.0,80.7,30.8,51.8,1.0,1.0,5.0,Si,0.548,807.0,Tomatoes,Quindio,2.0,13.2,2.0,13.2
2024-08-27,147,T6_N0P1K1,,,,,,,,,,,,,,,,,,,,,,,,,,21.0,30.0,61,6.55,26.8,29.2,309.0,73.2,30.2,56.0,1.0,1.0,5.0,Si,0.309,732.0,Tomatoes,Quindio,2.0,14.4,2.0,14.4
2024-08-27,150,T17_N1P2K1,,,,,,,,,,,,,,,,,,,,,,,,,,19.0,27.0,55,6.66,30.6,29.2,282.0,62.8,30.3,53.1,1.0,1.0,5.0,Si,0.282,628.0,Tomatoes,Quindio,4.2,14.4,4.2,14.4
2024-08-27,153,T25_N2P1K2,,,,,,,,,,,,,,,,,,,,,,,,,,17.0,24.0,48,6.32,34.3,28.8,242.0,65.6,30.3,52.0,1.0,1.0,5.0,Si,0.242,656.0,Tomatoes,Quindio,6.4,14.4,6.4,14.4
2024-08-27,156,T29_BIO N1P1K1,,,,,,,,,,,,,,,,,,,,,,,,,,16.0,23.0,47,6.34,25.6,28.4,236.0,68.6,30.2,44.9,0.0,0.0,2.0,Si,0.236,686.0,Tomatoes,Quindio,8.6,14.4,8.6,14.4
2024-08-27,157,T2_N0P1K0,,,,,,,,,,,,,,,,,,,,,,,,,,12.0,17.0,34,6.39,27.3,28.4,174.0,74.3,30.3,50.8,1.0,1.0,5.0,Si,0.174,743.0,Tomatoes,Quindio,8.6,15.6,8.6,15.6
2024-08-27,160,T19_N2P0K0,,,,,,,,,,,,,,,,,,,,,,,,,,16.0,22.0,44,6.35,29.7,29.6,228.0,76.4,30.1,48.3,1.0,1.0,5.0,Si,0.228,764.0,Tomatoes,Quindio,6.4,15.6,6.4,15.6
2024-08-27,163,T8_N0P2K1,,,,,,,,,,,,,,,,,,,,,,,,,,13.0,18.0,37,6.25,26.3,29.2,188.0,59.3,29.8,49.8,1.0,1.0,5.0,Si,0.188,593.0,Tomatoes,Quindio,4.2,15.6,4.2,15.6
2024-08-27,166,T15_N1P1K1,,,,,,,,,,,,,,,,,,,,,,,,,,17.0,24.0,48,6.3,32.9,28.4,242.0,78.4,29.7,52.5,1.0,1.0,5.0,Si,0.242,784.0,Tomatoes,Quindio,2.0,15.6,2.0,15.6
2024-08-27,171,T24_N2P1K1,,,,,,,,,,,,,,,,,,,,,,,,,,39.0,55.0,110,7.0,26.5,28.4,557.0,81.3,29.6,52.7,1.0,1.0,5.0,Si,0.557,813.0,Tomatoes,Quindio,2.0,16.8,2.0,16.8
2024-08-27,174,T11_N1P1K0,,,,,,,,,,,,,,,,,,,,,,,,,,16.0,22.0,44,6.28,28.5,30.0,224.0,63.1,29.8,52.4,1.0,1.0,5.0,Si,0.224,631.0,Tomatoes,Quindio,4.2,16.8,4.2,16.8
2024-08-27,177,T27_N2P2K2,,,,,,,,,,,,,,,,,,,,,,,,,,39.0,55.0,110,6.51,22.4,30.8,555.0,79.6,29.9,51.1,1.0,1.0,5.0,Si,0.555,796.0,Tomatoes,Quindio,6.4,16.8,6.4,16.8
2024-08-27,180,T4_N0P0K1,,,,,,,,,,,,,,,,,,,,,,,,,,16.0,23.0,46,6.4,32.6,30.4,234.0,80.7,30.0,52.4,1.0,1.0,5.0,Si,0.234,807.0,Tomatoes,Quindio,8.6,16.8,8.6,16.8
2024-09-04,3,T27_N2P2K2,,,,,,,,,,,,,,,,,,,,,,,,,,27.0,38.0,77,6.31,25.7,30.0,383.0,69.5,31.8,51.2,1.0,1.0,5.0,Si,0.383,695.0,Tomatoes,Quindio,2.0,0.0,2.0,0.0
2024-09-04,6,T24_N2P1K1,,,,,,,,,,,,,,,,,,,,,,,,,,20.0,28.0,56,6.33,24.8,30.0,282.0,43.1,32.1,47.6,0.0,0.0,1.0,Si,0.282,431.0,Tomatoes,Quindio,4.2,0.0,4.2,0.0
2024-09-04,9,T4_N0P0K1,,,,,,,,,,,,,,,,,,,,,,,,,,25.0,35.0,72,6.15,29.6,30.8,363.0,26.1,32.3,53.0,1.0,1.0,5.0,Si,0.363,261.0,Tomatoes,Quindio,6.4,0.0,6.4,0.0
2024-09-04,12,T15_N1P1K1,,,,,,,,,,,,,,,,,,,,,,,,,,18.0,25.0,50,6.4,29.4,30.0,254.0,89.5,31.9,54.2,1.0,1.0,5.0,Si,0.254,895.0,Tomatoes,Quindio,8.6,0.0,8.6,0.0
2024-09-04,13,T9_N0P2K2,,,,,,,,,,,,,,,,,,,,,,,,,,15.0,21.0,42,6.22,25.9,29.6,216.0,88.0,31.5,47.9,1.0,1.0,5.0,Si,0.216,880.0,Tomatoes,Quindio,8.6,1.2,8.6,1.2
2024-09-04,16,T13_N1P0K1,,,,,,,,,,,,,,,,,,,,,,,,,,18.0,25.0,51,6.44,15.6,30.8,256.0,86.0,31.3,49.1,1.0,1.0,5.0,Si,0.256,860.0,Tomatoes,Quindio,6.4,1.2,6.4,1.2
2024-09-04,19,T22_N2P0K1,,,,,,,,,,,,,,,,,,,,,,,,,,24.0,34.0,68,6.34,19.6,30.0,340.0,48.0,30.5,50.6,1.0,1.0,5.0,Si,0.34,480.0,Tomatoes,Quindio,4.2,1.2,4.2,1.2
2024-09-04,22,T10_N1P0K0,,,,,,,,,,,,,,,,,,,,,,,,,,19.0,27.0,54,6.29,28.3,30.0,273.0,90.0,31.4,53.2,1.0,1.0,5.0,Si,0.273,900.0,Tomatoes,Quindio,2.0,1.2,2.0,1.2
2024-09-04,27,T28_BIO-N0P0K0,,,,,,,,,,,,,,,,,,,,,,,,,,16.0,23.0,46,6.35,27.0,29.6,234.0,88.6,31.0,53.2,1.0,1.0,5.0,Si,0.234,886.0,Tomatoes,Quindio,2.0,2.4,2.0,2.4
2024-09-04,30,T12_N1P2K0,,,,,,,,,,,,,,,,,,,,,,,,,,13.0,19.0,39,6.33,26.0,30.4,196.0,37.4,30.5,53.9,1.0,1.0,5.0,Si,0.196,374.0,Tomatoes,Quindio,4.2,2.4,4.2,2.4
2024-09-04,33,T26_N2P2K1,,,,,,,,,,,,,,,,,,,,,,,,,,23.0,32.0,65,6.4,30.6,30.8,332.0,85.3,30.9,47.7,1.0,1.0,5.0,Si,0.332,853.0,Tomatoes,Quindio,6.4,2.4,6.4,2.4
2024-09-04,36,T16_N1P1K2,,,,,,,,,,,,,,,,,,,,,,,,,,19.0,27.0,54,6.28,30.5,29.6,277.0,67.1,31.6,50.4,1.0,1.0,5.0,Si,0.277,671.0,Tomatoes,Quindio,8.6,2.4,8.6,2.4
2024-09-04,37,T1_N0P0K0,,,,,,,,,,,,,,,,,,,,,,,,,,38.0,53.0,106,6.31,20.4,30.0,534.0,88.6,31.2,48.4,1.0,1.0,5.0,Si,0.534,886.0,Tomatoes,Quindio,8.6,3.6,8.6,3.6
2024-09-04,40,T14_N1P0K2,,,,,,,,,,,,,,,,,,,,,,,,,,40.0,56.0,113,6.52,23.8,29.2,567.0,73.1,31.0,52.4,1.0,1.0,5.0,Si,0.567,731.0,Tomatoes,Quindio,6.4,3.6,6.4,3.6
2024-09-04,43,T7_N0P1K2,,,,,,,,,,,,,,,,,,,,,,,,,,38.0,54.0,108,6.26,23.4,29.2,544.0,66.7,30.8,53.5,1.0,1.0,5.0,Si,0.544,667.0,Tomatoes,Quindio,4.2,3.6,4.2,3.6
2024-09-04,46,T3_N0P2K0,,,,,,,,,,,,,,,,,,,,,,,,,,21.0,29.0,59,6.28,23.2,29.6,301.0,84.3,30.1,56.7,1.0,1.0,5.0,Si,0.301,843.0,Tomatoes,Quindio,2.0,3.6,2.0,3.6
2024-09-04,51,T23_N2P0K2,,,,,,,,,,,,,,,,,,,,,,,,,,15.0,21.0,42,6.2,37.2,30.0,215.0,28.7,30.4,54.6,1.0,1.0,5.0,Si,0.215,287.0,Tomatoes,Quindio,2.0,4.8,2.0,4.8
2024-09-04,54,T21_N2P2K0,,,,,,,,,,,,,,,,,,,,,,,,,,23.0,32.0,64,6.34,21.4,29.2,327.0,46.7,30.6,53.2,1.0,1.0,5.0,Si,0.327,467.0,Tomatoes,Quindio,4.2,4.8,4.2,4.8
2024-09-04,57,T5_N0P0K2,,,,,,,,,,,,,,,,,,,,,,,,,,37.0,52.0,105,6.27,24.4,29.6,531.0,88.6,31.4,54.6,1.0,1.0,5.0,Si,0.531,886.0,Tomatoes,Quindio,6.4,4.8,6.4,4.8
2024-09-04,60,T30_BIO N2P2K2,,,,,,,,,,,,,,,,,,,,,,,,,,16.0,22.0,45,6.17,27.1,30.0,230.0,41.0,31.6,51.9,1.0,1.0,5.0,Si,0.23,410.0,Tomatoes,Quindio,8.6,4.8,8.6,4.8
2024-09-04,61,T20_N2P1K0,,,,,,,,,,,,,,,,,,,,,,,,,,39.0,55.0,110,6.37,20.2,28.0,554.0,36.5,29.3,56.6,1.0,1.0,5.0,Si,0.554,365.0,Tomatoes,Quindio,8.6,6.0,8.6,6.0
2024-09-04,64,T18_N1P2K2,,,,,,,,,,,,,,,,,,,,,,,,,,23.0,32.0,65,6.42,33.5,28.0,331.0,31.0,29.1,58.5,1.0,1.0,5.0,Si,0.331,310.0,Tomatoes,Quindio,6.4,6.0,6.4,6.0
2024-09-04,67,T29_BIO N1P1K1,,,,,,,,,,,,,,,,,,,,,,,,,,13.0,19.0,38,6.29,32.4,28.8,193.0,65.1,29.2,62.7,1.0,1.0,5.0,Si,0.193,651.0,Tomatoes,Quindio,4.2,6.0,4.2,6.0
2024-09-04,70,T25_N2P1K2,,,,,,,,,,,,,,,,,,,,,,,,,,27.0,39.0,78,6.42,30.5,29.6,396.0,82.8,29.8,54.0,1.0,1.0,5.0,Si,0.396,828.0,Tomatoes,Quindio,2.0,6.0,2.0,6.0
2024-09-04,75,T19_N2P0K0,,,,,,,,,,,,,,,,,,,,,,,,,,18.0,25.0,50,6.35,34.7,29.9,254.0,80.3,29.5,56.9,1.0,1.0,5.0,Si,0.254,803.0,Tomatoes,Quindio,2.0,7.2,2.0,7.2
2024-09-04,78,T2_N0P1K0,,,,,,,,,,,,,,,,,,,,,,,,,,15.0,21.0,44,6.38,33.0,28.8,224.0,73.2,29.0,58.2,1.0,1.0,5.0,Si,0.224,732.0,Tomatoes,Quindio,4.2,7.2,4.2,7.2
2024-09-04,81,T6_N0P1K1,,,,,,,,,,,,,,,,,,,,,,,,,,40.0,56.0,113,6.44,16.3,28.0,565.0,90.3,29.0,60.7,1.0,1.0,5.0,Si,0.565,903.0,Tomatoes,Quindio,6.4,7.2,6.4,7.2
2024-09-04,84,T17_N1P2K1,,,,,,,,,,,,,,,,,,,,,,,,,,12.0,18.0,36,6.39,32.7,28.0,183.0,69.5,29.4,57.2,1.0,1.0,5.0,Si,0.183,695.0,Tomatoes,Quindio,8.6,7.2,8.6,7.2
2024-09-04,85,T11_N1P1K0,,,,,,,,,,,,,,,,,,,,,,,,,,14.0,19.0,39,6.32,32.7,27.6,198.0,38.2,28.7,65.1,1.0,1.0,5.0,Si,0.198,382.0,Tomatoes,Quindio,8.6,8.4,8.6,8.4
2024-09-04,88,T8_N0P2K1,,,,,,,,,,,,,,,,,,,,,,,,,,18.0,26.0,52,6.33,31.3,27.2,268.0,84.1,27.7,62.7,1.0,1.0,5.0,Si,0.268,841.0,Tomatoes,Quindio,6.4,8.4,6.4,8.4
2024-09-04,91,T9_N0P2K2,120.0,,51.3,3.0,14.0,,,,,,5.7,3800.0,160.0,52.0,1900.0,11.67,,7.2,370.0,64.0,61.0,500.0,2.18,,,19.0,27.0,55,6.33,33.0,26.8,277.0,28.2,27.3,63.3,1.0,1.0,5.0,Si,0.277,282.0,Tomatoes,Quindio,4.2,8.4,4.2,8.4
2024-09-04,94,T13_N1P0K1,118.0,,50.8,7.0,8.0,,,,,,5.2,3500.0,160.0,42.0,2100.0,10.95,,6.4,20.0,49.0,3.0,78.0,0.311,,,22.0,31.0,62,6.24,31.3,27.2,312.0,28.4,27.5,58.3,1.0,1.0,5.0,Si,0.312,284.0,Tomatoes,Quindio,2.0,8.4,2.0,8.4
2024-09-04,99,T26_N2P2K1,125.0,,49.3,8.0,8.0,,,,,,5.8,3800.0,280.0,49.0,1600.0,12.93,,6.8,65.0,40.0,14.0,98.0,0.505,,,27.0,38.0,76,6.49,19.2,27.2,382.0,28.2,27.8,59.0,1.0,1.0,5.0,Si,0.382,282.0,Tomatoes,Quindio,2.0,9.6,2.0,9.6
2024-09-04,102,T16_N1P1K2,123.0,,49.6,5.0,11.0,,,,,,5.8,3200.0,67.0,35.0,2600.0,8.66,,6.2,110.0,140.0,15.0,190.0,1.184,,,22.0,31.0,62,6.43,22.8,26.4,313.0,84.4,27.1,61.6,1.0,1.0,5.0,Si,0.313,844.0,Tomatoes,Quindio,4.2,9.6,4.2,9.6
2024-09-04,105,T10_N1P0K0,112.0,,48.9,4.0,9.0,,,,,,5.7,3200.0,110.0,35.0,2600.0,9.95,,6.7,17.0,110.0,7.0,130.0,0.539,,,16.0,23.0,46,6.67,25.5,26.4,234.0,82.3,27.3,62.9,1.0,1.0,5.0,Si,0.234,823.0,Tomatoes,Quindio,6.4,9.6,6.4,9.6
2024-09-04,108,T22_N2P0K1,122.0,,52.4,8.0,5.0,,,,,,5.7,3500.0,360.0,43.0,2300.0,12.4,,6.3,26.0,28.0,2.0,65.0,0.35,,,15.0,21.0,42,6.43,22.0,27.6,212.0,54.8,28.2,60.3,1.0,1.0,5.0,Si,0.212,548.0,Tomatoes,Quindio,8.6,9.6,8.6,9.6
2024-09-04,109,T12_N1P2K0,114.0,,49.8,6.0,6.0,,,,,,5.7,3100.0,61.0,35.0,1700.0,9.46,,6.4,12.0,55.0,4.0,46.0,0.231,,,22.0,31.0,63,6.33,29.1,26.4,320.0,69.0,27.7,58.7,1.0,1.0,5.0,Si,0.32,690.0,Tomatoes,Quindio,8.6,10.8,8.6,10.8
2024-09-04,112,T28_BIO-N0P0K0,116.0,,53.1,6.0,9.0,,,,,,5.7,3300.0,110.0,32.0,2100.0,9.05,,6.8,11.0,26.0,3.0,23.0,0.149,,,38.0,53.0,107,6.35,29.0,27.2,537.0,34.5,27.8,60.0,1.0,1.0,5.0,Si,0.537,345.0,Tomatoes,Quindio,6.4,10.8,6.4,10.8
2024-09-04,115,T1_N0P0K0,134.0,,50.9,8.0,12.0,,,,,,5.7,3300.0,66.0,32.0,1900.0,10.21,,6.9,13.0,22.0,2.0,44.0,0.142,,,37.0,53.0,105,6.49,31.7,27.2,531.0,79.6,28.1,61.9,1.0,1.0,5.0,Si,0.531,796.0,Tomatoes,Quindio,4.2,10.8,4.2,10.8
2024-09-04,118,T14_N1P0K2,115.0,,51.4,2.0,8.0,,,,,,5.7,3200.0,170.0,36.0,2400.0,11.2,,6.4,14.0,13.0,2.0,36.0,0.12,,,26.0,36.0,73,6.41,28.3,27.6,373.0,36.2,28.0,57.8,1.0,1.0,5.0,Si,0.373,362.0,Tomatoes,Quindio,2.0,10.8,2.0,10.8
2024-09-04,123,T5_N0P0K2,113.0,,52.3,4.0,5.0,,,,,,5.7,3300.0,84.0,37.0,2100.0,9.67,,6.5,33.0,96.0,6.0,100.0,0.508,,,23.0,32.0,64,6.5,28.5,27.6,322.0,40.8,28.4,59.1,1.0,1.0,5.0,Si,0.322,408.0,Tomatoes,Quindio,2.0,12.0,2.0,12.0
2024-09-04,126,T30_BIO N2P2K2,132.0,,51.1,7.0,8.0,,,,,,5.7,3300.0,140.0,36.0,1100.0,10.29,,6.9,19.0,31.0,3.0,46.0,0.255,,,24.0,34.0,67,6.41,28.0,26.8,338.0,79.6,27.9,61.7,1.0,1.0,5.0,Si,0.338,796.0,Tomatoes,Quindio,4.2,12.0,4.2,12.0
2024-09-04,129,T3_N0P2K0,117.0,,49.8,4.0,10.0,,,,,,5.7,3200.0,140.0,36.0,1500.0,10.01,,6.3,5.0,15.0,2.0,22.0,0.094,,,17.0,25.0,50,6.39,33.7,26.8,252.0,26.9,27.8,61.2,1.0,1.0,5.0,Si,0.252,269.0,Tomatoes,Quindio,6.4,12.0,6.4,12.0
2024-09-04,132,T7_N0P1K2,90.0,,52.4,1.0,12.0,,,,,,5.6,3900.0,130.0,53.0,2700.0,11.47,,6.7,23.0,21.0,4.0,48.0,0.152,,,21.0,30.0,60,6.33,26.8,26.0,304.0,69.1,27.3,66.6,1.0,1.0,5.0,Si,0.304,691.0,Tomatoes,Quindio,8.6,12.0,8.6,12.0
2024-09-04,133,T21_N2P2K0,122.0,,45.8,5.0,10.0,,,,,,5.6,2900.0,120.0,39.0,2200.0,9.37,,6.6,29.0,58.0,5.0,83.0,0.484,,,16.0,22.0,46,6.44,28.9,25.6,230.0,73.9,26.6,63.3,1.0,1.0,5.0,Si,0.23,739.0,Tomatoes,Quindio,8.6,13.2,8.6,13.2
2024-09-04,136,T23_N2P0K2,104.0,,52.3,0.0,8.0,,,,,,5.6,3500.0,120.0,45.0,2200.0,10.34,,6.6,38.0,57.0,8.0,120.0,0.454,,,40.0,56.0,112,6.66,24.4,25.6,566.0,78.7,26.0,64.9,1.0,1.0,5.0,Si,0.566,787.0,Tomatoes,Quindio,6.4,13.2,6.4,13.2
2024-09-04,139,T20_N2P1K0,105.0,,58.1,7.0,10.0,,,,,,5.6,2900.0,270.0,31.0,1700.0,9.05,,6.9,73.0,49.0,18.0,140.0,0.595,,,38.0,53.0,106,6.26,28.9,25.2,535.0,40.7,25.7,66.8,1.0,1.0,5.0,Si,0.535,407.0,Tomatoes,Quindio,4.2,13.2,4.2,13.2
2024-09-04,142,T18_N1P2K2,113.0,,54.2,7.0,7.0,,,,,,5.8,2900.0,190.0,39.0,2300.0,1.97,,6.5,40.0,82.0,6.0,220.0,0.675,,,49.0,72.0,141,6.42,16.6,24.8,720.0,52.2,25.4,67.6,1.0,1.0,5.0,Si,0.72,522.0,Tomatoes,Quindio,2.0,13.2,2.0,13.2
2024-09-04,147,T6_N0P1K1,117.0,,53.9,5.0,7.0,,,,,,5.7,3500.0,240.0,36.0,2100.0,11.03,,6.0,21.0,34.0,3.0,66.0,0.244,,,49.0,70.0,142,6.49,24.5,24.8,715.0,28.7,25.3,65.8,1.0,1.0,5.0,Si,0.715,287.0,Tomatoes,Quindio,2.0,14.4,2.0,14.4
2024-09-04,150,T17_N1P2K1,124.0,,52.6,3.0,12.0,,,,,,5.6,3500.0,100.0,39.0,2300.0,9.54,,6.3,58.0,57.0,4.0,180.0,0.516,,,71.0,103.0,206,6.48,25.0,25.2,1032.0,24.7,25.6,66.0,1.0,1.0,5.0,Si,1.032,247.0,Tomatoes,Quindio,4.2,14.4,4.2,14.4
2024-09-04,153,T25_N2P1K2,119.0,,54.5,6.0,11.0,,,,,,5.6,3100.0,180.0,32.0,1500.0,8.96,,5.9,24.0,43.0,3.0,82.0,0.379,,,38.0,54.0,108,6.38,26.9,25.2,540.0,24.5,26.0,62.7,1.0,1.0,5.0,Si,0.54,245.0,Tomatoes,Quindio,6.4,14.4,6.4,14.4
2024-09-04,156,T29_BIO N1P1K1,127.0,,55.4,8.0,12.0,,,,,,5.6,3200.0,81.0,34.0,2600.0,9.45,,6.5,93.0,66.0,7.0,290.0,0.84,,,23.0,33.0,66,6.57,26.2,24.8,332.0,24.0,26.2,65.9,1.0,1.0,5.0,Si,0.332,240.0,Tomatoes,Quindio,8.6,14.4,8.6,14.4
2024-09-04,157,T2_N0P1K0,120.0,,54.1,6.0,9.0,,,,,,5.7,3000.0,110.0,36.0,2200.0,8.89,,6.9,17.0,58.0,5.0,65.0,0.305,,,14.0,20.0,40,6.76,30.7,24.8,205.0,33.6,26.2,65.2,1.0,1.0,5.0,Si,0.205,336.0,Tomatoes,Quindio,8.6,15.6,8.6,15.6
2024-09-04,160,T19_N2P0K0,119.0,,54.1,8.0,8.0,,,,,,5.7,3300.0,76.0,34.0,2400.0,9.37,,7.0,26.0,83.0,6.0,100.0,0.453,,,29.0,52.0,105,6.61,29.4,24.8,529.0,38.3,26.2,65.7,1.0,1.0,5.0,Si,0.529,383.0,Tomatoes,Quindio,6.4,15.6,6.4,15.6
2024-09-04,163,T8_N0P2K1,109.0,,51.5,4.0,15.0,,,,,,5.6,3600.0,250.0,46.0,2100.0,10.93,,6.4,39.0,66.0,10.0,210.0,0.54,,,39.0,54.0,109,6.41,24.3,24.4,548.0,38.2,26.0,63.3,1.0,1.0,5.0,Si,0.548,382.0,Tomatoes,Quindio,4.2,15.6,4.2,15.6
2024-09-04,166,T15_N1P1K1,110.0,,48.8,3.0,11.0,,,,,,5.6,3100.0,180.0,39.0,1800.0,9.65,,6.8,13.0,56.0,5.0,62.0,0.219,,,10.0,14.0,29,6.24,31.1,23.6,152.0,73.1,25.4,65.5,1.0,1.0,5.0,Si,0.152,731.0,Tomatoes,Quindio,2.0,15.6,2.0,15.6
2024-09-04,171,T24_N2P1K1,118.0,,51.1,7.0,12.0,,,,,,5.6,3300.0,310.0,37.0,2400.0,11.37,,6.5,59.0,100.0,11.0,210.0,0.741,,,41.0,58.0,116,6.32,29.4,23.6,582.0,68.7,24.8,72.4,1.0,1.0,5.0,Si,0.582,687.0,Tomatoes,Quindio,2.0,16.8,2.0,16.8
2024-09-04,174,T11_N1P1K0,109.0,,46.7,4.0,16.0,,,,,,5.7,3500.0,330.0,41.0,2200.0,10.81,,6.5,18.0,38.0,3.0,46.0,0.244,,,24.0,34.0,68,6.53,34.5,23.6,348.0,63.4,24.1,72.1,1.0,1.0,5.0,Si,0.348,634.0,Tomatoes,Quindio,4.2,16.8,4.2,16.8
2024-09-04,177,T27_N2P2K2,113.0,,55.8,5.0,7.0,,,,,,5.7,3100.0,330.0,39.0,2500.0,9.79,,6.6,44.0,97.0,5.0,170.0,0.471,,,29.0,52.0,81,6.33,30.8,24.0,529.0,25.9,23.6,75.3,1.0,1.0,5.0,Si,0.529,259.0,Tomatoes,Quindio,6.4,16.8,6.4,16.8
2024-09-04,180,T4_N0P0K1,102.0,,51.4,8.0,7.0,,,,,,5.8,3600.0,130.0,39.0,2000.0,10.38,,6.4,69.0,70.0,6.0,150.0,0.679,,,14.0,20.0,42,6.49,31.9,25.6,219.0,24.4,23.6,74.8,1.0,1.0,5.0,Si,0.219,244.0,Tomatoes,Quindio,8.6,16.8,8.6,16.8
2024-09-11,1,T27_N2P2K2,151.0,,51.4,17.0,13.0,,,,,,5.6,3100.0,160.0,51.0,700.0,11.01,,5.9,8.0,25.0,3.0,18.0,0.128,,,69.0,95.0,193,6.26,18.4,30.0,959.0,25.7,30.4,52.1,1.0,1.0,5.0,Si,0.959,257.0,Tomatoes,Quindio,1.0,0.0,1.0,0.0
2024-09-11,4,T24_N2P1K1,135.0,,54.8,13.0,6.0,,,,,,5.5,3100.0,59.0,43.0,740.0,9.59,,5.9,11.0,40.0,3.0,41.0,0.137,,,0.0,0.0,0,7.63,15.8,26.0,0.0,45.1,27.6,62.5,1.0,1.0,5.0,Si,0.0,451.0,Tomatoes,Quindio,3.2,0.0,3.2,0.0
2024-09-11,7,T4_N0P0K1,90.0,,53.9,5.0,9.0,,,,,,5.5,3800.0,190.0,55.0,1400.0,12.88,,6.2,16.0,49.0,6.0,70.0,0.225,,,0.0,0.0,0,7.56,21.1,27.6,0.0,48.8,27.5,58.2,1.0,1.0,5.0,Si,0.0,488.0,Tomatoes,Quindio,5.4,0.0,5.4,0.0
2024-09-11,10,T15_N1P1K1,126.0,,49.3,12.0,12.0,,,,,,5.6,3800.0,160.0,51.0,950.0,10.7,,6.6,19.0,31.0,5.0,39.0,0.15,,,0.0,0.0,0,6.55,13.8,28.4,0.0,38.9,29.3,59.1,1.0,1.0,5.0,Si,0.0,389.0,Tomatoes,Quindio,7.6,0.0,7.6,0.0
2024-09-11,12,T15_N1P1K1,,,,,,,,,,,,,,,,,,,,,,,,,,0.0,0.0,0,6.55,15.1,28.4,0.0,51.0,29.9,52.7,1.0,1.0,5.0,Si,0.0,510.0,Tomatoes,Quindio,8.6,0.0,8.6,0.0
2024-09-11,15,T9_N0P2K2,152.0,,57.5,11.0,9.0,,,,,,5.5,3200.0,310.0,47.0,1100.0,11.1,,6.7,120.0,110.0,24.0,180.0,0.825,,,0.0,0.0,1,6.87,18.2,27.6,6.0,46.7,28.7,61.3,1.0,1.0,5.0,Si,0.006,467.0,Tomatoes,Quindio,7.6,1.2,7.6,1.2
2024-09-11,18,T13_N1P0K1,128.0,,56.4,5.0,8.0,,,,,,5.4,3500.0,94.0,49.0,1800.0,11.24,,6.6,18.0,38.0,10.0,19.0,0.0193,,,0.0,0.0,0,7.48,16.9,27.6,0.0,52.8,28.1,66.4,1.0,1.0,5.0,Si,0.0,528.0,Tomatoes,Quindio,5.4,1.2,5.4,1.2
2024-09-11,21,T22_N2P0K1,129.0,,58.1,9.0,13.0,,,,,,5.5,2900.0,150.0,41.0,740.0,9.86,,6.7,17.0,58.0,4.0,30.0,0.242,,,0.0,0.0,0,7.63,14.7,26.0,0.0,25.8,27.7,58.5,1.0,1.0,5.0,Si,0.0,258.0,Tomatoes,Quindio,3.2,1.2,3.2,1.2
2024-09-11,24,T10_N1P0K0,153.0,,56.8,8.0,7.0,,,,,,5.7,2600.0,130.0,30.0,750.0,8.84,,6.2,8.0,120.0,9.0,23.0,0.401,,,0.0,0.0,0,7.61,16.9,26.0,0.0,19.2,27.8,60.5,1.0,1.0,5.0,Si,0.0,192.0,Tomatoes,Quindio,1.0,1.2,1.0,1.2
2024-09-11,25,T28_BIO-N0P0K0,147.0,,55.8,9.0,14.0,,,,,,5.7,1700.0,200.0,21.0,550.0,6.11,,6.6,6.0,36.0,3.0,16.0,0.112,,,0.0,0.0,0,6.52,18.2,29.2,0.0,61.7,29.9,53.1,1.0,1.0,5.0,Si,0.0,617.0,Tomatoes,Quindio,1.0,2.4,1.0,2.4
2024-09-11,28,T12_N1P2K0,150.0,,56.6,12.0,16.0,,,,,,5.6,2700.0,400.0,43.0,310.0,10.05,,6.9,47.0,150.0,14.0,51.0,0.771,,,1.0,1.0,3,6.59,14.3,29.6,17.0,59.8,29.9,53.1,1.0,1.0,5.0,Si,0.017,598.0,Tomatoes,Quindio,3.2,2.4,3.2,2.4
2024-09-11,31,T26_N2P2K1,35.0,,54.5,9.0,9.0,,,,,,5.6,3700.0,130.0,52.0,2000.0,12.46,,6.6,22.0,130.0,5.0,31.0,0.558,,,0.0,0.0,1,6.42,15.9,28.0,6.0,56.9,29.6,55.1,1.0,1.0,5.0,Si,0.006,569.0,Tomatoes,Quindio,5.4,2.4,5.4,2.4
2024-09-11,34,T16_N1P1K2,129.0,,57.8,5.0,8.0,,,,,,5.6,2900.0,170.0,43.0,1300.0,10.44,,7.1,33.0,42.0,4.0,34.0,0.288,,,0.0,0.0,0,6.5,14.5,28.0,0.0,42.2,29.6,54.4,1.0,1.0,5.0,Si,0.0,422.0,Tomatoes,Quindio,7.6,2.4,7.6,2.4
2024-09-11,39,T1_N0P0K0,147.0,,59.6,5.0,10.0,,,,,,5.6,3200.0,99.0,43.0,1500.0,10.31,,6.5,29.0,40.0,7.0,48.0,0.324,,,0.0,0.0,0,7.62,17.0,28.4,0.0,45.5,29.7,55.8,1.0,1.0,5.0,Si,0.0,455.0,Tomatoes,Quindio,7.6,3.6,7.6,3.6
2024-09-11,42,T14_N1P0K2,143.0,,57.4,11.0,11.0,,,,,,5.6,3600.0,87.0,52.0,950.0,10.44,,6.8,120.0,146.0,19.0,200.0,0.97,,,0.0,0.0,1,6.45,19.7,29.6,7.0,57.9,29.6,55.6,1.0,1.0,5.0,Si,0.007,579.0,Tomatoes,Quindio,5.4,3.6,5.4,3.6
2024-09-11,44,T7_N0P1K2,,,,,,,,,,,,,,,,,,,,,,,,,,1.0,2.0,5,6.28,21.6,28.4,26.0,15.2,29.1,52.8,1.0,1.0,5.0,Si,0.026,152.0,Tomatoes,Quindio,3.7,3.6,3.7,3.6
2024-09-11,45,T7_N0P1K2,150.0,,53.3,14.0,7.0,,,,,,5.4,3500.0,310.0,53.0,620.0,11.61,,6.0,270.0,210.0,29.0,440.0,2.2,,,0.0,0.0,1,6.59,14.1,30.0,6.0,65.6,29.8,55.0,1.0,1.0,5.0,Si,0.006,656.0,Tomatoes,Quindio,3.2,3.6,3.2,3.6
2024-09-11,48,T3_N0P2K0,127.0,,49.5,8.0,20.0,,,,,,5.6,2800.0,110.0,34.0,1000.0,10.22,,5.5,10.0,52.0,5.0,20.0,0.243,,,0.0,0.0,0,6.54,19.3,29.2,0.0,50.0,29.8,52.9,1.0,1.0,5.0,Si,0.0,500.0,Tomatoes,Quindio,1.0,3.6,1.0,3.6
2024-09-11,49,T23_N2P0K2,145.0,,54.7,13.0,8.0,,,,,,5.7,2600.0,200.0,38.0,1000.0,9.31,,5.8,27.0,68.0,5.0,28.0,0.381,,,2.0,3.0,7,7.62,20.4,28.8,38.0,52.2,29.9,50.4,1.0,1.0,5.0,Si,0.038,522.0,Tomatoes,Quindio,1.0,4.8,1.0,4.8
2024-09-11,52,T21_N2P2K0,147.0,,56.0,10.0,14.0,,,,,,5.5,3200.0,160.0,45.0,790.0,10.29,,5.4,26.0,130.0,5.0,42.0,0.592,,,0.0,0.0,1,7.63,16.8,28.4,7.0,56.0,30.0,51.4,1.0,1.0,5.0,Si,0.007,560.0,Tomatoes,Quindio,3.2,4.8,3.2,4.8
2024-09-11,54,T21_N2P2K0,,,,,,,,,,,,,,,,,,,,,,,,,,2.0,3.0,6,7.71,18.5,28.4,33.0,55.4,30.5,54.8,1.0,1.0,5.0,Si,0.033,554.0,Tomatoes,Quindio,4.2,4.8,4.2,4.8
2024-09-11,55,T5_N0P0K2,147.0,,56.8,10.0,6.0,,,,,,5.6,3000.0,87.0,36.0,1400.0,10.02,,5.9,13.0,84.0,15.0,30.0,0.378,,,3.0,4.0,8,7.64,14.8,28.8,43.0,76.6,29.7,58.9,1.0,1.0,5.0,Si,0.043,766.0,Tomatoes,Quindio,5.4,4.8,5.4,4.8
2024-09-11,57,T5_N0P0K2,,,,,,,,,,,,,,,,,,,,,,,,,,0.0,0.0,0,6.34,17.3,29.6,0.0,25.7,31.6,52.8,1.0,1.0,5.0,Si,0.0,257.0,Tomatoes,Quindio,6.4,4.8,6.4,4.8
2024-09-11,58,T30_BIO N2P2K2,132.0,,56.1,4.0,8.0,,,,,,5.5,3500.0,97.0,49.0,1300.0,10.93,,5.7,20.0,41.0,6.0,34.0,0.258,,,0.0,0.0,0,7.62,21.2,29.2,0.0,49.5,31.4,53.2,1.0,1.0,5.0,Si,0.0,495.0,Tomatoes,Quindio,7.6,4.8,7.6,4.8
2024-09-11,63,T20_N2P1K0,157.0,,52.6,13.0,6.0,,,,,,5.4,3300.0,79.0,39.0,1500.0,10.14,,6.5,23.0,28.0,8.0,3.0,0.212,,,0.0,0.0,0,7.53,23.3,29.2,6.0,61.5,30.6,54.9,1.0,1.0,5.0,Si,0.006,615.0,Tomatoes,Quindio,7.6,6.0,7.6,6.0
2024-09-11,66,T18_N1P2K2,145.0,,58.1,6.0,8.0,,,,,,5.6,3500.0,160.0,52.0,1600.0,11.16,,6.5,13.0,29.0,4.0,20.0,0.168,,,0.0,0.0,0,6.24,24.2,29.6,0.0,76.9,30.1,55.5,1.0,1.0,5.0,Si,0.0,769.0,Tomatoes,Quindio,5.4,6.0,5.4,6.0
2024-09-11,69,T29_BIO N1P1K1,156.0,,55.1,17.0,9.0,,,,,,5.5,3900.0,240.0,71.0,1800.0,13.43,,6.3,4.0,22.0,4.0,14.0,0.106,,,0.0,0.0,1,7.62,22.0,28.0,6.0,56.1,30.0,56.8,1.0,1.0,5.0,Si,0.006,561.0,Tomatoes,Quindio,3.2,6.0,3.2,6.0
2024-09-11,72,T25_N2P1K2,119.0,,58.3,10.0,10.0,,,,,,5.5,3300.0,190.0,49.0,1100.0,11.31,,6.2,26.0,160.0,7.0,49.0,0.721,,,0.0,0.0,0,6.46,19.5,29.2,0.0,38.7,29.8,54.1,1.0,1.0,5.0,Si,0.0,387.0,Tomatoes,Quindio,1.0,6.0,1.0,6.0
2024-09-11,73,T19_N2P0K0,127.0,,56.4,14.0,13.0,,,,,,5.5,2900.0,77.0,35.0,1600.0,9.4,,6.3,15.0,100.0,4.0,39.0,0.405,,,1.0,2.0,4,6.39,22.7,27.6,20.0,86.4,28.7,55.4,1.0,1.0,5.0,Si,0.02,864.0,Tomatoes,Quindio,1.0,7.2,1.0,7.2
2024-09-11,76,T2_N0P1K0,139.0,,60.7,15.0,6.0,,,,,,5.3,2600.0,59.0,30.0,1000.0,8.66,,6.4,4.0,30.0,3.0,18.0,0.115,,,0.0,1.0,2,6.77,24.3,28.8,11.0,15.9,29.8,49.6,1.0,1.0,5.0,Si,0.011,159.0,Tomatoes,Quindio,3.2,7.2,3.2,7.2
2024-09-11,79,T6_N0P1K1,139.0,,59.1,7.0,4.0,,,,,,5.4,2900.0,66.0,35.0,1500.0,9.94,,6.4,13.0,25.0,4.0,26.0,0.163,,,0.0,0.0,0,7.45,21.6,29.2,0.0,17.6,30.7,50.9,1.0,1.0,5.0,Si,0.0,176.0,Tomatoes,Quindio,5.4,7.2,5.4,7.2
2024-09-11,82,T17_N1P2K1,141.0,,57.6,14.0,7.0,,,,,,5.3,3300.0,27.0,36.0,1200.0,10.25,,6.4,120.0,180.0,23.0,260.0,1.092,,,0.0,0.0,0,6.23,17.4,29.6,0.0,26.1,31.4,49.5,1.0,1.0,5.0,Si,0.0,261.0,Tomatoes,Quindio,7.6,7.2,7.6,7.2
2024-09-11,87,T11_N1P1K0,149.0,,53.2,9.0,12.0,,,,,,5.5,2900.0,200.0,37.0,880.0,9.62,,6.3,16.0,54.0,7.0,41.0,0.288,,,,,,,,,,,,,,,,,,,Tomate ,Quindío,7.6,8.4,7.6,8.4
2024-09-11,90,T8_N0P2K1,145.0,,50.3,10.0,10.0,,,,,,5.4,3200.0,90.0,35.0,610.0,9.88,,6.8,9.0,34.0,5.0,30.0,0.152,,,0.0,0.0,0,6.82,19.6,29.2,0.0,15.4,30.4,52.9,1.0,1.0,5.0,Si,0.0,154.0,Tomatoes,Quindio,5.4,8.4,5.4,8.4
2024-09-11,93,T9_N0P2K2,,,,,,,,,,,,,,,,,,,,,,,,,,0.0,0.0,0,6.49,20.2,28.0,0.0,17.6,29.5,53.8,1.0,1.0,5.0,Si,0.0,176.0,Tomatoes,Quindio,3.2,8.4,3.2,8.4
2024-09-11,96,T13_N1P0K1,,,,,,,,,,,,,,,,,,,,,,,,,,0.0,0.0,1,6.38,20.5,27.6,8.0,16.5,28.9,53.6,1.0,1.0,5.0,Si,0.008,165.0,Tomatoes,Quindio,1.0,8.4,1.0,8.4
2024-09-11,97,T26_N2P2K1,,,,,,,,,,,,,,,,,,,,,,,,,,0.0,1.0,2,6.33,23.4,28.4,11.0,74.6,28.8,53.0,1.0,1.0,5.0,Si,0.011,746.0,Tomatoes,Quindio,1.0,9.6,1.0,9.6
2024-09-11,100,T16_N1P1K2,,,,,,,,,,,,,,,,,,,,,,,,,,0.0,0.0,1,6.44,22.6,28.4,6.0,89.5,29.6,55.3,1.0,1.0,5.0,Si,0.006,895.0,Tomatoes,Quindio,3.2,9.6,3.2,9.6
2024-09-11,103,T10_N1P0K0,,,,,,,,,,,,,,,,,,,,,,,,,,0.0,0.0,1,7.54,22.3,28.8,8.0,28.3,29.7,53.8,1.0,1.0,5.0,Si,0.008,283.0,Tomatoes,Quindio,5.4,9.6,5.4,9.6
2024-09-11,106,T22_N2P0K1,,,,,,,,,,,,,,,,,,,,,,,,,,0.0,0.0,0,6.41,19.1,29.2,0.0,26.9,30.5,53.1,1.0,1.0,5.0,Si,0.0,269.0,Tomatoes,Quindio,7.6,9.6,7.6,9.6
2024-09-11,111,T12_N1P2K0,,,,,,,,,,,,,,,,,,,,,,,,,,0.0,0.0,1,6.43,22.0,30.0,7.0,84.3,30.0,58.3,1.0,1.0,5.0,Si,0.007,843.0,Tomatoes,Quindio,7.6,10.8,7.6,10.8
2024-09-11,114,T28_BIO-N0P0K0,,,,,,,,,,,,,,,,,,,,,,,,,,0.0,0.0,1,6.5,20.6,28.8,7.0,49.4,29.5,58.6,1.0,1.0,5.0,Si,0.007,494.0,Tomatoes,Quindio,5.4,10.8,5.4,10.8
2024-09-11,117,T1_N0P0K0,,,,,,,,,,,,,,,,,,,,,,,,,,0.0,0.0,1,6.45,20.1,28.8,8.0,88.8,29.9,51.6,1.0,1.0,5.0,Si,0.008,888.0,Tomatoes,Quindio,3.2,10.8,3.2,10.8
2024-09-11,120,T14_N1P0K2,,,,,,,,,,,,,,,,,,,,,,,,,,1.0,2.0,5,6.38,24.2,28.8,25.0,48.9,29.1,58.7,1.0,1.0,5.0,Si,0.025,489.0,Tomatoes,Quindio,1.0,10.8,1.0,10.8
2024-09-11,121,T5_N0P0K2,,,,,,,,,,,,,,,,,,,,,,,,,,522.0,644.0,1214,6.3,36.9,27.6,6441.0,24.6,29.0,52.5,1.0,1.0,5.0,Si,6.441,246.0,Tomatoes,Quindio,1.0,12.0,1.0,12.0
2024-09-11,124,T30_BIO N2P2K2,,,,,,,,,,,,,,,,,,,,,,,,,,4.0,6.0,13,6.46,17.9,28.0,67.0,24.5,29.6,52.1,1.0,1.0,5.0,Si,0.067,245.0,Tomatoes,Quindio,3.2,12.0,3.2,12.0
2024-09-11,127,T3_N0P2K0,,,,,,,,,,,,,,,,,,,,,,,,,,40.0,56.0,112,6.43,23.5,28.4,565.0,25.2,30.0,54.3,1.0,1.0,5.0,Si,0.565,252.0,Tomatoes,Quindio,5.4,12.0,5.4,12.0
2024-09-11,130,T7_N0P1K2,,,,,,,,,,,,,,,,,,,,,,,,,,0.0,0.0,1,6.47,26.5,28.4,6.0,25.7,30.4,52.5,1.0,1.0,5.0,Si,0.006,257.0,Tomatoes,Quindio,7.6,12.0,7.6,12.0
2024-09-11,135,T21_N2P2K0,,,,,,,,,,,,,,,,,,,,,,,,,,0.0,0.0,1,6.41,19.2,28.8,8.0,89.7,30.2,53.6,1.0,1.0,5.0,Si,0.008,897.0,Tomatoes,Quindio,7.6,13.2,7.6,13.2
2024-09-11,138,T23_N2P0K2,,,,,,,,,,,,,,,,,,,,,,,,,,0.0,0.0,1,6.65,19.4,28.8,8.0,25.9,30.3,51.3,1.0,1.0,5.0,Si,0.008,259.0,Tomatoes,Quindio,5.4,13.2,5.4,13.2
2024-09-11,141,T20_N2P1K0,,,,,,,,,,,,,,,,,,,,,,,,,,1.0,2.0,5,6.45,16.3,27.6,27.0,27.0,29.4,52.4,1.0,1.0,5.0,Si,0.027,270.0,Tomatoes,Quindio,3.2,13.2,3.2,13.2
2024-09-11,145,T6_N0P1K1,,,,,,,,,,,,,,,,,,,,,,,,,,272.0,373.0,693,9.0,29.6,27.2,3663.0,28.2,28.7,52.9,1.0,1.0,5.0,Si,3.663,282.0,Tomatoes,Quindio,1.0,14.4,1.0,14.4
2024-09-11,148,T17_N1P2K1,,,,,,,,,,,,,,,,,,,,,,,,,,39.0,55.0,111,6.26,17.6,27.2,554.0,28.9,28.5,56.1,1.0,1.0,5.0,Si,0.554,289.0,Tomatoes,Quindio,3.2,14.4,3.2,14.4
2024-09-11,151,T25_N2P1K2,,,,,,,,,,,,,,,,,,,,,,,,,,14.0,20.0,41,6.2,16.8,27.1,205.0,24.3,28.1,57.5,1.0,1.0,5.0,Si,0.205,243.0,Tomatoes,Quindio,5.4,14.4,5.4,14.4
2024-09-11,154,T29_BIO N1P1K1,,,,,,,,,,,,,,,,,,,,,,,,,,7.0,10.0,20,6.2,24.7,28.0,101.0,30.4,28.3,58.7,1.0,1.0,5.0,Si,0.101,304.0,Tomatoes,Quindio,7.6,14.4,7.6,14.4
2024-09-11,159,T2_N0P1K0,,,,,,,,,,,,,,,,,,,,,,,,,,37.0,53.0,106,6.23,15.6,28.8,531.0,84.7,28.2,61.4,1.0,1.0,5.0,Si,0.531,847.0,Tomatoes,Quindio,7.6,15.6,7.6,15.6
2024-09-11,162,T19_N2P0K0,,,,,,,,,,,,,,,,,,,,,,,,,,9.0,13.0,27,6.26,21.4,29.2,135.0,34.3,27.9,62.0,1.0,1.0,5.0,Si,0.135,343.0,Tomatoes,Quindio,5.4,15.6,5.4,15.6
2024-09-11,165,T8_N0P2K1,,,,,,,,,,,,,,,,,,,,,,,,,,161.0,228.0,451,6.33,20.4,27.2,2224.0,26.1,28.5,56.5,1.0,1.0,5.0,Si,2.224,261.0,Tomatoes,Quindio,3.2,15.6,3.2,15.6
2024-09-11,168,T15_N1P1K1,,,,,,,,,,,,,,,,,,,,,,,,,,28.0,39.0,79,6.19,14.8,27.2,390.0,17.6,28.5,55.2,1.0,1.0,5.0,Si,0.39,176.0,Tomatoes,Quindio,1.0,15.6,1.0,15.6
2024-09-11,169,T24_N2P1K1,,,,,,,,,,,,,,,,,,,,,,,,,,8.0,11.0,22,6.05,10.7,28.8,112.0,27.6,29.2,52.9,1.0,1.0,5.0,Si,0.112,276.0,Tomatoes,Quindio,1.0,16.8,1.0,16.8
2024-09-11,171,T24_N2P1K1,,,,,,,,,,,,,,,,,,,,,,,,,,18.0,26.0,52,6.35,12.7,28.4,256.0,27.3,29.5,51.4,1.0,1.0,5.0,Si,0.256,273.0,Tomatoes,Quindio,2.0,16.8,2.0,16.8
2024-09-11,172,T11_N1P1K0,,,,,,,,,,,,,,,,,,,,,,,,,,140.0,198.0,397,6.4,23.0,28.4,2035.0,30.4,29.7,52.6,1.0,1.0,5.0,Si,2.035,304.0,Tomatoes,Quindio,3.2,16.8,3.2,16.8
2024-09-11,175,T27_N2P2K2,,,,,,,,,,,,,,,,,,,,,,,,,,14.0,20.0,41,6.36,16.9,28.4,207.0,82.9,30.0,54.0,1.0,1.0,5.0,Si,0.207,829.0,Tomatoes,Quindio,5.4,16.8,5.4,16.8
2024-09-11,178,T4_N0P0K1,,,,,,,,,,,,,,,,,,,,,,,,,,41.0,57.0,115,6.47,19.2,29.6,576.0,69.1,30.4,50.2,1.0,1.0,5.0,Si,0.576,691.0,Tomatoes,Quindio,7.6,16.8,7.6,16.8
2024-09-17,12,T15_N1P1K1,173.0,,55.2,18.0,7.0,,,,,,5.2,3400.0,430.0,71.0,1800.0,14.52,,6.6,10.0,42.0,3.0,31.0,0.182,,,,,,,,,,,,,,,,,,,Tomate ,Quindío,8.6,0.0,8.6,0.0
2024-09-17,54,T21_N2P2K0,172.0,,58.8,5.0,9.0,,,,,,5.3,3100.0,490.0,58.0,1300.0,12.8,,7.0,18.0,54.0,7.0,20.0,0.276,,,,,,,,,,,,,,,,,,,Tomate ,Quindío,4.2,4.8,4.2,4.8
2024-09-17,93,T9_N0P2K2,168.0,,63.4,13.0,8.0,,,,,,5.5,3100.0,330.0,58.0,2100.0,12.08,,6.5,19.0,22.0,3.0,13.0,0.231,,,,,,,,,,,,,,,,,,,Tomate ,Quindío,3.2,8.4,3.2,8.4
2024-09-17,96,T13_N1P0K1,174.0,,66.4,15.0,7.0,,,,,,5.6,2800.0,99.0,38.0,2800.0,9.51,,6.4,6.0,8.0,2.0,7.0,0.064,,,,,,,,,,,,,,,,,,,Tomate ,Quindío,1.0,8.4,1.0,8.4
2024-09-17,97,T26_N2P2K1,172.0,,58.9,13.0,11.0,,,,,,5.6,3100.0,220.0,47.0,1600.0,10.91,,6.8,4.0,9.0,0.5,8.0,0.055,,,,,,,,,,,,,,,,,,,Tomate ,Quindío,1.0,9.6,1.0,9.6
2024-09-17,100,T16_N1P1K2,168.0,,55.5,16.0,18.0,,,,,,5.6,3000.0,320.0,43.0,2000.0,10.94,,7.0,31.0,21.0,7.0,33.0,0.238,,,,,,,,,,,,,,,,,,,Tomate ,Quindío,3.2,9.6,3.2,9.6
2024-09-17,103,T10_N1P0K0,158.0,,58.0,10.0,9.0,,,,,,5.5,2800.0,230.0,48.0,2800.0,10.46,,5.8,9.0,67.0,5.0,17.0,0.322,,,,,,,,,,,,,,,,,,,Tomate ,Quindío,5.4,9.6,5.4,9.6
2024-09-17,106,T22_N2P0K1,162.0,,62.9,19.0,14.0,,,,,,5.6,2600.0,260.0,43.0,810.0,10.39,,6.9,12.0,14.0,3.0,17.0,0.113,,,,,,,,,,,,,,,,,,,Tomate ,Quindío,7.6,9.6,7.6,9.6
2024-09-17,111,T12_N1P2K0,181.0,,65.4,21.0,12.0,,,,,,5.7,2700.0,330.0,44.0,1700.0,10.36,,6.4,15.0,33.0,3.0,29.0,0.205,,,,,,,,,,,,,,,,,,,Tomate ,Quindío,7.6,10.8,7.6,10.8
2024-09-17,114,T28_BIO-N0P0K0,179.0,,54.4,16.0,16.0,,,,,,5.6,2800.0,270.0,45.0,1900.0,9.98,,6.4,31.0,150.0,5.0,110.0,0.713,,,,,,,,,,,,,,,,,,,Tomate ,Quindío,5.4,10.8,5.4,10.8
2024-09-17,117,T1_N0P0K0,183.0,,56.6,17.0,10.0,,,,,,5.5,3300.0,120.0,44.0,2500.0,10.64,,7.2,21.0,36.0,3.0,27.0,0.233,,,,,,,,,,,,,,,,,,,Tomate ,Quindío,3.2,10.8,3.2,10.8
2024-09-17,120,T14_N1P0K2,166.0,,55.7,6.0,15.0,,,,,,5.6,2900.0,120.0,45.0,1900.0,9.65,,7.3,15.0,24.0,2.0,13.0,0.157,,,,,,,,,,,,,,,,,,,Tomate ,Quindío,1.0,10.8,1.0,10.8
2024-09-17,121,T5_N0P0K2,177.0,,68.7,15.0,5.0,,,,,,5.4,3900.0,600.0,76.0,2000.0,14.92,,5.9,63.0,83.0,5.0,120.0,0.576,,,,,,,,,,,,,,,,,,,Tomate ,Quindío,1.0,12.0,1.0,12.0
2024-09-17,124,T30_BIO N2P2K2,178.0,,62.7,14.0,9.0,,,,,,5.3,3100.0,680.0,72.0,1800.0,13.8,,6.6,83.0,150.0,21.0,68.0,1.007,,,,,,,,,,,,,,,,,,,Tomate ,Quindío,3.2,12.0,3.2,12.0
2024-09-17,127,T3_N0P2K0,163.0,,67.8,16.0,11.0,,,,,,5.3,2800.0,720.0,58.0,1100.0,12.31,,7.1,10.0,27.0,3.0,25.0,0.136,,,,,,,,,,,,,,,,,,,Tomate ,Quindío,5.4,12.0,5.4,12.0
2024-09-17,130,T7_N0P1K2,174.0,,53.3,21.0,7.0,,,,,,5.6,3000.0,55.0,49.0,2800.0,9.75,,7.4,6.0,21.0,2.0,10.0,0.102,,,,,,,,,,,,,,,,,,,Tomate ,Quindío,7.6,12.0,7.6,12.0
2024-09-17,135,T21_N2P2K0,176.0,,56.8,13.0,6.0,,,,,,5.4,3000.0,160.0,50.0,1800.0,10.72,,6.6,89.0,190.0,28.0,190.0,1.114,,,,,,,,,,,,,,,,,,,Tomate ,Quindío,7.6,13.2,7.6,13.2
2024-09-17,138,T23_N2P0K2,171.0,,55.2,16.0,12.0,,,,,,5.6,3000.0,210.0,51.0,1700.0,9.53,,5.9,41.0,46.0,4.0,41.0,0.375,,,,,,,,,,,,,,,,,,,Tomate ,Quindío,5.4,13.2,5.4,13.2
2024-09-17,141,T20_N2P1K0,169.0,,60.0,13.0,8.0,,,,,,5.3,3000.0,690.0,59.0,2600.0,14.02,,6.4,17.0,31.0,2.0,28.0,0.181,,,,,,,,,,,,,,,,,,,Tomate ,Quindío,3.2,13.2,3.2,13.2
2024-09-17,144,T18_N1P2K2,163.0,,51.4,15.0,5.0,,,,,,5.4,3000.0,170.0,54.0,2100.0,11.32,,6.2,29.0,35.0,3.0,39.0,0.297,,,,,,,,,,,,,,,,,,,Tomate ,Quindío,1.0,13.2,1.0,13.2
2024-09-17,145,T6_N0P1K1,174.0,,54.4,15.0,12.0,,,,,,5.4,2900.0,140.0,41.0,1800.0,9.41,,6.1,57.0,42.0,4.0,83.0,0.518,,,,,,,,,,,,,,,,,,,Tomate ,Quindío,1.0,14.4,1.0,14.4
2024-09-17,148,T17_N1P2K1,148.0,,54.5,18.0,14.0,,,,,,5.4,2600.0,350.0,43.0,910.0,8.67,,5.9,34.0,85.0,4.0,91.0,0.467,,,,,,,,,,,,,,,,,,,Tomate ,Quindío,3.2,14.4,3.2,14.4
2024-09-17,151,T25_N2P1K2,168.0,,54.6,16.0,7.0,,,,,,5.4,3100.0,360.0,43.0,2400.0,11.54,,5.7,95.0,190.0,8.0,290.0,1.238,,,,,,,,,,,,,,,,,,,Tomate ,Quindío,5.4,14.4,5.4,14.4
2024-09-17,154,T29_BIO N1P1K1,166.0,,63.6,14.0,5.0,,,,,,5.3,3300.0,270.0,45.0,2900.0,11.95,,6.4,15.0,91.0,3.0,57.0,0.369,,,,,,,,,,,,,,,,,,,Tomate ,Quindío,7.6,14.4,7.6,14.4
2024-09-17,159,T2_N0P1K0,162.0,,54.3,20.0,7.0,,,,,,5.4,3100.0,540.0,55.0,2400.0,12.59,,6.1,10.0,27.0,3.0,19.0,0.145,,,,,,,,,,,,,,,,,,,Tomate ,Quindío,7.6,15.6,7.6,15.6
2024-09-17,162,T19_N2P0K0,147.0,,59.3,14.0,9.0,,,,,,5.4,3200.0,210.0,50.0,3300.0,10.61,,6.8,56.0,79.0,5.0,80.0,0.544,,,,,,,,,,,,,,,,,,,Tomate ,Quindío,5.4,15.6,5.4,15.6
2024-09-17,165,T8_N0P2K1,159.0,,54.1,20.0,13.0,,,,,,5.5,3000.0,250.0,46.0,2000.0,9.86,,7.2,12.0,37.0,3.0,26.0,0.179,,,,,,,,,,,,,,,,,,,Tomate ,Quindío,3.2,15.6,3.2,15.6
2024-09-17,168,T15_N1P1K1,179.0,,56.2,24.0,10.0,,,,,,5.4,2900.0,500.0,54.0,1400.0,11.99,,7.1,34.0,43.0,5.0,52.0,0.31,,,,,,,,,,,,,,,,,,,Tomate ,Quindío,1.0,15.6,1.0,15.6
2024-09-17,169,T24_N2P1K1,170.0,,55.2,15.0,7.0,,,,,,5.3,3200.0,360.0,55.0,2000.0,12.7,,5.7,110.0,250.0,25.0,500.0,1.391,,,,,,,,,,,,,,,,,,,Tomate ,Quindío,1.0,16.8,1.0,16.8
2024-09-17,171,T24_N2P1K1,162.0,,56.7,16.0,4.0,,,,,,5.3,2500.0,230.0,36.0,2700.0,10.66,,6.6,280.0,340.0,66.0,840.0,2.66,,,,,,,,,,,,,,,,,,,Tomate ,Quindío,2.0,16.8,2.0,16.8
2024-09-17,172,T11_N1P1K0,176.0,,57.6,19.0,7.0,,,,,,5.2,3200.0,830.0,58.0,2400.0,14.63,,7.1,49.0,60.0,10.0,81.0,0.426,,,,,,,,,,,,,,,,,,,Tomate ,Quindío,3.2,16.8,3.2,16.8
2024-09-17,175,T27_N2P2K2,162.0,,53.7,17.0,4.0,,,,,,5.1,3000.0,950.0,66.0,1900.0,14.89,,7.1,73.0,73.0,14.0,120.0,0.595,,,,,,,,,,,,,,,,,,,Tomate ,Quindío,5.4,16.8,5.4,16.8
2024-09-17,178,T4_N0P0K1,161.0,,57.9,16.0,4.0,,,,,,5.4,2900.0,440.0,42.0,1700.0,11.35,,7.0,22.0,48.0,3.0,25.0,0.277,,,,,,,,,,,,,,,,,,,Tomate ,Quindío,7.6,16.8,7.6,16.8
2024-09-25,2,T27_N2P2K2,195.0,,56.6,22.0,7.0,,,,,,5.7,3400.0,67.0,50.0,2900.0,10.31,,5.3,34.0,11.0,2.0,27.0,0.155,,,9.0,13.0,27,6.27,25.7,23.5,138.0,24.5,23.0,82.6,1.0,1.0,5.0,Si,0.138,245.0,Tomatoes,Quindio,1.5,0.0,1.5,0.0
2024-09-25,5,T24_N2P1K1,192.0,,59.4,22.0,15.0,,,,,,5.6,3700.0,130.0,56.0,1600.0,9.57,,6.0,91.0,31.0,4.0,100.0,0.413,,,24.0,34.0,69,6.31,21.8,24.5,355.0,53.3,26.0,69.7,1.0,1.0,5.0,Si,0.355,533.0,Tomatoes,Quindio,3.7,0.0,3.7,0.0
2024-09-25,8,T4_N0P0K1,182.0,,62.7,17.0,7.0,,,,,,6.7,3500.0,140.0,58.0,1700.0,10.45,,6.9,48.0,14.0,3.0,41.0,0.207,,,29.0,52.0,105,6.48,20.0,26.4,532.0,20.6,26.7,71.7,1.0,1.0,5.0,Si,0.532,206.0,Tomatoes,Quindio,5.9,0.0,5.9,0.0
2024-09-25,11,T15_N1P1K1,182.0,,61.2,19.0,4.0,,,,,,5.3,3500.0,510.0,59.0,1300.0,11.89,,6.1,26.0,18.0,3.0,44.0,0.156,,,14.0,20.0,41,6.27,32.9,26.5,211.0,28.6,26.8,62.5,1.0,1.0,5.0,Si,0.211,286.0,Tomatoes,Quindio,8.1,0.0,8.1,0.0
2024-09-25,12,T15_N1P1K1,179.0,,63.9,20.0,2.0,,,,,,,,,,,,,6.36,72.0,57.0,5.0,130.0,0.424,,,,,,,,,,,,,,,,,,,Tomate ,Quindío,8.6,0.0,8.6,0.0
2024-09-25,14,T9_N0P2K2,195.0,,57.8,19.0,8.0,,,,,,5.6,3200.0,130.0,49.0,2200.0,10.11,,6.1,41.0,110.0,8.0,97.0,0.443,,,22.0,31.0,62,6.34,34.6,25.3,309.0,59.3,27.3,68.0,1.0,1.0,5.0,Si,0.309,593.0,Tomatoes,Quindio,8.1,1.2,8.1,1.2
2024-09-25,17,T13_N1P0K1,193.0,,64.0,20.0,6.0,,,,,,5.5,3500.0,190.0,59.0,2200.0,10.34,,6.7,180.0,43.0,11.0,230.0,0.42,,,18.0,25.0,51,6.47,20.5,26.5,261.0,53.1,28.2,61.2,1.0,1.0,5.0,Si,0.261,531.0,Tomatoes,Quindio,5.9,1.2,5.9,1.2
2024-09-25,20,T22_N2P0K1,206.0,,59.7,18.0,7.0,,,,,,5.6,3100.0,88.0,45.0,2000.0,9.27,,6.5,45.0,82.0,6.0,43.0,0.407,,,12.0,17.0,35,6.5,28.3,26.9,180.0,19.9,28.1,61.6,1.0,1.0,5.0,Si,0.18,199.0,Tomatoes,Quindio,3.7,1.2,3.7,1.2
2024-09-25,23,T10_N1P0K0,209.0,,55.3,19.0,9.0,,,,,,5.4,3200.0,390.0,49.0,1800.0,10.91,,6.3,37.0,24.0,3.0,35.0,0.207,,,26.0,37.0,74,6.44,25.6,25.3,370.0,24.5,26.6,61.3,1.0,1.0,5.0,Si,0.37,245.0,Tomatoes,Quindio,1.5,1.2,1.5,1.2
2024-09-25,26,T28_BIO-N0P0K0,199.0,,56.3,16.0,10.0,,,,,,5.5,3100.0,566.0,54.0,960.0,11.45,,7.0,19.0,20.0,3.0,21.0,0.118,,,8.0,11.0,23,6.52,27.4,25.3,118.0,24.1,27.0,63.6,1.0,1.0,5.0,Si,0.118,241.0,Tomatoes,Quindio,1.5,2.4,1.5,2.4
2024-09-25,29,T12_N1P2K0,183.0,,51.8,16.0,12.0,,,,,,5.7,3400.0,140.0,47.0,1900.0,9.0,,7.0,41.0,8.0,3.0,38.0,0.178,,,13.0,19.0,38,6.4,30.6,26.1,188.0,22.8,27.4,62.5,1.0,1.0,5.0,Si,0.188,228.0,Tomatoes,Quindio,3.7,2.4,3.7,2.4
2024-09-25,32,T26_N2P2K1,175.0,,45.7,21.0,9.0,,,,,,5.4,3600.0,590.0,80.0,1400.0,13.03,,7.3,82.0,55.0,19.0,110.0,0.487,,,24.0,34.0,69,6.55,19.1,26.1,355.0,65.8,27.7,65.9,1.0,1.0,5.0,Si,0.355,658.0,Tomatoes,Quindio,5.9,2.4,5.9,2.4
2024-09-25,35,T16_N1P1K2,177.0,,62.4,19.0,11.0,,,,,,5.6,3500.0,92.0,50.0,2900.0,10.27,,6.4,73.0,7.0,3.0,70.0,0.302,,,23.0,33.0,66,6.41,26.1,25.7,332.0,47.6,26.9,70.0,1.0,1.0,5.0,Si,0.332,476.0,Tomatoes,Quindio,8.1,2.4,8.1,2.4
2024-09-25,38,T1_N0P0K0,184.0,,55.8,11.0,16.0,,,,,,5.5,3300.0,130.0,53.0,2100.0,9.52,,6.5,15.0,21.0,3.0,31.0,0.118,,,22.0,32.0,63,6.34,19.2,24.5,322.0,27.9,25.6,68.3,1.0,1.0,5.0,Si,0.322,279.0,Tomatoes,Quindio,8.1,3.6,8.1,3.6
2024-09-25,41,T14_N1P0K2,198.0,,56.6,19.0,10.0,,,,,,5.6,3800.0,98.0,50.0,2400.0,10.42,,6.5,110.0,45.0,7.0,130.0,0.518,,,41.0,57.0,115,6.4,17.7,24.9,578.0,24.5,25.5,66.8,1.0,1.0,5.0,Si,0.578,245.0,Tomatoes,Quindio,5.9,3.6,5.9,3.6
2024-09-25,44,T7_N0P1K2,183.0,,54.9,20.0,10.0,,,,,,5.7,4100.0,140.0,77.0,2800.0,11.27,,6.6,24.0,42.0,3.0,85.0,0.219,,,19.0,27.0,54,6.54,24.7,24.9,280.0,25.7,25.4,65.2,1.0,1.0,5.0,Si,0.28,257.0,Tomatoes,Quindio,3.7,3.6,3.7,3.6
2024-09-25,47,T3_N0P2K0,204.0,,57.9,20.0,10.0,,,,,,5.5,3400.0,160.0,56.0,1300.0,9.67,,5.5,21.0,12.0,3.0,28.0,0.121,,,9.0,13.0,27,6.42,35.2,24.9,136.0,25.7,26.0,67.3,1.0,1.0,5.0,Si,0.136,257.0,Tomatoes,Quindio,1.5,3.6,1.5,3.6
2024-09-25,50,T23_N2P0K2,204.0,,56.8,17.0,11.0,,,,,,5.4,3500.0,380.0,62.0,2900.0,12.27,,5.9,260.0,260.0,15.0,370.0,1.675,,,28.0,39.0,78,6.53,28.8,25.3,396.0,23.5,25.7,64.6,1.0,1.0,5.0,Si,0.396,235.0,Tomatoes,Quindio,1.5,4.8,1.5,4.8
2024-09-25,53,T21_N2P2K0,190.0,,61.4,20.0,11.0,,,,,,5.6,2800.0,81.0,42.0,700.0,8.05,,6.1,18.0,33.0,6.0,35.0,0.172,,,5.0,7.0,14,6.58,26.5,24.9,73.0,23.5,25.8,64.6,1.0,1.0,5.0,Si,0.073,235.0,Tomatoes,Quindio,3.7,4.8,3.7,4.8
2024-09-25,54,T21_N2P2K0,190.0,,58.9,21.0,6.0,,,,,,,,,,,,,6.45,9.0,42.0,5.0,30.0,0.163,,,8.0,11.0,23,6.6,30.6,24.9,116.0,24.5,25.4,69.6,1.0,1.0,5.0,Si,0.116,245.0,Tomatoes,Quindio,4.2,4.8,4.2,4.8
2024-09-25,56,T5_N0P0K2,168.0,,56.8,10.0,12.0,,,,,,5.7,3500.0,96.0,47.0,2200.0,9.54,,6.9,120.0,54.0,8.0,200.0,0.643,,,40.0,57.0,114,6.46,27.5,24.9,573.0,26.5,25.5,66.8,1.0,1.0,5.0,Si,0.573,265.0,Tomatoes,Quindio,5.9,4.8,5.9,4.8
2024-09-25,59,T30_BIO N2P2K2,173.0,,57.9,16.0,5.0,,,,,,5.6,3600.0,290.0,66.0,1100.0,10.66,,5.9,18.0,17.0,3.0,29.0,0.121,,,14.0,20.0,40,6.37,28.3,24.5,207.0,38.4,25.9,69.0,1.0,1.0,5.0,Si,0.207,384.0,Tomatoes,Quindio,8.1,4.8,8.1,4.8
2024-09-25,62,T20_N2P1K0,185.0,,60.2,18.0,6.0,,,,,,5.5,3000.0,220.0,59.0,1200.0,9.85,,5.7,39.0,38.0,3.0,75.0,0.235,,,28.0,40.0,81,6.4,22.1,24.9,528.0,23.8,26.6,67.5,1.0,1.0,5.0,Si,0.528,238.0,Tomatoes,Quindio,8.1,6.0,8.1,6.0
2024-09-25,65,T18_N1P2K2,201.0,,61.0,24.0,8.0,,,,,,5.5,3300.0,680.0,60.0,1100.0,12.15,,5.6,130.0,14.0,3.0,150.0,0.536,,,72.0,103.0,208,6.36,16.2,24.9,1058.0,15.5,26.5,62.5,1.0,1.0,5.0,Si,1.058,155.0,Tomatoes,Quindio,5.9,6.0,5.9,6.0
2024-09-25,68,T29_BIO N1P1K1,197.0,,55.4,21.0,7.0,,,,,,5.5,3000.0,390.0,78.0,1800.0,12.25,,7.0,36.0,13.0,2.0,42.0,0.159,,,17.0,24.0,48,6.36,26.4,24.9,242.0,14.5,26.1,66.6,1.0,1.0,5.0,Si,0.242,145.0,Tomatoes,Quindio,3.7,6.0,3.7,6.0
2024-09-25,71,T25_N2P1K2,199.0,,50.0,15.0,5.0,,,,,,5.4,3300.0,470.0,65.0,1300.0,11.7,,6.4,110.0,40.0,6.0,210.0,0.5,,,65.0,90.0,184,6.38,21.8,24.9,914.0,80.3,25.7,65.6,1.0,1.0,5.0,Si,0.914,803.0,Tomatoes,Quindio,1.5,6.0,1.5,6.0
2024-09-25,74,T19_N2P0K0,201.0,,55.7,18.0,16.0,,,,,,5.5,3200.0,360.0,57.0,1800.0,10.31,,6.4,21.0,6.0,2.0,25.0,0.098,,,39.0,54.0,109,6.36,23.3,24.9,544.0,24.7,25.8,68.4,1.0,1.0,5.0,Si,0.544,247.0,Tomatoes,Quindio,1.5,7.2,1.5,7.2
2024-09-25,77,T2_N0P1K0,191.0,,53.4,12.0,13.0,,,,,,5.6,3400.0,230.0,63.0,1800.0,10.05,,5.7,150.0,96.0,6.0,260.0,0.778,,,21.0,30.0,60,6.36,24.1,25.3,299.0,13.0,26.3,63.9,1.0,1.0,5.0,Si,0.299,130.0,Tomatoes,Quindio,3.7,7.2,3.7,7.2
2024-09-25,80,T6_N0P1K1,198.0,,60.3,21.0,13.0,,,,,,5.6,3400.0,170.0,46.0,1300.0,9.73,,6.2,31.0,10.0,2.0,47.0,0.137,,,27.0,38.0,76,6.45,30.5,24.9,383.0,15.4,26.4,66.5,1.0,1.0,5.0,Si,0.383,154.0,Tomatoes,Quindio,5.9,7.2,5.9,7.2
2024-09-25,83,T17_N1P2K1,190.0,,53.7,17.0,11.0,,,,,,5.6,3500.0,61.0,41.0,1900.0,8.1,,5.8,49.0,28.0,3.0,94.0,0.249,,,15.0,21.0,43,6.46,24.4,24.9,216.0,59.7,26.3,70.4,1.0,1.0,5.0,Si,0.216,597.0,Tomatoes,Quindio,8.1,7.2,8.1,7.2
2024-09-25,86,T11_N1P1K0,185.0,,58.2,17.0,12.0,,,,,,5.45,3400.0,120.0,52.0,2200.0,9.32,,6.9,17.0,7.0,2.0,19.0,0.09,,,21.0,29.0,60,6.71,26.8,25.7,300.0,26.9,27.2,62.2,1.0,1.0,5.0,Si,0.3,269.0,Tomatoes,Quindio,8.1,8.4,8.1,8.4
2024-09-25,89,T8_N0P2K1,189.0,,54.6,17.0,13.0,,,,,,5.6,3300.0,130.0,45.0,1600.0,9.47,,6.1,100.0,21.0,4.0,94.0,0.534,,,41.0,58.0,116,6.39,20.4,25.3,582.0,16.6,27.7,62.4,1.0,1.0,5.0,Si,0.582,166.0,Tomatoes,Quindio,5.9,8.4,5.9,8.4
2024-09-25,92,T9_N0P2K2,,,,,,,,,,,,,,,,,,,,,,,,,,19.0,26.0,53,6.41,26.7,25.7,268.0,25.0,27.8,59.1,1.0,1.0,5.0,Si,0.268,250.0,Tomatoes,Quindio,3.7,8.4,3.7,8.4
2024-09-25,95,T13_N1P0K1,,,,,,,,,,,,,,,,,,,,,,,,,,18.0,25.0,51,6.54,32.5,25.7,257.0,84.4,26.8,67.5,1.0,1.0,5.0,Si,0.257,844.0,Tomatoes,Quindio,1.5,8.4,1.5,8.4
2024-09-25,98,T26_N2P2K1,,,,,,,,,,,,,,,,,,,,,,,,,,20.0,29.0,58,6.52,25.5,25.3,292.0,72.5,26.2,72.4,1.0,1.0,4.0,Si,0.292,725.0,Tomatoes,Quindio,1.5,9.6,1.5,9.6
2024-09-25,101,T16_N1P1K2,,,,,,,,,,,,,,,,,,,,,,,,,,19.0,26.0,53,6.5,26.8,26.1,267.0,80.5,27.7,60.6,1.0,1.0,5.0,Si,0.267,805.0,Tomatoes,Quindio,3.7,9.6,3.7,9.6
2024-09-25,104,T10_N1P0K0,,,,,,,,,,,,,,,,,,,,,,,,,,20.0,29.0,57,6.66,25.6,25.3,292.0,17.5,27.5,62.2,1.0,1.0,5.0,Si,0.292,175.0,Tomatoes,Quindio,5.9,9.6,5.9,9.6
2024-09-25,107,T22_N2P0K1,,,,,,,,,,,,,,,,,,,,,,,,,,17.0,24.0,49,6.59,26.3,25.7,245.0,25.2,27.4,67.0,1.0,1.0,5.0,Si,0.245,252.0,Tomatoes,Quindio,8.1,9.6,8.1,9.6
2024-09-25,131,T7_N0P1K2,,,,,,,,,,,,,,,,,,,,,,,,,,13.0,18.0,36,6.36,24.6,25.9,181.0,27.8,29.3,54.2,1.0,1.0,5.0,Si,0.181,278.0,Tomatoes,Quindio,8.1,12.0,8.1,12.0
2024-09-25,171,T24_N2P1K1,208.0,,58.7,23.0,6.0,,,,,,,,,,,,,6.41,250.0,160.0,15.0,400.0,1.349,,,,,,,,,,,,,,,,,,,Tomate ,Quindío,2.0,16.8,2.0,16.8
2024-10-02,1,T27_N2P2K2,,,,,,0.0,0.0,0.0,0.0,0.0,,,,,,,,,,,,,,,0.0,,,,,,,,,,,,,,,,,Tomate ,Quindío,1.0,0.0,1.0,0.0
2024-10-02,2,T27_N2P2K2,,,,,,0.0,0.0,0.0,0.0,0.0,,,,,,,,,,,,,,,0.0,7.0,11.0,22,6.37,27.7,23.8,111.0,9.0,25.2,67.2,1.0,1.0,5.0,Si,0.111,90.0,Tomatoes,Quindio,1.5,0.0,1.5,0.0
2024-10-02,3,T27_N2P2K2,,,,,,0.0,0.0,0.0,0.0,0.0,,,,,,,,,,,,,,,0.0,,,,,,,,,,,,,,,,,Tomate ,Quindío,2.0,0.0,2.0,0.0
2024-10-02,4,T24_N2P1K1,,,,,,1.0,0.1455,200.0,68.0,0.0,,,,,,,,,,,,,,,63.66182836771072,,,,,,,,,,,,,,,,,Tomate ,Quindío,3.2,0.0,3.2,0.0
2024-10-02,5,T24_N2P1K1,,,,,,,,,,0.0,,,,,,,,,,,,,,,,9.0,12.0,25,6.58,28.3,23.8,130.0,7.0,24.5,73.1,1.0,1.0,5.0,Si,0.13,70.0,Tomatoes,Quindio,3.7,0.0,3.7,0.0
2024-10-02,6,T24_N2P1K1,,,,,,2.0,0.2785,196.5,71.8,0.0,,,,,,,,,,,,,,,62.547746371275785,,,,,,,,,,,,,,,,,Tomate ,Quindío,4.2,0.0,4.2,0.0
2024-10-02,7,T4_N0P0K1,,,,,,,,,,0.0,,,,,,,,,,,,,,,,,,,,,,,,,,,,,,,,Tomate ,Quindío,5.4,0.0,5.4,0.0
2024-10-02,8,T4_N0P0K1,,,,,,2.0,0.2772,198.5,69.0,0.0,,,,,,,,,,,,,,,63.184364654952894,14.0,20.0,40,6.72,22.1,23.8,204.0,7.6,24.3,72.5,1.0,1.0,5.0,Si,0.204,76.0,Tomatoes,Quindio,5.9,0.0,5.9,0.0
2024-10-02,9,T4_N0P0K1,,,,,,2.0,0.288,198.5,71.25,0.0,,,,,,,,,,,,,,,63.184364654952894,,,,,,,,,,,,,,,,,Tomate ,Quindío,6.4,0.0,6.4,0.0
2024-10-02,10,T15_N1P1K1,,,,,,2.0,0.2175,355.0,64.5,0.0,,,,,,,,,,,,,,,112.99974535268653,,,,,,,,,,,,,,,,,Tomate ,Quindío,7.6,0.0,7.6,0.0
2024-10-02,11,T15_N1P1K1,,,,,,0.0,0.0,0.0,0.0,0.0,,,,,,,,,,,,,,,0.0,5.0,6.0,14,6.52,25.7,23.8,70.0,8.2,24.1,73.7,1.0,1.0,5.0,Si,0.07,82.0,Tomatoes,Quindio,8.1,0.0,8.1,0.0
2024-10-02,12,T15_N1P1K1,,,,,,0.0,0.0,0.0,0.0,0.0,,,,,,,,6.8,12.0,6.0,0.5,6.0,0.065,,0.0,,,,,,,,,,,,,,,,,Tomate ,Quindío,8.6,0.0,8.6,0.0
2024-10-02,13,T9_N0P2K2,,,,,,0.0,0.0,0.0,0.0,0.0,,,,,,,,,,,,,,,0.0,,,,,,,,,,,,,,,,,Tomate ,Quindío,8.6,1.2,8.6,1.2
2024-10-02,14,T9_N0P2K2,,,,,,0.0,0.0,0.0,0.0,0.0,,,,,,,,,,,,,,,0.0,4.0,6.0,13,6.52,32.0,23.8,69.0,7.0,24.2,72.3,1.0,1.0,5.0,Si,0.069,70.0,Tomatoes,Quindio,8.1,1.2,8.1,1.2
2024-10-02,15,T9_N0P2K2,,,,,,0.0,0.0,0.0,0.0,0.0,,,,,,,,,,,,,,,0.0,,,,,,,,,,,,,,,,,Tomate ,Quindío,7.6,1.2,7.6,1.2
2024-10-02,16,T13_N1P0K1,,,,,,0.0,0.0,0.0,0.0,0.0,,,,,,,,,,,,,,,0.0,,,,,,,,,,,,,,,,,Tomate ,Quindío,6.4,1.2,6.4,1.2
2024-10-02,17,T13_N1P0K1,,,,,,0.0,0.0,0.0,0.0,0.0,,,,,,,,,,,,,,,0.0,6.0,8.0,17,6.6,25.2,23.8,86.0,7.5,24.3,74.1,1.0,1.0,5.0,Si,0.086,75.0,Tomatoes,Quindio,5.9,1.2,5.9,1.2
2024-10-02,18,T13_N1P0K1,,,,,,0.0,0.0,0.0,0.0,0.0,,,,,,,,,,,,,,,0.0,,,,,,,,,,,,,,,,,Tomate ,Quindío,5.4,1.2,5.4,1.2
2024-10-02,19,T22_N2P0K1,,,,,,2.0,0.254,181.5,74.0,0.0,,,,,,,,,,,,,,,57.77310924369748,,,,,,,,,,,,,,,,,Tomate ,Quindío,4.2,1.2,4.2,1.2
2024-10-02,20,T22_N2P0K1,,,,,,4.0,0.618,205.0,71.0,0.0,,,,,,,,,,,,,,,65.25337407690348,5.0,8.0,16,6.5,25.0,23.8,82.0,7.6,24.6,72.6,1.0,1.0,5.0,Si,0.082,76.0,Tomatoes,Quindio,3.7,1.2,3.7,1.2
2024-10-02,21,T22_N2P0K1,,,,,,0.0,0.0,0.0,0.0,0.0,,,,,,,,,,,,,,,0.0,,,,,,,,,,,,,,,,,Tomate ,Quindío,3.2,1.2,3.2,1.2
2024-10-02,22,T10_N1P0K0,,,,,,0.0,0.0,0.0,0.0,0.0,,,,,,,,,,,,,,,0.0,,,,,,,,,,,,,,,,,Tomate ,Quindío,2.0,1.2,2.0,1.2
2024-10-02,23,T10_N1P0K0,,,,,,0.0,0.0,0.0,0.0,0.0,,,,,,,,,,,,,,,0.0,6.0,9.0,18,6.58,23.7,23.8,93.0,8.6,24.9,66.5,1.0,1.0,5.0,Si,0.093,86.0,Tomatoes,Quindio,1.5,1.2,1.5,1.2
2024-10-02,24,T10_N1P0K0,,,,,,1.0,0.1404,199.0,70.0,0.0,,,,,,,,,,,,,,,63.34351922587217,,,,,,,,,,,,,,,,,Tomate ,Quindío,1.0,1.2,1.0,1.2
2024-10-02,25,T28_BIO-N0P0K0,,,,,,1.0,0.1284,196.0,65.5,0.0,,,,,,,,,,,,,,,62.38859180035651,,,,,,,,,,,,,,,,,Tomate ,Quindío,1.0,2.4,1.0,2.4
2024-10-02,26,T28_BIO-N0P0K0,,,,,,2.0,0.3538,216.0,71.5,0.0,,,,,,,,,,,,,,,68.75477463712758,10.0,14.0,29,6.63,24.9,25.0,148.0,24.0,26.6,64.8,1.0,1.0,5.0,Si,0.148,240.0,Tomatoes,Quindio,1.5,2.4,1.5,2.4
2024-10-02,27,T28_BIO-N0P0K0,,,,,,0.0,0.0,0.0,0.0,0.0,,,,,,,,,,,,,,,0.0,,,,,,,,,,,,,,,,,Tomate ,Quindío,2.0,2.4,2.0,2.4
2024-10-02,28,T12_N1P2K0,,,,,,0.0,0.0,0.0,0.0,0.0,,,,,,,,,,,,,,,0.0,,,,,,,,,,,,,,,,,Tomate ,Quindío,3.2,2.4,3.2,2.4
2024-10-02,29,T12_N1P2K0,,,,,,1.0,0.0857,170.0,57.0,0.0,,,,,,,,,,,,,,,54.112554112554115,9.0,13.0,27,6.53,24.3,25.4,135.0,26.5,26.7,63.9,1.0,1.0,5.0,Si,0.135,265.0,Tomatoes,Quindio,3.7,2.4,3.7,2.4
2024-10-02,30,T12_N1P2K0,,,,,,0.0,0.0,0.0,0.0,0.0,,,,,,,,,,,,,,,0.0,,,,,,,,,,,,,,,,,Tomate ,Quindío,4.2,2.4,4.2,2.4
2024-10-02,31,T26_N2P2K1,,,,,,1.0,0.1189,193.0,67.5,0.0,,,,,,,,,,,,,,,61.433664374840845,,,,,,,,,,,,,,,,,Tomate ,Quindío,5.4,2.4,5.4,2.4
2024-10-02,32,T26_N2P2K1,,,,,,0.0,0.0,0.0,0.0,0.0,,,,,,,,,,,,,,,0.0,10.0,14.0,30,6.61,27.5,25.8,150.0,26.5,26.9,63.0,1.0,1.0,5.0,Si,0.15,265.0,Tomatoes,Quindio,5.9,2.4,5.9,2.4
2024-10-02,33,T26_N2P2K1,,,,,,1.0,0.1749,219.0,70.0,0.0,,,,,,,,,,,,,,,69.70970206264325,,,,,,,,,,,,,,,,,Tomate ,Quindío,6.4,2.4,6.4,2.4
2024-10-02,34,T16_N1P1K2,,,,,,0.0,0.0,0.0,0.0,0.0,,,,,,,,,,,,,,,0.0,,,,,,,,,,,,,,,,,Tomate ,Quindío,7.6,2.4,7.6,2.4
2024-10-02,35,T16_N1P1K2,,,,,,0.0,0.0,0.0,0.0,0.0,,,,,,,,,,,,,,,0.0,18.0,25.0,51,6.57,18.7,25.8,260.0,29.8,26.9,58.5,1.0,1.0,5.0,Si,0.26,298.0,Tomatoes,Quindio,8.1,2.4,8.1,2.4
2024-10-02,36,T16_N1P1K2,,,,,,2.0,0.2508,187.5,65.5,0.0,,,,,,,,,,,,,,,59.6829640947288,,,,,,,,,,,,,,,,,Tomate ,Quindío,8.6,2.4,8.6,2.4
2024-10-02,37,T1_N0P0K0,,,,,,1.0,0.1597,201.0,76.0,0.0,,,,,,,,,,,,,,,63.98013750954927,,,,,,,,,,,,,,,,,Tomate ,Quindío,8.6,3.6,8.6,3.6
2024-10-02,38,T1_N0P0K0,,,,,,0.0,0.0,0.0,0.0,0.0,,,,,,,,,,,,,,,0.0,5.0,7.0,14,6.67,18.0,24.3,71.0,24.7,26.3,69.2,1.0,1.0,5.0,Si,0.071,247.0,Tomatoes,Quindio,8.1,3.6,8.1,3.6
2024-10-02,39,T1_N0P0K0,,,,,,1.0,0.1012,171.0,66.5,0.0,,,,,,,,,,,,,,,54.43086325439267,,,,,,,,,,,,,,,,,Tomate ,Quindío,7.6,3.6,7.6,3.6
2024-10-02,40,T14_N1P0K2,,,,,,2.0,0.2741,231.5,41.0,0.0,,,,,,,,,,,,,,,73.68856633562515,,,,,,,,,,,,,,,,,Tomate ,Quindío,6.4,3.6,6.4,3.6
2024-10-02,41,T14_N1P0K2,,,,,,1.0,0.0411,147.0,71.5,0.0,,,,,,,,,,,,,,,46.79144385026738,10.0,14.0,29,6.62,26.4,26.2,152.0,16.4,26.9,63.7,1.0,1.0,5.0,Si,0.152,164.0,Tomatoes,Quindio,5.9,3.6,5.9,3.6
2024-10-02,42,T14_N1P0K2,,,,,,0.0,0.0,0.0,0.0,0.0,,,,,,,,,,,,,,,0.0,,,,,,,,,,,,,,,,,Tomate ,Quindío,5.4,3.6,5.4,3.6
2024-10-02,43,T7_N0P1K2,,,,,,0.0,0.0,0.0,0.0,0.0,,,,,,,,,,,,,,,0.0,,,,,,,,,,,,,,,,,Tomate ,Quindío,4.2,3.6,4.2,3.6
2024-10-02,44,T7_N0P1K2,,,,,,1.0,0.1001,190.0,54.0,0.0,,,,,,,,,,,,,,,60.47873694932519,11.0,16.0,33,6.52,22.7,25.8,167.0,15.6,26.9,62.7,1.0,1.0,5.0,Si,0.167,156.0,Tomatoes,Quindio,3.7,3.6,3.7,3.6
2024-10-02,45,T7_N0P1K2,,,,,,0.0,0.0,0.0,0.0,0.0,,,,,,,,,,,,,,,0.0,,,,,,,,,,,,,,,,,Tomate ,Quindío,3.2,3.6,3.2,3.6
2024-10-02,46,T3_N0P2K0,,,,,,2.0,0.3214,212.0,75.25,0.0,,,,,,,,,,,,,,,67.48153806977336,,,,,,,,,,,,,,,,,Tomate ,Quindío,2.0,3.6,2.0,3.6
2024-10-02,47,T3_N0P2K0,,,,,,0.0,0.0,0.0,0.0,0.0,,,,,,,,,,,,,,,0.0,11.0,15.0,30,6.43,26.0,24.6,153.0,9.4,25.9,65.1,1.0,1.0,5.0,Si,0.153,94.0,Tomatoes,Quindio,1.5,3.6,1.5,3.6
2024-10-02,48,T3_N0P2K0,,,,,,2.0,0.3919,255.0,71.75,0.0,,,,,,,,,,,,,,,81.16883116883118,,,,,,,,,,,,,,,,,Tomate ,Quindío,1.0,3.6,1.0,3.6
2024-10-02,49,T23_N2P0K2,,,,,,1.0,0.1493,206.0,69.0,0.0,,,,,,,,,,,,,,,65.57168321874204,,,,,,,,,,,,,,,,,Tomate ,Quindío,1.0,4.8,1.0,4.8
2024-10-02,50,T23_N2P0K2,,,,,,1.0,0.1367,205.0,63.0,0.0,,,,,,,,,,,,,,,65.25337407690348,29.0,40.0,81,6.58,18.4,24.6,529.0,29.6,25.9,70.4,1.0,1.0,5.0,Si,0.529,296.0,Tomatoes,Quindio,1.5,4.8,1.5,4.8
2024-10-02,51,T23_N2P0K2,,,,,,0.0,0.0,0.0,0.0,0.0,,,,,,,,,,,,,,,0.0,,,,,,,,,,,,,,,,,Tomate ,Quindío,2.0,4.8,2.0,4.8
2024-10-02,52,T21_N2P2K0,,,,,,2.0,0.2664,205.5,62.0,0.0,,,,,,,,,,,,,,,65.41252864782277,,,,,,,,,,,,,,,,,Tomate ,Quindío,3.2,4.8,3.2,4.8
2024-10-02,53,T21_N2P2K0,,,,,,0.0,0.0,0.0,0.0,0.0,,,,,,,,,,,,,,,0.0,14.0,20.0,40,6.42,20.0,25.1,204.0,24.0,26.5,61.4,1.0,1.0,5.0,Si,0.204,240.0,Tomatoes,Quindio,3.7,4.8,3.7,4.8
2024-10-02,54,T21_N2P2K0,,,,,,2.0,0.3358,221.0,74.0,0.0,,,,,,,,7.4,4.0,27.0,2.0,0.5,0.066,,70.34632034632035,,,,,,,,,,,,,,,,,Tomate ,Quindío,4.2,4.8,4.2,4.8
2024-10-02,55,T5_N0P0K2,,,,,,0.0,0.0,0.0,0.0,0.0,,,,,,,,,,,,,,,0.0,,,,,,,,,,,,,,,,,Tomate ,Quindío,5.4,4.8,5.4,4.8
2024-10-02,56,T5_N0P0K2,,,,,,0.0,0.0,0.0,0.0,0.0,,,,,,,,,,,,,,,0.0,25.0,35.0,70,6.61,21.2,25.1,353.0,23.5,26.4,63.1,1.0,1.0,5.0,Si,0.353,235.0,Tomatoes,Quindio,5.9,4.8,5.9,4.8
2024-10-02,57,T5_N0P0K2,,,,,,0.0,0.0,0.0,0.0,0.0,,,,,,,,,,,,,,,0.0,,,,,,,,,,,,,,,,,Tomate ,Quindío,6.4,4.8,6.4,4.8
2024-10-02,58,T30_BIO N2P2K2,,,,,,0.0,0.0,0.0,0.0,0.0,,,,,,,,,,,,,,,0.0,,,,,,,,,,,,,,,,,Tomate ,Quindío,7.6,4.8,7.6,4.8
2024-10-02,59,T30_BIO N2P2K2,,,,,,0.0,0.0,0.0,0.0,0.0,,,,,,,,,,,,,,,0.0,18.0,25.0,50,6.61,24.5,24.7,256.0,17.6,26.3,58.5,1.0,1.0,5.0,Si,0.256,176.0,Tomatoes,Quindio,8.1,4.8,8.1,4.8
2024-10-02,60,T30_BIO N2P2K2,,,,,,1.0,0.0478,156.0,43.0,0.0,,,,,,,,,,,,,,,49.65622612681436,,,,,,,,,,,,,,,,,Tomate ,Quindío,8.6,4.8,8.6,4.8
2024-10-02,61,T20_N2P1K0,,,,,,1.0,0.1289,204.0,60.5,0.0,,,,,,,,,,,,,,,64.93506493506493,,,,,,,,,,,,,,,,,Tomate ,Quindío,8.6,6.0,8.6,6.0
2024-10-02,62,T20_N2P1K0,,,,,,1.0,0.1756,220.0,71.5,0.0,,,,,,,,,,,,,,,70.0280112044818,6.0,8.0,17,6.57,23.2,24.7,87.0,24.3,26.3,67.0,1.0,1.0,5.0,Si,0.087,243.0,Tomatoes,Quindio,8.1,6.0,8.1,6.0
2024-10-02,63,T20_N2P1K0,,,,,,0.0,0.0,0.0,0.0,0.0,,,,,,,,,,,,,,,0.0,,,,,,,,,,,,,,,,,Tomate ,Quindío,7.6,6.0,7.6,6.0
2024-10-02,64,T18_N1P2K2,,,,,,0.0,0.0,0.0,0.0,0.0,,,,,,,,,,,,,,,0.0,,,,,,,,,,,,,,,,,Tomate ,Quindío,6.4,6.0,6.4,6.0
2024-10-02,65,T18_N1P2K2,,,,,,0.0,0.0,0.0,0.0,0.0,,,,,,,,,,,,,,,0.0,14.0,21.0,42,6.51,24.9,25.1,211.0,24.0,26.4,66.3,1.0,1.0,5.0,Si,0.211,240.0,Tomatoes,Quindio,5.9,6.0,5.9,6.0
2024-10-02,66,T18_N1P2K2,,,,,,0.0,0.0,0.0,0.0,0.0,,,,,,,,,,,,,,,0.0,,,,,,,,,,,,,,,,,Tomate ,Quindío,5.4,6.0,5.4,6.0
2024-10-02,67,T29_BIO N1P1K1,,,,,,0.0,0.0,0.0,0.0,0.0,,,,,,,,,,,,,,,0.0,,,,,,,,,,,,,,,,,Tomate ,Quindío,4.2,6.0,4.2,6.0
2024-10-02,68,T29_BIO N1P1K1,,,,,,0.0,0.0,0.0,0.0,0.0,,,,,,,,,,,,,,,0.0,13.0,19.0,38,6.34,21.5,25.1,195.0,25.2,26.7,60.1,1.0,1.0,5.0,Si,0.195,252.0,Tomatoes,Quindio,3.7,6.0,3.7,6.0
2024-10-02,69,T29_BIO N1P1K1,,,,,,0.0,0.0,0.0,0.0,0.0,,,,,,,,,,,,,,,0.0,,,,,,,,,,,,,,,,,Tomate ,Quindío,3.2,6.0,3.2,6.0
2024-10-02,70,T25_N2P1K2,,,,,,1.0,0.2106,237.0,71.0,0.0,,,,,,,,,,,,,,,75.43926661573721,,,,,,,,,,,,,,,,,Tomate ,Quindío,2.0,6.0,2.0,6.0
2024-10-02,71,T25_N2P1K2,,,,,,0.0,0.0,0.0,0.0,0.0,,,,,,,,,,,,,,,0.0,14.0,19.0,39,6.46,20.8,24.6,201.0,28.3,25.7,69.8,1.0,1.0,5.0,Si,0.201,283.0,Tomatoes,Quindio,1.5,6.0,1.5,6.0
2024-10-02,72,T25_N2P1K2,,,,,,0.0,0.0,0.0,0.0,0.0,,,,,,,,,,,,,,,0.0,,,,,,,,,,,,,,,,,Tomate ,Quindío,1.0,6.0,1.0,6.0
2024-10-02,73,T19_N2P0K0,,,,,,0.0,0.0,0.0,0.0,0.0,,,,,,,,,,,,,,,0.0,,,,,,,,,,,,,,,,,Tomate ,Quindío,1.0,7.2,1.0,7.2
2024-10-02,74,T19_N2P0K0,,,,,,0.0,0.0,0.0,0.0,0.0,,,,,,,,,,,,,,,0.0,20.0,28.0,56,6.34,21.9,25.0,284.0,26.9,25.7,65.9,1.0,1.0,5.0,Si,0.284,269.0,Tomatoes,Quindio,1.5,7.2,1.5,7.2
2024-10-02,75,T19_N2P0K0,,,,,,0.0,0.0,0.0,0.0,0.0,,,,,,,,,,,,,,,0.0,,,,,,,,,,,,,,,,,Tomate ,Quindío,2.0,7.2,2.0,7.2
2024-10-02,76,T2_N0P1K0,,,,,,0.0,0.0,0.0,0.0,0.0,,,,,,,,,,,,,,,0.0,,,,,,,,,,,,,,,,,Tomate ,Quindío,3.2,7.2,3.2,7.2
2024-10-02,77,T2_N0P1K0,,,,,,0.0,0.0,0.0,0.0,0.0,,,,,,,,,,,,,,,0.0,8.0,11.0,23,6.37,25.1,24.2,118.0,29.8,25.5,71.3,1.0,1.0,5.0,Si,0.118,298.0,Tomatoes,Quindio,3.7,7.2,3.7,7.2
2024-10-02,78,T2_N0P1K0,,,,,,0.0,0.0,0.0,0.0,0.0,,,,,,,,,,,,,,,0.0,,,,,,,,,,,,,,,,,Tomate ,Quindío,4.2,7.2,4.2,7.2
2024-10-02,79,T6_N0P1K1,,,,,,0.0,0.0,0.0,0.0,0.0,,,,,,,,,,,,,,,0.0,,,,,,,,,,,,,,,,,Tomate ,Quindío,5.4,7.2,5.4,7.2
2024-10-02,80,T6_N0P1K1,,,,,,0.0,0.0,0.0,0.0,0.0,,,,,,,,,,,,,,,0.0,12.0,16.0,33,6.37,23.9,23.8,171.0,29.0,25.4,67.3,1.0,1.0,5.0,Si,0.171,290.0,Tomatoes,Quindio,5.9,7.2,5.9,7.2
2024-10-02,81,T6_N0P1K1,,,,,,0.0,0.0,0.0,0.0,0.0,,,,,,,,,,,,,,,0.0,,,,,,,,,,,,,,,,,Tomate ,Quindío,6.4,7.2,6.4,7.2
2024-10-02,82,T17_N1P2K1,,,,,,0.0,0.0,0.0,0.0,0.0,,,,,,,,,,,,,,,0.0,,,,,,,,,,,,,,,,,Tomate ,Quindío,7.6,7.2,7.6,7.2
2024-10-02,83,T17_N1P2K1,,,,,,1.0,0.1517,210.0,64.0,0.0,,,,,,,,,,,,,,,66.84491978609626,9.0,13.0,28,6.42,25.9,23.8,138.0,26.9,25.5,66.4,1.0,1.0,5.0,Si,0.138,269.0,Tomatoes,Quindio,8.1,7.2,8.1,7.2
2024-10-02,84,T17_N1P2K1,,,,,,0.0,0.0,0.0,0.0,0.0,,,,,,,,,,,,,,,0.0,,,,,,,,,,,,,,,,,Tomate ,Quindío,8.6,7.2,8.6,7.2
2024-10-02,85,T11_N1P1K0,,,,,,0.0,0.0,0.0,0.0,0.0,,,,,,,,,,,,,,,0.0,,,,,,,,,,,,,,,,,Tomate ,Quindío,8.6,8.4,8.6,8.4
2024-10-02,86,T11_N1P1K0,,,,,,0.0,0.0,0.0,0.0,0.0,,,,,,,,,,,,,,,0.0,5.0,7.0,14,6.43,31.6,23.8,70.0,8.1,24.2,74.2,1.0,1.0,5.0,Si,0.07,81.0,Tomatoes,Quindio,8.1,8.4,8.1,8.4
2024-10-02,87,T11_N1P1K0,,,,,,1.0,0.1115,182.0,61.0,0.0,,,,,,,,,,,,,,,57.93226381461675,,,,,,,,,,,,,,,,,Tomate ,Quindío,7.6,8.4,7.6,8.4
2024-10-02,88,T8_N0P2K1,,,,,,1.0,0.1419,208.0,65.0,0.0,,,,,,,,,,,,,,,66.20830150241915,,,,,,,,,,,,,,,,,Tomate ,Quindío,6.4,8.4,6.4,8.4
2024-10-02,89,T8_N0P2K1,,,,,,0.0,0.0,0.0,0.0,0.0,,,,,,,,,,,,,,,0.0,18.0,25.0,50,6.48,22.4,23.8,254.0,27.6,25.5,69.4,1.0,1.0,5.0,Si,0.254,276.0,Tomatoes,Quindio,5.9,8.4,5.9,8.4
2024-10-02,90,T8_N0P2K1,,,,,,0.0,0.0,0.0,0.0,0.0,,,,,,,,,,,,,,,0.0,,,,,,,,,,,,,,,,,Tomate ,Quindío,5.4,8.4,5.4,8.4
2024-10-02,91,T9_N0P2K2,,,,,,0.0,0.0,0.0,0.0,0.0,,,,,,,,,,,,,,,0.0,,,,,,,,,,,,,,,,,Tomate ,Quindío,4.2,8.4,4.2,8.4
2024-10-02,92,T9_N0P2K2,223.0,,60.2,19.0,24.0,0.0,0.0,0.0,0.0,0.0,5.475,3650.0,145.0,46.0,1600.0,10.255,,7.01,25.5,20.0,6.0,17.0,0.182,,0.0,17.0,24.0,48,6.26,26.0,24.6,245.0,24.4,25.6,68.3,1.0,1.0,5.0,Si,0.245,244.0,Tomatoes,Quindio,3.7,8.4,3.7,8.4
2024-10-02,93,T9_N0P2K2,,,,,,0.0,0.0,0.0,0.0,0.0,,,,,,,,,,,,,,,0.0,,,,,,,,,,,,,,,,,Tomate ,Quindío,3.2,8.4,3.2,8.4
2024-10-02,94,T13_N1P0K1,,,,,,0.0,0.0,0.0,0.0,0.0,,,,,,,,,,,,,,,0.0,,,,,,,,,,,,,,,,,Tomate ,Quindío,2.0,8.4,2.0,8.4
2024-10-02,95,T13_N1P0K1,185.0,,59.9,23.0,6.0,0.0,0.0,0.0,0.0,0.0,5.425,3150.0,540.0,67.0,535.0,10.465,7.9,7.11,46.0,40.5,8.0,28.0,0.311,0.2,0.0,21.0,30.0,59,6.15,23.2,25.0,303.0,24.5,25.6,69.3,1.0,1.0,5.0,Si,0.303,245.0,Tomatoes,Quindio,1.5,8.4,1.5,8.4
2024-10-02,96,T13_N1P0K1,,,,,,0.0,0.0,0.0,0.0,0.0,,,,,,,,,,,,,,,0.0,,,,,,,,,,,,,,,,,Tomate ,Quindío,1.0,8.4,1.0,8.4
2024-10-02,97,T26_N2P2K1,,,,,,0.0,0.0,0.0,0.0,0.0,,,,,,,,,,,,,,,0.0,,,,,,,,,,,,,,,,,Tomate ,Quindío,1.0,9.6,1.0,9.6
2024-10-02,98,T26_N2P2K1,213.0,,57.1,26.0,7.0,0.0,0.0,0.0,0.0,0.0,5.57,3750.0,220.0,49.0,1100.0,10.325,,6.96,165.0,82.5,37.5,165.0,0.951,,0.0,14.0,20.0,41,6.49,28.1,24.6,208.0,30.3,25.4,70.3,1.0,1.0,5.0,Si,0.208,303.0,Tomatoes,Quindio,1.5,9.6,1.5,9.6
2024-10-02,99,T26_N2P2K1,,,,,,0.0,0.0,0.0,0.0,0.0,,,,,,,,,,,,,,,0.0,,,,,,,,,,,,,,,,,Tomate ,Quindío,2.0,9.6,2.0,9.6
2024-10-02,100,T16_N1P1K2,,,,,,0.0,0.0,0.0,0.0,0.0,,,,,,,,,,,,,,,0.0,,,,,,,,,,,,,,,,,Tomate ,Quindío,3.2,9.6,3.2,9.6
2024-10-02,101,T16_N1P1K2,210.0,,57.5,22.0,7.0,0.0,0.0,0.0,0.0,0.0,5.565,3300.0,265.0,40.0,55.0,9.34,,6.93,57.0,93.5,11.5,71.0,0.535,0.2,0.0,24.0,33.0,68,6.38,24.1,24.6,344.0,24.7,25.9,68.8,1.0,1.0,5.0,Si,0.344,247.0,Tomatoes,Quindio,3.7,9.6,3.7,9.6
2024-10-02,102,T16_N1P1K2,,,,,,0.0,0.0,0.0,0.0,0.0,,,,,,,,,,,,,,,0.0,,,,,,,,,,,,,,,,,Tomate ,Quindío,4.2,9.6,4.2,9.6
2024-10-02,103,T10_N1P0K0,,,,,,0.0,0.0,0.0,0.0,0.0,,,,,,,,,,,,,,,0.0,,,,,,,,,,,,,,,,,Tomate ,Quindío,5.4,9.6,5.4,9.6
2024-10-02,104,T10_N1P0K0,206.0,,58.2,23.0,14.0,0.0,0.0,0.0,0.0,0.0,5.405,3400.0,400.0,41.5,850.0,9.25,,6.67,22.5,130.0,11.0,53.0,0.483,,0.0,18.0,25.0,51,6.4,21.7,24.2,257.0,24.3,25.6,69.3,1.0,1.0,5.0,Si,0.257,243.0,Tomatoes,Quindio,5.9,9.6,5.9,9.6
2024-10-02,105,T10_N1P0K0,,,,,,0.0,0.0,0.0,0.0,0.0,,,,,,,,,,,,,,,0.0,,,,,,,,,,,,,,,,,Tomate ,Quindío,6.4,9.6,6.4,9.6
2024-10-02,106,T22_N2P0K1,,,,,,0.0,0.0,0.0,0.0,0.0,,,,,,,,,,,,,,,0.0,,,,,,,,,,,,,,,,,Tomate ,Quindío,7.6,9.6,7.6,9.6
2024-10-02,107,T22_N2P0K1,164.0,,56.1,20.0,7.0,0.0,0.0,0.0,0.0,0.0,5.575,3700.0,205.0,50.0,1850.0,10.195,,6.63,46.0,96.5,13.5,81.5,0.533,,0.0,14.0,20.0,40,6.47,24.0,24.2,205.0,23.5,25.5,66.5,1.0,1.0,5.0,Si,0.205,235.0,Tomatoes,Quindio,8.1,9.6,8.1,9.6
2024-10-02,108,T22_N2P0K1,,,,,,0.0,0.0,0.0,0.0,0.0,,,,,,,,,,,,,,,0.0,,,,,,,,,,,,,,,,,Tomate ,Quindío,8.6,9.6,8.6,9.6
2024-10-02,109,T12_N1P2K0,,,,,,0.0,0.0,0.0,0.0,0.0,,,,,,,,,,,,,,,0.0,,,,,,,,,,,,,,,,,Tomate ,Quindío,8.6,10.8,8.6,10.8
2024-10-02,110,T12_N1P2K0,203.0,,56.5,21.0,8.0,0.0,0.0,0.0,0.0,0.0,5.465,3100.0,455.0,44.0,730.0,9.82,5.7,6.79,15.0,40.0,4.0,25.0,0.169,,0.0,8.0,12.0,24,6.49,23.4,24.2,125.0,23.7,25.6,70.8,1.0,1.0,5.0,Si,0.125,237.0,Tomatoes,Quindio,8.1,10.8,8.1,10.8
2024-10-02,111,T12_N1P2K0,,,,,,0.0,0.0,0.0,0.0,0.0,,,,,,,,,,,,,,,0.0,,,,,,,,,,,,,,,,,Tomate ,Quindío,7.6,10.8,7.6,10.8
2024-10-02,112,T28_BIO-N0P0K0,,,,,,0.0,0.0,0.0,0.0,0.0,,,,,,,,,,,,,,,0.0,,,,,,,,,,,,,,,,,Tomate ,Quindío,6.4,10.8,6.4,10.8
2024-10-02,113,T28_BIO-N0P0K0,199.0,,56.2,25.0,12.0,0.0,0.0,0.0,0.0,0.0,5.36,3100.0,110.0,43.0,750.0,9.27,,6.99,10.0,7.0,3.0,6.0,0.066,,0.0,12.0,16.0,33,6.47,25.0,24.2,168.0,24.7,25.6,68.3,1.0,1.0,5.0,Si,0.168,247.0,Tomatoes,Quindio,5.9,10.8,5.9,10.8
2024-10-02,114,T28_BIO-N0P0K0,,,,,,0.0,0.0,0.0,0.0,0.0,,,,,,,,,,,,,,,0.0,,,,,,,,,,,,,,,,,Tomate ,Quindío,5.4,10.8,5.4,10.8
2024-10-02,115,T1_N0P0K0,,,,,,0.0,0.0,0.0,0.0,0.0,,,,,,,,,,,,,,,0.0,,,,,,,,,,,,,,,,,Tomate ,Quindío,4.2,10.8,4.2,10.8
2024-10-02,116,T1_N0P0K0,204.0,,52.1,30.0,16.0,0.0,0.0,0.0,0.0,0.0,5.545,3400.0,420.0,49.5,490.0,10.42,,6.66,42.0,86.0,7.0,45.5,0.41,,0.0,14.0,20.0,41,6.43,26.6,25.0,210.0,26.7,25.8,69.9,1.0,1.0,5.0,Si,0.21,267.0,Tomatoes,Quindio,3.7,10.8,3.7,10.8
2024-10-02,117,T1_N0P0K0,,,,,,0.0,0.0,0.0,0.0,0.0,,,,,,,,,,,,,,,0.0,,,,,,,,,,,,,,,,,Tomate ,Quindío,3.2,10.8,3.2,10.8
2024-10-02,118,T14_N1P0K2,,,,,,0.0,0.0,0.0,0.0,0.0,,,,,,,,,,,,,,,0.0,,,,,,,,,,,,,,,,,Tomate ,Quindío,2.0,10.8,2.0,10.8
2024-10-02,119,T14_N1P0K2,242.0,,56.3,20.0,21.0,0.0,0.0,0.0,0.0,0.0,5.635,3800.0,87.0,44.5,795.0,9.865,,6.52,61.5,110.0,14.0,100.0,0.555,,0.0,10.0,14.0,29,6.46,30.7,24.6,147.0,73.6,24.9,73.9,1.0,1.0,5.0,Si,0.147,736.0,Tomatoes,Quindio,1.5,10.8,1.5,10.8
2024-10-02,120,T14_N1P0K2,,,,,,0.0,0.0,0.0,0.0,0.0,,,,,,,,,,,,,,,0.0,,,,,,,,,,,,,,,,,Tomate ,Quindío,1.0,10.8,1.0,10.8
2024-10-02,121,T5_N0P0K2,,,,,,0.0,0.0,0.0,0.0,0.0,,,,,,,,,,,,,,,0.0,,,,,,,,,,,,,,,,,Tomate ,Quindío,1.0,12.0,1.0,12.0
2024-10-02,122,T5_N0P0K2,202.0,,51.6,25.0,9.0,0.0,0.0,0.0,0.0,0.0,5.505,3450.0,150.0,45.0,2050.0,9.925,,6.96,8.5,16.5,3.5,14.5,0.083,,0.0,10.0,14.0,29,6.35,26.2,23.0,144.0,63.4,23.3,77.6,1.0,1.0,5.0,Si,0.144,634.0,Tomatoes,Quindio,1.5,12.0,1.5,12.0
2024-10-02,123,T5_N0P0K2,,,,,,0.0,0.0,0.0,0.0,0.0,,,,,,,,,,,,,,,0.0,,,,,,,,,,,,,,,,,Tomate ,Quindío,2.0,12.0,2.0,12.0
2024-10-02,124,T30_BIO N2P2K2,,,,,,0.0,0.0,0.0,0.0,0.0,,,,,,,,,,,,,,,0.0,,,,,,,,,,,,,,,,,Tomate ,Quindío,3.2,12.0,3.2,12.0
2024-10-02,125,T30_BIO N2P2K2,227.0,,55.4,20.0,11.0,0.0,0.0,0.0,0.0,0.0,5.54,3100.0,120.0,42.0,840.0,9.95,,6.82,53.0,15.0,17.0,12.0,0.304,,0.0,18.0,25.0,52,6.51,23.6,22.6,263.0,25.8,22.6,77.4,1.0,1.0,5.0,Si,0.263,258.0,Tomatoes,Quindio,3.7,12.0,3.7,12.0
2024-10-02,126,T30_BIO N2P2K2,,,,,,0.0,0.0,0.0,0.0,0.0,,,,,,,,,,,,,,,0.0,,,,,,,,,,,,,,,,,Tomate ,Quindío,4.2,12.0,4.2,12.0
2024-10-02,127,T3_N0P2K0,,,,,,0.0,0.0,0.0,0.0,0.0,,,,,,,,,,,,,,,0.0,,,,,,,,,,,,,,,,,Tomate ,Quindío,5.4,12.0,5.4,12.0
2024-10-02,128,T3_N0P2K0,202.0,,53.1,27.0,9.0,0.0,0.0,0.0,0.0,0.0,5.48,3250.0,555.0,52.0,505.0,10.005,,6.92,9.0,34.5,4.0,22.0,0.142,,0.0,15.0,21.0,42,6.42,23.8,22.6,214.0,14.8,22.7,80.1,1.0,1.0,5.0,Si,0.214,148.0,Tomatoes,Quindio,5.9,12.0,5.9,12.0
2024-10-02,129,T3_N0P2K0,,,,,,0.0,0.0,0.0,0.0,0.0,,,,,,,,,,,,,,,0.0,,,,,,,,,,,,,,,,,Tomate ,Quindío,6.4,12.0,6.4,12.0
2024-10-02,130,T7_N0P1K2,,,,,,0.0,0.0,0.0,0.0,0.0,,,,,,,,,,,,,,,0.0,,,,,,,,,,,,,,,,,Tomate ,Quindío,7.6,12.0,7.6,12.0
2024-10-02,131,T7_N0P1K2,183.0,,52.1,19.0,6.0,0.0,0.0,0.0,0.0,0.0,5.485,3500.0,435.0,49.5,1300.0,10.87,,6.69,45.0,103.0,19.0,95.5,0.515,,0.0,13.0,18.0,37,6.58,24.1,22.6,189.0,11.2,22.7,79.2,1.0,1.0,5.0,Si,0.189,112.0,Tomatoes,Quindio,8.1,12.0,8.1,12.0
2024-10-02,132,T7_N0P1K2,,,,,,0.0,0.0,0.0,0.0,0.0,,,,,,,,,,,,,,,0.0,,,,,,,,,,,,,,,,,Tomate ,Quindío,8.6,12.0,8.6,12.0
2024-10-02,133,T21_N2P2K0,,,,,,0.0,0.0,0.0,0.0,0.0,,,,,,,,,,,,,,,0.0,,,,,,,,,,,,,,,,,Tomate ,Quindío,8.6,13.2,8.6,13.2
2024-10-02,134,T21_N2P2K0,210.0,,57.6,16.0,9.0,0.0,0.0,0.0,0.0,0.0,5.64,3050.0,190.0,49.0,530.0,7.555,,7.17,78.5,38.5,27.5,61.0,0.527,,0.0,18.0,26.0,52,6.45,26.0,22.6,263.0,12.6,22.7,76.8,1.0,1.0,5.0,Si,0.263,126.0,Tomatoes,Quindio,8.1,13.2,8.1,13.2
2024-10-02,135,T21_N2P2K0,,,,,,0.0,0.0,0.0,0.0,0.0,,,,,,,,,,,,,,,0.0,,,,,,,,,,,,,,,,,Tomate ,Quindío,7.6,13.2,7.6,13.2
2024-10-02,136,T23_N2P0K2,,,,,,0.0,0.0,0.0,0.0,0.0,,,,,,,,,,,,,,,0.0,,,,,,,,,,,,,,,,,Tomate ,Quindío,6.4,13.2,6.4,13.2
2024-10-02,137,T23_N2P0K2,208.0,,53.9,36.0,6.0,0.0,0.0,0.0,0.0,0.0,5.3,3050.0,825.0,43.5,975.0,10.94,,6.92,12.5,74.0,7.0,25.0,0.267,0.6,0.0,16.0,23.0,46,6.44,21.9,22.6,234.0,14.0,22.7,77.3,1.0,1.0,5.0,Si,0.234,140.0,Tomatoes,Quindio,5.9,13.2,5.9,13.2
2024-10-02,138,T23_N2P0K2,,,,,,1.0,0.1853,230.0,67.0,0.0,,,,,,,,,,,,,,,73.21110262286733,,,,,,,,,,,,,,,,,Tomate ,Quindío,5.4,13.2,5.4,13.2
2024-10-02,139,T20_N2P1K0,,,,,,0.0,0.0,0.0,0.0,0.0,,,,,,,,,,,,,,,0.0,,,,,,,,,,,,,,,,,Tomate ,Quindío,4.2,13.2,4.2,13.2
2024-10-02,140,T20_N2P1K0,206.0,,59.5,20.0,12.0,0.0,0.0,0.0,0.0,0.0,5.625,3400.0,305.0,45.5,1550.0,9.6,,6.88,7.5,32.5,2.5,15.0,0.116,,0.0,11.0,15.0,31,6.42,22.6,22.6,159.0,33.9,22.7,79.6,1.0,1.0,5.0,Si,0.159,339.0,Tomatoes,Quindio,3.7,13.2,3.7,13.2
2024-10-02,141,T20_N2P1K0,,,,,,0.0,0.0,0.0,0.0,0.0,,,,,,,,,,,,,,,0.0,,,,,,,,,,,,,,,,,Tomate ,Quindío,3.2,13.2,3.2,13.2
2024-10-02,142,T18_N1P2K2,,,,,,0.0,0.0,0.0,0.0,0.0,,,,,,,,,,,,,,,0.0,,,,,,,,,,,,,,,,,Tomate ,Quindío,2.0,13.2,2.0,13.2
2024-10-02,143,T18_N1P2K2,129.0,,56.2,21.0,6.0,0.0,0.0,0.0,0.0,0.0,5.45,3050.0,730.0,55.0,1300.0,10.915,2.5,6.86,13.5,22.0,3.0,12.0,0.129,,0.0,16.0,22.0,45,6.38,32.8,23.8,231.0,79.4,23.9,78.6,1.0,1.0,5.0,Si,0.231,794.0,Tomatoes,Quindio,1.5,13.2,1.5,13.2
2024-10-02,144,T18_N1P2K2,,,,,,0.0,0.0,0.0,0.0,0.0,,,,,,,,,,,,,,,0.0,,,,,,,,,,,,,,,,,Tomate ,Quindío,1.0,13.2,1.0,13.2
2024-10-02,145,T6_N0P1K1,,,,,,0.0,0.0,0.0,0.0,0.0,,,,,,,,,,,,,,,0.0,,,,,,,,,,,,,,,,,Tomate ,Quindío,1.0,14.4,1.0,14.4
2024-10-02,146,T6_N0P1K1,220.0,,54.7,29.0,6.0,0.0,0.0,0.0,0.0,0.0,5.525,3350.0,345.0,46.0,2150.0,9.745,,6.96,61.5,50.5,6.5,77.0,0.364,,0.0,12.0,17.0,35,6.57,35.7,23.0,178.0,27.0,23.8,69.8,1.0,1.0,5.0,Si,0.178,270.0,Tomatoes,Quindio,1.5,14.4,1.5,14.4
2024-10-02,147,T6_N0P1K1,,,,,,0.0,0.0,0.0,0.0,0.0,,,,,,,,,,,,,,,0.0,,,,,,,,,,,,,,,,,Tomate ,Quindío,2.0,14.4,2.0,14.4
2024-10-02,148,T17_N1P2K1,,,,,,0.0,0.0,0.0,0.0,0.0,,,,,,,,,,,,,,,0.0,,,,,,,,,,,,,,,,,Tomate ,Quindío,3.2,14.4,3.2,14.4
2024-10-02,149,T17_N1P2K1,200.0,,54.0,27.0,11.0,0.0,0.0,0.0,0.0,0.0,5.435,3500.0,130.0,52.0,450.0,9.555,,6.97,82.5,51.0,24.5,84.5,0.493,,0.0,12.0,17.0,35,6.44,23.9,23.0,181.0,26.3,23.7,72.5,1.0,1.0,5.0,Si,0.181,263.0,Tomatoes,Quindio,3.7,14.4,3.7,14.4
2024-10-02,150,T17_N1P2K1,,,,,,0.0,0.0,0.0,0.0,0.0,,,,,,,,,,,,,,,0.0,,,,,,,,,,,,,,,,,Tomate ,Quindío,4.2,14.4,4.2,14.4
2024-10-02,151,T25_N2P1K2,,,,,,1.0,0.1413,206.0,65.0,0.0,,,,,,,,,,,,,,,65.57168321874204,,,,,,,,,,,,,,,,,Tomate ,Quindío,5.4,14.4,5.4,14.4
2024-10-02,152,T25_N2P1K2,201.0,,52.2,24.0,16.0,1.0,0.1902,232.0,77.5,0.0,5.685,3550.0,165.0,49.5,2000.0,9.525,,6.84,63.0,98.5,8.0,150.0,0.492,,73.84772090654444,7.0,10.0,20,6.34,35.4,23.8,102.0,25.8,23.7,72.4,1.0,1.0,5.0,Si,0.102,258.0,Tomatoes,Quindio,5.9,14.4,5.9,14.4
2024-10-02,153,T25_N2P1K2,,,,,,0.0,0.0,0.0,0.0,0.0,,,,,,,,,,,,,,,0.0,,,,,,,,,,,,,,,,,Tomate ,Quindío,6.4,14.4,6.4,14.4
2024-10-02,154,T29_BIO N1P1K1,,,,,,0.0,0.0,0.0,0.0,0.0,,,,,,,,,,,,,,,0.0,,,,,,,,,,,,,,,,,Tomate ,Quindío,7.6,14.4,7.6,14.4
2024-10-02,155,T29_BIO N1P1K1,204.0,,54.6,21.0,2.0,0.0,0.0,0.0,0.0,0.0,5.35,3600.0,82.0,46.0,3600.0,10.32,,7.0,190.0,60.0,63.0,58.0,1.091,,0.0,16.0,23.0,46,6.34,25.4,22.6,236.0,10.2,23.1,74.3,1.0,1.0,5.0,Si,0.236,102.0,Tomatoes,Quindio,8.1,14.4,8.1,14.4
2024-10-02,156,T29_BIO N1P1K1,,,,,,2.0,0.3989,226.0,72.5,0.0,,,,,,,,,,,,,,,71.93786605551311,,,,,,,,,,,,,,,,,Tomate ,Quindío,8.6,14.4,8.6,14.4
2024-10-02,157,T2_N0P1K0,,,,,,0.0,0.0,0.0,0.0,0.0,,,,,,,,,,,,,,,0.0,,,,,,,,,,,,,,,,,Tomate ,Quindío,8.6,15.6,8.6,15.6
2024-10-02,158,T2_N0P1K0,209.0,,48.4,20.0,8.0,0.0,0.0,0.0,0.0,0.0,5.44,3500.0,290.0,44.0,1400.0,9.88,7.8,6.8,27.0,77.0,12.0,67.5,0.399,,0.0,4.0,6.0,12,6.42,21.4,22.6,61.0,11.2,23.4,73.8,1.0,1.0,5.0,Si,0.061,112.0,Tomatoes,Quindio,8.1,15.6,8.1,15.6
2024-10-02,159,T2_N0P1K0,,,,,,1.0,0.272,254.0,79.0,0.0,,,,,,,,,,,,,,,80.85052202699262,,,,,,,,,,,,,,,,,Tomate ,Quindío,7.6,15.6,7.6,15.6
2024-10-02,160,T19_N2P0K0,,,,,,0.0,0.0,0.0,0.0,0.0,,,,,,,,,,,,,,,0.0,,,,,,,,,,,,,,,,,Tomate ,Quindío,6.4,15.6,6.4,15.6
2024-10-02,161,T19_N2P0K0,175.0,,49.8,16.0,6.0,0.0,0.0,0.0,0.0,0.0,5.43,3350.0,110.0,47.5,2350.0,8.98,,7.0,8.0,29.5,4.0,21.0,0.112,,0.0,6.0,8.0,17,6.14,24.1,23.0,85.0,14.9,23.7,71.8,1.0,1.0,5.0,Si,0.085,149.0,Tomatoes,Quindio,5.9,15.6,5.9,15.6
2024-10-02,162,T19_N2P0K0,,,,,,1.0,0.187,220.0,70.5,0.0,,,,,,,,,,,,,,,70.0280112044818,,,,,,,,,,,,,,,,,Tomate ,Quindío,5.4,15.6,5.4,15.6
2024-10-02,163,T8_N0P2K1,,,,,,0.0,0.0,0.0,0.0,0.0,,,,,,,,,,,,,,,0.0,,,,,,,,,,,,,,,,,Tomate ,Quindío,4.2,15.6,4.2,15.6
2024-10-02,164,T8_N0P2K1,198.0,,59.5,18.0,4.0,0.0,0.0,0.0,0.0,0.0,5.28,3250.0,920.0,54.5,980.0,12.735,,6.84,31.0,140.0,16.5,72.5,0.557,0.2,0.0,6.0,8.0,17,6.29,28.0,23.4,87.0,24.7,23.5,74.3,1.0,1.0,5.0,Si,0.087,247.0,Tomatoes,Quindio,3.7,15.6,3.7,15.6
2024-10-02,165,T8_N0P2K1,,,,,,0.0,0.0,0.0,0.0,0.0,,,,,,,,,,,,,,,0.0,,,,,,,,,,,,,,,,,Tomate ,Quindío,3.2,15.6,3.2,15.6
2024-10-02,166,T15_N1P1K1,,,,,,0.0,0.0,0.0,0.0,0.0,,,,,,,,,,,,,,,0.0,,,,,,,,,,,,,,,,,Tomate ,Quindío,2.0,15.6,2.0,15.6
2024-10-02,167,T15_N1P1K1,204.0,,58.7,25.0,7.0,1.0,0.0787,172.0,58.0,0.0,5.415,3100.0,615.0,43.0,630.0,10.645,,6.86,18.5,66.0,6.0,70.5,0.261,,54.749172396231224,5.0,8.0,16,6.48,27.1,23.0,83.0,25.9,24.0,71.7,1.0,1.0,5.0,Si,0.083,259.0,Tomatoes,Quindio,1.5,15.6,1.5,15.6
2024-10-02,168,T15_N1P1K1,,,,,,0.0,0.0,0.0,0.0,0.0,,,,,,,,,,,,,,,0.0,,,,,,,,,,,,,,,,,Tomate ,Quindío,1.0,15.6,1.0,15.6
2024-10-02,169,T24_N2P1K1,,,,,,0.0,0.0,0.0,0.0,0.0,,,,,,,,,,,,,,,0.0,,,,,,,,,,,,,,,,,Tomate ,Quindío,1.0,16.8,1.0,16.8
2024-10-02,170,T24_N2P1K1,207.0,,58.0,18.0,10.0,0.0,0.0,0.0,0.0,0.0,5.4,3250.0,245.0,41.5,3000.0,9.985,5.0,6.84,17.5,49.0,9.5,53.5,0.231,,0.0,23.0,32.0,66,6.41,22.7,23.4,332.0,24.3,24.3,66.0,1.0,1.0,5.0,Si,0.332,243.0,Tomatoes,Quindio,1.5,16.8,1.5,16.8
2024-10-02,171,T24_N2P1K1,,,,,,0.0,0.0,0.0,0.0,0.0,,,,,,,,6.9,92.0,56.0,17.0,100.0,0.598,,0.0,,,,,,,,,,,,,,,,,Tomate ,Quindío,2.0,16.8,2.0,16.8
2024-10-02,172,T11_N1P1K0,,,,,,0.0,0.0,0.0,0.0,0.0,,,,,,,,,,,,,,,0.0,,,,,,,,,,,,,,,,,Tomate ,Quindío,3.2,16.8,3.2,16.8
2024-10-02,173,T11_N1P1K0,209.0,,55.8,33.0,13.0,0.0,0.0,0.0,0.0,0.0,5.655,3300.0,410.0,52.5,1700.0,10.22,,6.81,23.5,115.0,14.0,75.0,0.451,,0.0,8.0,12.0,24,6.59,25.7,23.4,124.0,19.9,24.7,67.7,1.0,1.0,5.0,Si,0.124,199.0,Tomatoes,Quindio,3.7,16.8,3.7,16.8
2024-10-02,174,T11_N1P1K0,,,,,,0.0,0.0,0.0,0.0,0.0,,,,,,,,,,,,,,,0.0,,,,,,,,,,,,,,,,,Tomate ,Quindío,4.2,16.8,4.2,16.8
2024-10-02,175,T27_N2P2K2,,,,,,0.0,0.0,0.0,0.0,0.0,,,,,,,,,,,,,,,0.0,,,,,,,,,,,,,,,,,Tomate ,Quindío,5.4,16.8,5.4,16.8
2024-10-02,176,T27_N2P2K2,210.0,,58.2,27.0,6.0,0.0,0.0,0.0,0.0,0.0,5.44,3400.0,595.0,54.0,760.0,10.625,,7.09,40.5,41.0,10.5,35.0,0.3,,0.0,4.0,5.0,11,6.55,26.1,23.4,60.0,17.6,24.8,69.8,1.0,1.0,5.0,Si,0.06,176.0,Tomatoes,Quindio,5.9,16.8,5.9,16.8
2024-10-02,177,T27_N2P2K2,,,,,,0.0,0.0,0.0,0.0,0.0,,,,,,,,,,,,,,,0.0,,,,,,,,,,,,,,,,,Tomate ,Quindío,6.4,16.8,6.4,16.8
2024-10-02,178,T4_N0P0K1,,,,,,0.0,0.0,0.0,0.0,0.0,,,,,,,,,,,,,,,0.0,,,,,,,,,,,,,,,,,Tomate ,Quindío,7.6,16.8,7.6,16.8
2024-10-02,179,T4_N0P0K1,203.0,,57.8,19.0,10.0,2.0,0.255,182.0,71.5,0.0,5.52,3200.0,210.0,49.5,600.0,9.105,,6.66,51.0,215.0,26.5,150.0,0.849,0.2,57.93226381461675,4.0,6.0,12,6.59,26.7,24.2,60.0,24.4,24.8,67.9,1.0,1.0,5.0,Si,0.06,244.0,Tomatoes,Quindio,8.1,16.8,8.1,16.8
2024-10-02,180,T4_N0P0K1,,,,,,1.0,0.1677,215.0,71.5,0.0,,,,,,,,,,,,,,,68.43646549528903,,,,,,,,,,,,,,,,,Tomate ,Quindío,8.6,16.8,8.6,16.8
2024-10-09,1,T27_N2P2K2,,,,,,5.0,1.005,220.0,70.0,0.0,,,,,,,,,,,,,,,70.0280112044818,,,,,,,,,,,,,,,,,Tomate ,Quindío,1.0,0.0,1.0,0.0
2024-10-09,2,T27_N2P2K2,,,,,,4.0,0.713,225.0,70.4,0.0,,,,,,,,,,,,,,,71.61955691367456,,,,,,,,,,,,,,,,,Tomate ,Quindío,1.5,0.0,1.5,0.0
2024-10-09,3,T27_N2P2K2,210.0,,61.7,29.0,8.0,2.0,0.341,200.0,70.0,0.0,5.5,3500.0,39.0,38.0,110.0,9.56,,7.5,30.0,21.0,11.0,22.0,0.169,,63.66182836771072,3.0,5.0,10,6.83,26.4,22.0,54.0,43.5,22.5,86.2,1.0,1.0,5.0,Si,0.054,435.0,Tomatoes,Quindio,2.0,0.0,2.0,0.0
2024-10-09,4,T24_N2P1K1,,,,,,2.0,0.249,195.0,60.6,0.0,,,,,,,,,,,,,,,62.070282658517954,,,,,,,,,,,,,,,,,Tomate ,Quindío,3.2,0.0,3.2,0.0
2024-10-09,5,T24_N2P1K1,,,,,,4.0,0.571,180.0,60.9,0.0,,,,,,,,,,,,,,,57.29564553093965,,,,,,,,,,,,,,,,,Tomate ,Quindío,3.7,0.0,3.7,0.0
2024-10-09,6,T24_N2P1K1,217.0,,63.6,24.0,3.0,2.0,0.214,180.0,70.0,0.0,5.5,3800.0,46.0,44.0,910.0,10.91,,6.8,41.0,8.0,2.0,15.0,0.179,,57.29564553093965,2.0,3.0,7,6.66,28.3,22.0,35.0,60.1,23.3,82.9,1.0,1.0,5.0,Si,0.035,601.0,Tomatoes,Quindio,4.2,0.0,4.2,0.0
2024-10-09,7,T4_N0P0K1,,,,,,0.0,0.0,0.0,0.0,0.0,,,,,,,,,,,,,,,0.0,,,,,,,,,,,,,,,,,Tomate ,Quindío,5.4,0.0,5.4,0.0
2024-10-09,8,T4_N0P0K1,,,,,,1.0,0.152,187.0,70.3,0.0,,,,,,,,,,,,,,,59.523809523809526,,,,,,,,,,,,,,,,,Tomate ,Quindío,5.9,0.0,5.9,0.0
2024-10-09,9,T4_N0P0K1,205.0,,58.2,20.0,3.0,1.0,0.152,187.0,70.9,0.0,5.5,3500.0,66.0,49.0,1200.0,11.47,,7.4,50.0,9.0,2.0,14.0,0.192,,59.523809523809526,3.0,5.0,10,6.61,25.5,22.8,55.0,65.9,24.2,74.5,1.0,1.0,5.0,Si,0.055,659.0,Tomatoes,Quindio,6.4,0.0,6.4,0.0
2024-10-09,10,T15_N1P1K1,,,,,,3.0,0.261,189.0,60.5,0.0,,,,,,,,,,,,,,,60.160427807486634,,,,,,,,,,,,,,,,,Tomate ,Quindío,7.6,0.0,7.6,0.0
2024-10-09,11,T15_N1P1K1,,,,,,3.0,0.446,215.0,60.7,0.0,,,,,,,,,,,,,,,68.43646549528903,,,,,,,,,,,,,,,,,Tomate ,Quindío,8.1,0.0,8.1,0.0
2024-10-09,12,T15_N1P1K1,211.0,,63.8,22.0,4.0,2.0,0.392,230.0,70.5,0.0,5.6,3300.0,39.0,36.0,1700.0,9.09,,7.2,25.0,15.0,2.0,14.0,0.139,,73.21110262286733,7.0,10.0,21,6.76,29.0,23.2,112.0,36.5,24.5,71.4,1.0,1.0,5.0,Si,0.112,365.0,Tomatoes,Quindio,8.6,0.0,8.6,0.0
2024-10-09,13,T9_N0P2K2,208.0,,54.2,18.0,5.0,2.0,0.355,210.0,70.0,0.0,5.7,3500.0,64.0,47.0,1700.0,9.94,,7.2,29.0,8.0,2.0,12.0,0.123,,66.84491978609626,3.0,4.0,9,6.53,30.0,24.0,48.0,55.9,26.1,66.6,1.0,1.0,5.0,Si,0.048,559.0,Tomatoes,Quindio,8.6,1.2,8.6,1.2
2024-10-09,14,T9_N0P2K2,,,,,,3.0,0.443,210.0,70.6,0.0,,,,,,,,,,,,,,,66.84491978609626,,,,,,,,,,,,,,,,,Tomate ,Quindío,8.1,1.2,8.1,1.2
2024-10-09,15,T9_N0P2K2,,,,,,2.0,0.387,230.0,60.7,0.0,,,,,,,,,,,,,,,73.21110262286733,,,,,,,,,,,,,,,,,Tomate ,Quindío,7.6,1.2,7.6,1.2
2024-10-09,16,T13_N1P0K1,213.0,,53.9,26.0,6.0,0.0,0.0,0.0,0.0,0.0,5.4,3400.0,300.0,45.0,700.0,10.2,,6.9,83.0,200.0,17.0,58.0,0.959,,0.0,7.0,11.0,22,6.61,17.4,25.2,111.0,51.3,26.1,67.7,1.0,1.0,5.0,Si,0.111,513.0,Tomatoes,Quindio,6.4,1.2,6.4,1.2
2024-10-09,17,T13_N1P0K1,,,,,,4.0,0.634,190.0,70.0,0.0,,,,,,,,,,,,,,,60.47873694932519,,,,,,,,,,,,,,,,,Tomate ,Quindío,5.9,1.2,5.9,1.2
2024-10-09,18,T13_N1P0K1,,,,,,3.0,0.263,172.0,70.2,0.0,,,,,,,,,,,,,,,54.749172396231224,,,,,,,,,,,,,,,,,Tomate ,Quindío,5.4,1.2,5.4,1.2
2024-10-09,19,T22_N2P0K1,260.0,,66.6,27.0,8.0,1.0,0.153,202.0,60.4,0.0,5.4,3600.0,320.0,58.0,1700.0,12.35,,7.9,62.0,19.0,3.0,18.0,0.256,,64.29844665138783,7.0,10.0,20,6.77,21.4,25.6,105.0,54.1,26.2,64.8,1.0,1.0,5.0,Si,0.105,541.0,Tomatoes,Quindio,4.2,1.2,4.2,1.2
2024-10-09,20,T22_N2P0K1,,,,,,3.0,0.515,212.0,70.4,0.0,,,,,,,,,,,,,,,67.48153806977336,,,,,,,,,,,,,,,,,Tomate ,Quindío,3.7,1.2,3.7,1.2
2024-10-09,21,T22_N2P0K1,,,,,,4.0,0.461,190.0,70.7,0.0,,,,,,,,,,,,,,,60.47873694932519,,,,,,,,,,,,,,,,,Tomate ,Quindío,3.2,1.2,3.2,1.2
2024-10-09,22,T10_N1P0K0,220.0,,64.6,33.0,6.0,0.0,0.0,0.0,0.0,0.0,5.4,3900.0,110.0,42.0,1000.0,11.83,,7.5,51.0,15.0,3.0,21.0,0.245,,0.0,2.0,3.0,6,6.76,20.3,25.2,32.0,43.4,26.5,65.3,1.0,1.0,5.0,Si,0.032,434.0,Tomatoes,Quindio,2.0,1.2,2.0,1.2
2024-10-09,23,T10_N1P0K0,,,,,,1.0,0.183,185.0,70.3,0.0,,,,,,,,,,,,,,,58.88719124013242,,,,,,,,,,,,,,,,,Tomate ,Quindío,1.5,1.2,1.5,1.2
2024-10-09,24,T10_N1P0K0,,,,,,2.0,0.184,182.0,50.8,0.0,,,,,,,,,,,,,,,57.93226381461675,,,,,,,,,,,,,,,,,Tomate ,Quindío,1.0,1.2,1.0,1.2
2024-10-09,25,T28_BIO-N0P0K0,,,,,,2.0,0.497,247.0,80.0,0.0,,,,,,,,,,,,,,,78.62235803412274,,,,,,,,,,,,,,,,,Tomate ,Quindío,1.0,2.4,1.0,2.4
2024-10-09,26,T28_BIO-N0P0K0,,,,,,2.0,0.464,245.0,70.7,0.0,,,,,,,,,,,,,,,77.98573975044563,,,,,,,,,,,,,,,,,Tomate ,Quindío,1.5,2.4,1.5,2.4
2024-10-09,27,T28_BIO-N0P0K0,240.0,,55.1,26.0,6.0,0.0,0.0,0.0,0.0,0.0,5.4,3400.0,180.0,38.0,200.0,10.37,,7.4,31.0,34.0,5.0,12.0,0.219,,0.0,4.0,6.0,13,6.78,27.3,25.2,68.0,43.8,26.3,63.4,1.0,1.0,5.0,Si,0.068,438.0,Tomatoes,Quindio,2.0,2.4,2.0,2.4
2024-10-09,28,T12_N1P2K0,,,,,,3.0,0.31,187.0,60.5,0.0,,,,,,,,,,,,,,,59.523809523809526,,,,,,,,,,,,,,,,,Tomate ,Quindío,3.2,2.4,3.2,2.4
2024-10-09,29,T12_N1P2K0,,,,,,2.0,0.08,149.0,40.8,0.0,,,,,,,,,,,,,,,47.428062133944486,,,,,,,,,,,,,,,,,Tomate ,Quindío,3.7,2.4,3.7,2.4
2024-10-09,30,T12_N1P2K0,230.0,,63.6,27.0,5.0,0.0,0.0,0.0,0.0,0.0,5.4,3500.0,71.0,40.0,1100.0,9.57,,7.7,31.0,14.0,3.0,18.0,0.15,,0.0,5.0,8.0,16,6.88,27.5,25.6,83.0,54.5,26.2,68.5,1.0,1.0,5.0,Si,0.083,545.0,Tomatoes,Quindio,4.2,2.4,4.2,2.4
2024-10-09,31,T26_N2P2K1,,,,,,2.0,0.323,210.0,70.0,0.0,,,,,,,,,,,,,,,66.84491978609626,,,,,,,,,,,,,,,,,Tomate ,Quindío,5.4,2.4,5.4,2.4
2024-10-09,32,T26_N2P2K1,,,,,,3.0,0.324,175.0,80.0,0.0,,,,,,,,,,,,,,,55.70409982174688,,,,,,,,,,,,,,,,,Tomate ,Quindío,5.9,2.4,5.9,2.4
2024-10-09,33,T26_N2P2K1,232.0,,59.1,23.0,4.0,1.0,0.198,226.0,70.6,0.0,5.5,3900.0,63.0,53.0,1300.0,11.42,,7.9,37.0,41.0,4.0,17.0,0.232,,71.93786605551311,5.0,7.0,15,6.84,28.0,26.0,77.0,53.3,26.3,66.1,1.0,1.0,5.0,Si,0.077,533.0,Tomatoes,Quindio,6.4,2.4,6.4,2.4
2024-10-09,34,T16_N1P1K2,,,,,,0.0,0.0,0.0,0.0,0.0,,,,,,,,,,,,,,,0.0,,,,,,,,,,,,,,,,,Tomate ,Quindío,7.6,2.4,7.6,2.4
2024-10-09,35,T16_N1P1K2,,,,,,3.0,0.429,195.0,70.3,0.0,,,,,,,,,,,,,,,62.070282658517954,,,,,,,,,,,,,,,,,Tomate ,Quindío,8.1,2.4,8.1,2.4
2024-10-09,36,T16_N1P1K2,218.0,,61.6,24.0,6.0,4.0,0.667,235.0,60.9,0.0,5.5,4300.0,110.0,60.0,2100.0,12.86,,7.9,15.0,28.0,4.0,14.0,0.164,,74.8026483320601,3.0,5.0,10,6.72,20.7,23.2,53.0,46.7,25.1,67.8,1.0,1.0,5.0,Si,0.053,467.0,Tomatoes,Quindio,8.6,2.4,8.6,2.4
2024-10-09,37,T1_N0P0K0,196.0,,60.3,20.0,10.0,3.0,0.283,200.0,90.0,0.0,5.5,4000.0,130.0,65.0,1000.0,12.02,,7.3,38.0,23.0,4.0,45.0,0.215,,63.66182836771072,16.0,23.0,47,6.85,23.2,24.0,246.0,24.5,25.5,66.0,1.0,1.0,5.0,Si,0.246,245.0,Tomatoes,Quindio,8.6,3.6,8.6,3.6
2024-10-09,38,T1_N0P0K0,,,,,,2.0,0.322,210.0,70.0,0.0,,,,,,,,,,,,,,,66.84491978609626,,,,,,,,,,,,,,,,,Tomate ,Quindío,8.1,3.6,8.1,3.6
2024-10-09,39,T1_N0P0K0,,,,,,3.0,0.358,160.0,60.4,0.0,,,,,,,,,,,,,,,50.92946269416858,,,,,,,,,,,,,,,,,Tomate ,Quindío,7.6,3.6,7.6,3.6
2024-10-09,40,T14_N1P0K2,208.0,,59.0,20.0,7.0,4.0,0.454,190.0,65.0,0.0,5.6,3500.0,150.0,46.0,1400.0,11.16,,7.6,9.0,21.0,2.0,9.0,0.095,,60.47873694932519,5.0,7.0,14,6.61,26.0,24.8,73.0,17.6,26.0,67.9,1.0,1.0,5.0,Si,0.073,176.0,Tomatoes,Quindio,6.4,3.6,6.4,3.6
2024-10-09,41,T14_N1P0K2,,,,,,2.0,0.263,195.0,65.0,0.0,,,,,,,,,,,,,,,62.070282658517954,,,,,,,,,,,,,,,,,Tomate ,Quindío,5.9,3.6,5.9,3.6
2024-10-09,42,T14_N1P0K2,,,,,,2.0,0.283,200.0,90.0,0.0,,,,,,,,,,,,,,,63.66182836771072,,,,,,,,,,,,,,,,,Tomate ,Quindío,5.4,3.6,5.4,3.6
2024-10-09,43,T7_N0P1K2,230.0,,57.2,15.0,5.0,5.0,0.822,215.0,60.7,0.0,5.5,3900.0,78.0,59.0,850.0,11.19,,7.2,51.0,33.0,5.0,70.0,0.369,,68.43646549528903,4.0,6.0,13,6.62,20.6,26.8,68.0,51.3,26.1,64.8,1.0,1.0,5.0,Si,0.068,513.0,Tomatoes,Quindio,4.2,3.6,4.2,3.6
2024-10-09,44,T7_N0P1K2,,,,,,4.0,0.563,220.0,68.0,0.0,,,,,,,,,,,,,,,70.0280112044818,,,,,,,,,,,,,,,,,Tomate ,Quindío,3.7,3.6,3.7,3.6
2024-10-09,45,T7_N0P1K2,,,,,,0.0,0.0,0.0,0.0,0.0,,,,,,,,,,,,,,,0.0,,,,,,,,,,,,,,,,,Tomate ,Quindío,3.2,3.6,3.2,3.6
2024-10-09,46,T3_N0P2K0,229.0,,60.2,21.0,6.0,2.0,0.349,195.0,80.5,0.0,5.5,3400.0,66.0,44.0,710.0,8.4,,7.1,100.0,27.0,4.0,76.0,0.441,,62.070282658517954,12.0,17.0,35,6.66,25.6,26.0,181.0,41.1,26.4,65.0,1.0,1.0,5.0,Si,0.181,411.0,Tomatoes,Quindio,2.0,3.6,2.0,3.6
2024-10-09,47,T3_N0P2K0,,,,,,3.0,0.601,235.0,70.7,0.0,,,,,,,,,,,,,,,74.8026483320601,,,,,,,,,,,,,,,,,Tomate ,Quindío,1.5,3.6,1.5,3.6
2024-10-09,48,T3_N0P2K0,,,,,,1.0,0.144,195.0,60.7,0.0,,,,,,,,,,,,,,,62.070282658517954,,,,,,,,,,,,,,,,,Tomate ,Quindío,1.0,3.6,1.0,3.6
2024-10-09,49,T23_N2P0K2,,,,,,2.0,0.415,230.0,70.3,0.0,,,,,,,,,,,,,,,73.21110262286733,,,,,,,,,,,,,,,,,Tomate ,Quindío,1.0,4.8,1.0,4.8
2024-10-09,50,T23_N2P0K2,,,,,,0.0,0.0,0.0,0.0,0.0,,,,,,,,,,,,,,,0.0,,,,,,,,,,,,,,,,,Tomate ,Quindío,1.5,4.8,1.5,4.8
2024-10-09,51,T23_N2P0K2,220.0,,61.2,24.0,6.0,3.0,0.468,220.0,70.0,0.0,5.3,3300.0,85.0,46.0,630.0,10.01,,7.1,10.0,26.0,3.0,9.0,0.113,,70.0280112044818,9.0,13.0,27,6.69,32.7,26.4,137.0,58.2,26.5,67.5,1.0,1.0,5.0,Si,0.137,582.0,Tomatoes,Quindio,2.0,4.8,2.0,4.8
2024-10-09,52,T21_N2P2K0,,,,,,2.0,0.274,210.0,65.0,0.0,,,,,,,,,,,,,,,66.84491978609626,,,,,,,,,,,,,,,,,Tomate ,Quindío,3.2,4.8,3.2,4.8
2024-10-09,53,T21_N2P2K0,,,,,,1.0,0.143,210.0,65.0,0.0,,,,,,,,,,,,,,,66.84491978609626,,,,,,,,,,,,,,,,,Tomate ,Quindío,3.7,4.8,3.7,4.8
2024-10-09,54,T21_N2P2K0,229.0,,55.5,29.0,9.0,1.0,0.343,210.0,70.4,0.0,5.3,3200.0,83.0,42.0,680.0,8.35,,7.3,11.0,23.0,2.0,11.0,0.103,,66.84491978609626,4.0,6.0,12,6.74,27.8,26.0,67.0,42.0,26.1,67.7,1.0,1.0,5.0,Si,0.067,420.0,Tomatoes,Quindio,4.2,4.8,4.2,4.8
2024-10-09,55,T5_N0P0K2,,,,,,5.0,0.7,217.5,65.0,0.0,,,,,,,,,,,,,,,69.2322383498854,,,,,,,,,,,,,,,,,Tomate ,Quindío,5.4,4.8,5.4,4.8
2024-10-09,56,T5_N0P0K2,,,,,,0.0,0.0,0.0,0.0,0.0,,,,,,,,,,,,,,,0.0,,,,,,,,,,,,,,,,,Tomate ,Quindío,5.9,4.8,5.9,4.8
2024-10-09,57,T5_N0P0K2,119.0,,56.2,11.0,2.0,2.0,0.411,238.0,70.2,0.0,5.4,3600.0,44.0,45.0,1800.0,10.9,,6.9,53.0,5.0,2.0,48.0,0.195,,75.75757575757576,2.0,3.0,7,6.59,28.0,24.4,39.0,24.4,25.8,66.6,1.0,1.0,5.0,Si,0.039,244.0,Tomatoes,Quindio,6.4,4.8,6.4,4.8
2024-10-09,58,T30_BIO N2P2K2,,,,,,1.0,0.174,210.0,70.3,0.0,,,,,,,,,,,,,,,66.84491978609626,,,,,,,,,,,,,,,,,Tomate ,Quindío,7.6,4.8,7.6,4.8
2024-10-09,59,T30_BIO N2P2K2,,,,,,1.0,0.109,195.0,50.7,0.0,,,,,,,,,,,,,,,62.070282658517954,,,,,,,,,,,,,,,,,Tomate ,Quindío,8.1,4.8,8.1,4.8
2024-10-09,60,T30_BIO N2P2K2,217.0,,58.8,25.0,8.0,2.0,0.418,215.0,70.1,0.0,5.3,3900.0,180.0,54.0,1000.0,12.35,,6.8,28.0,19.0,5.0,12.0,0.169,,68.43646549528903,16.0,23.0,46,6.88,33.4,23.6,233.0,24.5,25.2,69.5,1.0,1.0,5.0,Si,0.233,245.0,Tomatoes,Quindio,8.6,4.8,8.6,4.8
2024-10-09,61,T20_N2P1K0,224.0,,61.1,31.0,9.0,9.0,1.406,200.0,65.5,0.0,5.4,3600.0,83.0,46.0,1300.0,10.19,,7.1,23.0,26.0,2.0,16.0,0.151,,63.66182836771072,8.0,12.0,24,6.74,21.3,23.6,125.0,24.5,24.8,70.3,1.0,1.0,5.0,Si,0.125,245.0,Tomatoes,Quindio,8.6,6.0,8.6,6.0
2024-10-09,62,T20_N2P1K0,,,,,,1.0,0.176,210.0,70.5,0.0,,,,,,,,,,,,,,,66.84491978609626,,,,,,,,,,,,,,,,,Tomate ,Quindío,8.1,6.0,8.1,6.0
2024-10-09,63,T20_N2P1K0,,,,,,5.0,0.727,190.0,65.0,0.0,,,,,,,,,,,,,,,60.47873694932519,,,,,,,,,,,,,,,,,Tomate ,Quindío,7.6,6.0,7.6,6.0
2024-10-09,64,T18_N1P2K2,212.0,,52.3,22.0,7.0,2.0,0.303,225.0,70.4,0.0,5.4,3500.0,120.0,52.0,1800.0,11.08,,6.7,100.0,66.0,5.0,170.0,0.523,,71.61955691367456,18.0,25.0,52,6.71,22.6,23.4,265.0,26.7,24.3,70.9,1.0,1.0,5.0,Si,0.265,267.0,Tomatoes,Quindio,6.4,6.0,6.4,6.0
2024-10-09,65,T18_N1P2K2,,,,,,3.0,0.438,195.0,64.0,0.0,,,,,,,,,,,,,,,62.070282658517954,,,,,,,,,,,,,,,,,Tomate ,Quindío,5.9,6.0,5.9,6.0
2024-10-09,66,T18_N1P2K2,,,,,,1.0,0.045,145.0,40.3,0.0,,,,,,,,,,,,,,,46.154825566590276,,,,,,,,,,,,,,,,,Tomate ,Quindío,5.4,6.0,5.4,6.0
2024-10-09,67,T29_BIO N1P1K1,229.0,,59.3,27.0,2.0,4.0,0.418,210.0,60.8,0.0,5.5,3800.0,140.0,55.0,1600.0,11.51,,7.4,17.0,18.0,3.0,110.0,0.117,,66.84491978609626,18.0,25.0,52,6.71,22.6,23.4,265.0,26.7,24.3,70.9,1.0,1.0,5.0,Si,0.265,267.0,Tomatoes,Quindio,4.2,6.0,4.2,6.0
2024-10-09,68,T29_BIO N1P1K1,,,,,,4.0,0.504,19.0,60.5,0.0,,,,,,,,,,,,,,,6.047873694932519,,,,,,,,,,,,,,,,,Tomate ,Quindío,3.7,6.0,3.7,6.0
2024-10-09,69,T29_BIO N1P1K1,,,,,,3.0,0.419,205.0,70.2,0.0,,,,,,,,,,,,,,,65.25337407690348,,,,,,,,,,,,,,,,,Tomate ,Quindío,3.2,6.0,3.2,6.0
2024-10-09,70,T25_N2P1K2,215.0,,56.4,22.0,4.0,4.0,0.689,220.0,70.0,0.0,5.3,3600.0,120.0,51.0,720.0,10.86,,6.5,59.0,23.0,3.0,21.0,0.28,,70.0280112044818,2.0,3.0,7,6.31,0.0,26.8,35.0,89.5,25.9,70.6,1.0,1.0,5.0,Si,0.035,895.0,Tomatoes,Quindio,2.0,6.0,2.0,6.0
2024-10-09,71,T25_N2P1K2,,,,,,4.0,0.739,23.5,70.2,0.0,,,,,,,,,,,,,,,7.48026483320601,,,,,,,,,,,,,,,,,Tomate ,Quindío,1.5,6.0,1.5,6.0
2024-10-09,72,T25_N2P1K2,,,,,,3.0,0.555,220.0,70.5,0.0,,,,,,,,,,,,,,,70.0280112044818,,,,,,,,,,,,,,,,,Tomate ,Quindío,1.0,6.0,1.0,6.0
2024-10-09,73,T19_N2P0K0,,,,,,3.0,0.435,240.0,70.0,0.0,,,,,,,,,,,,,,,76.39419404125286,,,,,,,,,,,,,,,,,Tomate ,Quindío,1.0,7.2,1.0,7.2
2024-10-09,74,T19_N2P0K0,,,,,,1.0,0.151,232.0,70.6,0.0,,,,,,,,,,,,,,,73.84772090654444,,,,,,,,,,,,,,,,,Tomate ,Quindío,1.5,7.2,1.5,7.2
2024-10-09,75,T19_N2P0K0,213.0,,58.0,32.0,6.0,3.0,0.463,236.0,70.2,0.0,5.4,3100.0,170.0,42.0,280.0,9.62,,7.3,44.0,14.0,3.0,42.0,0.188,,75.12095747389866,,,,,,,,,,,,,,,,,Tomate ,Quindío,2.0,7.2,2.0,7.2
2024-10-09,76,T2_N0P1K0,,,,,,3.0,0.318,220.0,70.2,0.0,,,,,,,,,,,,,,,70.0280112044818,,,,,,,,,,,,,,,,,Tomate ,Quindío,3.2,7.2,3.2,7.2
2024-10-09,77,T2_N0P1K0,,,,,,0.0,0.0,0.0,0.0,0.0,,,,,,,,,,,,,,,0.0,,,,,,,,,,,,,,,,,Tomate ,Quindío,3.7,7.2,3.7,7.2
2024-10-09,78,T2_N0P1K0,209.0,,49.6,31.0,5.0,4.0,0.473,191.3,60.5,0.0,5.4,3500.0,150.0,46.0,560.0,10.29,,6.8,98.0,57.0,9.0,90.0,0.511,,60.89253883371531,8.0,12.0,24,6.65,26.4,26.7,123.0,23.8,25.0,73.0,1.0,1.0,5.0,Si,0.123,238.0,Tomatoes,Quindio,4.2,7.2,4.2,7.2
2024-10-09,79,T6_N0P1K1,,,,,,0.0,0.0,0.0,0.0,0.0,,,,,,,,,,,,,,,0.0,,,,,,,,,,,,,,,,,Tomate ,Quindío,5.4,7.2,5.4,7.2
2024-10-09,80,T6_N0P1K1,,,,,,4.0,0.477,203.0,70.3,0.0,,,,,,,,,,,,,,,64.61675579322639,,,,,,,,,,,,,,,,,Tomate ,Quindío,5.9,7.2,5.9,7.2
2024-10-09,81,T6_N0P1K1,236.0,,54.6,26.0,10.0,4.0,0.566,204.0,70.0,0.0,5.5,3700.0,88.0,59.0,2400.0,11.45,,6.4,180.0,130.0,9.0,130.0,1.024,,64.93506493506493,5.0,7.0,14,6.79,22.3,23.2,72.0,26.7,24.5,71.0,1.0,1.0,5.0,Si,0.072,267.0,Tomatoes,Quindio,6.4,7.2,6.4,7.2
2024-10-09,82,T17_N1P2K1,,,,,,4.0,0.71,222.0,70.5,0.0,,,,,,,,,,,,,,,70.6646294881589,,,,,,,,,,,,,,,,,Tomate ,Quindío,7.6,7.2,7.6,7.2
2024-10-09,83,T17_N1P2K1,,,,,,3.0,0.514,225.0,70.6,0.0,,,,,,,,,,,,,,,71.61955691367456,,,,,,,,,,,,,,,,,Tomate ,Quindío,8.1,7.2,8.1,7.2
2024-10-09,84,T17_N1P2K1,224.0,,50.7,28.0,8.0,0.0,0.0,0.0,0.0,0.0,5.5,4100.0,65.0,46.0,620.0,10.83,,7.4,160.0,50.0,13.0,120.0,0.697,,0.0,13.0,18.0,36,6.79,26.7,23.2,184.0,25.2,24.6,71.5,1.0,1.0,5.0,Si,0.184,252.0,Tomatoes,Quindio,8.6,7.2,8.6,7.2
2024-10-09,85,T11_N1P1K0,216.0,,52.2,24.0,7.0,2.0,0.233,180.0,70.4,0.0,5.3,3200.0,160.0,40.0,440.0,9.78,,6.9,70.0,14.0,5.0,43.0,0.279,,57.29564553093965,8.0,12.0,23,6.57,0.0,26.4,119.0,52.3,27.5,60.0,1.0,1.0,5.0,Si,0.119,523.0,Tomatoes,Quindio,8.6,8.4,8.6,8.4
2024-10-09,86,T11_N1P1K0,,,,,,2.0,0.18,185.0,60.5,0.0,,,,,,,,,,,,,,,58.88719124013242,,,,,,,,,,,,,,,,,Tomate ,Quindío,8.1,8.4,8.1,8.4
2024-10-09,87,T11_N1P1K0,,,,,,6.0,0.576,175.0,55.15,0.0,,,,,,,,,,,,,,,55.70409982174688,,,,,,,,,,,,,,,,,Tomate ,Quindío,7.6,8.4,7.6,8.4
2024-10-09,88,T8_N0P2K1,235.0,,58.7,36.0,9.0,4.0,0.652,220.0,70.7,0.0,5.3,3700.0,100.0,45.0,1500.0,11.13,,7.3,53.0,40.0,5.0,51.0,0.284,,70.0280112044818,11.0,16.0,32,6.63,0.0,26.8,165.0,29.7,27.9,59.9,1.0,1.0,5.0,Si,0.165,297.0,Tomatoes,Quindio,6.4,8.4,6.4,8.4
2024-10-09,89,T8_N0P2K1,,,,,,0.0,0.0,0.0,0.0,0.0,,,,,,,,,,,,,,,0.0,,,,,,,,,,,,,,,,,Tomate ,Quindío,5.9,8.4,5.9,8.4
2024-10-09,90,T8_N0P2K1,,,,,,4.0,0.591,222.0,70.5,0.0,,,,,,,,,,,,,,,70.6646294881589,,,,,,,,,,,,,,,,,Tomate ,Quindío,5.4,8.4,5.4,8.4
2024-10-09,91,T9_N0P2K2,,,,,,3.0,0.396,225.0,70.5,0.0,,,,,,,,,,,,,,,71.61955691367456,8.0,11.0,23,6.67,0.0,27.2,116.0,43.1,27.9,64.2,1.0,1.0,5.0,Si,0.116,431.0,Tomatoes,Quindio,4.2,8.4,4.2,8.4
2024-10-09,92,T9_N0P2K2,,,,,,4.0,0.717,235.0,70.0,0.0,,,,,,,,,,,,,,,74.8026483320601,,,,,,,,,,,,,,,,,Tomate ,Quindío,3.7,8.4,3.7,8.4
2024-10-09,93,T9_N0P2K2,,,,,,1.0,0.24,247.0,70.7,0.0,,,,,,,,,,,,,,,78.62235803412274,,,,,,,,,,,,,,,,,Tomate ,Quindío,3.2,8.4,3.2,8.4
2024-10-09,94,T13_N1P0K1,,,,,,0.0,0.0,0.0,0.0,0.0,,,,,,,,,,,,,,,0.0,13.0,19.0,38,6.73,0.0,26.8,193.0,89.5,26.8,70.3,1.0,1.0,5.0,Si,0.193,895.0,Tomatoes,Quindio,2.0,8.4,2.0,8.4
2024-10-09,95,T13_N1P0K1,,,,,,5.0,0.693,107.75,60.5,0.0,,,,,,,,,,,,,,,34.29781003310415,,,,,,,,,,,,,,,,,Tomate ,Quindío,1.5,8.4,1.5,8.4
2024-10-09,96,T13_N1P0K1,,,,,,2.0,0.235,190.0,60.2,0.0,,,,,,,,,,,,,,,60.47873694932519,,,,,,,,,,,,,,,,,Tomate ,Quindío,1.0,8.4,1.0,8.4
2024-10-09,97,T26_N2P2K1,,,,,,1.0,0.251,250.0,60.9,0.0,,,,,,,,,,,,,,,79.5772854596384,,,,,,,,,,,,,,,,,Tomate ,Quindío,1.0,9.6,1.0,9.6
2024-10-09,98,T26_N2P2K1,,,,,,4.0,0.564,225.0,70.4,0.0,,,,,,,,,,,,,,,71.61955691367456,,,,,,,,,,,,,,,,,Tomate ,Quindío,1.5,9.6,1.5,9.6
2024-10-09,99,T26_N2P2K1,,,,,,3.0,0.361,203.0,70.5,0.0,,,,,,,,,,,,,,,64.61675579322639,10.0,14.0,28,6.64,0.0,26.8,147.0,79.2,27.4,70.9,1.0,1.0,5.0,Si,0.147,792.0,Tomatoes,Quindio,2.0,9.6,2.0,9.6
2024-10-09,100,T16_N1P1K2,,,,,,0.0,0.0,0.0,0.0,0.0,,,,,,,,,,,,,,,0.0,,,,,,,,,,,,,,,,,Tomate ,Quindío,3.2,9.6,3.2,9.6
2024-10-09,101,T16_N1P1K2,,,,,,2.0,0.365,230.0,70.5,0.0,,,,,,,,,,,,,,,73.21110262286733,,,,,,,,,,,,,,,,,Tomate ,Quindío,3.7,9.6,3.7,9.6
2024-10-09,102,T16_N1P1K2,,,,,,1.0,0.172,235.0,70.6,0.0,,,,,,,,,,,,,,,74.8026483320601,9.0,13.0,26,6.64,0.0,27.2,135.0,50.7,27.9,60.1,1.0,1.0,5.0,Si,0.135,507.0,Tomatoes,Quindio,4.2,9.6,4.2,9.6
2024-10-09,103,T10_N1P0K0,,,,,,,,,,0.0,,,,,,,,,,,,,,,,,,,,,,,,,,,,,,,,Tomate ,Quindío,5.4,9.6,5.4,9.6
2024-10-09,104,T10_N1P0K0,,,,,,1.0,0.196,230.0,80.0,0.0,,,,,,,,,,,,,,,73.21110262286733,,,,,,,,,,,,,,,,,Tomate ,Quindío,5.9,9.6,5.9,9.6
2024-10-09,105,T10_N1P0K0,,,,,,2.0,0.383,225.0,70.0,0.0,,,,,,,,,,,,,,,71.61955691367456,7.0,10.0,20,6.72,0.0,26.4,105.0,88.9,27.6,57.3,1.0,1.0,5.0,Si,0.105,889.0,Tomatoes,Quindio,6.4,9.6,6.4,9.6
2024-10-09,106,T22_N2P0K1,,,,,,0.0,0.0,0.0,0.0,0.0,,,,,,,,,,,,,,,0.0,,,,,,,,,,,,,,,,,Tomate ,Quindío,7.6,9.6,7.6,9.6
2024-10-09,107,T22_N2P0K1,,,,,,0.0,0.0,0.0,0.0,0.0,,,,,,,,,,,,,,,0.0,,,,,,,,,,,,,,,,,Tomate ,Quindío,8.1,9.6,8.1,9.6
2024-10-09,108,T22_N2P0K1,,,,,,2.0,0.205,220.0,70.2,0.0,,,,,,,,,,,,,,,70.0280112044818,,,,,,,,,,,,,,,,,Tomate ,Quindío,8.6,9.6,8.6,9.6
2024-10-09,109,T12_N1P2K0,,,,,,4.0,0.328,195.0,60.5,0.0,,,,,,,,,,,,,,,62.070282658517954,,,,,,,,,,,,,,,,,Tomate ,Quindío,8.6,10.8,8.6,10.8
2024-10-09,110,T12_N1P2K0,,,,,,1.0,0.127,185.0,60.7,0.0,,,,,,,,,,,,,,,58.88719124013242,,,,,,,,,,,,,,,,,Tomate ,Quindío,8.1,10.8,8.1,10.8
2024-10-09,111,T12_N1P2K0,,,,,,2.0,0.325,205.0,70.5,0.0,,,,,,,,,,,,,,,65.25337407690348,,,,,,,,,,,,,,,,,Tomate ,Quindío,7.6,10.8,7.6,10.8
2024-10-09,112,T28_BIO-N0P0K0,,,,,,1.0,0.023,170.0,50.4,0.0,,,,,,,,,,,,,,,54.112554112554115,,,,,,,,,,,,,,,,,Tomate ,Quindío,6.4,10.8,6.4,10.8
2024-10-09,113,T28_BIO-N0P0K0,,,,,,0.0,0.0,0.0,0.0,0.0,,,,,,,,,,,,,,,0.0,,,,,,,,,,,,,,,,,Tomate ,Quindío,5.9,10.8,5.9,10.8
2024-10-09,114,T28_BIO-N0P0K0,,,,,,1.0,0.046,200.0,70.6,0.0,,,,,,,,,,,,,,,63.66182836771072,,,,,,,,,,,,,,,,,Tomate ,Quindío,5.4,10.8,5.4,10.8
2024-10-09,115,T1_N0P0K0,,,,,,,,,,0.0,,,,,,,,,,,,,,,,,,,,,,,,,,,,,,,,Tomate ,Quindío,4.2,10.8,4.2,10.8
2024-10-09,116,T1_N0P0K0,,,,,,3.0,0.34,215.0,70.0,0.0,,,,,,,,,,,,,,,68.43646549528903,,,,,,,,,,,,,,,,,Tomate ,Quindío,3.7,10.8,3.7,10.8
2024-10-09,117,T1_N0P0K0,,,,,,4.0,0.437,216.0,70.6,0.0,,,,,,,,,,,,,,,68.75477463712758,,,,,,,,,,,,,,,,,Tomate ,Quindío,3.2,10.8,3.2,10.8
2024-10-09,118,T14_N1P0K2,,,,,,0.0,0.0,0.0,0.0,0.0,,,,,,,,,,,,,,,0.0,,,,,,,,,,,,,,,,,Tomate ,Quindío,2.0,10.8,2.0,10.8
2024-10-09,119,T14_N1P0K2,,,,,,3.0,0.582,240.0,70.6,0.0,,,,,,,,,,,,,,,76.39419404125286,,,,,,,,,,,,,,,,,Tomate ,Quindío,1.5,10.8,1.5,10.8
2024-10-09,120,T14_N1P0K2,,,,,,0.0,0.0,0.0,0.0,0.0,,,,,,,,,,,,,,,0.0,,,,,,,,,,,,,,,,,Tomate ,Quindío,1.0,10.8,1.0,10.8
2024-10-09,121,T5_N0P0K2,,,,,,1.0,0.136,188.0,70.0,0.0,,,,,,,,,,,,,,,59.84211866564808,,,,,,,,,,,,,,,,,Tomate ,Quindío,1.0,12.0,1.0,12.0
2024-10-09,122,T5_N0P0K2,,,,,,2.0,0.287,210.0,60.5,0.0,,,,,,,,,,,,,,,66.84491978609626,,,,,,,,,,,,,,,,,Tomate ,Quindío,1.5,12.0,1.5,12.0
2024-10-09,123,T5_N0P0K2,,,,,,3.0,0.383,215.0,60.7,0.0,,,,,,,,,,,,,,,68.43646549528903,,,,,,,,,,,,,,,,,Tomate ,Quindío,2.0,12.0,2.0,12.0
2024-10-09,124,T30_BIO N2P2K2,,,,,,3.0,0.419,210.0,70.0,0.0,,,,,,,,,,,,,,,66.84491978609626,,,,,,,,,,,,,,,,,Tomate ,Quindío,3.2,12.0,3.2,12.0
2024-10-09,125,T30_BIO N2P2K2,,,,,,3.0,0.4,220.0,60.7,0.0,,,,,,,,,,,,,,,70.0280112044818,,,,,,,,,,,,,,,,,Tomate ,Quindío,3.7,12.0,3.7,12.0
2024-10-09,126,T30_BIO N2P2K2,,,,,,4.0,0.42,240.0,70.5,0.0,,,,,,,,,,,,,,,76.39419404125286,,,,,,,,,,,,,,,,,Tomate ,Quindío,4.2,12.0,4.2,12.0
2024-10-09,127,T3_N0P2K0,,,,,,1.0,0.17,270.0,80.0,0.0,,,,,,,,,,,,,,,85.94346829640948,,,,,,,,,,,,,,,,,Tomate ,Quindío,5.4,12.0,5.4,12.0
2024-10-09,128,T3_N0P2K0,,,,,,2.0,0.254,228.0,70.1,0.0,,,,,,,,,,,,,,,72.57448433919022,,,,,,,,,,,,,,,,,Tomate ,Quindío,5.9,12.0,5.9,12.0
2024-10-09,129,T3_N0P2K0,,,,,,1.0,0.128,194.0,60.9,0.0,,,,,,,,,,,,,,,61.7519735166794,,,,,,,,,,,,,,,,,Tomate ,Quindío,6.4,12.0,6.4,12.0
2024-10-09,130,T7_N0P1K2,,,,,,3.0,0.354,220.0,70.5,0.0,,,,,,,,,,,,,,,70.0280112044818,,,,,,,,,,,,,,,,,Tomate ,Quindío,7.6,12.0,7.6,12.0
2024-10-09,131,T7_N0P1K2,,,,,,3.0,0.351,235.0,70.0,0.0,,,,,,,,,,,,,,,74.8026483320601,,,,,,,,,,,,,,,,,Tomate ,Quindío,8.1,12.0,8.1,12.0
2024-10-09,132,T7_N0P1K2,,,,,,0.0,0.0,0.0,0.0,0.0,,,,,,,,,,,,,,,0.0,,,,,,,,,,,,,,,,,Tomate ,Quindío,8.6,12.0,8.6,12.0
2024-10-09,133,T21_N2P2K0,,,,,,3.0,0.494,23.5,70.3,0.0,,,,,,,,,,,,,,,7.48026483320601,,,,,,,,,,,,,,,,,Tomate ,Quindío,8.6,13.2,8.6,13.2
2024-10-09,134,T21_N2P2K0,,,,,,0.0,0.0,0.0,0.0,0.0,,,,,,,,,,,,,,,0.0,,,,,,,,,,,,,,,,,Tomate ,Quindío,8.1,13.2,8.1,13.2
2024-10-09,135,T21_N2P2K0,,,,,,2.0,0.387,220.0,70.5,0.0,,,,,,,,,,,,,,,70.0280112044818,,,,,,,,,,,,,,,,,Tomate ,Quindío,7.6,13.2,7.6,13.2
2024-10-09,136,T23_N2P0K2,,,,,,3.0,0.33,230.0,70.6,0.0,,,,,,,,,,,,,,,73.21110262286733,,,,,,,,,,,,,,,,,Tomate ,Quindío,6.4,13.2,6.4,13.2
2024-10-09,137,T23_N2P0K2,,,,,,1.0,0.172,224.0,70.2,0.0,,,,,,,,,,,,,,,71.301247771836,,,,,,,,,,,,,,,,,Tomate ,Quindío,5.9,13.2,5.9,13.2
2024-10-09,138,T23_N2P0K2,,,,,,0.0,0.0,0.0,0.0,0.0,,,,,,,,,,,,,,,0.0,,,,,,,,,,,,,,,,,Tomate ,Quindío,5.4,13.2,5.4,13.2
2024-10-09,139,T20_N2P1K0,,,,,,2.0,0.395,215.0,70.4,0.0,,,,,,,,,,,,,,,68.43646549528903,,,,,,,,,,,,,,,,,Tomate ,Quindío,4.2,13.2,4.2,13.2
2024-10-09,140,T20_N2P1K0,,,,,,3.0,0.55,216.0,70.6,0.0,,,,,,,,,,,,,,,68.75477463712758,,,,,,,,,,,,,,,,,Tomate ,Quindío,3.7,13.2,3.7,13.2
2024-10-09,141,T20_N2P1K0,,,,,,2.0,0.328,205.0,70.5,0.0,,,,,,,,,,,,,,,65.25337407690348,,,,,,,,,,,,,,,,,Tomate ,Quindío,3.2,13.2,3.2,13.2
2024-10-09,142,T18_N1P2K2,,,,,,3.0,0.28,242.0,70.1,0.0,,,,,,,,,,,,,,,77.03081232492997,,,,,,,,,,,,,,,,,Tomate ,Quindío,2.0,13.2,2.0,13.2
2024-10-09,143,T18_N1P2K2,,,,,,2.0,0.432,245.0,70.4,0.0,,,,,,,,,,,,,,,77.98573975044563,,,,,,,,,,,,,,,,,Tomate ,Quindío,1.5,13.2,1.5,13.2
2024-10-09,144,T18_N1P2K2,,,,,,5.0,0.603,212.0,70.5,0.0,,,,,,,,,,,,,,,67.48153806977336,,,,,,,,,,,,,,,,,Tomate ,Quindío,1.0,13.2,1.0,13.2
2024-10-09,145,T6_N0P1K1,,,,,,1.0,0.085,217.0,70.1,0.0,,,,,,,,,,,,,,,69.07308377896614,,,,,,,,,,,,,,,,,Tomate ,Quindío,1.0,14.4,1.0,14.4
2024-10-09,146,T6_N0P1K1,,,,,,4.0,0.52,230.0,70.7,0.0,,,,,,,,,,,,,,,73.21110262286733,,,,,,,,,,,,,,,,,Tomate ,Quindío,1.5,14.4,1.5,14.4
2024-10-09,147,T6_N0P1K1,,,,,,3.0,0.286,215.0,70.2,0.0,,,,,,,,,,,,,,,68.43646549528903,,,,,,,,,,,,,,,,,Tomate ,Quindío,2.0,14.4,2.0,14.4
2024-10-09,148,T17_N1P2K1,,,,,,3.0,0.368,230.0,70.1,0.0,,,,,,,,,,,,,,,73.21110262286733,,,,,,,,,,,,,,,,,Tomate ,Quindío,3.2,14.4,3.2,14.4
2024-10-09,149,T17_N1P2K1,,,,,,4.0,0.401,210.0,70.1,0.0,,,,,,,,,,,,,,,66.84491978609626,,,,,,,,,,,,,,,,,Tomate ,Quindío,3.7,14.4,3.7,14.4
2024-10-09,150,T17_N1P2K1,,,,,,1.0,0.199,234.0,70.4,0.0,,,,,,,,,,,,,,,74.48433919022155,,,,,,,,,,,,,,,,,Tomate ,Quindío,4.2,14.4,4.2,14.4
2024-10-09,151,T25_N2P1K2,,,,,,2.0,0.163,21.0,70.7,0.0,,,,,,,,,,,,,,,6.684491978609626,,,,,,,,,,,,,,,,,Tomate ,Quindío,5.4,14.4,5.4,14.4
2024-10-09,152,T25_N2P1K2,,,,,,2.0,0.47,222.0,70.0,0.0,,,,,,,,,,,,,,,70.6646294881589,,,,,,,,,,,,,,,,,Tomate ,Quindío,5.9,14.4,5.9,14.4
2024-10-09,153,T25_N2P1K2,,,,,,3.0,0.545,235.0,70.9,0.0,,,,,,,,,,,,,,,74.8026483320601,,,,,,,,,,,,,,,,,Tomate ,Quindío,6.4,14.4,6.4,14.4
2024-10-09,154,T29_BIO N1P1K1,,,,,,0.0,0.0,0.0,0.0,0.0,,,,,,,,,,,,,,,0.0,,,,,,,,,,,,,,,,,Tomate ,Quindío,7.6,14.4,7.6,14.4
2024-10-09,155,T29_BIO N1P1K1,,,,,,2.0,0.395,220.0,70.3,0.0,,,,,,,,,,,,,,,70.0280112044818,,,,,,,,,,,,,,,,,Tomate ,Quindío,8.1,14.4,8.1,14.4
2024-10-09,156,T29_BIO N1P1K1,,,,,,3.0,0.47,208.0,70.0,0.0,,,,,,,,,,,,,,,66.20830150241915,,,,,,,,,,,,,,,,,Tomate ,Quindío,8.6,14.4,8.6,14.4
2024-10-09,157,T2_N0P1K0,,,,,,3.0,0.622,225.0,70.6,0.0,,,,,,,,,,,,,,,71.61955691367456,,,,,,,,,,,,,,,,,Tomate ,Quindío,8.6,15.6,8.6,15.6
2024-10-09,158,T2_N0P1K0,,,,,,3.0,0.54,230.0,70.0,0.0,,,,,,,,,,,,,,,73.21110262286733,,,,,,,,,,,,,,,,,Tomate ,Quindío,8.1,15.6,8.1,15.6
2024-10-09,159,T2_N0P1K0,,,,,,1.0,0.218,240.0,70.3,0.0,,,,,,,,,,,,,,,76.39419404125286,,,,,,,,,,,,,,,,,Tomate ,Quindío,7.6,15.6,7.6,15.6
2024-10-09,160,T19_N2P0K0,,,,,,1.0,0.261,260.0,70.3,0.0,,,,,,,,,,,,,,,82.76037687802393,,,,,,,,,,,,,,,,,Tomate ,Quindío,6.4,15.6,6.4,15.6
2024-10-09,161,T19_N2P0K0,,,,,,0.0,0.0,0.0,0.0,0.0,,,,,,,,,,,,,,,0.0,,,,,,,,,,,,,,,,,Tomate ,Quindío,5.9,15.6,5.9,15.6
2024-10-09,162,T19_N2P0K0,,,,,,2.0,0.622,200.0,70.0,0.0,,,,,,,,,,,,,,,63.66182836771072,,,,,,,,,,,,,,,,,Tomate ,Quindío,5.4,15.6,5.4,15.6
2024-10-09,163,T8_N0P2K1,,,,,,2.0,0.223,190.0,60.0,0.0,,,,,,,,,,,,,,,60.47873694932519,,,,,,,,,,,,,,,,,Tomate ,Quindío,4.2,15.6,4.2,15.6
2024-10-09,164,T8_N0P2K1,,,,,,1.0,0.208,248.0,60.8,0.0,,,,,,,,,,,,,,,78.9406671759613,,,,,,,,,,,,,,,,,Tomate ,Quindío,3.7,15.6,3.7,15.6
2024-10-09,165,T8_N0P2K1,,,,,,0.0,0.0,0.0,0.0,0.0,,,,,,,,,,,,,,,0.0,,,,,,,,,,,,,,,,,Tomate ,Quindío,3.2,15.6,3.2,15.6
2024-10-09,166,T15_N1P1K1,,,,,,4.0,0.664,225.0,70.0,0.0,,,,,,,,,,,,,,,71.61955691367456,,,,,,,,,,,,,,,,,Tomate ,Quindío,2.0,15.6,2.0,15.6
2024-10-09,167,T15_N1P1K1,,,,,,2.0,0.403,225.0,70.3,0.0,,,,,,,,,,,,,,,71.61955691367456,,,,,,,,,,,,,,,,,Tomate ,Quindío,1.5,15.6,1.5,15.6
2024-10-09,168,T15_N1P1K1,,,,,,3.0,0.663,235.0,70.4,0.0,,,,,,,,,,,,,,,74.8026483320601,,,,,,,,,,,,,,,,,Tomate ,Quindío,1.0,15.6,1.0,15.6
2024-10-09,169,T24_N2P1K1,,,,,,4.0,0.803,236.5,70.3,0.0,,,,,,,,,,,,,,,75.28011204481793,,,,,,,,,,,,,,,,,Tomate ,Quindío,1.0,16.8,1.0,16.8
2024-10-09,170,T24_N2P1K1,,,,,,2.0,0.511,255.0,70.5,0.0,,,,,,,,,,,,,,,81.16883116883118,,,,,,,,,,,,,,,,,Tomate ,Quindío,1.5,16.8,1.5,16.8
2024-10-09,171,T24_N2P1K1,,,,,,2.0,0.371,230.0,70.2,0.0,,,,,,,,,,,,,,,73.21110262286733,,,,,,,,,,,,,,,,,Tomate ,Quindío,2.0,16.8,2.0,16.8
2024-10-09,172,T11_N1P1K0,,,,,,0.0,0.0,0.0,0.0,0.0,,,,,,,,,,,,,,,0.0,,,,,,,,,,,,,,,,,Tomate ,Quindío,3.2,16.8,3.2,16.8
2024-10-09,173,T11_N1P1K0,,,,,,2.0,0.515,260.0,70.5,0.0,,,,,,,,,,,,,,,82.76037687802393,,,,,,,,,,,,,,,,,Tomate ,Quindío,3.7,16.8,3.7,16.8
2024-10-09,174,T11_N1P1K0,,,,,,0.0,0.0,0.0,0.0,0.0,,,,,,,,,,,,,,,0.0,,,,,,,,,,,,,,,,,Tomate ,Quindío,4.2,16.8,4.2,16.8
2024-10-09,175,T27_N2P2K2,,,,,,2.0,0.462,235.0,80.1,0.0,,,,,,,,,,,,,,,74.8026483320601,,,,,,,,,,,,,,,,,Tomate ,Quindío,5.4,16.8,5.4,16.8
2024-10-09,176,T27_N2P2K2,,,,,,2.0,0.374,220.0,60.7,0.0,,,,,,,,,,,,,,,70.0280112044818,,,,,,,,,,,,,,,,,Tomate ,Quindío,5.9,16.8,5.9,16.8
2024-10-09,177,T27_N2P2K2,,,,,,4.0,0.66,210.0,70.5,0.0,,,,,,,,,,,,,,,66.84491978609626,,,,,,,,,,,,,,,,,Tomate ,Quindío,6.4,16.8,6.4,16.8
2024-10-09,178,T4_N0P0K1,,,,,,3.0,0.537,225.0,70.2,0.0,,,,,,,,,,,,,,,71.61955691367456,,,,,,,,,,,,,,,,,Tomate ,Quindío,7.6,16.8,7.6,16.8
2024-10-09,179,T4_N0P0K1,,,,,,1.0,0.204,225.0,70.5,0.0,,,,,,,,,,,,,,,71.61955691367456,,,,,,,,,,,,,,,,,Tomate ,Quindío,8.1,16.8,8.1,16.8
2024-10-09,180,T4_N0P0K1,,,,,,3.0,0.603,240.0,70.7,0.0,,,,,,,,,,,,,,,76.39419404125286,,,,,,,,,,,,,,,,,Tomate ,Quindío,8.6,16.8,8.6,16.8
2024-10-16,1,T27_N2P2K2,,,,,,4.0,0.511,185.0,60.4,0.0,,,,,,,,,,,,,,,58.88719124013242,,,,,,,,,,,,,,,,,Tomate ,Quindío,1.0,0.0,1.0,0.0
2024-10-16,2,T27_N2P2K2,,,,,,6.0,0.813,225.0,60.9,0.0,,,,,,,,,,,,,,,71.61955691367456,,,,,,,,,,,,,,,,,Tomate ,Quindío,1.5,0.0,1.5,0.0
2024-10-16,3,T27_N2P2K2,,,,,,5.0,0.589,195.0,60.8,0.0,,,,,,,,,,,,,,,62.070282658517954,,,,6.3,24.3,25.3,150.0,23.9,26.2,67.8,1.0,1.0,5.0,Si,0.15,239.0,Tomatoes,Quindio,2.0,0.0,2.0,0.0
2024-10-16,4,T24_N2P1K1,,,,,,4.0,0.528,220.0,60.8,0.0,,,,,,,,,,,,,,,70.0280112044818,,,,,,,,,,,,,,,,,Tomate ,Quindío,3.2,0.0,3.2,0.0
2024-10-16,5,T24_N2P1K1,,,,,,5.0,0.637,205.0,60.9,0.0,,,,,,,,,,,,,,,65.25337407690348,,,,,,,,,,,,,,,,,Tomate ,Quindío,3.7,0.0,3.7,0.0
2024-10-16,6,T24_N2P1K1,,,,,,2.0,0.318,225.0,70.8,0.0,,,,,,,,,,,,,,,71.61955691367456,,,,6.54,22.9,26.1,114.0,24.7,26.4,67.6,1.0,1.0,5.0,Si,0.114,247.0,Tomatoes,Quindio,4.2,0.0,4.2,0.0
2024-10-16,7,T4_N0P0K1,,,,,,7.0,0.634,180.0,64.95,0.0,,,,,,,,,,,,,,,57.29564553093965,,,,,,,,,,,,,,,,,Tomate ,Quindío,5.4,0.0,5.4,0.0
2024-10-16,8,T4_N0P0K1,,,,,,0.0,0.0,0.0,0.0,0.0,,,,,,,,,,,,,,,0.0,,,,,,,,,,,,,,,,,Tomate ,Quindío,5.9,0.0,5.9,0.0
2024-10-16,9,T4_N0P0K1,,,,,,7.0,0.936,220.0,70.4,0.0,,,,,,,,,,,,,,,70.0280112044818,,,,6.46,26.6,25.7,112.0,24.4,26.3,64.8,1.0,1.0,5.0,Si,0.112,244.0,Tomatoes,Quindio,6.4,0.0,6.4,0.0
2024-10-16,10,T15_N1P1K1,,,,,,4.0,0.329,175.0,60.0,3.0,,,,,,,,,,,,,,,55.70409982174688,,,,,,,,,,,,,,,,,Tomate ,Quindío,7.6,0.0,7.6,0.0
2024-10-16,11,T15_N1P1K1,,,,,,4.0,0.453,195.0,68.0,0.0,,,,,,,,,,,,,,,62.070282658517954,,,,,,,,,,,,,,,,,Tomate ,Quindío,8.1,0.0,8.1,0.0
2024-10-16,12,T15_N1P1K1,,,64.6,27.0,4.0,6.0,0.794,200.0,63.0,0.0,,,,,,,,5.6,6.0,21.0,1.0,23.0,0.099,,63.66182836771072,,,,6.43,21.6,26.9,136.0,80.0,26.6,69.9,1.0,1.0,5.0,Si,0.136,800.0,Tomatoes,Quindio,8.6,0.0,8.6,0.0
2024-10-16,13,T9_N0P2K2,,,,,,3.0,0.575,200.0,66.0,0.0,,,,,,,,,,,,,,,63.66182836771072,,,,7.98,27.9,26.5,63.0,16.1,26.4,64.6,1.0,1.0,5.0,Si,0.063,161.0,Tomatoes,Quindio,8.6,1.2,8.6,1.2
2024-10-16,14,T9_N0P2K2,,,,,,3.0,0.504,195.0,70.0,0.0,,,,,,,,,,,,,,,62.070282658517954,,,,,,,,,,,,,,,,,Tomate ,Quindío,8.1,1.2,8.1,1.2
2024-10-16,15,T9_N0P2K2,,,,,,3.0,0.52,215.0,70.1,0.0,,,,,,,,,,,,,,,68.43646549528903,,,,,,,,,,,,,,,,,Tomate ,Quindío,7.6,1.2,7.6,1.2
2024-10-16,16,T13_N1P0K1,,,,,,4.0,0.715,220.0,69.0,0.0,,,,,,,,,,,,,,,70.0280112044818,,,,6.54,21.0,25.7,106.0,20.6,26.4,62.9,1.0,1.0,5.0,Si,0.106,206.0,Tomatoes,Quindio,6.4,1.2,6.4,1.2
2024-10-16,17,T13_N1P0K1,,,,,,3.0,0.553,205.0,69.0,0.0,,,,,,,,,,,,,,,65.25337407690348,,,,,,,,,,,,,,,,,Tomate ,Quindío,5.9,1.2,5.9,1.2
2024-10-16,18,T13_N1P0K1,,,,,,5.0,0.914,200.0,68.0,0.0,,,,,,,,,,,,,,,63.66182836771072,,,,,,,,,,,,,,,,,Tomate ,Quindío,5.4,1.2,5.4,1.2
2024-10-16,19,T22_N2P0K1,,,,,,2.0,0.248,180.0,60.4,0.0,,,,,,,,,,,,,,,57.29564553093965,,,,6.8,29.0,26.5,142.0,17.3,26.3,66.8,1.0,1.0,5.0,Si,0.142,173.0,Tomatoes,Quindio,4.2,1.2,4.2,1.2
2024-10-16,20,T22_N2P0K1,,,,,,3.0,0.58,225.0,70.7,0.0,,,,,,,,,,,,,,,71.61955691367456,,,,,,,,,,,,,,,,,Tomate ,Quindío,3.7,1.2,3.7,1.2
2024-10-16,21,T22_N2P0K1,,,,,,2.0,0.305,190.0,71.0,1.0,,,,,,,,,,,,,,,60.47873694932519,,,,,,,,,,,,,,,,,Tomate ,Quindío,3.2,1.2,3.2,1.2
2024-10-16,22,T10_N1P0K0,,,,,,0.0,0.0,0.0,0.0,0.0,,,,,,,,,,,,,,,0.0,,,,6.39,27.9,26.1,45.0,16.1,26.2,66.8,1.0,1.0,5.0,Si,0.045,161.0,Tomatoes,Quindio,2.0,1.2,2.0,1.2
2024-10-16,23,T10_N1P0K0,,,,,,3.0,0.626,220.0,70.7,0.0,,,,,,,,,,,,,,,70.0280112044818,,,,,,,,,,,,,,,,,Tomate ,Quindío,1.5,1.2,1.5,1.2
2024-10-16,24,T10_N1P0K0,,,,,,3.0,0.611,223.0,70.2,1.0,,,,,,,,,,,,,,,70.98293862999745,,,,,,,,,,,,,,,,,Tomate ,Quindío,1.0,1.2,1.0,1.2
2024-10-16,25,T28_BIO-N0P0K0,,,,,,4.0,0.574,205.0,70.2,0.0,,,,,,,,,,,,,,,65.25337407690348,,,,,,,,,,,,,,,,,Tomate ,Quindío,1.0,2.4,1.0,2.4
2024-10-16,26,T28_BIO-N0P0K0,,,,,,4.0,0.715,230.0,70.2,0.0,,,,,,,,,,,,,,,73.21110262286733,,,,,,,,,,,,,,,,,Tomate ,Quindío,1.5,2.4,1.5,2.4
2024-10-16,27,T28_BIO-N0P0K0,,,,,,3.0,0.268,240.0,70.9,0.0,,,,,,,,,,,,,,,76.39419404125286,,,,6.34,32.7,25.4,101.0,25.4,26.1,66.2,1.0,1.0,5.0,Si,0.101,254.0,Tomatoes,Quindio,2.0,2.4,2.0,2.4
2024-10-16,28,T12_N1P2K0,,,,,,4.0,0.558,215.0,60.9,1.0,,,,,,,,,,,,,,,68.43646549528903,,,,,,,,,,,,,,,,,Tomate ,Quindío,3.2,2.4,3.2,2.4
2024-10-16,29,T12_N1P2K0,,,,,,0.0,0.0,0.0,0.0,1.0,,,,,,,,,,,,,,,0.0,,,,,,,,,,,,,,,,,Tomate ,Quindío,3.7,2.4,3.7,2.4
2024-10-16,30,T12_N1P2K0,,,,,,2.0,0.341,210.0,60.8,0.0,,,,,,,,,,,,,,,66.84491978609626,,,,6.32,34.3,25.8,62.0,23.5,26.1,68.9,1.0,1.0,5.0,Si,0.062,235.0,Tomatoes,Quindio,4.2,2.4,4.2,2.4
2024-10-16,31,T26_N2P2K1,,,,,,4.0,0.496,175.0,60.2,0.0,,,,,,,,,,,,,,,55.70409982174688,,,,,,,,,,,,,,,,,Tomate ,Quindío,5.4,2.4,5.4,2.4
2024-10-16,32,T26_N2P2K1,,,,,,2.0,0.191,160.0,70.2,1.0,,,,,,,,,,,,,,,50.92946269416858,,,,,,,,,,,,,,,,,Tomate ,Quindío,5.9,2.4,5.9,2.4
2024-10-16,33,T26_N2P2K1,,,,,,4.0,0.661,225.0,70.4,0.0,,,,,,,,,,,,,,,71.61955691367456,,,,6.45,32.7,26.2,217.0,13.9,26.4,64.3,1.0,1.0,5.0,Si,0.217,139.0,Tomatoes,Quindio,6.4,2.4,6.4,2.4
2024-10-16,34,T16_N1P1K2,,,,,,1.0,0.068,165.0,60.3,0.0,,,,,,,,,,,,,,,52.52100840336134,,,,,,,,,,,,,,,,,Tomate ,Quindío,7.6,2.4,7.6,2.4
2024-10-16,35,T16_N1P1K2,,,,,,1.0,0.182,205.0,70.0,0.0,,,,,,,,,,,,,,,65.25337407690348,,,,,,,,,,,,,,,,,Tomate ,Quindío,8.1,2.4,8.1,2.4
2024-10-16,36,T16_N1P1K2,,,,,,3.0,0.434,205.0,60.8,1.0,,,,,,,,,,,,,,,65.25337407690348,,,,6.41,24.4,26.2,99.0,13.5,26.4,61.5,1.0,1.0,5.0,Si,0.099,135.0,Tomatoes,Quindio,8.6,2.4,8.6,2.4
2024-10-16,37,T1_N0P0K0,,,,,,0.0,0.0,0.0,0.0,0.0,,,,,,,,,,,,,,,0.0,,,,6.39,26.4,26.2,51.0,15.1,26.7,64.3,1.0,1.0,5.0,Si,0.051,151.0,Tomatoes,Quindio,8.6,3.6,8.6,3.6
2024-10-16,38,T1_N0P0K0,,,,,,1.0,0.13,195.0,60.8,0.0,,,,,,,,,,,,,,,62.070282658517954,,,,,,,,,,,,,,,,,Tomate ,Quindío,8.1,3.6,8.1,3.6
2024-10-16,39,T1_N0P0K0,,,,,,3.0,0.48,210.0,60.45,0.0,,,,,,,,,,,,,,,66.84491978609626,,,,,,,,,,,,,,,,,Tomate ,Quindío,7.6,3.6,7.6,3.6
2024-10-16,40,T14_N1P0K2,,,,,,2.0,0.383,225.0,60.9,0.0,,,,,,,,,,,,,,,71.61955691367456,,,,6.31,25.6,26.2,346.0,16.6,26.3,63.8,1.0,1.0,5.0,Si,0.346,166.0,Tomatoes,Quindio,6.4,3.6,6.4,3.6
2024-10-16,41,T14_N1P0K2,,,,,,2.0,0.303,215.0,60.8,1.0,,,,,,,,,,,,,,,68.43646549528903,,,,,,,,,,,,,,,,,Tomate ,Quindío,5.9,3.6,5.9,3.6
2024-10-16,42,T14_N1P0K2,,,,,,1.0,0.189,220.0,70.2,0.0,,,,,,,,,,,,,,,70.0280112044818,,,,,,,,,,,,,,,,,Tomate ,Quindío,5.4,3.6,5.4,3.6
2024-10-16,43,T7_N0P1K2,,,,,,3.0,0.387,205.0,60.9,0.0,,,,,,,,,,,,,,,65.25337407690348,,,,6.29,24.0,25.8,74.0,24.3,26.0,68.4,1.0,1.0,5.0,Si,0.074,243.0,Tomatoes,Quindio,4.2,3.6,4.2,3.6
2024-10-16,44,T7_N0P1K2,,,,,,4.0,0.759,215.0,60.8,1.0,,,,,,,,,,,,,,,68.43646549528903,,,,,,,,,,,,,,,,,Tomate ,Quindío,3.7,3.6,3.7,3.6
2024-10-16,45,T7_N0P1K2,,,,,,1.0,0.243,240.0,70.3,0.0,,,,,,,,,,,,,,,76.39419404125286,,,,,,,,,,,,,,,,,Tomate ,Quindío,3.2,3.6,3.2,3.6
2024-10-16,46,T3_N0P2K0,,,,,,2.0,0.328,190.0,80.1,0.0,,,,,,,,,,,,,,,60.47873694932519,,,,6.22,27.2,25.3,84.0,27.7,26.2,65.6,1.0,1.0,5.0,Si,0.084,277.0,Tomatoes,Quindio,2.0,3.6,2.0,3.6
2024-10-16,47,T3_N0P2K0,,,,,,3.0,0.472,210.0,60.6,0.0,,,,,,,,,,,,,,,66.84491978609626,,,,,,,,,,,,,,,,,Tomate ,Quindío,1.5,3.6,1.5,3.6
2024-10-16,48,T3_N0P2K0,,,,,,3.0,0.627,245.0,70.2,0.0,,,,,,,,,,,,,,,77.98573975044563,,,,,,,,,,,,,,,,,Tomate ,Quindío,1.0,3.6,1.0,3.6
2024-10-16,49,T23_N2P0K2,,,,,,4.0,0.673,230.0,70.4,0.0,,,,,,,,,,,,,,,73.21110262286733,,,,,,,,,,,,,,,,,Tomate ,Quindío,1.0,4.8,1.0,4.8
2024-10-16,50,T23_N2P0K2,,,,,,2.0,0.355,215.0,70.8,0.0,,,,,,,,,,,,,,,68.43646549528903,,,,,,,,,,,,,,,,,Tomate ,Quindío,1.5,4.8,1.5,4.8
2024-10-16,51,T23_N2P0K2,,,,,,3.0,0.356,195.0,60.2,1.0,,,,,,,,,,,,,,,62.070282658517954,,,,6.45,38.0,27.8,107.0,78.3,27.2,64.7,1.0,1.0,5.0,Si,0.107,783.0,Tomatoes,Quindio,2.0,4.8,2.0,4.8
2024-10-16,52,T21_N2P2K0,,,,,,0.0,0.0,0.0,0.0,0.0,,,,,,,,,,,,,,,0.0,,,,,,,,,,,,,,,,,Tomate ,Quindío,3.2,4.8,3.2,4.8
2024-10-16,53,T21_N2P2K0,,,,,,0.0,0.0,0.0,0.0,0.0,,,,,,,,,,,,,,,0.0,,,,,,,,,,,,,,,,,Tomate ,Quindío,3.7,4.8,3.7,4.8
2024-10-16,54,T21_N2P2K0,,,58.3,22.0,2.0,0.0,0.0,0.0,0.0,1.0,,,,,,,,5.5,20.0,33.0,2.0,59.0,0.175,,0.0,,,,6.27,25.0,27.8,60.0,17.6,28.3,58.5,1.0,1.0,5.0,Si,0.06,176.0,Tomatoes,Quindio,4.2,4.8,4.2,4.8
2024-10-16,55,T5_N0P0K2,,,,,,1.0,0.14,205.0,60.9,0.0,,,,,,,,,,,,,,,65.25337407690348,,,,,,,,,,,,,,,,,Tomate ,Quindío,5.4,4.8,5.4,4.8
2024-10-16,56,T5_N0P0K2,,,,,,0.0,0.0,0.0,0.0,0.0,,,,,,,,,,,,,,,0.0,,,,,,,,,,,,,,,,,Tomate ,Quindío,5.9,4.8,5.9,4.8
2024-10-16,57,T5_N0P0K2,,,,,,0.0,0.0,0.0,0.0,0.0,,,,,,,,,,,,,,,0.0,,,,6.36,21.0,27.0,262.0,17.4,27.5,61.8,1.0,1.0,5.0,Si,0.262,174.0,Tomatoes,Quindio,6.4,4.8,6.4,4.8
2024-10-16,58,T30_BIO N2P2K2,,,,,,2.0,0.29,200.0,60.8,0.0,,,,,,,,,,,,,,,63.66182836771072,,,,,,,,,,,,,,,,,Tomate ,Quindío,7.6,4.8,7.6,4.8
2024-10-16,59,T30_BIO N2P2K2,,,,,,2.0,0.258,200.0,60.2,0.0,,,,,,,,,,,,,,,63.66182836771072,,,,,,,,,,,,,,,,,Tomate ,Quindío,8.1,4.8,8.1,4.8
2024-10-16,60,T30_BIO N2P2K2,,,,,,2.0,0.324,210.0,60.7,0.0,,,,,,,,,,,,,,,66.84491978609626,,,,6.32,27.7,26.6,52.0,16.1,27.2,60.3,1.0,1.0,5.0,Si,0.052,161.0,Tomatoes,Quindio,8.6,4.8,8.6,4.8
2024-10-16,61,T20_N2P1K0,,,,,,0.0,0.0,0.0,0.0,0.0,,,,,,,,,,,,,,,0.0,,,,6.45,20.3,26.2,46.0,15.6,26.9,65.0,1.0,1.0,5.0,Si,0.046,156.0,Tomatoes,Quindio,8.6,6.0,8.6,6.0
2024-10-16,62,T20_N2P1K0,,,,,,5.0,0.786,230.0,70.5,0.0,,,,,,,,,,,,,,,73.21110262286733,,,,,,,,,,,,,,,,,Tomate ,Quindío,8.1,6.0,8.1,6.0
2024-10-16,63,T20_N2P1K0,,,,,,4.0,0.75,215.0,70.5,0.0,,,,,,,,,,,,,,,68.43646549528903,,,,,,,,,,,,,,,,,Tomate ,Quindío,7.6,6.0,7.6,6.0
2024-10-16,64,T18_N1P2K2,,,,,,3.0,0.437,215.0,60.9,0.0,,,,,,,,,,,,,,,68.43646549528903,,,,6.58,29.4,27.4,48.0,17.5,27.8,59.9,1.0,1.0,5.0,Si,0.048,175.0,Tomatoes,Quindio,6.4,6.0,6.4,6.0
2024-10-16,65,T18_N1P2K2,,,,,,3.0,0.303,190.0,64.0,0.0,,,,,,,,,,,,,,,60.47873694932519,,,,,,,,,,,,,,,,,Tomate ,Quindío,5.9,6.0,5.9,6.0
2024-10-16,66,T18_N1P2K2,,,,,,6.0,0.871,210.0,68.0,0.0,,,,,,,,,,,,,,,66.84491978609626,,,,,,,,,,,,,,,,,Tomate ,Quindío,5.4,6.0,5.4,6.0
2024-10-16,67,T29_BIO N1P1K1,,,,,,3.0,0.55,230.0,70.6,0.0,,,,,,,,,,,,,,,73.21110262286733,,,,6.3,40.1,28.6,80.0,26.7,28.2,60.5,1.0,1.0,5.0,Si,0.08,267.0,Tomatoes,Quindio,4.2,6.0,4.2,6.0
2024-10-16,68,T29_BIO N1P1K1,,,,,,4.0,0.46,185.0,60.9,0.0,,,,,,,,,,,,,,,58.88719124013242,,,,,,,,,,,,,,,,,Tomate ,Quindío,3.7,6.0,3.7,6.0
2024-10-16,69,T29_BIO N1P1K1,,,,,,3.0,0.542,220.0,70.5,0.0,,,,,,,,,,,,,,,70.0280112044818,,,,,,,,,,,,,,,,,Tomate ,Quindío,3.2,6.0,3.2,6.0
2024-10-16,70,T25_N2P1K2,,,,,,0.0,0.0,0.0,0.0,0.0,,,,,,,,,,,,,,,0.0,,,,6.42,32.8,29.4,185.0,82.8,27.8,65.7,1.0,1.0,5.0,Si,0.185,828.0,Tomatoes,Quindio,2.0,6.0,2.0,6.0
2024-10-16,71,T25_N2P1K2,,,,,,0.0,0.0,0.0,0.0,0.0,,,,,,,,,,,,,,,0.0,,,,,,,,,,,,,,,,,Tomate ,Quindío,1.5,6.0,1.5,6.0
2024-10-16,72,T25_N2P1K2,,,,,,2.0,0.349,230.0,60.6,0.0,,,,,,,,,,,,,,,73.21110262286733,,,,,,,,,,,,,,,,,Tomate ,Quindío,1.0,6.0,1.0,6.0
2024-10-16,73,T19_N2P0K0,,,,,,1.0,0.247,235.0,80.2,0.0,,,,,,,,,,,,,,,74.8026483320601,,,,,,,,,,,,,,,,,Tomate ,Quindío,1.0,7.2,1.0,7.2
2024-10-16,74,T19_N2P0K0,,,,,,3.0,0.32,165.0,50.7,0.0,,,,,,,,,,,,,,,52.52100840336134,,,,,,,,,,,,,,,,,Tomate ,Quindío,1.5,7.2,1.5,7.2
2024-10-16,75,T19_N2P0K0,,,,,,3.0,0.473,215.0,70.1,0.0,,,,,,,,,,,,,,,68.43646549528903,,,,6.36,38.1,27.8,151.0,24.4,26.9,58.5,1.0,1.0,5.0,Si,0.151,244.0,Tomatoes,Quindio,2.0,7.2,2.0,7.2
2024-10-16,76,T2_N0P1K0,,,,,,4.0,0.768,205.0,70.4,0.0,,,,,,,,,,,,,,,65.25337407690348,,,,,,,,,,,,,,,,,Tomate ,Quindío,3.2,7.2,3.2,7.2
2024-10-16,77,T2_N0P1K0,,,,,,1.0,0.2,225.0,70.6,0.0,,,,,,,,,,,,,,,71.61955691367456,,,,,,,,,,,,,,,,,Tomate ,Quindío,3.7,7.2,3.7,7.2
2024-10-16,78,T2_N0P1K0,,,,,,4.0,0.548,205.0,70.6,0.0,,,,,,,,,,,,,,,65.25337407690348,,,,6.31,37.7,27.4,168.0,24.3,27.1,63.7,1.0,1.0,5.0,Si,0.168,243.0,Tomatoes,Quindio,4.2,7.2,4.2,7.2
2024-10-16,79,T6_N0P1K1,,,,,,3.0,0.45,215.0,60.9,0.0,,,,,,,,,,,,,,,68.43646549528903,,,,,,,,,,,,,,,,,Tomate ,Quindío,5.4,7.2,5.4,7.2
2024-10-16,80,T6_N0P1K1,,,,,,4.0,0.572,205.0,70.1,0.0,,,,,,,,,,,,,,,65.25337407690348,,,,,,,,,,,,,,,,,Tomate ,Quindío,5.9,7.2,5.9,7.2
2024-10-16,81,T6_N0P1K1,,,,,,2.0,0.276,200.0,60.9,0.0,,,,,,,,,,,,,,,63.66182836771072,,,,6.43,26.8,25.8,212.0,61.3,26.4,66.2,1.0,1.0,5.0,Si,0.212,613.0,Tomatoes,Quindio,6.4,7.2,6.4,7.2
2024-10-16,82,T17_N1P2K1,,,,,,2.0,0.392,205.0,70.5,0.0,,,,,,,,,,,,,,,65.25337407690348,,,,,,,,,,,,,,,,,Tomate ,Quindío,7.6,7.2,7.6,7.2
2024-10-16,83,T17_N1P2K1,,,,,,3.0,0.612,215.0,70.25,0.0,,,,,,,,,,,,,,,68.43646549528903,,,,,,,,,,,,,,,,,Tomate ,Quindío,8.1,7.2,8.1,7.2
2024-10-16,84,T17_N1P2K1,,,,,,3.0,0.498,215.0,70.25,0.0,,,,,,,,,,,,,,,68.43646549528903,,,,7.0,24.4,25.4,82.0,15.2,25.4,64.7,1.0,1.0,5.0,Si,0.082,152.0,Tomatoes,Quindio,8.6,7.2,8.6,7.2
2024-10-16,85,T11_N1P1K0,,,,,,3.0,0.548,225.0,70.7,0.0,,,,,,,,,,,,,,,71.61955691367456,,,,7.56,33.6,25.4,70.0,53.4,25.7,69.6,1.0,1.0,5.0,Si,0.07,534.0,Tomatoes,Quindio,8.6,8.4,8.6,8.4
2024-10-16,86,T11_N1P1K0,,,,,,2.0,0.382,220.0,70.3,2.0,,,,,,,,,,,,,,,70.0280112044818,,,,,,,,,,,,,,,,,Tomate ,Quindío,8.1,8.4,8.1,8.4
2024-10-16,87,T11_N1P1K0,,,,,,0.0,0.0,0.0,0.0,0.0,,,,,,,,,,,,,,,0.0,,,,,,,,,,,,,,,,,Tomate ,Quindío,7.6,8.4,7.6,8.4
2024-10-16,88,T8_N0P2K1,,,,,,4.0,0.948,245.0,70.8,0.0,,,,,,,,,,,,,,,77.98573975044563,,,,6.46,35.6,25.4,87.0,71.7,26.0,68.6,1.0,1.0,5.0,Si,0.087,717.0,Tomatoes,Quindio,6.4,8.4,6.4,8.4
2024-10-16,89,T8_N0P2K1,,,,,,2.0,0.273,220.0,60.8,0.0,,,,,,,,,,,,,,,70.0280112044818,,,,,,,,,,,,,,,,,Tomate ,Quindío,5.9,8.4,5.9,8.4
2024-10-16,90,T8_N0P2K1,,,,,,6.0,1.014,220.0,70.6,0.0,,,,,,,,,,,,,,,70.0280112044818,,,,,,,,,,,,,,,,,Tomate ,Quindío,5.4,8.4,5.4,8.4
2024-10-16,91,T9_N0P2K2,,,54.1,23.0,2.0,3.0,0.458,205.0,70.1,0.0,5.5,3600.0,120.0,66.0,640.0,11.5,,7.3,15.0,7.0,10.0,41.0,0.121,,65.25337407690348,,,,7.22,31.0,26.9,172.0,26.9,27.0,64.1,1.0,1.0,5.0,Si,0.172,269.0,Tomatoes,Quindio,4.2,8.4,4.2,8.4
2024-10-16,92,T9_N0P2K2,,,,,,2.0,0.277,190.0,60.7,0.0,,,,,,,,,,,,,,,60.47873694932519,,,,,,,,,,,,,,,,,Tomate ,Quindío,3.7,8.4,3.7,8.4
2024-10-16,93,T9_N0P2K2,,,,,,2.0,0.247,210.0,70.3,0.0,,,,,,,,,,,,,,,66.84491978609626,,,,,,,,,,,,,,,,,Tomate ,Quindío,3.2,8.4,3.2,8.4
2024-10-16,94,T13_N1P0K1,,,56.8,28.0,8.0,3.0,0.523,220.0,70.9,0.0,5.5,3000.0,520.0,92.0,110.0,10.91,,7.2,1.0,13.0,1.0,1.0,0.115,,70.0280112044818,,,,6.42,31.5,27.4,180.0,35.6,26.8,62.3,1.0,1.0,5.0,Si,0.18,356.0,Tomatoes,Quindio,2.0,8.4,2.0,8.4
2024-10-16,95,T13_N1P0K1,,,,,,4.0,0.523,195.0,69.0,0.0,,,,,,,,,,,,,,,62.070282658517954,,,,,,,,,,,,,,,,,Tomate ,Quindío,1.5,8.4,1.5,8.4
2024-10-16,96,T13_N1P0K1,,,,,,4.0,0.599,225.0,70.15,0.0,,,,,,,,,,,,,,,71.61955691367456,,,,,,,,,,,,,,,,,Tomate ,Quindío,1.0,8.4,1.0,8.4
2024-10-16,97,T26_N2P2K1,,,,,,6.0,1.33,230.0,70.8,0.0,,,,,,,,,,,,,,,73.21110262286733,,,,,,,,,,,,,,,,,Tomate ,Quindío,1.0,9.6,1.0,9.6
2024-10-16,98,T26_N2P2K1,,,,,,4.0,0.687,220.0,70.1,0.0,,,,,,,,,,,,,,,70.0280112044818,,,,,,,,,,,,,,,,,Tomate ,Quindío,1.5,9.6,1.5,9.6
2024-10-16,99,T26_N2P2K1,,,51.5,23.0,6.0,3.0,1.2,220.0,80.1,0.0,5.6,3700.0,120.0,50.0,260.0,11.0,,7.4,5.0,17.0,1.0,1.0,0.108,,70.0280112044818,,,,6.4,33.8,25.4,285.0,17.3,25.6,63.1,1.0,1.0,5.0,Si,0.285,173.0,Tomatoes,Quindio,2.0,9.6,2.0,9.6
2024-10-16,100,T16_N1P1K2,,,,,,4.0,0.764,225.0,70.1,0.0,,,,,,,,,,,,,,,71.61955691367456,,,,,,,,,,,,,,,,,Tomate ,Quindío,3.2,9.6,3.2,9.6
2024-10-16,101,T16_N1P1K2,,,,,,0.0,0.0,0.0,0.0,0.0,,,,,,,,,,,,,,,0.0,,,,,,,,,,,,,,,,,Tomate ,Quindío,3.7,9.6,3.7,9.6
2024-10-16,102,T16_N1P1K2,,,51.9,38.0,7.0,4.0,0.763,225.0,70.7,0.0,5.6,3500.0,140.0,48.0,640.0,10.69,,6.7,1.0,8.0,1.0,1.0,0.039,,71.61955691367456,,,,6.36,39.7,25.4,153.0,41.7,25.0,69.8,1.0,1.0,5.0,Si,0.153,417.0,Tomatoes,Quindio,4.2,9.6,4.2,9.6
2024-10-16,103,T10_N1P0K0,,,,,,2.0,0.448,230.0,70.3,0.0,,,,,,,,,,,,,,,73.21110262286733,,,,,,,,,,,,,,,,,Tomate ,Quindío,5.4,9.6,5.4,9.6
2024-10-16,104,T10_N1P0K0,,,,,,5.0,1.147,225.0,80.3,0.0,,,,,,,,,,,,,,,71.61955691367456,,,,,,,,,,,,,,,,,Tomate ,Quindío,5.9,9.6,5.9,9.6
2024-10-16,105,T10_N1P0K0,,,53.0,25.0,0.0,2.0,0.314,205.0,70.3,2.0,5.5,3000.0,610.0,50.0,330.0,12.0,,7.0,10.0,31.0,3.0,18.0,0.185,,65.25337407690348,,,,6.47,28.1,25.4,125.0,46.6,25.2,70.7,1.0,1.0,5.0,Si,0.125,466.0,Tomatoes,Quindio,6.4,9.6,6.4,9.6
2024-10-16,106,T22_N2P0K1,,,,,,4.0,0.666,215.0,70.5,0.0,,,,,,,,,,,,,,,68.43646549528903,,,,,,,,,,,,,,,,,Tomate ,Quindío,7.6,9.6,7.6,9.6
2024-10-16,107,T22_N2P0K1,,,,,,4.0,0.593,215.0,60.9,0.0,,,,,,,,,,,,,,,68.43646549528903,,,,,,,,,,,,,,,,,Tomate ,Quindío,8.1,9.6,8.1,9.6
2024-10-16,108,T22_N2P0K1,,,60.8,28.0,5.0,5.0,0.742,215.0,70.2,0.0,5.6,3500.0,100.0,54.0,1000.0,10.46,,7.4,1.0,10.0,1.0,10.0,0.05,,68.43646549528903,,,,6.43,34.9,25.8,124.0,13.0,25.6,65.6,1.0,1.0,5.0,Si,0.124,130.0,Tomatoes,Quindio,8.6,9.6,8.6,9.6
2024-10-16,109,T12_N1P2K0,,,57.4,25.0,1.0,5.0,0.898,225.0,70.1,0.0,5.5,3500.0,440.0,55.0,330.0,12.07,,7.4,4.0,4.0,1.0,11.0,0.047,,71.61955691367456,,,,6.55,26.3,26.2,90.0,14.7,25.6,63.2,1.0,1.0,5.0,Si,0.09,147.0,Tomatoes,Quindio,8.6,10.8,8.6,10.8
2024-10-16,110,T12_N1P2K0,,,,,,5.0,0.714,195.0,70.3,0.0,,,,,,,,,,,,,,,62.070282658517954,,,,,,,,,,,,,,,,,Tomate ,Quindío,8.1,10.8,8.1,10.8
2024-10-16,111,T12_N1P2K0,,,,,,3.0,0.682,240.0,70.9,0.0,,,,,,,,,,,,,,,76.39419404125286,,,,,,,,,,,,,,,,,Tomate ,Quindío,7.6,10.8,7.6,10.8
2024-10-16,112,T28_BIO-N0P0K0,,,51.7,26.0,2.0,4.0,0.651,19.5,60.5,1.0,5.6,3400.0,230.0,54.0,240.0,11.98,,7.3,6.0,6.0,1.0,11.0,0.058,,6.207028265851795,,,,6.33,43.4,25.8,195.0,45.3,25.6,69.1,1.0,1.0,5.0,Si,0.195,453.0,Tomatoes,Quindio,6.4,10.8,6.4,10.8
2024-10-16,113,T28_BIO-N0P0K0,,,,,,6.0,0.991,225.0,60.8,0.0,,,,,,,,,,,,,,,71.61955691367456,,,,,,,,,,,,,,,,,Tomate ,Quindío,5.9,10.8,5.9,10.8
2024-10-16,114,T28_BIO-N0P0K0,,,,,,4.0,0.781,210.0,80.0,0.0,,,,,,,,,,,,,,,66.84491978609626,,,,,,,,,,,,,,,,,Tomate ,Quindío,5.4,10.8,5.4,10.8
2024-10-16,115,T1_N0P0K0,,,56.5,28.0,4.0,5.0,0.875,215.0,70.9,0.0,5.5,3800.0,280.0,55.0,210.0,11.72,,7.5,1.0,6.0,1.0,10.0,0.068,,68.43646549528903,,,,6.28,38.9,25.4,132.0,16.6,25.2,66.6,1.0,1.0,5.0,Si,0.132,166.0,Tomatoes,Quindio,4.2,10.8,4.2,10.8
2024-10-16,116,T1_N0P0K0,,,,,,4.0,0.706,235.0,703.0,0.0,,,,,,,,,,,,,,,74.8026483320601,,,,,,,,,,,,,,,,,Tomate ,Quindío,3.7,10.8,3.7,10.8
2024-10-16,117,T1_N0P0K0,,,,,,4.0,0.866,245.0,70.9,0.0,,,,,,,,,,,,,,,77.98573975044563,,,,,,,,,,,,,,,,,Tomate ,Quindío,3.2,10.8,3.2,10.8
2024-10-16,118,T14_N1P0K2,,,56.7,36.0,6.0,2.0,0.601,245.0,80.2,0.0,5.5,3700.0,410.0,57.0,340.0,12.62,,7.2,9.0,4.0,1.0,12.0,0.061,,77.98573975044563,,,,6.36,36.9,25.8,163.0,16.6,25.8,65.8,1.0,1.0,5.0,Si,0.163,166.0,Tomatoes,Quindio,2.0,10.8,2.0,10.8
2024-10-16,119,T14_N1P0K2,,,,,,2.0,0.405,245.0,60.7,0.0,,,,,,,,,,,,,,,77.98573975044563,,,,,,,,,,,,,,,,,Tomate ,Quindío,1.5,10.8,1.5,10.8
2024-10-16,120,T14_N1P0K2,,,,,,2.0,0.473,245.0,70.3,0.0,,,,,,,,,,,,,,,77.98573975044563,,,,,,,,,,,,,,,,,Tomate ,Quindío,1.0,10.8,1.0,10.8
2024-10-16,121,T5_N0P0K2,,,,,,2.0,0.364,240.0,70.7,0.0,,,,,,,,,,,,,,,76.39419404125286,,,,,,,,,,,,,,,,,Tomate ,Quindío,1.0,12.0,1.0,12.0
2024-10-16,122,T5_N0P0K2,,,,,,3.0,0.668,255.0,70.9,0.0,,,,,,,,,,,,,,,81.16883116883118,,,,,,,,,,,,,,,,,Tomate ,Quindío,1.5,12.0,1.5,12.0
2024-10-16,123,T5_N0P0K2,,,55.5,21.0,3.0,0.0,0.0,0.0,0.0,0.0,5.4,3300.0,320.0,52.0,230.0,11.27,,6.9,60.0,18.0,4.0,51.0,0.207,,0.0,,,,6.41,20.1,25.8,60.0,30.5,26.7,61.7,1.0,1.0,5.0,Si,0.06,305.0,Tomatoes,Quindio,2.0,12.0,2.0,12.0
2024-10-16,124,T30_BIO N2P2K2,,,,,,1.0,0.129,190.0,60.7,0.0,,,,,,,,,,,,,,,60.47873694932519,,,,,,,,,,,,,,,,,Tomate ,Quindío,3.2,12.0,3.2,12.0
2024-10-16,125,T30_BIO N2P2K2,,,,,,2.0,0.308,215.0,70.0,0.0,,,,,,,,,,,,,,,68.43646549528903,,,,,,,,,,,,,,,,,Tomate ,Quindío,3.7,12.0,3.7,12.0
2024-10-16,126,T30_BIO N2P2K2,,,58.6,24.0,0.0,2.0,0.426,235.0,70.5,0.0,5.3,3500.0,570.0,68.0,320.0,12.75,,7.0,5.0,8.0,1.0,9.0,0.062,,74.8026483320601,,,,6.83,32.6,26.2,274.0,34.5,27.0,63.1,1.0,1.0,5.0,Si,0.274,345.0,Tomatoes,Quindio,4.2,12.0,4.2,12.0
2024-10-16,127,T3_N0P2K0,,,,,,2.0,0.374,220.0,70.9,0.0,,,,,,,,,,,,,,,70.0280112044818,,,,,,,,,,,,,,,,,Tomate ,Quindío,5.4,12.0,5.4,12.0
2024-10-16,128,T3_N0P2K0,,,,,,1.0,0.127,195.0,60.2,0.0,,,,,,,,,,,,,,,62.070282658517954,,,,,,,,,,,,,,,,,Tomate ,Quindío,5.9,12.0,5.9,12.0
2024-10-16,129,T3_N0P2K0,,,54.5,31.0,1.0,4.0,0.547,220.0,70.2,0.0,5.4,3500.0,370.0,56.0,220.0,11.25,,7.2,6.0,12.0,1.0,14.0,0.07,,70.0280112044818,,,,7.53,23.8,25.8,108.0,39.1,26.1,68.1,1.0,1.0,5.0,Si,0.108,391.0,Tomatoes,Quindio,6.4,12.0,6.4,12.0
2024-10-16,130,T7_N0P1K2,,,,,,0.0,0.0,0.0,0.0,1.0,,,,,,,,,,,,,,,0.0,,,,,,,,,,,,,,,,,Tomate ,Quindío,7.6,12.0,7.6,12.0
2024-10-16,131,T7_N0P1K2,,,,,,1.0,0.197,215.0,60.2,0.0,,,,,,,,,,,,,,,68.43646549528903,,,,,,,,,,,,,,,,,Tomate ,Quindío,8.1,12.0,8.1,12.0
2024-10-16,132,T7_N0P1K2,,,52.3,18.0,1.0,3.0,0.362,195.0,60.4,0.0,5.2,3100.0,580.0,48.0,290.0,11.03,,6.5,22.0,7.0,1.0,24.0,0.099,,62.070282658517954,,,,7.54,40.2,24.6,148.0,45.5,25.8,63.9,1.0,1.0,5.0,Si,0.148,455.0,Tomatoes,Quindio,8.6,12.0,8.6,12.0
2024-10-16,133,T21_N2P2K0,,,58.6,19.0,4.0,1.0,0.238,230.0,70.2,0.0,5.5,3500.0,190.0,58.0,230.0,10.79,,7.3,8.0,13.0,2.0,12.0,0.072,,73.21110262286733,,,,7.48,29.1,24.2,113.0,33.0,25.7,63.9,1.0,1.0,5.0,Si,0.113,330.0,Tomatoes,Quindio,8.6,13.2,8.6,13.2
2024-10-16,134,T21_N2P2K0,,,,,,2.0,0.556,280.0,60.8,1.0,,,,,,,,,,,,,,,89.12655971479501,,,,,,,,,,,,,,,,,Tomate ,Quindío,8.1,13.2,8.1,13.2
2024-10-16,135,T21_N2P2K0,,,,,,0.0,0.0,0.0,0.0,0.0,,,,,,,,,,,,,,,0.0,,,,,,,,,,,,,,,,,Tomate ,Quindío,7.6,13.2,7.6,13.2
2024-10-16,136,T23_N2P0K2,,,54.9,28.0,3.0,0.0,0.0,0.0,0.0,0.0,5.4,3500.0,370.0,52.0,450.0,11.75,,7.7,7.0,6.0,1.0,20.0,0.049,,0.0,,,,7.5,28.8,26.6,157.0,47.6,26.4,65.5,1.0,1.0,5.0,Si,0.157,476.0,Tomatoes,Quindio,6.4,13.2,6.4,13.2
2024-10-16,137,T23_N2P0K2,,,,,,3.0,0.425,215.0,70.0,1.0,,,,,,,,,,,,,,,68.43646549528903,,,,,,,,,,,,,,,,,Tomate ,Quindío,5.9,13.2,5.9,13.2
2024-10-16,138,T23_N2P0K2,,,,,,1.0,0.113,220.0,60.8,0.0,,,,,,,,,,,,,,,70.0280112044818,,,,,,,,,,,,,,,,,Tomate ,Quindío,5.4,13.2,5.4,13.2
2024-10-16,139,T20_N2P1K0,,,60.1,28.0,5.0,1.0,0.215,225.0,80.3,0.0,5.4,3400.0,260.0,54.0,210.0,10.14,,7.2,4.0,11.0,1.0,11.0,0.043,,71.61955691367456,,,,7.52,38.2,26.6,99.0,56.1,26.9,61.5,1.0,1.0,5.0,Si,0.099,561.0,Tomatoes,Quindio,4.2,13.2,4.2,13.2
2024-10-16,140,T20_N2P1K0,,,,,,0.0,0.0,0.0,0.0,0.0,,,,,,,,,,,,,,,0.0,,,,,,,,,,,,,,,,,Tomate ,Quindío,3.7,13.2,3.7,13.2
2024-10-16,141,T20_N2P1K0,,,,,,1.0,0.187,220.0,70.3,0.0,,,,,,,,,,,,,,,70.0280112044818,,,,,,,,,,,,,,,,,Tomate ,Quindío,3.2,13.2,3.2,13.2
2024-10-16,142,T18_N1P2K2,,,57.6,27.0,3.0,0.0,0.0,0.0,0.0,0.0,5.5,3900.0,330.0,68.0,2200.0,13.97,,7.4,36.0,4.0,2.0,32.0,0.12,,0.0,,,,7.59,19.7,25.4,594.0,25.9,26.3,59.7,1.0,1.0,5.0,Si,0.594,259.0,Tomatoes,Quindio,2.0,13.2,2.0,13.2
2024-10-16,143,T18_N1P2K2,,,,,,1.0,0.271,260.0,70.5,0.0,,,,,,,,,,,,,,,82.76037687802393,,,,,,,,,,,,,,,,,Tomate ,Quindío,1.5,13.2,1.5,13.2
2024-10-16,144,T18_N1P2K2,,,,,,2.0,0.476,240.0,70.3,0.0,,,,,,,,,,,,,,,76.39419404125286,,,,,,,,,,,,,,,,,Tomate ,Quindío,1.0,13.2,1.0,13.2
2024-10-16,145,T6_N0P1K1,,,,,,2.0,0.364,215.0,70.7,0.0,,,,,,,,,,,,,,,68.43646549528903,,,,,,,,,,,,,,,,,Tomate ,Quindío,1.0,14.4,1.0,14.4
2024-10-16,146,T6_N0P1K1,,,,,,1.0,0.191,220.0,70.6,0.0,,,,,,,,,,,,,,,70.0280112044818,,,,,,,,,,,,,,,,,Tomate ,Quindío,1.5,14.4,1.5,14.4
2024-10-16,147,T6_N0P1K1,,,53.2,27.0,6.0,3.0,0.379,215.0,60.1,0.0,5.4,3400.0,340.0,54.0,850.0,11.77,,7.1,10.0,11.0,2.0,29.0,0.072,,68.43646549528903,,,,7.46,29.2,22.6,173.0,35.9,24.7,64.7,1.0,1.0,5.0,Si,0.173,359.0,Tomatoes,Quindio,2.0,14.4,2.0,14.4
2024-10-16,148,T17_N1P2K1,,,,,,4.0,0.664,220.0,70.0,0.0,,,,,,,,,,,,,,,70.0280112044818,,,,,,,,,,,,,,,,,Tomate ,Quindío,3.2,14.4,3.2,14.4
2024-10-16,149,T17_N1P2K1,,,,,,2.0,0.296,200.0,60.7,0.0,,,,,,,,,,,,,,,63.66182836771072,,,,,,,,,,,,,,,,,Tomate ,Quindío,3.7,14.4,3.7,14.4
2024-10-16,150,T17_N1P2K1,,,56.3,26.0,5.0,2.0,0.601,265.0,80.2,0.0,5.4,3700.0,360.0,65.0,460.0,11.96,,6.4,34.0,16.0,4.0,47.0,0.165,,84.3519225872167,,,,7.52,22.2,23.0,69.0,28.2,24.8,69.6,1.0,1.0,5.0,Si,0.069,282.0,Tomatoes,Quindio,4.2,14.4,4.2,14.4
2024-10-16,151,T25_N2P1K2,,,,,,3.0,0.551,225.0,70.3,1.0,,,,,,,,,,,,,,,71.61955691367456,,,,,,,,,,,,,,,,,Tomate ,Quindío,5.4,14.4,5.4,14.4
2024-10-16,152,T25_N2P1K2,,,,,,3.0,0.485,200.0,60.7,1.0,,,,,,,,,,,,,,,63.66182836771072,,,,,,,,,,,,,,,,,Tomate ,Quindío,5.9,14.4,5.9,14.4
2024-10-16,153,T25_N2P1K2,,,55.4,24.0,3.0,2.0,0.444,225.0,70.9,0.0,5.5,3600.0,390.0,54.0,240.0,11.89,,6.5,12.0,24.0,3.0,27.0,0.123,,71.61955691367456,,,,7.49,28.1,23.8,93.0,33.6,25.4,65.4,1.0,1.0,5.0,Si,0.093,336.0,Tomatoes,Quindio,6.4,14.4,6.4,14.4
2024-10-16,154,T29_BIO N1P1K1,,,,,,1.0,0.244,245.0,70.6,0.0,,,,,,,,,,,,,,,77.98573975044563,,,,,,,,,,,,,,,,,Tomate ,Quindío,7.6,14.4,7.6,14.4
2024-10-16,155,T29_BIO N1P1K1,,,,,,2.0,0.266,195.0,60.9,0.0,,,,,,,,,,,,,,,62.070282658517954,,,,,,,,,,,,,,,,,Tomate ,Quindío,8.1,14.4,8.1,14.4
2024-10-16,156,T29_BIO N1P1K1,,,58.1,30.0,0.0,5.0,0.99,235.0,80.2,0.0,5.2,3200.0,640.0,51.0,430.0,12.8,,6.9,8.0,14.0,5.0,16.0,0.101,,74.8026483320601,,,,7.36,28.7,24.2,92.0,24.0,25.4,64.2,1.0,1.0,5.0,Si,0.092,240.0,Tomatoes,Quindio,8.6,14.4,8.6,14.4
2024-10-16,157,T2_N0P1K0,,,55.4,23.0,2.0,2.0,0.376,240.0,70.7,0.0,5.4,3600.0,230.0,60.0,300.0,10.22,,6.8,5.0,21.0,1.0,17.0,0.084,,76.39419404125286,,,,7.44,29.1,24.2,232.0,36.6,25.3,63.8,1.0,1.0,5.0,Si,0.232,366.0,Tomatoes,Quindio,8.6,15.6,8.6,15.6
2024-10-16,158,T2_N0P1K0,,,,,,2.0,0.358,227.5,65.5,0.0,,,,,,,,,,,,,,,72.41532976827095,,,,,,,,,,,,,,,,,Tomate ,Quindío,8.1,15.6,8.1,15.6
2024-10-16,159,T2_N0P1K0,,,,,,2.0,0.335,220.0,70.2,0.0,,,,,,,,,,,,,,,70.0280112044818,,,,,,,,,,,,,,,,,Tomate ,Quindío,7.6,15.6,7.6,15.6
2024-10-16,160,T19_N2P0K0,,,61.7,25.0,0.0,0.0,0.0,0.0,0.0,0.0,5.4,3600.0,380.0,59.0,420.0,12.14,,6.9,4.0,15.0,1.0,10.0,0.071,,0.0,,,,7.56,43.1,23.8,93.0,36.2,25.5,63.9,1.0,1.0,5.0,Si,0.093,362.0,Tomatoes,Quindio,6.4,15.6,6.4,15.6
2024-10-16,161,T19_N2P0K0,,,,,,5.0,0.722,225.0,60.5,0.0,,,,,,,,,,,,,,,71.61955691367456,,,,,,,,,,,,,,,,,Tomate ,Quindío,5.9,15.6,5.9,15.6
2024-10-16,162,T19_N2P0K0,,,,,,3.0,0.406,205.0,70.3,0.0,,,,,,,,,,,,,,,65.25337407690348,,,,,,,,,,,,,,,,,Tomate ,Quindío,5.4,15.6,5.4,15.6
2024-10-16,163,T8_N0P2K1,,,56.7,29.0,11.0,1.0,0.134,195.0,60.7,0.0,5.5,2800.0,210.0,62.0,310.0,10.8,,7.4,6.0,7.0,1.0,11.0,0.053,,62.070282658517954,,,,7.51,38.6,23.4,65.0,39.1,25.0,64.2,1.0,1.0,5.0,Si,0.065,391.0,Tomatoes,Quindio,4.2,15.6,4.2,15.6
2024-10-16,164,T8_N0P2K1,,,,,,3.0,0.613,235.0,70.5,0.0,,,,,,,,,,,,,,,74.8026483320601,,,,,,,,,,,,,,,,,Tomate ,Quindío,3.7,15.6,3.7,15.6
2024-10-16,165,T8_N0P2K1,,,,,,2.0,0.278,215.0,60.3,0.0,,,,,,,,,,,,,,,68.43646549528903,,,,,,,,,,,,,,,,,Tomate ,Quindío,3.2,15.6,3.2,15.6
2024-10-16,166,T15_N1P1K1,,,57.3,18.0,3.0,0.0,0.0,0.0,0.0,0.0,5.3,2200.0,590.0,40.0,150.0,8.73,,7.4,1.0,5.0,1.0,13.0,0.033,,0.0,,,,7.53,41.8,22.6,168.0,37.6,24.5,67.4,1.0,1.0,5.0,Si,0.168,376.0,Tomatoes,Quindio,2.0,15.6,2.0,15.6
2024-10-16,167,T15_N1P1K1,,,,,,2.0,0.261,200.0,60.9,0.0,,,,,,,,,,,,,,,63.66182836771072,,,,,,,,,,,,,,,,,Tomate ,Quindío,1.5,15.6,1.5,15.6
2024-10-16,168,T15_N1P1K1,,,,,,0.0,0.0,0.0,0.0,0.0,,,,,,,,,,,,,,,0.0,,,,,,,,,,,,,,,,,Tomate ,Quindío,1.0,15.6,1.0,15.6
2024-10-16,169,T24_N2P1K1,,,,,,2.0,0.258,195.0,60.3,0.0,,,,,,,,,,,,,,,62.070282658517954,,,,,,,,,,,,,,,,,Tomate ,Quindío,1.0,16.8,1.0,16.8
2024-10-16,170,T24_N2P1K1,,,,,,1.0,0.164,210.0,70.2,0.0,,,,,,,,,,,,,,,66.84491978609626,,,,,,,,,,,,,,,,,Tomate ,Quindío,1.5,16.8,1.5,16.8
2024-10-16,171,T24_N2P1K1,,,57.9,28.0,4.0,3.0,0.561,220.0,70.1,0.0,5.4,3600.0,170.0,51.0,910.0,10.77,,7.0,24.0,28.0,2.0,14.0,0.194,,70.0280112044818,,,,7.52,23.6,22.6,89.0,28.7,24.3,66.4,1.0,1.0,5.0,Si,0.089,287.0,Tomatoes,Quindio,2.0,16.8,2.0,16.8
2024-10-16,172,T11_N1P1K0,,,,,,4.0,0.68,215.0,70.3,2.0,,,,,,,,,,,,,,,68.43646549528903,,,,,,,,,,,,,,,,,Tomate ,Quindío,3.2,16.8,3.2,16.8
2024-10-16,173,T11_N1P1K0,,,,,,8.0,1.336,267.5,70.75,0.0,,,,,,,,,,,,,,,85.14769544181308,,,,,,,,,,,,,,,,,Tomate ,Quindío,3.7,16.8,3.7,16.8
2024-10-16,174,T11_N1P1K0,,,51.9,18.0,2.0,4.0,0.488,175.0,65.0,0.0,5.4,3200.0,400.0,75.0,940.0,11.15,,7.2,7.0,15.0,1.0,32.0,0.081,,55.70409982174688,,,,7.45,21.5,23.4,164.0,28.6,24.0,65.3,1.0,1.0,5.0,Si,0.164,286.0,Tomatoes,Quindio,4.2,16.8,4.2,16.8
2024-10-16,175,T27_N2P2K2,,,,,,2.0,0.415,230.0,70.8,0.0,,,,,,,,,,,,,,,73.21110262286733,,,,,,,,,,,,,,,,,Tomate ,Quindío,5.4,16.8,5.4,16.8
2024-10-16,176,T27_N2P2K2,,,,,,3.0,0.325,212.5,65.5,0.0,,,,,,,,,,,,,,,67.64069264069265,,,,,,,,,,,,,,,,,Tomate ,Quindío,5.9,16.8,5.9,16.8
2024-10-16,177,T27_N2P2K2,,,61.5,25.0,2.0,2.0,0.33,210.0,65.5,0.0,5.4,3600.0,110.0,54.0,770.0,10.63,,5.8,4.0,34.0,2.0,8.0,0.107,,66.84491978609626,,,,7.39,25.6,23.4,59.0,31.2,23.9,67.3,1.0,1.0,5.0,Si,0.059,312.0,Tomatoes,Quindio,6.4,16.8,6.4,16.8
2024-10-16,178,T4_N0P0K1,,,,,,1.0,0.12,185.0,70.2,0.0,,,,,,,,,,,,,,,58.88719124013242,,,,,,,,,,,,,,,,,Tomate ,Quindío,7.6,16.8,7.6,16.8
2024-10-16,179,T4_N0P0K1,,,,,,2.0,0.408,230.0,70.5,0.0,,,,,,,,,,,,,,,73.21110262286733,,,,,,,,,,,,,,,,,Tomate ,Quindío,8.1,16.8,8.1,16.8
2024-10-16,180,T4_N0P0K1,,,56.6,24.0,6.0,3.0,0.546,210.0,65.5,0.0,5.5,3800.0,260.0,59.0,470.0,11.84,,7.0,20.0,11.0,3.0,15.0,0.118,,66.84491978609626,,,,7.59,24.8,23.0,30.0,26.3,23.6,68.2,1.0,1.0,5.0,Si,0.03,263.0,Tomatoes,Quindio,8.6,16.8,8.6,16.8
2024-10-23,1,T27_N2P2K2,,,56.3,25.0,12.0,1.0,0.189,220.0,70.3,0.0,,4200.0,500.0,70.0,120.0,14.68,,6.9,24.0,20.0,2.0,33.0,0.152,,70.0280112044818,,,,6.45,37.8,22.8,154.0,17.5,24.2,79.3,1.0,1.0,5.0,Si,0.154,175.0,Tomatoes,Quindio,1.0,0.0,1.0,0.0
2024-10-23,2,T27_N2P2K2,,,,,,1.0,0.123,190.0,60.4,0.0,,,,,,,,,,,,,,,60.47873694932519,,,,,,,,,,,,,,,,,Tomate ,Quindío,1.5,0.0,1.5,0.0
2024-10-23,3,T27_N2P2K2,,,,,,3.0,0.724,215.0,70.5,0.0,,,,,,,,,,,,,,,68.43646549528903,,,,,,,,,,,,,,,,,Tomate ,Quindío,2.0,0.0,2.0,0.0
2024-10-23,4,T24_N2P1K1,,,52.3,28.0,14.0,6.0,0.864,210.0,60.7,1.0,5.1,4600.0,350.0,64.0,340.0,13.78,,6.3,52.0,15.0,2.0,36.0,0.225,,66.84491978609626,,,,7.7,23.1,23.2,92.0,16.1,24.3,78.6,1.0,1.0,5.0,Si,0.092,161.0,Tomatoes,Quindio,3.2,0.0,3.2,0.0
2024-10-23,5,T24_N2P1K1,,,,,,2.0,0.223,180.0,60.4,1.0,,,,,,,,,,,,,,,57.29564553093965,,,,,,,,,,,,,,,,,Tomate ,Quindío,3.7,0.0,3.7,0.0
2024-10-23,6,T24_N2P1K1,,,,,,3.0,0.575,215.0,70.0,0.0,,,,,,,,,,,,,,,68.43646549528903,,,,,,,,,,,,,,,,,Tomate ,Quindío,4.2,0.0,4.2,0.0
2024-10-23,7,T4_N0P0K1,,,,,,0.0,0.0,0.0,0.0,0.0,,,,,,,,,,14.0,,,,,0.0,,,,,,,,,,,,,,,,,Tomate ,Quindío,5.4,0.0,5.4,0.0
2024-10-23,8,T4_N0P0K1,,,,,,3.0,0.486,205.0,70.1,0.0,,,,,,,,,,,,,,,65.25337407690348,,,,,,,,,,,,,,,,,Tomate ,Quindío,5.9,0.0,5.9,0.0
2024-10-23,9,T4_N0P0K1,,,,,,1.0,0.112,180.0,60.7,2.0,,,,,,,,,,,,,,,57.29564553093965,,,,,,,,,,,,,,,,,Tomate ,Quindío,6.4,0.0,6.4,0.0
2024-10-23,10,T15_N1P1K1,,,55.3,27.0,1.0,1.0,0.08,160.0,50.8,0.0,5.4,4300.0,34.0,57.0,550.0,11.74,,6.4,63.0,14.0,2.0,61.0,0.273,,50.92946269416858,,,,7.79,23.6,23.6,213.0,13.6,24.3,76.6,1.0,1.0,5.0,Si,0.213,136.0,Tomatoes,Quindio,7.6,0.0,7.6,0.0
2024-10-23,11,T15_N1P1K1,,,,,,2.0,0.231,175.0,60.5,0.0,,,,,,,,,,,,,,,55.70409982174688,,,,,,,,,,,,,,,,,Tomate ,Quindío,8.1,0.0,8.1,0.0
2024-10-23,12,T15_N1P1K1,,,59.6,26.0,3.0,1.0,0.172,210.0,70.8,0.0,,,,,,,,6.4,16.0,9.0,1.0,22.0,0.094,,66.84491978609626,,,,7.77,44.7,23.6,184.0,14.2,24.2,76.3,1.0,1.0,5.0,Si,0.184,142.0,Tomatoes,Quindio,8.6,0.0,8.6,0.0
2024-10-23,13,T9_N0P2K2,,,,,,2.0,0.179,200.0,50.8,0.0,,,,,,,,,,,,,,,63.66182836771072,,,,,,,,,,,,,,,,,Tomate ,Quindío,8.6,1.2,8.6,1.2
2024-10-23,14,T9_N0P2K2,,,,,,3.0,0.368,235.0,60.8,0.0,,,,,,,,,,,,,,,74.8026483320601,,,,,,,,,,,,,,,,,Tomate ,Quindío,8.1,1.2,8.1,1.2
2024-10-23,15,T9_N0P2K2,,,64.5,29.0,4.0,3.0,0.615,235.0,70.5,0.0,5.3,4100.0,110.0,58.0,200.0,12.23,,7.2,85.0,21.0,9.0,110.0,0.332,,74.8026483320601,,,,8.02,24.0,23.6,126.0,14.9,24.2,78.6,1.0,1.0,5.0,Si,0.126,149.0,Tomatoes,Quindio,7.6,1.2,7.6,1.2
2024-10-23,16,T13_N1P0K1,,,,,,0.0,0.0,0.0,0.0,0.0,,,,,,,,,,,,,,,0.0,,,,,,,,,,,,,,,,,Tomate ,Quindío,6.4,1.2,6.4,1.2
2024-10-23,17,T13_N1P0K1,,,,,,4.0,0.545,195.0,70.6,0.0,,,,,,,,,,,,,,,62.070282658517954,,,,,,,,,,,,,,,,,Tomate ,Quindío,5.9,1.2,5.9,1.2
2024-10-23,18,T13_N1P0K1,,,63.7,26.0,8.0,1.0,0.144,220.0,70.0,0.0,5.3,4500.0,240.0,62.0,250.0,12.92,,7.6,17.0,7.0,1.0,42.0,0.082,,70.0280112044818,,,,6.62,34.2,22.8,214.0,15.4,24.1,80.1,1.0,1.0,5.0,Si,0.214,154.0,Tomatoes,Quindio,5.4,1.2,5.4,1.2
2024-10-23,19,T22_N2P0K1,,,,,,6.0,0.779,210.0,70.3,0.0,,,,,,,,,,,,,,,66.84491978609626,,,,,,,,,,,,,,,,,Tomate ,Quindío,4.2,1.2,4.2,1.2
2024-10-23,20,T22_N2P0K1,,,,,,3.0,0.518,205.0,70.0,1.0,,,,,,,,,,,,,,,65.25337407690348,,,,,,,,,,,,,,,,,Tomate ,Quindío,3.7,1.2,3.7,1.2
2024-10-23,21,T22_N2P0K1,,,56.0,22.0,2.0,3.0,0.329,170.0,60.4,0.0,5.2,4200.0,410.0,60.0,460.0,12.98,,7.4,21.0,15.0,1.0,25.0,0.121,,54.112554112554115,,,,6.16,28.4,23.2,199.0,15.9,24.1,80.3,1.0,1.0,5.0,Si,0.199,159.0,Tomatoes,Quindio,3.2,1.2,3.2,1.2
2024-10-23,22,T10_N1P0K0,,,,,,3.0,0.91,230.0,80.3,0.0,,,,,,,,,,,,,,,73.21110262286733,,,,,,,,,,,,,,,,,Tomate ,Quindío,2.0,1.2,2.0,1.2
2024-10-23,23,T10_N1P0K0,,,,,,5.0,0.777,220.0,70.0,0.0,,,,,,,,,,,,,,,70.0280112044818,,,,,,,,,,,,,,,,,Tomate ,Quindío,1.5,1.2,1.5,1.2
2024-10-23,24,T10_N1P0K0,,,58.8,26.0,4.0,6.0,0.783,200.0,60.6,0.0,5.1,3900.0,440.0,48.0,310.0,12.39,,7.1,18.0,19.0,1.0,33.0,0.131,,63.66182836771072,,,,8.02,26.0,23.6,230.0,24.3,24.3,74.4,1.0,1.0,5.0,Si,0.23,243.0,Tomatoes,Quindio,1.0,1.2,1.0,1.2
2024-10-23,25,T28_BIO-N0P0K0,,,52.6,26.0,1.0,2.0,0.473,230.0,70.7,0.0,5.3,4300.0,160.0,58.0,210.0,12.01,,7.6,16.0,17.0,2.0,26.0,0.122,,73.21110262286733,,,,8.34,29.0,23.6,314.0,16.8,24.1,78.2,1.0,1.0,5.0,Si,0.314,168.0,Tomatoes,Quindio,1.0,2.4,1.0,2.4
2024-10-23,26,T28_BIO-N0P0K0,,,,,,4.0,0.753,235.0,70.8,0.0,,,,,,,,,,,,,,,74.8026483320601,,,,,,,,,,,,,,,,,Tomate ,Quindío,1.5,2.4,1.5,2.4
2024-10-23,27,T28_BIO-N0P0K0,,,,,,2.0,0.35,210.0,70.3,0.0,,,,,,,,,,,,,,,66.84491978609626,,,,,,,,,,,,,,,,,Tomate ,Quindío,2.0,2.4,2.0,2.4
2024-10-23,28,T12_N1P2K0,,,58.5,31.0,2.0,3.0,0.468,220.0,70.1,0.0,5.2,4600.0,420.0,76.0,300.0,14.44,,7.3,72.0,35.0,4.0,95.0,0.391,,70.0280112044818,,,,6.79,18.9,23.2,75.0,14.5,24.0,78.6,1.0,1.0,5.0,Si,0.075,145.0,Tomatoes,Quindio,3.2,2.4,3.2,2.4
2024-10-23,29,T12_N1P2K0,,,,,,0.0,0.0,0.0,0.0,5.0,,,,,,,,,,,,,,,0.0,,,,,,,,,,,,,,,,,Tomate ,Quindío,3.7,2.4,3.7,2.4
2024-10-23,30,T12_N1P2K0,,,,,,3.0,0.343,205.0,60.9,0.0,,,,,,,,,,,,,,,65.25337407690348,,,,,,,,,,,,,,,,,Tomate ,Quindío,4.2,2.4,4.2,2.4
2024-10-23,31,T26_N2P2K1,,,49.1,26.0,7.0,3.0,0.421,200.0,60.9,0.0,5.1,4100.0,450.0,74.0,390.0,13.87,,7.4,33.0,9.0,3.0,42.0,0.135,,63.66182836771072,,,,8.18,39.6,23.2,175.0,14.0,24.1,79.6,1.0,1.0,5.0,Si,0.175,140.0,Tomatoes,Quindio,5.4,2.4,5.4,2.4
2024-10-23,32,T26_N2P2K1,,,,,,3.0,0.405,145.0,60.4,1.0,,,,,,,,,,,,,,,46.154825566590276,,,,,,,,,,,,,,,,,Tomate ,Quindío,5.9,2.4,5.9,2.4
2024-10-23,33,T26_N2P2K1,,,,,,1.0,0.169,210.0,70.7,0.0,,,,,,,,,,,,,,,66.84491978609626,,,,,,,,,,,,,,,,,Tomate ,Quindío,6.4,2.4,6.4,2.4
2024-10-23,34,T16_N1P1K2,,,54.8,21.0,5.0,1.0,0.244,230.0,80.3,4.0,5.1,4800.0,350.0,74.0,390.0,14.69,,7.5,29.0,16.0,3.0,41.0,0.159,,73.21110262286733,,,,7.91,35.2,23.3,303.0,16.1,24.0,78.4,1.0,1.0,5.0,Si,0.303,161.0,Tomatoes,Quindio,7.6,2.4,7.6,2.4
2024-10-23,35,T16_N1P1K2,,,,,,4.0,0.481,170.0,60.8,1.0,,,,,,,,,,,,,,,54.112554112554115,,,,,,,,,,,,,,,,,Tomate ,Quindío,8.1,2.4,8.1,2.4
2024-10-23,36,T16_N1P1K2,,,,,,3.0,0.521,195.0,70.1,0.0,,,,,,,,,,,,,,,62.070282658517954,,,,,,,,,,,,,,,,,Tomate ,Quindío,8.6,2.4,8.6,2.4
2024-10-23,37,T1_N0P0K0,,,,,,1.0,0.078,160.0,60.0,0.0,,,,,,,,,,,,,,,50.92946269416858,,,,,,,,,,,,,,,,,Tomate ,Quindío,8.6,3.6,8.6,3.6
2024-10-23,38,T1_N0P0K0,,,,,,4.0,0.611,200.0,70.3,0.0,,,,,,,,,,,,,,,63.66182836771072,,,,,,,,,,,,,,,,,Tomate ,Quindío,8.1,3.6,8.1,3.6
2024-10-23,39,T1_N0P0K0,,,46.0,32.0,0.0,2.0,0.253,180.0,70.2,0.0,5.3,4500.0,220.0,71.0,360.0,11.38,,7.6,8.0,11.0,1.0,25.0,0.071,,57.29564553093965,,,,8.02,29.6,24.0,205.0,19.9,24.3,81.0,1.0,1.0,5.0,Si,0.205,199.0,Tomatoes,Quindio,7.6,3.6,7.6,3.6
2024-10-23,40,T14_N1P0K2,,,,,,3.0,0.611,235.0,70.4,0.0,,,,,,,,,,,,,,,74.8026483320601,,,,,,,,,,,,,,,,,Tomate ,Quindío,6.4,3.6,6.4,3.6
2024-10-23,41,T14_N1P0K2,,,,,,3.0,0.473,200.0,70.6,0.0,,,,,,,,,,,,,,,63.66182836771072,,,,,,,,,,,,,,,,,Tomate ,Quindío,5.9,3.6,5.9,3.6
2024-10-23,42,T14_N1P0K2,,,60.3,17.0,3.0,3.0,0.394,195.0,60.9,0.0,5.2,4400.0,280.0,74.0,580.0,10.94,,6.6,88.0,49.0,7.0,100.0,0.451,,62.070282658517954,,,,8.05,23.7,23.6,217.0,24.4,24.2,78.0,1.0,1.0,5.0,Si,0.217,244.0,Tomatoes,Quindio,5.4,3.6,5.4,3.6
2024-10-23,43,T7_N0P1K2,,,,,,0.0,0.786,235.0,60.3,0.0,,,,,,,,,,,,,,,74.8026483320601,,,,,,,,,,,,,,,,,Tomate ,Quindío,4.2,3.6,4.2,3.6
2024-10-23,44,T7_N0P1K2,,,,,,4.0,0.546,200.0,70.5,0.0,,,,,,,,,,,,,,,63.66182836771072,,,,,,,,,,,,,,,,,Tomate ,Quindío,3.7,3.6,3.7,3.6
2024-10-23,45,T7_N0P1K2,,,59.9,21.0,0.0,2.0,0.331,210.0,70.3,0.0,,,,,,,,6.8,41.0,13.0,2.0,43.0,0.158,,66.84491978609626,,,,7.22,21.7,23.6,335.0,16.4,24.2,76.9,1.0,1.0,5.0,Si,0.335,164.0,Tomatoes,Quindio,3.2,3.6,3.2,3.6
2024-10-23,46,T3_N0P2K0,,,,,,0.0,0.0,0.0,0.0,0.0,,,,,,,,,,,,,,,0.0,,,,,,,,,,,,,,,,,Tomate ,Quindío,2.0,3.6,2.0,3.6
2024-10-23,47,T3_N0P2K0,,,,,,7.0,0.953,190.0,80.3,1.0,,,,,,,,,,,,,,,60.47873694932519,,,,,,,,,,,,,,,,,Tomate ,Quindío,1.5,3.6,1.5,3.6
2024-10-23,48,T3_N0P2K0,,,56.8,25.0,2.0,3.0,0.455,210.0,60.8,0.0,5.2,3700.0,360.0,58.0,430.0,11.66,,6.8,13.0,9.0,1.0,14.0,0.092,,66.84491978609626,,,,7.92,33.1,23.6,269.0,24.5,24.0,75.7,1.0,1.0,5.0,Si,0.269,245.0,Tomatoes,Quindio,1.0,3.6,1.0,3.6
2024-10-23,49,T23_N2P0K2,,,58.7,25.0,0.0,6.0,0.989,215.0,80.4,0.0,5.1,4200.0,450.0,63.0,480.0,14.56,,6.2,71.0,15.0,3.0,49.0,0.289,,68.43646549528903,,,,7.88,39.3,23.6,313.0,14.8,24.0,77.1,1.0,1.0,5.0,Si,0.313,148.0,Tomatoes,Quindio,1.0,4.8,1.0,4.8
2024-10-23,50,T23_N2P0K2,,,,,,7.0,0.81,210.0,70.3,0.0,,,,,,,,,,,,,,,66.84491978609626,,,,,,,,,,,,,,,,,Tomate ,Quindío,1.5,4.8,1.5,4.8
2024-10-23,51,T23_N2P0K2,,,,,,4.0,0.674,235.0,70.9,0.0,,,,,,,,,,,,,,,74.8026483320601,,,,,,,,,,,,,,,,,Tomate ,Quindío,2.0,4.8,2.0,4.8
2024-10-23,52,T21_N2P2K0,,,61.8,26.0,7.0,1.0,0.092,170.0,60.1,1.0,5.1,4400.0,370.0,70.0,560.0,13.27,,6.6,5.0,9.0,1.0,16.0,0.053,,54.112554112554115,,,,7.94,24.3,23.6,139.0,16.4,24.1,79.1,1.0,1.0,5.0,Si,0.139,164.0,Tomatoes,Quindio,3.2,4.8,3.2,4.8
2024-10-23,53,T21_N2P2K0,,,,,,6.0,0.97,250.0,70.5,0.0,,,,,,,,,,,,,,,79.5772854596384,,,,,,,,,,,,,,,,,Tomate ,Quindío,3.7,4.8,3.7,4.8
2024-10-23,54,T21_N2P2K0,,,56.0,17.0,4.0,4.0,0.518,200.0,60.9,0.0,,,,,,,,6.6,19.0,9.0,4.0,54.0,0.123,,63.66182836771072,,,,6.54,36.9,23.6,258.0,16.1,24.2,80.0,1.0,1.0,5.0,Si,0.258,161.0,Tomatoes,Quindio,4.2,4.8,4.2,4.8
2024-10-23,55,T5_N0P0K2,,,58.9,29.0,4.0,3.0,0.69,230.0,70.9,0.0,5.3,4300.0,94.0,58.0,860.0,11.54,,7.6,18.0,8.0,2.0,28.0,0.096,,73.21110262286733,,,,6.41,42.5,24.0,292.0,21.4,24.1,78.7,1.0,1.0,5.0,Si,0.292,214.0,Tomatoes,Quindio,5.4,4.8,5.4,4.8
2024-10-23,56,T5_N0P0K2,,,,,,3.0,0.371,185.0,60.4,0.0,,,,,,,,,,,,,,,58.88719124013242,,,,,,,,,,,,,,,,,Tomate ,Quindío,5.9,4.8,5.9,4.8
2024-10-23,57,T5_N0P0K2,,,,,,1.0,0.211,225.0,80.0,0.0,,,,,,,,,,,,,,,71.61955691367456,,,,,,,,,,,,,,,,,Tomate ,Quindío,6.4,4.8,6.4,4.8
2024-10-23,58,T30_BIO N2P2K2,,,61.1,19.0,0.0,4.0,0.409,200.0,60.8,0.0,5.1,5200.0,300.0,76.0,330.0,14.36,,7.4,17.0,16.0,2.0,32.0,0.127,,63.66182836771072,,,,7.87,29.0,24.0,187.0,19.9,24.2,78.9,1.0,1.0,5.0,Si,0.187,199.0,Tomatoes,Quindio,7.6,4.8,7.6,4.8
2024-10-23,59,T30_BIO N2P2K2,,,,,,5.0,0.622,205.0,60.9,0.0,,,,,,,,,,,,,,,65.25337407690348,,,,,,,,,,,,,,,,,Tomate ,Quindío,8.1,4.8,8.1,4.8
2024-10-23,60,T30_BIO N2P2K2,,,,,,2.0,0.274,200.0,70.0,0.0,,,,,,,,,,,,,,,63.66182836771072,,,,,,,,,,,,,,,,,Tomate ,Quindío,8.6,4.8,8.6,4.8
2024-10-23,61,T20_N2P1K0,,,,,,3.0,0.577,215.0,60.9,0.0,,,,,,,,,,,,,,,68.43646549528903,,,,,,,,,,,,,,,,,Tomate ,Quindío,8.6,6.0,8.6,6.0
2024-10-23,62,T20_N2P1K0,,,,,,2.0,0.2,185.0,60.4,0.0,,,,,,,,,,,,,,,58.88719124013242,,,,,,,,,,,,,,,,,Tomate ,Quindío,8.1,6.0,8.1,6.0
2024-10-23,63,T20_N2P1K0,,,62.5,22.0,6.0,1.0,0.043,145.0,50.4,0.0,5.1,4100.0,410.0,70.0,240.0,11.94,,7.2,16.0,17.0,2.0,39.0,0.138,,46.154825566590276,,,,7.93,29.4,23.6,246.0,23.8,24.5,78.6,1.0,1.0,5.0,Si,0.246,238.0,Tomatoes,Quindio,7.6,6.0,7.6,6.0
2024-10-23,64,T18_N1P2K2,,,,,,2.0,0.217,195.0,60.7,0.0,,,,,,,,,,,,,,,62.070282658517954,,,,,,,,,,,,,,,,,Tomate ,Quindío,6.4,6.0,6.4,6.0
2024-10-23,65,T18_N1P2K2,,,,,,4.0,0.554,195.0,60.9,0.0,,,,,,,,,,,,,,,62.070282658517954,,,,,,,,,,,,,,,,,Tomate ,Quindío,5.9,6.0,5.9,6.0
2024-10-23,66,T18_N1P2K2,,,62.5,18.0,0.0,2.0,0.153,175.0,60.7,0.0,5.3,4500.0,260.0,78.0,500.0,13.6,,6.9,12.0,4.0,1.0,24.0,0.07,,55.70409982174688,,,,7.91,41.3,23.6,226.0,21.4,24.7,81.2,1.0,1.0,5.0,Si,0.226,214.0,Tomatoes,Quindio,5.4,6.0,5.4,6.0
2024-10-23,67,T29_BIO N1P1K1,,,,,,10.0,1.543,235.0,70.1,0.0,,,,,,,,,,,,,,,74.8026483320601,,,,,,,,,,,,,,,,,Tomate ,Quindío,4.2,6.0,4.2,6.0
2024-10-23,68,T29_BIO N1P1K1,,,,,,2.0,0.401,220.0,70.3,1.0,,,,,,,,,,,,,,,70.0280112044818,,,,,,,,,,,,,,,,,Tomate ,Quindío,3.7,6.0,3.7,6.0
2024-10-23,69,T29_BIO N1P1K1,,,62.5,21.0,2.0,4.0,0.407,195.0,70.3,0.0,5.1,4000.0,590.0,75.0,420.0,12.78,,6.9,13.0,10.0,2.0,19.0,0.097,,62.070282658517954,,,,7.93,40.3,23.6,195.0,21.4,24.9,75.4,1.0,1.0,5.0,Si,0.195,214.0,Tomatoes,Quindio,3.2,6.0,3.2,6.0
2024-10-23,70,T25_N2P1K2,,,,,,1.0,0.167,225.0,70.3,0.0,,,,,,,,,,,,,,,71.61955691367456,,,,,,,,,,,,,,,,,Tomate ,Quindío,2.0,6.0,2.0,6.0
2024-10-23,71,T25_N2P1K2,,,,,,3.0,0.436,195.0,60.1,1.0,,,,,,,,,,,,,,,62.070282658517954,,,,,,,,,,,,,,,,,Tomate ,Quindío,1.5,6.0,1.5,6.0
2024-10-23,72,T25_N2P1K2,,,62.7,12.0,0.0,4.0,0.656,225.0,80.1,0.0,5.1,4000.0,510.0,71.0,260.0,12.94,,6.5,110.0,46.0,5.0,64.0,0.524,,71.61955691367456,,,,7.99,30.8,24.4,357.0,24.3,25.6,70.8,1.0,1.0,5.0,Si,0.357,243.0,Tomatoes,Quindio,1.0,6.0,1.0,6.0
2024-10-23,73,T19_N2P0K0,,,55.5,31.0,0.0,9.0,1.408,210.0,70.8,0.0,5.1,3700.0,400.0,61.0,240.0,12.27,,6.7,14.0,4.0,1.0,13.0,0.063,,66.84491978609626,,,,7.79,35.7,24.4,154.0,23.7,25.4,71.6,1.0,1.0,5.0,Si,0.154,237.0,Tomatoes,Quindio,1.0,7.2,1.0,7.2
2024-10-23,74,T19_N2P0K0,,,,,,6.0,0.957,225.0,70.7,0.0,,,,,,,,,,,,,,,71.61955691367456,,,,,,,,,,,,,,,,,Tomate ,Quindío,1.5,7.2,1.5,7.2
2024-10-23,75,T19_N2P0K0,,,,,,11.0,1.418,225.0,70.4,0.0,,,,,,,,,,,,,,,71.61955691367456,,,,,,,,,,,,,,,,,Tomate ,Quindío,2.0,7.2,2.0,7.2
2024-10-23,76,T2_N0P1K0,,,53.9,16.0,2.0,8.0,1.393,225.0,70.9,0.0,5.2,4000.0,280.0,71.0,520.0,11.84,,6.7,6.0,1.0,1.0,15.0,0.046,,71.61955691367456,,,,7.8,40.4,23.6,140.0,24.4,25.1,76.7,1.0,1.0,5.0,Si,0.14,244.0,Tomatoes,Quindio,3.2,7.2,3.2,7.2
2024-10-23,77,T2_N0P1K0,,,,,,7.0,0.358,210.0,70.4,0.0,,,,,,,,,,,,,,,66.84491978609626,,,,,,,,,,,,,,,,,Tomate ,Quindío,3.7,7.2,3.7,7.2
2024-10-23,78,T2_N0P1K0,,,,,,1.0,0.195,230.0,70.9,0.0,,,,,,,,,,,,,,,73.21110262286733,,,,,,,,,,,,,,,,,Tomate ,Quindío,4.2,7.2,4.2,7.2
2024-10-23,79,T6_N0P1K1,,,55.8,29.0,8.0,3.0,0.276,205.0,60.3,0.0,5.3,4200.0,310.0,68.0,520.0,11.67,,7.1,22.0,6.0,1.0,19.0,0.109,,65.25337407690348,,,,7.8,34.4,23.6,138.0,23.5,24.8,78.2,1.0,1.0,5.0,Si,0.138,235.0,Tomatoes,Quindio,5.4,7.2,5.4,7.2
2024-10-23,80,T6_N0P1K1,,,,,,5.0,0.558,225.0,60.9,0.0,,,,,,,,,,,,,,,71.61955691367456,,,,,,,,,,,,,,,,,Tomate ,Quindío,5.9,7.2,5.9,7.2
2024-10-23,81,T6_N0P1K1,,,,,,5.0,0.439,220.0,70.1,0.0,,,,,,,,,,,,,,,70.0280112044818,,,,,,,,,,,,,,,,,Tomate ,Quindío,6.4,7.2,6.4,7.2
2024-10-23,82,T17_N1P2K1,,,56.9,22.0,4.0,7.0,0.953,245.0,70.3,0.0,5.1,4000.0,410.0,49.0,330.0,12.32,,6.5,71.0,28.0,6.0,74.0,0.335,,77.98573975044563,,,,8.01,31.7,24.0,198.0,23.5,24.4,78.8,1.0,1.0,5.0,Si,0.198,235.0,Tomatoes,Quindio,7.6,7.2,7.6,7.2
2024-10-23,83,T17_N1P2K1,,,,,,6.0,0.772,225.0,70.2,0.0,,,,,,,,,,,,,,,71.61955691367456,,,,,,,,,,,,,,,,,Tomate ,Quindío,8.1,7.2,8.1,7.2
2024-10-23,84,T17_N1P2K1,,,,,,4.0,0.644,230.0,70.2,0.0,,,,,,,,,,,,,,,73.21110262286733,,,,,,,,,,,,,,,,,Tomate ,Quindío,8.6,7.2,8.6,7.2
2024-10-23,85,T11_N1P1K0,,,,,,7.0,0.729,225.0,70.2,0.0,,,,,,,,,,,,,,,71.61955691367456,,,,,,,,,,,,,,,,,Tomate ,Quindío,8.6,8.4,8.6,8.4
2024-10-23,86,T11_N1P1K0,,,,,,2.0,0.164,175.0,605.0,0.0,,,,,,,,,,,,,,,55.70409982174688,,,,,,,,,,,,,,,,,Tomate ,Quindío,8.1,8.4,8.1,8.4
2024-10-23,87,T11_N1P1K0,,,58.0,34.0,6.0,2.0,0.127,145.0,50.4,0.0,5.2,4100.0,270.0,55.0,330.0,12.46,,7.2,36.0,12.0,2.0,29.0,0.216,,46.154825566590276,,,,6.37,36.8,24.4,304.0,21.4,25.1,78.7,1.0,1.0,5.0,Si,0.304,214.0,Tomatoes,Quindio,7.6,8.4,7.6,8.4
2024-10-23,88,T8_N0P2K1,,,,,,0.0,0.0,0.0,0.0,0.0,,,,,,,,,,,,,,,0.0,,,,,,,,,,,,,,,,,Tomate ,Quindío,6.4,8.4,6.4,8.4
2024-10-23,89,T8_N0P2K1,,,,,,4.0,0.54,220.0,70.3,0.0,,,,,,,,,,,,,,,70.0280112044818,,,,,,,,,,,,,,,,,Tomate ,Quindío,5.9,8.4,5.9,8.4
2024-10-23,90,T8_N0P2K1,,,60.0,18.0,3.0,1.0,0.067,170.0,60.0,0.0,5.1,4000.0,240.0,51.0,280.0,11.16,,7.5,64.0,10.0,2.0,38.0,0.226,,54.112554112554115,,,,7.94,34.4,24.0,156.0,24.7,25.0,78.0,1.0,1.0,5.0,Si,0.156,247.0,Tomatoes,Quindio,5.4,8.4,5.4,8.4
2024-10-23,91,T9_N0P2K2,,,,,,5.0,0.732,215.0,70.2,0.0,,,,,,,,,,,,,,,68.43646549528903,,,,,,,,,,,,,,,,,Tomate ,Quindío,4.2,8.4,4.2,8.4
2024-10-23,92,T9_N0P2K2,,,,,,6.0,0.795,235.0,70.2,0.0,,,,,,,,,,,,,,,74.8026483320601,,,,,,,,,,,,,,,,,Tomate ,Quindío,3.7,8.4,3.7,8.4
2024-10-23,93,T9_N0P2K2,,,,,,6.0,0.729,215.0,70.7,0.0,,,,,,,,,,,,,,,68.43646549528903,,,,6.49,33.5,24.0,117.0,22.1,25.6,70.2,1.0,1.0,5.0,Si,0.117,221.0,Tomatoes,Quindio,3.2,8.4,3.2,8.4
2024-10-23,94,T13_N1P0K1,,,,,,6.0,0.878,230.0,80.1,1.0,,,,,,,,,,,,,,,73.21110262286733,,,,,,,,,,,,,,,,,Tomate ,Quindío,2.0,8.4,2.0,8.4
2024-10-23,95,T13_N1P0K1,,,,,,3.0,0.334,205.0,60.7,0.0,,,,,,,,,,,,,,,65.25337407690348,,,,,,,,,,,,,,,,,Tomate ,Quindío,1.5,8.4,1.5,8.4
2024-10-23,96,T13_N1P0K1,,,,,,8.0,0.778,240.0,60.8,0.0,,,,,,,,,,,,,,,76.39419404125286,,,,7.84,34.8,24.0,152.0,16.9,25.6,68.2,1.0,1.0,5.0,Si,0.152,169.0,Tomatoes,Quindio,1.0,8.4,1.0,8.4
2024-10-23,97,T26_N2P2K1,,,,,,4.0,0.562,235.0,70.3,0.0,,,,,,,,,,,,,,,74.8026483320601,,,,8.35,36.1,24.0,176.0,17.1,25.6,72.1,1.0,1.0,5.0,Si,0.176,171.0,Tomatoes,Quindio,1.0,9.6,1.0,9.6
2024-10-23,98,T26_N2P2K1,,,,,,8.0,0.147,225.0,70.6,0.0,,,,,,,,,,,,,,,71.61955691367456,,,,,,,,,,,,,,,,,Tomate ,Quindío,1.5,9.6,1.5,9.6
2024-10-23,99,T26_N2P2K1,,,,,,3.0,0.481,235.0,70.7,0.0,,,,,,,,,,,,,,,74.8026483320601,,,,,,,,,,,,,,,,,Tomate ,Quindío,2.0,9.6,2.0,9.6
2024-10-23,100,T16_N1P1K2,,,,,,5.0,0.642,245.0,70.5,0.0,,,,,,,,,,,,,,,77.98573975044563,,,,7.85,34.5,24.0,158.0,17.1,25.6,72.7,1.0,1.0,5.0,Si,0.158,171.0,Tomatoes,Quindio,3.2,9.6,3.2,9.6
2024-10-23,101,T16_N1P1K2,,,,,,3.0,0.43,210.0,60.9,0.0,,,,,,,,,,,,,,,66.84491978609626,,,,,,,,,,,,,,,,,Tomate ,Quindío,3.7,9.6,3.7,9.6
2024-10-23,102,T16_N1P1K2,,,,,,8.0,1.304,240.0,70.8,0.0,,,,,,,,,,,,,,,76.39419404125286,,,,,,,,,,,,,,,,,Tomate ,Quindío,4.2,9.6,4.2,9.6
2024-10-23,103,T10_N1P0K0,,,,,,4.0,0.637,220.0,80.1,0.0,,,,,,,,,,,,,,,70.0280112044818,,,,8.04,25.7,24.0,209.0,23.5,24.9,75.8,1.0,1.0,5.0,Si,0.209,235.0,Tomatoes,Quindio,5.4,9.6,5.4,9.6
2024-10-23,104,T10_N1P0K0,,,,,,5.0,0.902,235.0,70.7,0.0,,,,,,,,,,,,,,,74.8026483320601,,,,,,,,,,,,,,,,,Tomate ,Quindío,5.9,9.6,5.9,9.6
2024-10-23,105,T10_N1P0K0,,,,,,3.0,0.432,180.0,60.3,0.0,,,,,,,,,,,,,,,57.29564553093965,,,,,,,,,,,,,,,,,Tomate ,Quindío,6.4,9.6,6.4,9.6
2024-10-23,106,T22_N2P0K1,,,,,,6.0,0.841,225.0,70.8,0.0,,,,,,,,,,,,,,,71.61955691367456,,,,7.8,28.9,24.8,90.0,15.1,25.4,74.2,1.0,1.0,5.0,Si,0.09,151.0,Tomatoes,Quindio,7.6,9.6,7.6,9.6
2024-10-23,107,T22_N2P0K1,,,,,,7.0,1.022,225.0,70.3,0.0,,,,,,,,,,,,,,,71.61955691367456,,,,,,,,,,,,,,,,,Tomate ,Quindío,8.1,9.6,8.1,9.6
2024-10-23,108,T22_N2P0K1,,,,,,5.0,0.587,220.0,70.0,0.0,,,,,,,,,,,,,,,70.0280112044818,,,,,,,,,,,,,,,,,Tomate ,Quindío,8.6,9.6,8.6,9.6
2024-10-23,109,T12_N1P2K0,,,,,,6.0,0.551,190.0,60.7,0.0,,,,,,,,,,,,,,,60.47873694932519,,,,,,,,,,,,,,,,,Tomate ,Quindío,8.6,10.8,8.6,10.8
2024-10-23,110,T12_N1P2K0,,,,,,3.0,0.221,220.0,70.3,0.0,,,,,,,,,,,,,,,70.0280112044818,,,,,,,,,,,,,,,,,Tomate ,Quindío,8.1,10.8,8.1,10.8
2024-10-23,111,T12_N1P2K0,,,,,,4.0,0.309,225.0,70.0,0.0,,,,,,,,,,,,,,,71.61955691367456,,,,6.41,27.5,24.4,134.0,14.7,25.4,71.0,1.0,1.0,5.0,Si,0.134,147.0,Tomatoes,Quindio,7.6,10.8,7.6,10.8
2024-10-23,112,T28_BIO-N0P0K0,,,,,,7.0,1.0,235.0,70.6,0.0,,,,,,,,,,,,,,,74.8026483320601,,,,,,,,,,,,,,,,,Tomate ,Quindío,6.4,10.8,6.4,10.8
2024-10-23,113,T28_BIO-N0P0K0,,,,,,5.0,0.612,220.0,70.6,0.0,,,,,,,,,,,,,,,70.0280112044818,,,,,,,,,,,,,,,,,Tomate ,Quindío,5.9,10.8,5.9,10.8
2024-10-23,114,T28_BIO-N0P0K0,,,,,,5.0,0.651,220.0,70.7,0.0,,,,,,,,,,,,,,,70.0280112044818,,,,7.98,30.7,24.0,105.0,17.5,25.3,74.8,1.0,1.0,5.0,Si,0.105,175.0,Tomatoes,Quindio,5.4,10.8,5.4,10.8
2024-10-23,115,T1_N0P0K0,,,,,,4.0,0.667,235.0,70.5,0.0,,,,,,,,,,,,,,,74.8026483320601,,,,,,,,,,,,,,,,,Tomate ,Quindío,4.2,10.8,4.2,10.8
2024-10-23,116,T1_N0P0K0,,,,,,2.0,0.198,175.0,50.9,0.0,,,,,,,,,,,,,,,55.70409982174688,,,,,,,,,,,,,,,,,Tomate ,Quindío,3.7,10.8,3.7,10.8
2024-10-23,117,T1_N0P0K0,,,,,,6.0,0.829,235.0,70.0,0.0,,,,,,,,,,,,,,,74.8026483320601,,,,6.35,30.7,24.0,85.0,25.3,25.2,74.0,1.0,1.0,5.0,Si,0.085,253.0,Tomatoes,Quindio,3.2,10.8,3.2,10.8
2024-10-23,118,T14_N1P0K2,,,,,,2.0,0.548,285.0,80.6,0.0,,,,,,,,,,,,,,,90.71810542398778,,,,,,,,,,,,,,,,,Tomate ,Quindío,2.0,10.8,2.0,10.8
2024-10-23,119,T14_N1P0K2,,,,,,5.0,0.727,265.0,80.0,0.0,,,,,,,,,,,,,,,84.3519225872167,,,,,,,,,,,,,,,,,Tomate ,Quindío,1.5,10.8,1.5,10.8
2024-10-23,120,T14_N1P0K2,,,,,,4.0,0.552,230.0,70.2,0.0,,,,,,,,,,,,,,,73.21110262286733,,,,6.42,38.4,24.0,109.0,16.0,25.0,76.4,1.0,1.0,5.0,Si,0.109,160.0,Tomatoes,Quindio,1.0,10.8,1.0,10.8
2024-10-23,121,T5_N0P0K2,,,,,,7.0,0.93,230.0,60.7,0.0,,,,,,,,,,,,,,,73.21110262286733,,,,8.76,36.6,24.0,146.0,64.5,25.2,75.5,1.0,1.0,5.0,Si,0.146,645.0,Tomatoes,Quindio,1.0,12.0,1.0,12.0
2024-10-23,122,T5_N0P0K2,,,,,,8.0,0.873,230.0,70.8,0.0,,,,,,,,,,,,,,,73.21110262286733,,,,,,,,,,,,,,,,,Tomate ,Quindío,1.5,12.0,1.5,12.0
2024-10-23,123,T5_N0P0K2,,,,,,4.0,0.418,225.0,70.4,0.0,,,,,,,,,,,,,,,71.61955691367456,,,,,,,,,,,,,,,,,Tomate ,Quindío,2.0,12.0,2.0,12.0
2024-10-23,124,T30_BIO N2P2K2,,,,,,7.0,0.609,230.0,70.3,0.0,,,,,,,,,,,,,,,73.21110262286733,,,,6.44,32.3,24.4,84.0,17.1,25.2,71.5,1.0,1.0,5.0,Si,0.084,171.0,Tomatoes,Quindio,3.2,12.0,3.2,12.0
2024-10-23,125,T30_BIO N2P2K2,,,,,,7.0,0.791,230.0,70.1,0.0,,,,,,,,,,,,,,,73.21110262286733,,,,,,,,,,,,,,,,,Tomate ,Quindío,3.7,12.0,3.7,12.0
2024-10-23,126,T30_BIO N2P2K2,,,,,,8.0,0.802,220.0,70.1,0.0,,,,,,,,,,,,,,,70.0280112044818,,,,,,,,,,,,,,,,,Tomate ,Quindío,4.2,12.0,4.2,12.0
2024-10-23,127,T3_N0P2K0,,,,,,7.0,0.614,235.0,70.4,0.0,,,,,,,,,,,,,,,74.8026483320601,,,,8.49,34.1,24.4,71.0,15.4,25.4,73.0,1.0,1.0,5.0,Si,0.071,154.0,Tomatoes,Quindio,5.4,12.0,5.4,12.0
2024-10-23,128,T3_N0P2K0,,,,,,11.0,1.454,245.0,80.2,0.0,,,,,,,,,,,,,,,77.98573975044563,,,,,,,,,,,,,,,,,Tomate ,Quindío,5.9,12.0,5.9,12.0
2024-10-23,129,T3_N0P2K0,,,,,,9.0,0.968,225.0,70.6,0.0,,,,,,,,,,,,,,,71.61955691367456,,,,,,,,,,,,,,,,,Tomate ,Quindío,6.4,12.0,6.4,12.0
2024-10-23,130,T7_N0P1K2,,,,,,6.0,0.59,215.0,60.7,0.0,,,,,,,,,,,,,,,68.43646549528903,,,,6.42,33.1,24.8,200.0,14.9,25.4,72.8,1.0,1.0,5.0,Si,0.2,149.0,Tomatoes,Quindio,7.6,12.0,7.6,12.0
2024-10-23,131,T7_N0P1K2,,,,,,5.0,0.362,210.0,70.0,0.0,,,,,,,,,,,,,,,66.84491978609626,,,,,,,,,,,,,,,,,Tomate ,Quindío,8.1,12.0,8.1,12.0
2024-10-23,132,T7_N0P1K2,,,,,,4.0,0.633,195.0,70.1,0.0,,,,,,,,,,,,,,,62.070282658517954,,,,,,,,,,,,,,,,,Tomate ,Quindío,8.6,12.0,8.6,12.0
2024-10-23,133,T21_N2P2K0,,,,,,5.0,0.676,210.0,70.1,0.0,,,,,,,,,,,,,,,66.84491978609626,,,,,,,,,,,,,,,,,Tomate ,Quindío,8.6,13.2,8.6,13.2
2024-10-23,134,T21_N2P2K0,,,,,,4.0,0.482,210.0,60.4,1.0,,,,,,,,,,,,,,,66.84491978609626,,,,,,,,,,,,,,,,,Tomate ,Quindío,8.1,13.2,8.1,13.2
2024-10-23,135,T21_N2P2K0,,,,,,6.0,1.123,235.0,70.7,0.0,,,,,,,,,,,,,,,74.8026483320601,,,,7.87,24.6,26.4,132.0,27.9,26.6,68.3,1.0,1.0,5.0,Si,0.132,279.0,Tomatoes,Quindio,7.6,13.2,7.6,13.2
2024-10-23,136,T23_N2P0K2,,,,,,7.0,1.259,250.0,70.1,0.0,,,,,,,,,,,,,,,79.5772854596384,,,,,,,,,,,,,,,,,Tomate ,Quindío,6.4,13.2,6.4,13.2
2024-10-23,137,T23_N2P0K2,,,,,,7.0,1.267,240.0,70.7,2.0,,,,,,,,,,,,,,,76.39419404125286,,,,,,,,,,,,,,,,,Tomate ,Quindío,5.9,13.2,5.9,13.2
2024-10-23,138,T23_N2P0K2,,,,,,5.0,0.85,245.0,80.0,0.0,,,,,,,,,,,,,,,77.98573975044563,,,,7.8,27.7,27.2,180.0,25.7,27.0,67.8,1.0,1.0,5.0,Si,0.18,257.0,Tomatoes,Quindio,5.4,13.2,5.4,13.2
2024-10-23,139,T20_N2P1K0,,,,,,3.0,0.704,225.0,70.4,0.0,,,,,,,,,,,,,,,71.61955691367456,,,,,,,,,,,,,,,,,Tomate ,Quindío,4.2,13.2,4.2,13.2
2024-10-23,140,T20_N2P1K0,,,,,,6.0,1.006,225.0,70.3,0.0,,,,,,,,,,,,,,,71.61955691367456,,,,,,,,,,,,,,,,,Tomate ,Quindío,3.7,13.2,3.7,13.2
2024-10-23,141,T20_N2P1K0,,,,,,9.0,2.034,250.0,70.9,0.0,,,,,,,,,,,,,,,79.5772854596384,,,,7.0,27.0,26.4,233.0,32.9,27.5,64.6,1.0,1.0,5.0,Si,0.233,329.0,Tomatoes,Quindio,3.2,13.2,3.2,13.2
2024-10-23,142,T18_N1P2K2,,,,,,4.0,0.724,235.0,70.9,0.0,,,,,,,,,,,,,,,74.8026483320601,,,,,,,,,,,,,,,,,Tomate ,Quindío,2.0,13.2,2.0,13.2
2024-10-23,143,T18_N1P2K2,,,,,,5.0,0.726,210.0,70.0,0.0,,,,,,,,,,,,,,,66.84491978609626,,,,,,,,,,,,,,,,,Tomate ,Quindío,1.5,13.2,1.5,13.2
2024-10-23,144,T18_N1P2K2,,,,,,1.0,0.167,220.0,70.0,0.0,,,,,,,,,,,,,,,70.0280112044818,,,,7.88,35.6,26.0,144.0,89.5,25.9,70.9,1.0,1.0,5.0,Si,0.144,895.0,Tomatoes,Quindio,1.0,13.2,1.0,13.2
2024-10-23,145,T6_N0P1K1,,,,,,5.0,0.706,235.0,70.2,0.0,,,,,,,,,,,,,,,74.8026483320601,,,,6.34,27.7,26.0,145.0,99.1,27.1,71.3,1.0,1.0,5.0,Si,0.145,991.0,Tomatoes,Quindio,1.0,14.4,1.0,14.4
2024-10-23,146,T6_N0P1K1,,,,,,9.0,1.565,231.0,70.2,0.0,,,,,,,,,,,,,,,73.52941176470588,,,,,,,,,,,,,,,,,Tomate ,Quindío,1.5,14.4,1.5,14.4
2024-10-23,147,T6_N0P1K1,,,,,,6.0,1.047,230.0,70.4,0.0,,,,,,,,,,,,,,,73.21110262286733,,,,,,,,,,,,,,,,,Tomate ,Quindío,2.0,14.4,2.0,14.4
2024-10-23,148,T17_N1P2K1,,,,,,3.0,0.786,245.0,70.6,0.0,,,,,,,,,,,,,,,77.98573975044563,,,,8.15,22.8,26.8,178.0,26.1,27.4,60.9,1.0,1.0,5.0,Si,0.178,261.0,Tomatoes,Quindio,3.2,14.4,3.2,14.4
2024-10-23,149,T17_N1P2K1,,,,,,7.0,0.965,220.0,70.0,0.0,,,,,,,,,,,,,,,70.0280112044818,,,,,,,,,,,,,,,,,Tomate ,Quindío,3.7,14.4,3.7,14.4
2024-10-23,150,T17_N1P2K1,,,,,,4.0,0.788,225.0,70.3,0.0,,,,,,,,,,,,,,,71.61955691367456,,,,,,,,,,,,,,,,,Tomate ,Quindío,4.2,14.4,4.2,14.4
2024-10-23,151,T25_N2P1K2,,,,,,6.0,0.978,230.0,70.1,0.0,,,,,,,,,,,,,,,73.21110262286733,,,,8.16,24.4,27.3,160.0,24.4,27.0,66.7,1.0,1.0,5.0,Si,0.16,244.0,Tomatoes,Quindio,5.4,14.4,5.4,14.4
2024-10-23,152,T25_N2P1K2,,,,,,8.0,1.236,225.0,70.3,0.0,,,,,,,,,,,,,,,71.61955691367456,,,,,,,,,,,,,,,,,Tomate ,Quindío,5.9,14.4,5.9,14.4
2024-10-23,153,T25_N2P1K2,,,,,,5.0,0.854,210.0,70.5,0.0,,,,,,,,,,,,,,,66.84491978609626,,,,,,,,,,,,,,,,,Tomate ,Quindío,6.4,14.4,6.4,14.4
2024-10-23,154,T29_BIO N1P1K1,,,,,,9.0,1.513,225.0,70.1,0.0,,,,,,,,,,,,,,,71.61955691367456,,,,7.82,26.1,26.8,23.0,26.4,26.6,63.2,1.0,1.0,5.0,Si,0.023,264.0,Tomatoes,Quindio,7.6,14.4,7.6,14.4
2024-10-23,155,T29_BIO N1P1K1,,,,,,7.0,1.338,225.0,70.3,0.0,,,,,,,,,,,,,,,71.61955691367456,,,,,,,,,,,,,,,,,Tomate ,Quindío,8.1,14.4,8.1,14.4
2024-10-23,156,T29_BIO N1P1K1,,,,,,4.0,0.669,210.0,70.2,0.0,,,,,,,,,,,,,,,66.84491978609626,,,,,,,,,,,,,,,,,Tomate ,Quindío,8.6,14.4,8.6,14.4
2024-10-23,157,T2_N0P1K0,,,,,,3.0,0.761,265.0,80.4,0.0,,,,,,,,,,,,,,,84.3519225872167,,,,,,,,,,,,,,,,,Tomate ,Quindío,8.6,15.6,8.6,15.6
2024-10-23,158,T2_N0P1K0,,,,,,5.0,0.891,250.0,80.0,0.0,,,,,,,,,,,,,,,79.5772854596384,,,,,,,,,,,,,,,,,Tomate ,Quindío,8.1,15.6,8.1,15.6
2024-10-23,159,T2_N0P1K0,,,,,,6.0,1.185,235.0,70.5,0.0,,,,,,,,,,,,,,,74.8026483320601,,,,7.36,29.2,25.6,181.0,26.1,26.4,65.6,1.0,1.0,5.0,Si,0.181,261.0,Tomatoes,Quindio,7.6,15.6,7.6,15.6
2024-10-23,160,T19_N2P0K0,,,,,,2.0,0.382,215.0,60.8,0.0,,,,,,,,,,,,,,,68.43646549528903,,,,,,,,,,,,,,,,,Tomate ,Quindío,6.4,15.6,6.4,15.6
2024-10-23,161,T19_N2P0K0,,,,,,4.0,0.693,210.0,60.8,0.0,,,,,,,,,,,,,,,66.84491978609626,,,,,,,,,,,,,,,,,Tomate ,Quindío,5.9,15.6,5.9,15.6
2024-10-23,162,T19_N2P0K0,,,,,,5.0,0.994,255.0,80.3,0.0,,,,,,,,,,,,,,,81.16883116883118,,,,6.67,21.9,25.2,146.0,28.5,26.3,70.1,1.0,1.0,5.0,Si,0.146,285.0,Tomatoes,Quindio,5.4,15.6,5.4,15.6
2024-10-23,163,T8_N0P2K1,,,,,,6.0,1.089,240.0,70.9,0.0,,,,,,,,,,,,,,,76.39419404125286,,,,,,,,,,,,,,,,,Tomate ,Quindío,4.2,15.6,4.2,15.6
2024-10-23,164,T8_N0P2K1,,,,,,4.0,0.719,215.0,70.4,0.0,,,,,,,,,,,,,,,68.43646549528903,,,,,,,,,,,,,,,,,Tomate ,Quindío,3.7,15.6,3.7,15.6
2024-10-23,165,T8_N0P2K1,,,,,,4.0,0.71,220.0,70.4,0.0,,,,,,,,,,,,,,,70.0280112044818,,,,6.27,25.1,25.6,335.0,20.6,26.2,66.1,1.0,1.0,5.0,Si,0.335,206.0,Tomatoes,Quindio,3.2,15.6,3.2,15.6
2024-10-23,166,T15_N1P1K1,,,,,,6.0,0.74,210.0,60.8,0.0,,,,,,,,,,,,,,,66.84491978609626,,,,,,,,,,,,,,,,,Tomate ,Quindío,2.0,15.6,2.0,15.6
2024-10-23,167,T15_N1P1K1,,,,,,8.0,1.475,220.0,70.2,0.0,,,,,,,,,,,,,,,70.0280112044818,,,,,,,,,,,,,,,,,Tomate ,Quindío,1.5,15.6,1.5,15.6
2024-10-23,168,T15_N1P1K1,,,,,,5.0,1.275,210.0,70.6,0.0,,,,,,,,,,,,,,,66.84491978609626,,,,8.83,25.8,25.6,338.0,24.4,26.1,67.9,1.0,1.0,5.0,Si,0.338,244.0,Tomatoes,Quindio,1.0,15.6,1.0,15.6
2024-10-23,169,T24_N2P1K1,,,,,,6.0,0.737,225.0,70.2,0.0,,,,,,,,,,,,,,,71.61955691367456,,,,6.34,23.4,25.6,567.0,16.2,26.1,69.8,1.0,1.0,5.0,Si,0.567,162.0,Tomatoes,Quindio,1.0,16.8,1.0,16.8
2024-10-23,170,T24_N2P1K1,,,,,,6.0,1.342,265.0,80.1,0.0,,,,,,,,,,,,,,,84.3519225872167,,,,,,,,,,,,,,,,,Tomate ,Quindío,1.5,16.8,1.5,16.8
2024-10-23,171,T24_N2P1K1,,,58.8,26.0,1.0,7.0,1.258,220.0,70.2,0.0,,,,,,,,6.9,42.0,19.0,2.0,6.0,0.209,,70.0280112044818,,,,6.4,26.2,25.6,570.0,16.2,26.1,67.9,1.0,1.0,5.0,Si,0.57,162.0,Tomatoes,Quindio,2.0,16.8,2.0,16.8
2024-10-23,172,T11_N1P1K0,,,,,,2.0,0.382,220.0,70.4,0.0,,,,,,,,,,,,,,,70.0280112044818,,,,7.0,22.1,25.6,391.0,14.7,26.4,66.0,1.0,1.0,5.0,Si,0.391,147.0,Tomatoes,Quindio,3.2,16.8,3.2,16.8
2024-10-23,173,T11_N1P1K0,,,,,,4.0,0.693,215.0,70.0,0.0,,,,,,,,,,,,,,,68.43646549528903,,,,,,,,,,,,,,,,,Tomate ,Quindío,3.7,16.8,3.7,16.8
2024-10-23,174,T11_N1P1K0,,,,,,6.0,0.994,200.0,80.4,0.0,,,,,,,,,,,,,,,63.66182836771072,,,,,,,,,,,,,,,,,Tomate ,Quindío,4.2,16.8,4.2,16.8
2024-10-23,175,T27_N2P2K2,,,,,,7.0,1.417,245.0,80.0,0.0,,,,,,,,,,,,,,,77.98573975044563,,,,6.46,21.5,25.6,234.0,27.9,26.3,67.4,1.0,1.0,5.0,Si,0.234,279.0,Tomatoes,Quindio,5.4,16.8,5.4,16.8
2024-10-23,176,T27_N2P2K2,,,,,,8.0,1.514,235.0,60.9,0.0,,,,,,,,,,,,,,,74.8026483320601,,,,,,,,,,,,,,,,,Tomate ,Quindío,5.9,16.8,5.9,16.8
2024-10-23,177,T27_N2P2K2,,,,,,5.0,1.205,225.0,70.5,0.0,,,,,,,,,,,,,,,71.61955691367456,,,,,,,,,,,,,,,,,Tomate ,Quindío,6.4,16.8,6.4,16.8
2024-10-23,178,T4_N0P0K1,,,,,,3.0,0.683,265.0,80.2,0.0,,,,,,,,,,,,,,,84.3519225872167,,,,7.87,25.5,26.0,84.0,25.0,26.5,64.9,1.0,1.0,5.0,Si,0.084,250.0,Tomatoes,Quindio,7.6,16.8,7.6,16.8
2024-10-23,179,T4_N0P0K1,,,,,,7.0,1.217,210.0,60.7,0.0,,,,,,,,,,,,,,,66.84491978609626,,,,,,,,,,,,,,,,,Tomate ,Quindío,8.1,16.8,8.1,16.8
2024-10-23,180,T4_N0P0K1,,,,,,5.0,0.93,220.0,70.4,0.0,,,,,,,,,,,,,,,70.0280112044818,,,,,,,,,,,,,,,,,Tomate ,Quindío,8.6,16.8,8.6,16.8
2024-10-30,1,T27_N2P2K2,,,,,,8.0,1.396,225.0,60.8,0.0,,,,,,,,,,,,,,,71.61955691367456,,,,6.29,39.1,24.1,130.0,8.7,24.2,76.2,1.0,1.0,5.0,Si,0.13,87.0,Tomatoes,Quindio,1.0,0.0,1.0,0.0
2024-10-30,2,T27_N2P2K2,,,,,,5.0,0.929,210.0,70.0,0.0,,,,,,,,,,,,,,,66.84491978609626,,,,,,,,,,,,,,,,,Tomate ,Quindío,1.5,0.0,1.5,0.0
2024-10-30,3,T27_N2P2K2,,,,,,5.0,0.718,245.0,70.7,1.0,,,,,,,,,,,,,,,77.98573975044563,,,,,,,,,,,,,,,,,Tomate ,Quindío,2.0,0.0,2.0,0.0
2024-10-30,4,T24_N2P1K1,,,,,,5.0,0.821,225.0,60.7,0.0,,,,,,,,,,,,,,,71.61955691367456,,,,6.43,35.1,24.1,64.0,8.2,24.2,80.0,1.0,1.0,5.0,Si,0.064,82.0,Tomatoes,Quindio,3.2,0.0,3.2,0.0
2024-10-30,5,T24_N2P1K1,,,,,,4.0,0.646,210.0,70.3,0.0,,,,,,,,,,,,,,,66.84491978609626,,,,,,,,,,,,,,,,,Tomate ,Quindío,3.7,0.0,3.7,0.0
2024-10-30,6,T24_N2P1K1,,,,,,8.0,1.349,220.0,70.3,0.0,,,,,,,,,,,,,,,70.0280112044818,,,,,,,,,,,,,,,,,Tomate ,Quindío,4.2,0.0,4.2,0.0
2024-10-30,7,T4_N0P0K1,,,,,,0.0,0.0,0.0,0.0,0.0,,,,,,,,,,,,,,,0.0,,,,,,,,,,,,,,,,,Tomate ,Quindío,5.4,0.0,5.4,0.0
2024-10-30,8,T4_N0P0K1,,,,,,4.0,0.689,215.0,70.2,,,,,,,,,,,,,,,,68.43646549528903,,,,,,,,,,,,,,,,,Tomate ,Quindío,5.9,0.0,5.9,0.0
2024-10-30,9,T4_N0P0K1,,,,,,7.0,1.185,220.0,70.3,1.0,,,,,,,,,,,,,,,70.0280112044818,,,,,,,,,,,,,,,,,Tomate ,Quindío,6.4,0.0,6.4,0.0
2024-10-30,10,T15_N1P1K1,,,,,,9.0,1.268,205.0,60.7,1.0,,,,,,,,,,,,,,,65.25337407690348,,,,6.49,34.6,24.1,90.0,11.7,23.9,78.6,1.0,1.0,5.0,Si,0.09,117.0,Tomatoes,Quindio,7.6,0.0,7.6,0.0
2024-10-30,11,T15_N1P1K1,,,,,,6.0,1.031,215.0,60.8,0.0,,,,,,,,,,,,,,,68.43646549528903,,,,,,,,,,,,,,,,,Tomate ,Quindío,8.1,0.0,8.1,0.0
2024-10-30,12,T15_N1P1K1,,,70.0,13.0,0.0,2.0,0.297,205.0,60.8,0.0,,,,,,,,7.1,6.0,4.0,5.0,17.0,0.051,,65.25337407690348,,,,6.46,36.3,24.1,64.0,10.6,23.8,78.7,1.0,1.0,5.0,Si,0.064,106.0,Tomatoes,Quindio,8.6,0.0,8.6,0.0
2024-10-30,13,T9_N0P2K2,,,,,,5.0,0.992,210.0,60.4,0.0,,,,,,,,,,,,,,,66.84491978609626,,,,,,,,,,,,,,,,,Tomate ,Quindío,8.6,1.2,8.6,1.2
2024-10-30,14,T9_N0P2K2,,,,,,2.0,0.34,210.0,70.3,1.0,,,,,,,,,,,,,,,66.84491978609626,,,,,,,,,,,,,,,,,Tomate ,Quindío,8.1,1.2,8.1,1.2
2024-10-30,15,T9_N0P2K2,,,,,,2.0,0.396,225.0,70.5,0.0,,,,,,,,,,,,,,,71.61955691367456,,,,6.49,29.7,24.1,92.0,12.9,23.9,78.0,1.0,1.0,5.0,Si,0.092,129.0,Tomatoes,Quindio,7.6,1.2,7.6,1.2
2024-10-30,16,T13_N1P0K1,,,,,,5.0,0.891,225.0,70.7,0.0,,,,,,,,,,,,,,,71.61955691367456,,,,,,,,,,,,,,,,,Tomate ,Quindío,6.4,1.2,6.4,1.2
2024-10-30,17,T13_N1P0K1,,,,,,5.0,0.943,220.0,70.4,0.0,,,,,,,,,,,,,,,70.0280112044818,,,,,,,,,,,,,,,,,Tomate ,Quindío,5.9,1.2,5.9,1.2
2024-10-30,18,T13_N1P0K1,,,,,,7.0,0.819,200.0,70.4,0.0,,,,,,,,,,,,,,,63.66182836771072,,,,6.39,42.0,24.1,43.0,11.2,24.1,77.4,1.0,1.0,5.0,Si,0.043,112.0,Tomatoes,Quindio,5.4,1.2,5.4,1.2
2024-10-30,19,T22_N2P0K1,,,,,,5.0,0.793,210.0,70.2,0.0,,,,,,,,,,,,,,,66.84491978609626,,,,,,,,,,,,,,,,,Tomate ,Quindío,4.2,1.2,4.2,1.2
2024-10-30,20,T22_N2P0K1,,,,,,5.0,0.916,235.0,70.8,0.0,,,,,,,,,,,,,,,74.8026483320601,,,,,,,,,,,,,,,,,Tomate ,Quindío,3.7,1.2,3.7,1.2
2024-10-30,21,T22_N2P0K1,,,,,,7.0,1.078,225.0,70.2,0.0,,,,,,,,,,,,,,,71.61955691367456,,,,6.45,40.9,24.1,48.0,10.1,24.2,79.6,1.0,1.0,5.0,Si,0.048,101.0,Tomatoes,Quindio,3.2,1.2,3.2,1.2
2024-10-30,22,T10_N1P0K0,,,,,,4.0,0.921,230.0,70.0,0.0,,,,,,,,,,,,,,,73.21110262286733,,,,,,,,,,,,,,,,,Tomate ,Quindío,2.0,1.2,2.0,1.2
2024-10-30,23,T10_N1P0K0,,,,,,4.0,0.626,235.0,70.7,0.0,,,,,,,,,,,,,,,74.8026483320601,,,,,,,,,,,,,,,,,Tomate ,Quindío,1.5,1.2,1.5,1.2
2024-10-30,24,T10_N1P0K0,,,,,,5.0,0.864,210.0,70.0,0.0,,,,,,,,,,,,,,,66.84491978609626,,,,6.36,35.3,24.1,75.0,11.0,24.3,79.5,1.0,1.0,5.0,Si,0.075,110.0,Tomatoes,Quindio,1.0,1.2,1.0,1.2
2024-10-30,25,T28_BIO-N0P0K0,,,,,,8.0,1.186,205.0,60.8,1.0,,,,,,,,,,,,,,,65.25337407690348,,,,6.5,50.0,23.7,58.0,10.8,24.4,78.9,1.0,1.0,5.0,Si,0.058,108.0,Tomatoes,Quindio,1.0,2.4,1.0,2.4
2024-10-30,26,T28_BIO-N0P0K0,,,,,,4.0,0.623,220.0,70.4,0.0,,,,,,,,,,,,,,,70.0280112044818,,,,,,,,,,,,,,,,,Tomate ,Quindío,1.5,2.4,1.5,2.4
2024-10-30,27,T28_BIO-N0P0K0,,,,,,6.0,1.126,230.0,70.0,0.0,,,,,,,,,,,,,,,73.21110262286733,,,,,,,,,,,,,,,,,Tomate ,Quindío,2.0,2.4,2.0,2.4
2024-10-30,28,T12_N1P2K0,,,,,,3.0,0.501,205.0,70.2,0.0,,,,,,,,,,,,,,,65.25337407690348,,,,6.44,34.8,23.7,38.0,10.1,24.4,78.9,1.0,1.0,5.0,Si,0.038,101.0,Tomatoes,Quindio,3.2,2.4,3.2,2.4
2024-10-30,29,T12_N1P2K0,,,,,,4.0,0.33,185.0,60.5,1.0,,,,,,,,,,,,,,,58.88719124013242,,,,,,,,,,,,,,,,,Tomate ,Quindío,3.7,2.4,3.7,2.4
2024-10-30,30,T12_N1P2K0,,,,,,6.0,1.164,220.0,70.1,1.0,,,,,,,,,,,,,,,70.0280112044818,,,,,,,,,,,,,,,,,Tomate ,Quindío,4.2,2.4,4.2,2.4
2024-10-30,31,T26_N2P2K1,,,,,,5.0,0.869,225.0,60.6,0.0,,,,,,,,,,,,,,,71.61955691367456,,,,6.44,34.0,23.7,131.0,9.6,24.4,78.3,1.0,1.0,5.0,Si,0.131,96.0,Tomatoes,Quindio,5.4,2.4,5.4,2.4
2024-10-30,32,T26_N2P2K1,,,,,,4.0,0.503,185.0,70.6,2.0,,,,,,,,,,,,,,,58.88719124013242,,,,,,,,,,,,,,,,,Tomate ,Quindío,5.9,2.4,5.9,2.4
2024-10-30,33,T26_N2P2K1,,,,,,7.0,1.153,220.0,70.5,0.0,,,,,,,,,,,,,,,70.0280112044818,,,,,,,,,,,,,,,,,Tomate ,Quindío,6.4,2.4,6.4,2.4
2024-10-30,34,T16_N1P1K2,,,,,,7.0,1.098,230.0,70.8,0.0,,,,,,,,,,,,,,,73.21110262286733,,,,6.43,44.0,23.7,157.0,8.8,24.4,79.1,1.0,1.0,5.0,Si,0.157,88.0,Tomatoes,Quindio,7.6,2.4,7.6,2.4
2024-10-30,35,T16_N1P1K2,,,,,,6.0,0.668,205.0,70.0,0.0,,,,,,,,,,,,,,,65.25337407690348,,,,,,,,,,,,,,,,,Tomate ,Quindío,8.1,2.4,8.1,2.4
2024-10-30,36,T16_N1P1K2,,,,,,4.0,0.598,220.0,70.3,0.0,,,,,,,,,,,,,,,70.0280112044818,,,,,,,,,,,,,,,,,Tomate ,Quindío,8.6,2.4,8.6,2.4
2024-10-30,37,T1_N0P0K0,,,,,,10.0,1.486,210.0,70.2,2.0,,,,,,,,,,,,,,,66.84491978609626,,,,,,,,,,,,,,,,,Tomate ,Quindío,8.6,3.6,8.6,3.6
2024-10-30,38,T1_N0P0K0,,,,,,4.0,0.74,220.0,70.5,0.0,,,,,,,,,,,,,,,70.0280112044818,,,,,,,,,,,,,,,,,Tomate ,Quindío,8.1,3.6,8.1,3.6
2024-10-30,39,T1_N0P0K0,,,,,,7.0,0.937,210.0,60.7,0.0,,,,,,,,,,,,,,,66.84491978609626,,,,6.41,52.1,23.7,80.0,9.0,24.5,76.8,1.0,1.0,5.0,Si,0.08,90.0,Tomatoes,Quindio,7.6,3.6,7.6,3.6
2024-10-30,40,T14_N1P0K2,,,,,,4.0,0.62,220.0,60.8,0.0,,,,,,,,,,,,,,,70.0280112044818,,,,,,,,,,,,,,,,,Tomate ,Quindío,6.4,3.6,6.4,3.6
2024-10-30,41,T14_N1P0K2,,,,,,6.0,0.923,220.0,60.6,0.0,,,,,,,,,,,,,,,70.0280112044818,,,,,,,,,,,,,,,,,Tomate ,Quindío,5.9,3.6,5.9,3.6
2024-10-30,42,T14_N1P0K2,,,,,,5.0,0.711,205.0,70.0,0.0,,,,,,,,,,,,,,,65.25337407690348,,,,6.34,38.5,23.7,51.0,10.2,24.4,78.7,1.0,1.0,5.0,Si,0.051,102.0,Tomatoes,Quindio,5.4,3.6,5.4,3.6
2024-10-30,43,T7_N0P1K2,,,,,,8.0,1.33,225.0,70.0,1.0,,,,,,,,,,,,,,,71.61955691367456,,,,,,,,,,,,,,,,,Tomate ,Quindío,4.2,3.6,4.2,3.6
2024-10-30,44,T7_N0P1K2,,,,,,5.0,0.832,225.0,70.2,0.0,,,,,,,,,,,,,,,71.61955691367456,,,,,,,,,,,,,,,,,Tomate ,Quindío,3.7,3.6,3.7,3.6
2024-10-30,45,T7_N0P1K2,,,,,,6.0,0.825,205.0,70.3,0.0,,,,,,,,,,,,,,,65.25337407690348,,,,6.36,46.8,23.7,61.0,9.5,24.4,79.7,1.0,1.0,5.0,Si,0.061,95.0,Tomatoes,Quindio,3.2,3.6,3.2,3.6
2024-10-30,46,T3_N0P2K0,,,,,,1.0,0.188,210.0,80.1,0.0,,,,,,,,,,,,,,,66.84491978609626,,,,,,,,,,,,,,,,,Tomate ,Quindío,2.0,3.6,2.0,3.6
2024-10-30,47,T3_N0P2K0,,,,,,6.0,0.923,225.0,70.4,0.0,,,,,,,,,,,,,,,71.61955691367456,,,,,,,,,,,,,,,,,Tomate ,Quindío,1.5,3.6,1.5,3.6
2024-10-30,48,T3_N0P2K0,,,,,,1.0,0.163,220.0,60.8,0.0,,,,,,,,,,,,,,,70.0280112044818,,,,6.35,45.7,24.1,67.0,13.3,24.3,78.2,1.0,1.0,5.0,Si,0.067,133.0,Tomatoes,Quindio,1.0,3.6,1.0,3.6
2024-10-30,49,T23_N2P0K2,,,,,,5.0,0.999,225.0,70.2,0.0,,,,,,,,,,,,,,,71.61955691367456,,,,6.24,43.0,23.7,228.0,14.2,24.0,79.8,1.0,1.0,5.0,Si,0.228,142.0,Tomatoes,Quindio,1.0,4.8,1.0,4.8
2024-10-30,50,T23_N2P0K2,,,,,,6.0,1.236,240.0,70.7,0.0,,,,,,,,,,,,,,,76.39419404125286,,,,,,,,,,,,,,,,,Tomate ,Quindío,1.5,4.8,1.5,4.8
2024-10-30,51,T23_N2P0K2,,,,,,7.0,1.352,225.0,70.0,0.0,,,,,,,,,,,,,,,71.61955691367456,,,,,,,,,,,,,,,,,Tomate ,Quindío,2.0,4.8,2.0,4.8
2024-10-30,52,T21_N2P2K0,,,,,,4.0,0.8,245.0,60.6,0.0,,,,,,,,,,,,,,,77.98573975044563,,,,6.3,47.6,23.7,95.0,16.8,24.1,79.3,1.0,1.0,5.0,Si,0.095,168.0,Tomatoes,Quindio,3.2,4.8,3.2,4.8
2024-10-30,53,T21_N2P2K0,,,,,,6.0,1.252,250.0,70.1,1.0,,,,,,,,,,,,,,,79.5772854596384,,,,,,,,,,,,,,,,,Tomate ,Quindío,3.7,4.8,3.7,4.8
2024-10-30,54,T21_N2P2K0,,,57.1,27.0,0.0,8.0,1.335,245.0,70.5,0.0,,,,,,,,6.6,5.0,6.0,1.0,6.0,0.05,,77.98573975044563,,,,6.41,51.4,23.7,61.0,23.8,24.2,79.8,1.0,1.0,5.0,Si,0.061,238.0,Tomatoes,Quindio,4.2,4.8,4.2,4.8
2024-10-30,55,T5_N0P0K2,,,,,,3.0,0.43,210.0,60.6,0.0,,,,,,,,,,,,,,,66.84491978609626,,,,6.36,41.9,24.1,125.0,24.8,24.4,78.6,1.0,1.0,5.0,Si,0.125,248.0,Tomatoes,Quindio,5.4,4.8,5.4,4.8
2024-10-30,56,T5_N0P0K2,,,,,,6.0,1.15,245.0,70.1,0.0,,,,,,,,,,,,,,,77.98573975044563,,,,,,,,,,,,,,,,,Tomate ,Quindío,5.9,4.8,5.9,4.8
2024-10-30,57,T5_N0P0K2,,,,,,4.0,0.56,215.0,60.9,1.0,,,,,,,,,,,,,,,68.43646549528903,,,,,,,,,,,,,,,,,Tomate ,Quindío,6.4,4.8,6.4,4.8
2024-10-30,58,T30_BIO N2P2K2,,,,,,6.0,0.875,210.0,60.9,0.0,,,,,,,,,,,,,,,66.84491978609626,,,,6.43,46.5,23.7,111.0,11.4,24.5,76.1,1.0,1.0,5.0,Si,0.111,114.0,Tomatoes,Quindio,7.6,4.8,7.6,4.8
2024-10-30,59,T30_BIO N2P2K2,,,,,,4.0,0.483,200.0,50.6,0.0,,,,,,,,,,,,,,,63.66182836771072,,,,,,,,,,,,,,,,,Tomate ,Quindío,8.1,4.8,8.1,4.8
2024-10-30,60,T30_BIO N2P2K2,,,,,,7.0,0.993,210.0,70.0,0.0,,,,,,,,,,,,,,,66.84491978609626,,,,,,,,,,,,,,,,,Tomate ,Quindío,8.6,4.8,8.6,4.8
2024-10-30,61,T20_N2P1K0,,,,,,7.0,1.065,205.0,60.5,0.0,,,,,,,,,,,,,,,65.25337407690348,,,,,,,,,,,,,,,,,Tomate ,Quindío,8.6,6.0,8.6,6.0
2024-10-30,62,T20_N2P1K0,,,,,,7.0,1.036,210.0,70.5,0.0,,,,,,,,,,,,,,,66.84491978609626,,,,,,,,,,,,,,,,,Tomate ,Quindío,8.1,6.0,8.1,6.0
2024-10-30,63,T20_N2P1K0,,,,,,4.0,0.667,210.0,70.3,1.0,,,,,,,,,,,,,,,66.84491978609626,,,,6.35,50.5,23.7,107.0,15.9,24.6,78.9,1.0,1.0,5.0,Si,0.107,159.0,Tomatoes,Quindio,7.6,6.0,7.6,6.0
2024-10-30,64,T18_N1P2K2,,,,,,10.0,1.663,235.0,70.7,0.0,,,,,,,,,,,,,,,74.8026483320601,,,,,,,,,,,,,,,,,Tomate ,Quindío,6.4,6.0,6.4,6.0
2024-10-30,65,T18_N1P2K2,,,,,,4.0,0.809,235.0,60.5,2.0,,,,,,,,,,,,,,,74.8026483320601,,,,,,,,,,,,,,,,,Tomate ,Quindío,5.9,6.0,5.9,6.0
2024-10-30,66,T18_N1P2K2,,,,,,6.0,1.021,220.0,70.1,0.0,,,,,,,,,,,,,,,70.0280112044818,,,,6.38,52.0,23.7,56.0,24.5,24.3,81.4,1.0,1.0,5.0,Si,0.056,245.0,Tomatoes,Quindio,5.4,6.0,5.4,6.0
2024-10-30,67,T29_BIO N1P1K1,,,,,,2.0,0.292,200.0,60.3,0.0,,,,,,,,,,,,,,,63.66182836771072,,,,,,,,,,,,,,,,,Tomate ,Quindío,4.2,6.0,4.2,6.0
2024-10-30,68,T29_BIO N1P1K1,,,,,,6.0,0.95,220.0,70.1,0.0,,,,,,,,,,,,,,,70.0280112044818,,,,,,,,,,,,,,,,,Tomate ,Quindío,3.7,6.0,3.7,6.0
2024-10-30,69,T29_BIO N1P1K1,,,,,,9.0,1.336,220.0,70.0,0.0,,,,,,,,,,,,,,,70.0280112044818,,,,6.29,48.2,23.7,74.0,14.5,24.0,79.4,1.0,1.0,5.0,Si,0.074,145.0,Tomatoes,Quindio,3.2,6.0,3.2,6.0
2024-10-30,70,T25_N2P1K2,,,,,,2.0,0.457,235.0,70.6,0.0,,,,,,,,,,,,,,,74.8026483320601,,,,,,,,,,,,,,,,,Tomate ,Quindío,2.0,6.0,2.0,6.0
2024-10-30,71,T25_N2P1K2,,,,,,4.0,0.58,205.0,70.3,0.0,,,,,,,,,,,,,,,65.25337407690348,,,,,,,,,,,,,,,,,Tomate ,Quindío,1.5,6.0,1.5,6.0
2024-10-30,72,T25_N2P1K2,,,,,,6.0,0.805,205.0,60.7,0.0,,,,,,,,,,,,,,,65.25337407690348,,,,6.1,38.2,23.7,116.0,12.8,23.9,77.3,1.0,1.0,5.0,Si,0.116,128.0,Tomatoes,Quindio,1.0,6.0,1.0,6.0
2024-10-30,73,T19_N2P0K0,,,,,,3.0,0.448,220.0,70.2,0.0,,,,,,,,,,,,,,,70.0280112044818,,,,6.43,49.0,23.7,93.0,13.5,24.0,78.3,1.0,1.0,5.0,Si,0.093,135.0,Tomatoes,Quindio,1.0,7.2,1.0,7.2
2024-10-30,74,T19_N2P0K0,,,,,,5.0,0.873,220.0,70.1,0.0,,,,,,,,,,,,,,,70.0280112044818,,,,,,,,,,,,,,,,,Tomate ,Quindío,1.5,7.2,1.5,7.2
2024-10-30,75,T19_N2P0K0,,,,,,5.0,0.658,200.0,60.8,0.0,,,,,,,,,,,,,,,63.66182836771072,,,,,,,,,,,,,,,,,Tomate ,Quindío,2.0,7.2,2.0,7.2
2024-10-30,76,T2_N0P1K0,,,,,,2.0,0.296,190.0,70.0,0.0,,,,,,,,,,,,,,,60.47873694932519,,,,6.36,49.4,23.7,63.0,13.0,24.1,80.7,1.0,1.0,5.0,Si,0.063,130.0,Tomatoes,Quindio,3.2,7.2,3.2,7.2
2024-10-30,77,T2_N0P1K0,,,,,,6.0,0.735,220.0,60.7,0.0,,,,,,,,,,,,,,,70.0280112044818,,,,,,,,,,,,,,,,,Tomate ,Quindío,3.7,7.2,3.7,7.2
2024-10-30,78,T2_N0P1K0,,,,,,5.0,0.907,220.0,70.3,3.0,,,,,,,,,,,,,,,70.0280112044818,,,,,,,,,,,,,,,,,Tomate ,Quindío,4.2,7.2,4.2,7.2
2024-10-30,79,T6_N0P1K1,,,,,,5.0,0.783,225.0,60.9,0.0,,,,,,,,,,,,,,,71.61955691367456,,,,6.41,43.2,23.7,54.0,12.6,24.1,78.7,1.0,1.0,5.0,Si,0.054,126.0,Tomatoes,Quindio,5.4,7.2,5.4,7.2
2024-10-30,80,T6_N0P1K1,,,,,,7.0,1.064,210.0,60.7,1.0,,,,,,,,,,,,,,,66.84491978609626,,,,,,,,,,,,,,,,,Tomate ,Quindío,5.9,7.2,5.9,7.2
2024-10-30,81,T6_N0P1K1,,,,,,4.0,0.729,210.0,60.8,3.0,,,,,,,,,,,,,,,66.84491978609626,,,,,,,,,,,,,,,,,Tomate ,Quindío,6.4,7.2,6.4,7.2
2024-10-30,82,T17_N1P2K1,,,,,,3.0,0.524,220.0,70.3,0.0,,,,,,,,,,,,,,,70.0280112044818,,,,6.51,26.7,23.7,88.0,14.6,24.1,79.6,1.0,1.0,5.0,Si,0.088,146.0,Tomatoes,Quindio,7.6,7.2,7.6,7.2
2024-10-30,83,T17_N1P2K1,,,,,,3.0,0.603,225.0,70.4,0.0,,,,,,,,,,,,,,,71.61955691367456,,,,,,,,,,,,,,,,,Tomate ,Quindío,8.1,7.2,8.1,7.2
2024-10-30,84,T17_N1P2K1,,,,,,5.0,0.881,230.0,70.1,0.0,,,,,,,,,,,,,,,73.21110262286733,,,,,,,,,,,,,,,,,Tomate ,Quindío,8.6,7.2,8.6,7.2
2024-10-30,85,T11_N1P1K0,,,,,,3.0,0.325,190.0,50.7,1.0,,,,,,,,,,,,,,,60.47873694932519,,,,,,,,,,,,,,,,,Tomate ,Quindío,8.6,8.4,8.6,8.4
2024-10-30,86,T11_N1P1K0,,,,,,3.0,0.458,205.0,70.1,0.0,,,,,,,,,,,,,,,65.25337407690348,,,,,,,,,,,,,,,,,Tomate ,Quindío,8.1,8.4,8.1,8.4
2024-10-30,87,T11_N1P1K0,,,,,,2.0,0.342,215.0,60.8,2.0,,,,,,,,,,,,,,,68.43646549528903,,,,6.51,42.7,23.7,145.0,15.1,24.1,79.1,1.0,1.0,5.0,Si,0.145,151.0,Tomatoes,Quindio,7.6,8.4,7.6,8.4
2024-10-30,88,T8_N0P2K1,,,,,,2.0,0.466,235.0,707.0,0.0,,,,,,,,,,,,,,,74.8026483320601,,,,,,,,,,,,,,,,,Tomate ,Quindío,6.4,8.4,6.4,8.4
2024-10-30,89,T8_N0P2K1,,,,,,5.0,0.926,235.0,60.8,2.0,,,,,,,,,,,,,,,74.8026483320601,,,,,,,,,,,,,,,,,Tomate ,Quindío,5.9,8.4,5.9,8.4
2024-10-30,90,T8_N0P2K1,,,,,,6.0,0.926,200.0,70.1,0.0,,,,,,,,,,,,,,,63.66182836771072,,,,6.48,34.9,23.7,55.0,12.0,24.1,79.8,1.0,1.0,5.0,Si,0.055,120.0,Tomatoes,Quindio,5.4,8.4,5.4,8.4
2024-10-30,91,T9_N0P2K2,,,,,,2.0,0.259,195.0,60.8,1.0,,,,,,,,,,,,,,,62.070282658517954,,,,,,,,,,,,,,,,,Tomate ,Quindío,4.2,8.4,4.2,8.4
2024-10-30,92,T9_N0P2K2,,,,,,2.0,0.354,200.0,60.7,0.0,,,,,,,,,,,,,,,63.66182836771072,,,,,,,,,,,,,,,,,Tomate ,Quindío,3.7,8.4,3.7,8.4
2024-10-30,93,T9_N0P2K2,,,67.1,20.0,4.0,3.0,0.314,185.0,60.7,0.0,5.7,3000.0,610.0,48.0,120.0,10.78,,7.3,14.0,4.0,1.0,29.0,0.065,,58.88719124013242,,,,6.49,42.7,23.7,76.0,12.8,24.0,79.5,1.0,1.0,5.0,Si,0.076,128.0,Tomatoes,Quindio,3.2,8.4,3.2,8.4
2024-10-30,94,T13_N1P0K1,,,,,,3.0,0.452,205.0,70.4,0.0,,,,,,,,,,,,,,,65.25337407690348,,,,,,,,,,,,,,,,,Tomate ,Quindío,2.0,8.4,2.0,8.4
2024-10-30,95,T13_N1P0K1,,,,,,1.0,0.091,165.0,60.3,4.0,,,,,,,,,,,,,,,52.52100840336134,,,,,,,,,,,,,,,,,Tomate ,Quindío,1.5,8.4,1.5,8.4
2024-10-30,96,T13_N1P0K1,,,54.1,25.0,5.0,0.0,0.0,0.0,0.0,1.0,5.3,2900.0,890.0,42.0,260.0,12.2,,7.2,4.0,5.0,1.0,11.0,0.025,,0.0,,,,6.36,32.7,23.7,98.0,10.2,24.0,79.8,1.0,1.0,5.0,Si,0.098,102.0,Tomatoes,Quindio,1.0,8.4,1.0,8.4
2024-10-30,97,T26_N2P2K1,,,52.5,14.0,2.0,2.0,0.513,255.0,60.8,0.0,5.5,3100.0,610.0,61.0,200.0,13.08,,7.1,7.0,5.0,2.0,11.0,0.042,,81.16883116883118,,,,6.36,34.1,23.7,170.0,8.7,24.4,77.9,1.0,1.0,5.0,Si,0.17,87.0,Tomatoes,Quindio,1.0,9.6,1.0,9.6
2024-10-30,98,T26_N2P2K1,,,,,,2.0,0.397,230.0,70.6,0.0,,,,,,,,,,,,,,,73.21110262286733,,,,,,,,,,,,,,,,,Tomate ,Quindío,1.5,9.6,1.5,9.6
2024-10-30,99,T26_N2P2K1,,,,,,3.0,0.838,260.0,70.7,0.0,,,,,,,,,,,,,,,82.76037687802393,,,,,,,,,,,,,,,,,Tomate ,Quindío,2.0,9.6,2.0,9.6
2024-10-30,100,T16_N1P1K2,,,60.5,27.0,6.0,4.0,0.618,200.0,60.9,0.0,5.2,2800.0,910.0,38.0,190.0,11.67,,7.5,30.0,15.0,2.0,25.0,0.16,,63.66182836771072,,,,6.55,45.2,23.3,83.0,12.8,24.0,81.2,1.0,1.0,5.0,Si,0.083,128.0,Tomatoes,Quindio,3.2,9.6,3.2,9.6
2024-10-30,101,T16_N1P1K2,,,,,,7.0,0.945,210.0,60.7,0.0,,,,,,,,,,,,,,,66.84491978609626,,,,,,,,,,,,,,,,,Tomate ,Quindío,3.7,9.6,3.7,9.6
2024-10-30,102,T16_N1P1K2,,,,,,4.0,0.631,210.0,60.9,0.0,,,,,,,,,,,,,,,66.84491978609626,,,,,,,,,,,,,,,,,Tomate ,Quindío,4.2,9.6,4.2,9.6
2024-10-30,103,T10_N1P0K0,,,56.2,27.0,0.0,3.0,0.421,210.0,70.4,0.0,5.3,2500.0,820.0,40.0,180.0,11.13,,6.8,6.0,7.0,1.0,15.0,0.041,,66.84491978609626,,,,6.44,34.6,23.3,54.0,16.1,24.0,81.2,1.0,1.0,5.0,Si,0.054,161.0,Tomatoes,Quindio,5.4,9.6,5.4,9.6
2024-10-30,104,T10_N1P0K0,,,,,,2.0,0.212,180.0,60.3,0.0,,,,,,,,,,,,,,,57.29564553093965,,,,,,,,,,,,,,,,,Tomate ,Quindío,5.9,9.6,5.9,9.6
2024-10-30,105,T10_N1P0K0,,,,,,4.0,0.617,220.0,70.6,0.0,,,,,,,,,,,,,,,70.0280112044818,,,,,,,,,,,,,,,,,Tomate ,Quindío,6.4,9.6,6.4,9.6
2024-10-30,106,T22_N2P0K1,,,62.4,9.0,5.0,5.0,0.844,210.0,70.8,0.0,5.6,2900.0,570.0,46.0,330.0,11.49,,7.0,5.0,4.0,1.0,16.0,0.046,,66.84491978609626,,,,6.31,36.4,23.7,101.0,17.4,24.1,81.0,1.0,1.0,5.0,Si,0.101,174.0,Tomatoes,Quindio,7.6,9.6,7.6,9.6
2024-10-30,107,T22_N2P0K1,,,,,,1.0,0.233,240.0,70.5,0.0,,,,,,,,,,,,,,,76.39419404125286,,,,,,,,,,,,,,,,,Tomate ,Quindío,8.1,9.6,8.1,9.6
2024-10-30,108,T22_N2P0K1,,,,,,3.0,0.379,200.0,60.5,0.0,,,,,,,,,,,,,,,63.66182836771072,,,,,,,,,,,,,,,,,Tomate ,Quindío,8.6,9.6,8.6,9.6
2024-10-30,109,T12_N1P2K0,,,,,,6.0,0.92,205.0,70.2,2.0,,,,,,,,,,,,,,,65.25337407690348,,,,,,,,,,,,,,,,,Tomate ,Quindío,8.6,10.8,8.6,10.8
2024-10-30,110,T12_N1P2K0,,,,,,8.0,1.113,195.0,70.1,0.0,,,,,,,,,,,,,,,62.070282658517954,,,,,,,,,,,,,,,,,Tomate ,Quindío,8.1,10.8,8.1,10.8
2024-10-30,111,T12_N1P2K0,,,55.4,20.0,1.0,6.0,1.304,240.0,80.0,1.0,5.4,3000.0,650.0,48.0,180.0,12.2,,6.4,11.0,4.0,1.0,17.0,0.063,,76.39419404125286,,,,6.41,47.6,23.7,60.0,24.5,24.0,79.3,1.0,1.0,5.0,Si,0.06,245.0,Tomatoes,Quindio,7.6,10.8,7.6,10.8
2024-10-30,112,T28_BIO-N0P0K0,,,,,,5.0,0.611,210.0,70.1,2.0,,,,,,,,,,,,,,,66.84491978609626,,,,,,,,,,,,,,,,,Tomate ,Quindío,6.4,10.8,6.4,10.8
2024-10-30,113,T28_BIO-N0P0K0,,,,,,2.0,0.192,180.0,50.8,2.0,,,,,,,,,,,,,,,57.29564553093965,,,,,,,,,,,,,,,,,Tomate ,Quindío,5.9,10.8,5.9,10.8
2024-10-30,114,T28_BIO-N0P0K0,,,53.7,22.0,5.0,5.0,1.1,240.0,70.7,2.0,5.5,2600.0,680.0,38.0,150.0,10.41,,7.2,5.0,11.0,1.0,38.0,0.067,,76.39419404125286,,,,6.38,49.7,23.7,43.0,23.8,24.0,80.0,1.0,1.0,5.0,Si,0.043,238.0,Tomatoes,Quindio,5.4,10.8,5.4,10.8
2024-10-30,115,T1_N0P0K0,,,,,,6.0,0.878,210.0,60.9,0.0,,,,,,,,,,,,,,,66.84491978609626,,,,,,,,,,,,,,,,,Tomate ,Quindío,4.2,10.8,4.2,10.8
2024-10-30,116,T1_N0P0K0,,,,,,4.0,0.584,210.0,60.3,0.0,,,,,,,,,,,,,,,66.84491978609626,,,,,,,,,,,,,,,,,Tomate ,Quindío,3.7,10.8,3.7,10.8
2024-10-30,117,T1_N0P0K0,,,61.2,34.0,4.0,4.0,0.755,240.0,70.3,0.0,5.4,3000.0,800.0,43.0,200.0,11.88,,7.4,16.0,7.0,1.0,50.0,0.078,,76.39419404125286,,,,6.48,52.2,23.7,63.0,8.2,24.2,78.8,1.0,1.0,5.0,Si,0.063,82.0,Tomatoes,Quindio,3.2,10.8,3.2,10.8
2024-10-30,118,T14_N1P0K2,,,,,,1.0,0.104,180.0,60.3,0.0,,,,,,,,,,,,,,,57.29564553093965,,,,,,,,,,,,,,,,,Tomate ,Quindío,2.0,10.8,2.0,10.8
2024-10-30,119,T14_N1P0K2,,,,,,6.0,0.919,225.0,70.1,0.0,,,,,,,,,,,,,,,71.61955691367456,,,,,,,,,,,,,,,,,Tomate ,Quindío,1.5,10.8,1.5,10.8
2024-10-30,120,T14_N1P0K2,,,51.3,31.0,3.0,7.0,1.595,260.0,70.6,0.0,5.5,3100.0,540.0,42.0,210.0,11.83,,7.3,5.0,7.0,1.0,27.0,0.063,,82.76037687802393,,,,6.49,31.9,23.7,109.0,5.8,24.7,77.6,1.0,1.0,5.0,Si,0.109,58.0,Tomatoes,Quindio,1.0,10.8,1.0,10.8
2024-10-30,121,T5_N0P0K2,,,65.3,25.0,0.0,3.0,0.45,220.0,60.8,0.0,5.5,3000.0,600.0,45.0,210.0,10.95,,6.6,5.0,4.0,1.0,24.0,0.032,,70.0280112044818,,,,6.33,51.5,24.1,47.0,4.1,25.0,75.1,1.0,1.0,5.0,Si,0.047,41.0,Tomatoes,Quindio,1.0,12.0,1.0,12.0
2024-10-30,122,T5_N0P0K2,,,,,,1.0,0.191,220.0,70.7,0.0,,,,,,,,,,,,,,,70.0280112044818,,,,,,,,,,,,,,,,,Tomate ,Quindío,1.5,12.0,1.5,12.0
2024-10-30,123,T5_N0P0K2,,,,,,4.0,0.931,225.0,70.2,0.0,,,,,,,,,,,,,,,71.61955691367456,,,,,,,,,,,,,,,,,Tomate ,Quindío,2.0,12.0,2.0,12.0
2024-10-30,124,T30_BIO N2P2K2,,,55.0,26.0,0.0,1.0,0.105,165.0,60.8,0.0,5.2,2800.0,780.0,50.0,210.0,11.94,,6.7,7.0,6.0,2.0,21.0,0.048,,52.52100840336134,,,,6.39,45.7,23.7,49.0,10.7,25.6,74.1,1.0,1.0,5.0,Si,0.049,107.0,Tomatoes,Quindio,3.2,12.0,3.2,12.0
2024-10-30,125,T30_BIO N2P2K2,,,,,,2.0,0.383,225.0,70.3,2.0,,,,,,,,,,,,,,,71.61955691367456,,,,,,,,,,,,,,,,,Tomate ,Quindío,3.7,12.0,3.7,12.0
2024-10-30,126,T30_BIO N2P2K2,,,,,,0.0,0.0,0.0,0.0,0.0,,,,,,,,,,,,,,,0.0,,,,,,,,,,,,,,,,,Tomate ,Quindío,4.2,12.0,4.2,12.0
2024-10-30,127,T3_N0P2K0,,,57.0,25.0,0.0,0.0,0.0,0.0,0.0,6.0,5.2,2400.0,930.0,38.0,200.0,11.23,,6.9,4.0,4.0,1.0,16.0,0.025,,0.0,,,,6.55,45.1,23.7,109.0,26.9,24.4,79.1,1.0,1.0,5.0,Si,0.109,269.0,Tomatoes,Quindio,5.4,12.0,5.4,12.0
2024-10-30,128,T3_N0P2K0,,,,,,4.0,0.861,225.0,70.7,0.0,,,,,,,,,,,,,,,71.61955691367456,,,,,,,,,,,,,,,,,Tomate ,Quindío,5.9,12.0,5.9,12.0
2024-10-30,129,T3_N0P2K0,,,,,,4.0,0.584,190.0,60.8,4.0,,,,,,,,,,,,,,,60.47873694932519,,,,,,,,,,,,,,,,,Tomate ,Quindío,6.4,12.0,6.4,12.0
2024-10-30,130,T7_N0P1K2,,,56.7,22.0,0.0,4.0,0.849,215.0,70.4,2.0,5.3,3000.0,640.0,52.0,240.0,11.66,,6.8,44.0,33.0,3.0,21.0,0.206,,68.43646549528903,,,,6.43,37.3,23.7,86.0,15.5,24.2,78.3,1.0,1.0,5.0,Si,0.086,155.0,Tomatoes,Quindio,7.6,12.0,7.6,12.0
2024-10-30,131,T7_N0P1K2,,,,,,4.0,0.579,215.0,60.7,0.0,,,,,,,,,,,,,,,68.43646549528903,,,,,,,,,,,,,,,,,Tomate ,Quindío,8.1,12.0,8.1,12.0
2024-10-30,132,T7_N0P1K2,,,,,,3.0,0.289,170.0,60.4,0.0,,,,,,,,,,,,,,,54.112554112554115,,,,,,,,,,,,,,,,,Tomate ,Quindío,8.6,12.0,8.6,12.0
2024-10-30,133,T21_N2P2K0,,,,,,6.0,0.844,220.0,70.6,1.0,,,,,,,,,,,,,,,70.0280112044818,,,,,,,,,,,,,,,,,Tomate ,Quindío,8.6,13.2,8.6,13.2
2024-10-30,134,T21_N2P2K0,,,,,,2.0,0.195,170.0,60.1,2.0,,,,,,,,,,,,,,,54.112554112554115,,,,,,,,,,,,,,,,,Tomate ,Quindío,8.1,13.2,8.1,13.2
2024-10-30,135,T21_N2P2K0,,,52.7,17.0,0.0,2.0,0.312,210.0,60.7,0.0,5.3,3100.0,570.0,53.0,380.0,11.6,,7.1,9.0,7.0,1.0,25.0,0.043,,66.84491978609626,,,,6.37,48.3,23.7,95.0,13.8,24.2,75.7,1.0,1.0,5.0,Si,0.095,138.0,Tomatoes,Quindio,7.6,13.2,7.6,13.2
2024-10-30,136,T23_N2P0K2,,,,,,3.0,0.41,220.0,60.5,3.0,,,,,,,,,,,,,,,70.0280112044818,,,,,,,,,,,,,,,,,Tomate ,Quindío,6.4,13.2,6.4,13.2
2024-10-30,137,T23_N2P0K2,,,,,,4.0,0.724,230.0,70.2,0.0,,,,,,,,,,,,,,,73.21110262286733,,,,,,,,,,,,,,,,,Tomate ,Quindío,5.9,13.2,5.9,13.2
2024-10-30,138,T23_N2P0K2,,,57.7,24.0,0.0,4.0,0.566,220.0,70.3,1.0,5.3,3300.0,150.0,55.0,460.0,11.12,,6.3,17.0,5.0,1.0,18.0,0.082,,70.0280112044818,,,,6.46,43.2,23.7,104.0,23.7,24.3,79.0,1.0,1.0,5.0,Si,0.104,237.0,Tomatoes,Quindio,5.4,13.2,5.4,13.2
2024-10-30,139,T20_N2P1K0,,,,,,4.0,1.051,260.0,70.8,1.0,,,,,,,,,,,,,,,82.76037687802393,,,,,,,,,,,,,,,,,Tomate ,Quindío,4.2,13.2,4.2,13.2
2024-10-30,140,T20_N2P1K0,,,,,,5.0,0.952,235.0,70.1,0.0,,,,,,,,,,,,,,,74.8026483320601,,,,,,,,,,,,,,,,,Tomate ,Quindío,3.7,13.2,3.7,13.2
2024-10-30,141,T20_N2P1K0,,,62.7,21.0,4.0,7.0,1.16,205.0,70.6,0.0,5.4,2500.0,170.0,43.0,250.0,10.01,,7.3,6.0,8.0,1.0,43.0,0.038,,65.25337407690348,,,,6.24,39.4,23.7,83.0,17.4,25.4,73.5,1.0,1.0,5.0,Si,0.083,174.0,Tomatoes,Quindio,3.2,13.2,3.2,13.2
2024-10-30,142,T18_N1P2K2,,,,,,10.0,1.029,190.0,60.6,0.0,,,,,,,,,,,,,,,60.47873694932519,,,,,,,,,,,,,,,,,Tomate ,Quindío,2.0,13.2,2.0,13.2
2024-10-30,143,T18_N1P2K2,,,,,,4.0,0.899,225.0,70.4,0.0,,,,,,,,,,,,,,,71.61955691367456,,,,,,,,,,,,,,,,,Tomate ,Quindío,1.5,13.2,1.5,13.2
2024-10-30,144,T18_N1P2K2,,,47.1,24.0,6.0,7.0,1.271,330.0,70.5,0.0,5.3,2600.0,170.0,41.0,220.0,10.69,,7.1,9.0,7.0,1.0,35.0,0.059,,105.04201680672269,,,,6.38,36.1,24.1,144.0,5.1,25.4,72.8,1.0,1.0,5.0,Si,0.144,51.0,Tomatoes,Quindio,1.0,13.2,1.0,13.2
2024-10-30,145,T6_N0P1K1,,,56.8,31.0,4.0,7.0,0.826,220.0,70.2,0.0,5.4,3100.0,260.0,52.0,350.0,10.96,,6.8,15.0,5.0,1.0,41.0,0.079,,70.0280112044818,,,,6.33,37.2,23.3,176.0,24.8,23.9,79.5,1.0,1.0,5.0,Si,0.176,248.0,Tomatoes,Quindio,1.0,14.4,1.0,14.4
2024-10-30,146,T6_N0P1K1,,,,,,0.0,0.0,0.0,0.0,0.0,,,,,,,,,,,,,,,0.0,,,,,,,,,,,,,,,,,Tomate ,Quindío,1.5,14.4,1.5,14.4
2024-10-30,147,T6_N0P1K1,,,,,,2.0,0.271,195.0,70.0,0.0,,,,,,,,,,,,,,,62.070282658517954,,,,,,,,,,,,,,,,,Tomate ,Quindío,2.0,14.4,2.0,14.4
2024-10-30,148,T17_N1P2K1,,,58.6,16.0,4.0,4.0,0.771,220.0,70.0,0.0,5.3,3000.0,580.0,45.0,310.0,12.09,,7.0,15.0,30.0,2.0,26.0,0.153,,70.0280112044818,,,,6.49,43.3,23.3,231.0,28.3,24.0,80.0,1.0,1.0,5.0,Si,0.231,283.0,Tomatoes,Quindio,3.2,14.4,3.2,14.4
2024-10-30,149,T17_N1P2K1,,,,,,3.0,0.473,220.0,60.9,0.0,,,,,,,,,,,,,,,70.0280112044818,,,,,,,,,,,,,,,,,Tomate ,Quindío,3.7,14.4,3.7,14.4
2024-10-30,150,T17_N1P2K1,,,,,,5.0,0.948,220.0,70.4,1.0,,,,,,,,,,,,,,,70.0280112044818,,,,,,,,,,,,,,,,,Tomate ,Quindío,4.2,14.4,4.2,14.4
2024-10-30,151,T25_N2P1K2,,,58.4,13.0,5.0,5.0,0.411,175.0,50.4,0.0,5.4,3300.0,350.0,54.0,380.0,11.32,,6.3,19.0,11.0,1.0,28.0,0.102,,55.70409982174688,,,,6.34,52.4,23.3,122.0,23.5,24.4,76.8,1.0,1.0,5.0,Si,0.122,235.0,Tomatoes,Quindio,5.4,14.4,5.4,14.4
2024-10-30,152,T25_N2P1K2,,,,,,5.0,0.787,215.0,60.9,0.0,,,,,,,,,,,,,,,68.43646549528903,,,,,,,,,,,,,,,,,Tomate ,Quindío,5.9,14.4,5.9,14.4
2024-10-30,153,T25_N2P1K2,,,,,,7.0,0.934,205.0,70.2,0.0,,,,,,,,,,,,,,,65.25337407690348,,,,,,,,,,,,,,,,,Tomate ,Quindío,6.4,14.4,6.4,14.4
2024-10-30,154,T29_BIO N1P1K1,,,47.7,13.0,1.0,3.0,0.4,215.0,70.0,0.0,5.3,3000.0,800.0,44.0,260.0,12.65,,6.8,6.0,12.0,2.0,30.0,0.06,,68.43646549528903,,,,6.38,49.3,23.7,63.0,15.2,24.5,74.9,1.0,1.0,5.0,Si,0.063,152.0,Tomatoes,Quindio,7.6,14.4,7.6,14.4
2024-10-30,155,T29_BIO N1P1K1,,,,,,4.0,0.577,210.0,70.0,0.0,,,,,,,,,,,,,,,66.84491978609626,,,,,,,,,,,,,,,,,Tomate ,Quindío,8.1,14.4,8.1,14.4
2024-10-30,156,T29_BIO N1P1K1,,,,,,3.0,0.517,215.0,70.9,0.0,,,,,,,,,,,,,,,68.43646549528903,,,,,,,,,,,,,,,,,Tomate ,Quindío,8.6,14.4,8.6,14.4
2024-10-30,157,T2_N0P1K0,,,,,,4.0,0.799,220.0,70.3,2.0,,,,,,,,,,,,,,,70.0280112044818,,,,,,,,,,,,,,,,,Tomate ,Quindío,8.6,15.6,8.6,15.6
2024-10-30,158,T2_N0P1K0,,,,,,4.0,0.759,220.0,70.4,1.0,,,,,,,,,,,,,,,70.0280112044818,,,,,,,,,,,,,,,,,Tomate ,Quindío,8.1,15.6,8.1,15.6
2024-10-30,159,T2_N0P1K0,,,54.8,17.0,3.0,4.0,0.72,215.0,70.1,0.0,5.4,3300.0,360.0,50.0,270.0,11.18,,7.0,31.0,14.0,4.0,41.0,0.151,,68.43646549528903,,,,6.35,41.2,23.7,79.0,17.5,24.5,75.2,1.0,1.0,5.0,Si,0.079,175.0,Tomatoes,Quindio,7.6,15.6,7.6,15.6
2024-10-30,160,T19_N2P0K0,,,,,,12.0,1.854,230.0,70.7,0.0,,,,,,,,,,,,,,,73.21110262286733,,,,,,,,,,,,,,,,,Tomate ,Quindío,6.4,15.6,6.4,15.6
2024-10-30,161,T19_N2P0K0,,,,,,2.0,0.27,195.0,60.5,0.0,,,,,,,,,,,,,,,62.070282658517954,,,,,,,,,,,,,,,,,Tomate ,Quindío,5.9,15.6,5.9,15.6
2024-10-30,162,T19_N2P0K0,,,56.7,18.0,0.0,5.0,1.072,250.0,80.6,0.0,5.2,2200.0,810.0,38.0,130.0,9.71,,7.1,17.0,22.0,2.0,33.0,0.079,,79.5772854596384,,,,6.46,46.8,23.3,102.0,24.0,24.3,77.2,1.0,1.0,5.0,Si,0.102,240.0,Tomatoes,Quindio,5.4,15.6,5.4,15.6
2024-10-30,163,T8_N0P2K1,,,,,,8.0,1.202,225.0,70.2,0.0,,,,,,,,,,,,,,,71.61955691367456,,,,,,,,,,,,,,,,,Tomate ,Quindío,4.2,15.6,4.2,15.6
2024-10-30,164,T8_N0P2K1,,,,,,5.0,0.908,240.0,70.1,0.0,,,,,,,,,,,,,,,76.39419404125286,,,,,,,,,,,,,,,,,Tomate ,Quindío,3.7,15.6,3.7,15.6
2024-10-30,165,T8_N0P2K1,,,55.3,26.0,2.0,8.0,1.163,215.0,60.9,3.0,5.4,2800.0,980.0,49.0,180.0,11.97,,6.1,9.0,6.0,1.0,24.0,0.056,,68.43646549528903,,,,6.28,37.1,23.3,138.0,26.0,24.2,78.7,1.0,1.0,5.0,Si,0.138,260.0,Tomatoes,Quindio,3.2,15.6,3.2,15.6
2024-10-30,166,T15_N1P1K1,,,,,,8.0,1.03,215.0,60.9,2.0,,,,,,,,,,,,,,,68.43646549528903,,,,,,,,,,,,,,,,,Tomate ,Quindío,2.0,15.6,2.0,15.6
2024-10-30,167,T15_N1P1K1,,,,,,3.0,0.375,205.0,60.0,0.0,,,,,,,,,,,,,,,65.25337407690348,,,,,,,,,,,,,,,,,Tomate ,Quindío,1.5,15.6,1.5,15.6
2024-10-30,168,T15_N1P1K1,,,54.5,16.0,3.0,6.0,1.112,230.0,70.3,0.0,5.3,2900.0,670.0,54.0,210.0,11.63,,6.9,7.0,11.0,1.0,41.0,0.068,,73.21110262286733,,,,6.3,44.4,23.3,112.0,15.2,23.7,80.3,1.0,1.0,5.0,Si,0.112,152.0,Tomatoes,Quindio,1.0,15.6,1.0,15.6
2024-10-30,169,T24_N2P1K1,,,44.3,22.0,0.0,7.0,1.149,215.0,70.3,1.0,5.4,2800.0,670.0,44.0,170.0,11.74,,7.1,13.0,4.0,1.0,52.0,0.036,,68.43646549528903,,,,6.13,24.3,22.9,227.0,14.0,23.6,79.5,1.0,1.0,5.0,Si,0.227,140.0,Tomatoes,Quindio,1.0,16.8,1.0,16.8
2024-10-30,170,T24_N2P1K1,,,,,,7.0,1.291,230.0,70.3,0.0,,,,,,,,,,,,,,,73.21110262286733,,,,,,,,,,,,,,,,,Tomate ,Quindío,1.5,16.8,1.5,16.8
2024-10-30,171,T24_N2P1K1,,,58.8,20.0,0.0,4.0,0.648,210.0,60.9,0.0,,,,,,,,6.9,4.0,7.0,1.0,8.0,0.045,,66.84491978609626,,,,6.23,32.5,22.9,67.0,16.8,23.6,83.2,1.0,1.0,5.0,Si,0.067,168.0,Tomatoes,Quindio,2.0,16.8,2.0,16.8
2024-10-30,172,T11_N1P1K0,,,61.2,20.0,2.0,6.0,1.092,230.0,70.4,0.0,5.4,2800.0,450.0,55.0,330.0,10.42,,7.1,8.0,8.0,1.0,31.0,0.05,,73.21110262286733,,,,6.35,30.2,22.5,54.0,23.5,23.1,83.2,1.0,1.0,5.0,Si,0.054,235.0,Tomatoes,Quindio,3.2,16.8,3.2,16.8
2024-10-30,173,T11_N1P1K0,,,,,,9.0,1.512,220.0,60.8,0.0,,,,,,,,,,,,,,,70.0280112044818,,,,,,,,,,,,,,,,,Tomate ,Quindío,3.7,16.8,3.7,16.8
2024-10-30,174,T11_N1P1K0,,,,,,4.0,0.741,210.0,80.1,0.0,,,,,,,,,,,,,,,66.84491978609626,,,,,,,,,,,,,,,,,Tomate ,Quindío,4.2,16.8,4.2,16.8
2024-10-30,175,T27_N2P2K2,,,65.3,25.0,2.0,5.0,0.822,210.0,70.0,2.0,5.4,2700.0,680.0,50.0,350.0,12.37,,7.3,4.0,6.0,1.0,37.0,0.037,,66.84491978609626,,,,6.13,39.1,22.5,137.0,24.7,22.9,86.9,1.0,1.0,5.0,Si,0.137,247.0,Tomatoes,Quindio,5.4,16.8,5.4,16.8
2024-10-30,176,T27_N2P2K2,,,,,,7.0,1.402,230.0,70.1,0.0,,,,,,,,,,,,,,,73.21110262286733,,,,,,,,,,,,,,,,,Tomate ,Quindío,5.9,16.8,5.9,16.8
2024-10-30,177,T27_N2P2K2,,,,,,6.0,1.128,230.0,70.3,0.0,,,,,,,,,,,,,,,73.21110262286733,,,,,,,,,,,,,,,,,Tomate ,Quindío,6.4,16.8,6.4,16.8
2024-10-30,178,T4_N0P0K1,,,60.0,27.0,2.0,7.0,1.446,240.0,70.8,1.0,5.4,2200.0,640.0,38.0,230.0,11.35,,7.0,24.0,19.0,3.0,35.0,0.152,,76.39419404125286,,,,6.34,40.0,22.5,68.0,17.5,22.5,86.1,1.0,1.0,5.0,Si,0.068,175.0,Tomatoes,Quindio,7.6,16.8,7.6,16.8
2024-10-30,179,T4_N0P0K1,,,,,,5.0,0.869,225.0,70.0,3.0,,,,,,,,,,,,,,,71.61955691367456,,,,,,,,,,,,,,,,,Tomate ,Quindío,8.1,16.8,8.1,16.8
2024-10-30,180,T4_N0P0K1,,,,,,2.0,0.421,235.0,70.5,1.0,,,,,,,,,,,,,,,74.8026483320601,,,,,,,,,,,,,,,,,Tomate ,Quindío,8.6,16.8,8.6,16.8
2024-11-06,1,T27_N2P2K2,,,,,,6.0,1.023,230.0,70.5,1.0,,,,,,,,,,,,,,,73.21110262286733,,,,,,,,,,,,,,,,,Tomate ,Quindío,1.0,0.0,1.0,0.0
2024-11-06,2,T27_N2P2K2,,,54.6,17.0,0.0,6.0,0.846,220.0,70.5,1.0,5.3,2800.0,580.0,50.0,440.0,13.07,,6.7,19.0,11.0,7.0,34.0,0.121,,70.0280112044818,,,,5.9,26.8,23.5,26.0,32.6,25.7,72.3,1.0,1.0,5.0,Si,0.026,326.0,Tomatoes,Quindio,1.5,0.0,1.5,0.0
2024-11-06,3,T27_N2P2K2,,,,,,2.0,0.304,180.0,60.7,1.0,,,,,,,,,,,,,,,57.29564553093965,,,,,,,,,,,,,,,,,Tomate ,Quindío,2.0,0.0,2.0,0.0
2024-11-06,4,T24_N2P1K1,,,,,,1.0,0.2,230.0,70.0,1.0,,,,,,,,,,,,,,,73.21110262286733,,,,,,,,,,,,,,,,,Tomate ,Quindío,3.2,0.0,3.2,0.0
2024-11-06,5,T24_N2P1K1,,,65.1,18.0,0.0,3.0,0.366,190.0,60.9,0.0,5.4,3200.0,420.0,57.0,620.0,13.06,,6.0,7.0,4.0,1.0,16.0,0.068,,60.47873694932519,,,,6.19,30.5,25.1,42.0,57.3,27.1,63.7,1.0,1.0,5.0,Si,0.042,573.0,Tomatoes,Quindio,3.7,0.0,3.7,0.0
2024-11-06,6,T24_N2P1K1,,,,,,1.0,0.161,210.0,60.7,0.0,,,,,,,,,,,,,,,66.84491978609626,,,,,,,,,,,,,,,,,Tomate ,Quindío,4.2,0.0,4.2,0.0
2024-11-06,7,T4_N0P0K1,,,,,,0.0,0.0,0.0,0.0,0.0,,,,,,,,,,,,,,,0.0,,,,,,,,,,,,,,,,,Tomate ,Quindío,5.4,0.0,5.4,0.0
2024-11-06,8,T4_N0P0K1,,,65.6,14.0,0.0,2.0,0.42,0.225,70.7,1.0,5.3,3300.0,500.0,66.0,550.0,13.4,,7.0,12.0,11.0,1.0,41.0,0.095,,0.07161955691367457,,,,6.5,44.5,25.9,61.0,59.3,27.5,64.0,1.0,1.0,5.0,Si,0.061,593.0,Tomatoes,Quindio,5.9,0.0,5.9,0.0
2024-11-06,9,T4_N0P0K1,,,,,,0.0,0.0,0.0,0.0,1.0,,,,,,,,,,,,,,,0.0,,,,,,,,,,,,,,,,,Tomate ,Quindío,6.4,0.0,6.4,0.0
2024-11-06,10,T15_N1P1K1,,,,,,0.0,0.0,0.0,0.0,0.0,,,,,,,,,,,,,,,0.0,,,,,,,,,,,,,,,,,Tomate ,Quindío,7.6,0.0,7.6,0.0
2024-11-06,11,T15_N1P1K1,,,60.7,19.0,0.0,3.0,0.488,215.0,70.2,0.0,5.3,3200.0,380.0,50.0,1200.0,12.66,,6.0,21.0,12.0,1.0,25.0,0.124,,68.43646549528903,,,,6.48,37.3,27.1,74.0,46.1,27.7,62.1,1.0,1.0,5.0,Si,0.074,461.0,Tomatoes,Quindio,8.1,0.0,8.1,0.0
2024-11-06,12,T15_N1P1K1,,,56.5,16.0,0.0,6.0,0.896,210.0,70.0,0.0,,,,,,,,6.5,64.0,62.0,5.0,85.0,0.46,,66.84491978609626,,,,6.35,29.6,30.7,73.0,75.0,31.1,50.6,1.0,1.0,5.0,Si,0.073,750.0,Tomatoes,Quindio,8.6,0.0,8.6,0.0
2024-11-06,13,T9_N0P2K2,,,,,,2.0,0.439,250.0,60.8,1.0,,,,,,,,,,,,,,,79.5772854596384,,,,,,,,,,,,,,,,,Tomate ,Quindío,8.6,1.2,8.6,1.2
2024-11-06,14,T9_N0P2K2,,,51.8,11.0,0.0,3.0,0.439,180.0,60.0,0.0,5.3,3300.0,130.0,49.0,610.0,11.12,,7.1,8.0,1.0,1.0,13.0,0.047,,57.29564553093965,,,,6.5,21.7,25.9,26.0,42.5,27.9,64.1,1.0,1.0,5.0,Si,0.026,425.0,Tomatoes,Quindio,8.1,1.2,8.1,1.2
2024-11-06,15,T9_N0P2K2,,,,,,3.0,0.541,215.0,70.1,0.0,,,,,,,,,,,,,,,68.43646549528903,,,,,,,,,,,,,,,,,Tomate ,Quindío,7.6,1.2,7.6,1.2
2024-11-06,16,T13_N1P0K1,,,,,,3.0,0.506,190.0,60.8,2.0,,,,,,,,,,,,,,,60.47873694932519,,,,,,,,,,,,,,,,,Tomate ,Quindío,6.4,1.2,6.4,1.2
2024-11-06,17,T13_N1P0K1,,,67.3,14.0,8.0,2.0,0.315,210.0,70.1,0.0,5.3,2900.0,590.0,48.0,510.0,12.15,,5.7,22.0,31.0,4.0,15.0,0.197,,66.84491978609626,,,,6.54,21.6,25.9,32.0,27.9,27.7,62.1,1.0,1.0,5.0,Si,0.032,279.0,Tomatoes,Quindio,5.9,1.2,5.9,1.2
2024-11-06,18,T13_N1P0K1,,,,,,1.0,0.158,205.0,70.0,0.0,,,,,,,,,,,,,,,65.25337407690348,,,,,,,,,,,,,,,,,Tomate ,Quindío,5.4,1.2,5.4,1.2
2024-11-06,19,T22_N2P0K1,,,,,,2.0,0.357,215.0,70.0,1.0,,,,,,,,,,,,,,,68.43646549528903,,,,,,,,,,,,,,,,,Tomate ,Quindío,4.2,1.2,4.2,1.2
2024-11-06,20,T22_N2P0K1,,,54.3,13.0,0.0,2.0,0.225,175.0,60.4,0.0,5.3,3100.0,380.0,50.0,400.0,11.34,,6.4,24.0,73.0,5.0,26.0,0.384,,55.70409982174688,,,,6.5,39.5,25.7,95.0,54.8,27.8,62.2,1.0,1.0,5.0,Si,0.095,548.0,Tomatoes,Quindio,3.7,1.2,3.7,1.2
2024-11-06,21,T22_N2P0K1,,,,,,2.0,0.273,180.0,60.9,0.0,,,,,,,,,,,,,,,57.29564553093965,,,,,,,,,,,,,,,,,Tomate ,Quindío,3.2,1.2,3.2,1.2
2024-11-06,22,T10_N1P0K0,,,,,,5.0,1.073,245.0,70.5,2.0,,,,,,,,,,,,,,,77.98573975044563,,,,,,,,,,,,,,,,,Tomate ,Quindío,2.0,1.2,2.0,1.2
2024-11-06,23,T10_N1P0K0,,,64.8,16.0,0.0,4.0,0.87,235.0,70.9,0.0,5.3,3000.0,370.0,48.0,390.0,11.13,,6.0,6.0,16.0,1.0,18.0,0.083,,74.8026483320601,,,,6.48,24.3,25.9,10.0,35.2,28.2,58.7,1.0,1.0,5.0,Si,0.01,352.0,Tomatoes,Quindio,1.5,1.2,1.5,1.2
2024-11-06,24,T10_N1P0K0,,,,,,2.0,0.289,210.0,60.8,0.0,,,,,,,,,,,,,,,66.84491978609626,,,,,,,,,,,,,,,,,Tomate ,Quindío,1.0,1.2,1.0,1.2
2024-11-06,25,T28_BIO-N0P0K0,,,,,,4.0,0.725,225.0,70.3,3.0,,,,,,,,,,,,,,,71.61955691367456,,,,,,,,,,,,,,,,,Tomate ,Quindío,1.0,2.4,1.0,2.4
2024-11-06,26,T28_BIO-N0P0K0,,,49.5,15.0,0.0,4.0,0.61,215.0,70.0,0.0,5.2,2400.0,730.0,45.0,200.0,12.03,,6.7,27.0,51.0,3.0,25.0,0.324,,68.43646549528903,,,,6.47,39.8,25.9,92.0,54.3,27.9,62.4,1.0,1.0,5.0,Si,0.092,543.0,Tomatoes,Quindio,1.5,2.4,1.5,2.4
2024-11-06,27,T28_BIO-N0P0K0,,,,,,6.0,0.642,185.0,60.2,1.0,,,,,,,,,,,,,,,58.88719124013242,,,,,,,,,,,,,,,,,Tomate ,Quindío,2.0,2.4,2.0,2.4
2024-11-06,28,T12_N1P2K0,,,,,,5.0,0.856,220.0,70.4,0.0,,,,,,,,,,,,,,,70.0280112044818,,,,,,,,,,,,,,,,,Tomate ,Quindío,3.2,2.4,3.2,2.4
2024-11-06,29,T12_N1P2K0,,,52.1,27.0,6.0,2.0,0.272,200.0,70.7,0.0,5.2,3200.0,470.0,48.0,340.0,12.71,,6.8,12.0,9.0,2.0,29.0,0.09,,63.66182836771072,,,,6.41,45.6,25.5,40.0,33.6,27.6,61.7,1.0,1.0,5.0,Si,0.04,336.0,Tomatoes,Quindio,3.7,2.4,3.7,2.4
2024-11-06,30,T12_N1P2K0,,,,,,2.0,0.306,225.0,60.6,1.0,,,,,,,,,,,,,,,71.61955691367456,,,,,,,,,,,,,,,,,Tomate ,Quindío,4.2,2.4,4.2,2.4
2024-11-06,31,T26_N2P2K1,,,,,,6.0,0.862,230.0,70.0,1.0,,,,,,,,,,,,,,,73.21110262286733,,,,,,,,,,,,,,,,,Tomate ,Quindío,5.4,2.4,5.4,2.4
2024-11-06,32,T26_N2P2K1,,,41.5,11.0,0.0,3.0,0.476,180.0,70.4,2.0,5.3,3100.0,620.0,62.0,320.0,12.58,,7.5,18.0,7.0,1.0,42.0,0.111,,57.29564553093965,,,,6.56,37.8,25.5,33.0,54.3,28.0,56.9,1.0,1.0,5.0,Si,0.033,543.0,Tomatoes,Quindio,5.9,2.4,5.9,2.4
2024-11-06,33,T26_N2P2K1,,,,,,2.0,0.374,220.0,70.6,1.0,,,,,,,,,,,,,,,70.0280112044818,,,,,,,,,,,,,,,,,Tomate ,Quindío,6.4,2.4,6.4,2.4
2024-11-06,34,T16_N1P1K2,,,,,,1.0,0.354,220.0,70.4,0.0,,,,,,,,,,,,,,,70.0280112044818,,,,,,,,,,,,,,,,,Tomate ,Quindío,7.6,2.4,7.6,2.4
2024-11-06,35,T16_N1P1K2,,,,,,,,,,,,,,,,,,,,,,,,,,,,,,,,,,,,,,,,,,Tomate ,Quindío,8.1,2.4,8.1,2.4
2024-11-06,36,T16_N1P1K2,,,,,,3.0,0.441,210.0,60.8,0.0,,,,,,,,,,,,,,,66.84491978609626,,,,,,,,,,,,,,,,,Tomate ,Quindío,8.6,2.4,8.6,2.4
2024-11-06,37,T1_N0P0K0,,,,,,1.0,0.123,190.0,60.2,2.0,,,,,,,,,,,,,,,60.47873694932519,,,,,,,,,,,,,,,,,Tomate ,Quindío,8.6,3.6,8.6,3.6
2024-11-06,38,T1_N0P0K0,,,58.8,16.0,2.0,0.0,0.0,0.0,0.0,0.0,5.4,3100.0,420.0,62.0,250.0,11.01,,6.1,34.0,26.0,2.0,39.0,0.236,,0.0,,,,6.49,33.9,26.7,57.0,38.2,27.1,61.2,1.0,1.0,5.0,Si,0.057,382.0,Tomatoes,Quindio,8.1,3.6,8.1,3.6
2024-11-06,39,T1_N0P0K0,,,,,,0.0,0.0,0.0,0.0,0.0,,,,,,,,,,,,,,,0.0,,,,,,,,,,,,,,,,,Tomate ,Quindío,7.6,3.6,7.6,3.6
2024-11-06,40,T14_N1P0K2,,,,,,5.0,0.627,200.0,60.7,0.0,,,,,,,,,,,,,,,63.66182836771072,,,,,,,,,,,,,,,,,Tomate ,Quindío,6.4,3.6,6.4,3.6
2024-11-06,41,T14_N1P0K2,,,61.4,12.0,0.0,2.0,0.414,225.0,70.0,1.0,5.3,2700.0,74.0,53.0,400.0,10.55,,7.0,11.0,6.0,1.0,18.0,0.096,,71.61955691367456,,,,6.44,24.3,26.7,31.0,64.3,27.1,62.3,1.0,1.0,5.0,Si,0.031,643.0,Tomatoes,Quindio,5.9,3.6,5.9,3.6
2024-11-06,42,T14_N1P0K2,,,,,,2.0,0.314,215.0,70.0,0.0,,,,,,,,,,,,,,,68.43646549528903,,,,,,,,,,,,,,,,,Tomate ,Quindío,5.4,3.6,5.4,3.6
2024-11-06,43,T7_N0P1K2,,,,,,1.0,0.198,250.0,60.3,0.0,,,,,,,,,,,,,,,79.5772854596384,,,,,,,,,,,,,,,,,Tomate ,Quindío,4.2,3.6,4.2,3.6
2024-11-06,44,T7_N0P1K2,,,51.5,11.0,0.0,1.0,0.239,245.0,70.3,0.0,5.3,3000.0,380.0,49.0,330.0,11.47,,6.1,8.0,1.0,1.0,22.0,0.046,,77.98573975044563,,,,6.43,27.0,25.5,244.0,63.0,26.9,62.3,1.0,1.0,5.0,Si,0.244,630.0,Tomatoes,Quindio,3.7,3.6,3.7,3.6
2024-11-06,45,T7_N0P1K2,,,,,,0.0,0.0,0.0,0.0,0.0,,,,,,,,,,,,,,,0.0,,,,,,,,,,,,,,,,,Tomate ,Quindío,3.2,3.6,3.2,3.6
2024-11-06,46,T3_N0P2K0,,,,,,2.0,0.241,175.0,60.5,0.0,,,,,,,,,,,,,,,55.70409982174688,,,,,,,,,,,,,,,,,Tomate ,Quindío,2.0,3.6,2.0,3.6
2024-11-06,47,T3_N0P2K0,,,60.1,18.0,0.0,2.0,0.378,220.0,60.9,1.0,5.3,2800.0,500.0,45.0,260.0,11.13,,5.9,21.0,120.0,9.0,35.0,0.552,,70.0280112044818,,,,6.42,36.7,26.3,28.0,52.7,27.8,54.2,1.0,1.0,5.0,Si,0.028,527.0,Tomatoes,Quindio,1.5,3.6,1.5,3.6
2024-11-06,48,T3_N0P2K0,,,,,,4.0,0.788,250.0,70.7,0.0,,,,,,,,,,,,,,,79.5772854596384,,,,,,,,,,,,,,,,,Tomate ,Quindío,1.0,3.6,1.0,3.6
2024-11-06,49,T23_N2P0K2,,,,,,3.0,0.59,235.0,70.3,1.0,,,,,,,,,,,,,,,74.8026483320601,,,,,,,,,,,,,,,,,Tomate ,Quindío,1.0,4.8,1.0,4.8
2024-11-06,50,T23_N2P0K2,,,59.5,17.0,0.0,3.0,0.518,220.0,70.1,0.0,5.3,3000.0,660.0,50.0,230.0,12.83,,6.2,170.0,210.0,13.0,38.0,1.447,,70.0280112044818,,,,6.34,42.9,27.1,95.0,13.3,28.0,54.5,1.0,1.0,5.0,Si,0.095,133.0,Tomatoes,Quindio,1.5,4.8,1.5,4.8
2024-11-06,51,T23_N2P0K2,,,,,,6.0,0.799,210.0,70.4,0.0,,,,,,,,,,,,,,,66.84491978609626,,,,,,,,,,,,,,,,,Tomate ,Quindío,2.0,4.8,2.0,4.8
2024-11-06,52,T21_N2P2K0,,,,,,3.0,0.467,210.0,60.5,0.0,,,,,,,,,,,,,,,66.84491978609626,,,,,,,,,,,,,,,,,Tomate ,Quindío,3.2,4.8,3.2,4.8
2024-11-06,53,T21_N2P2K0,,,57.5,13.0,5.0,3.0,0.549,220.0,70.1,0.0,5.4,3100.0,79.0,48.0,250.0,10.18,,7.1,8.0,14.0,1.0,24.0,0.084,,70.0280112044818,,,,6.38,35.7,26.3,121.0,67.8,26.8,58.7,1.0,1.0,5.0,Si,0.121,678.0,Tomatoes,Quindio,3.7,4.8,3.7,4.8
2024-11-06,54,T21_N2P2K0,,,56.7,21.0,2.0,4.0,0.601,220.0,60.6,2.0,,,,,,,,6.6,12.0,24.0,1.0,49.0,0.131,,70.0280112044818,,,,6.36,22.9,25.1,191.0,14.8,26.6,62.1,1.0,1.0,5.0,Si,0.191,148.0,Tomatoes,Quindio,4.2,4.8,4.2,4.8
2024-11-06,55,T5_N0P0K2,,,,,,3.0,0.816,265.0,70.9,1.0,,,,,,,,,,,,,,,84.3519225872167,,,,,,,,,,,,,,,,,Tomate ,Quindío,5.4,4.8,5.4,4.8
2024-11-06,56,T5_N0P0K2,,,53.6,16.0,1.0,0.0,0.0,0.0,0.0,1.0,5.2,3200.0,320.0,50.0,440.0,11.98,,6.8,10.0,1.0,1.0,34.0,0.062,,0.0,,,,6.1,39.4,29.1,132.0,90.3,30.4,50.1,1.0,1.0,5.0,Si,0.132,903.0,Tomatoes,Quindio,5.9,4.8,5.9,4.8
2024-11-06,57,T5_N0P0K2,,,,,,0.0,0.0,0.0,0.0,0.0,,,,,,,,,,,,,,,0.0,,,,,,,,,,,,,,,,,Tomate ,Quindío,6.4,4.8,6.4,4.8
2024-11-06,58,T30_BIO N2P2K2,,,,,,1.0,0.176,210.0,70.4,0.0,,,,,,,,,,,,,,,66.84491978609626,,,,,,,,,,,,,,,,,Tomate ,Quindío,7.6,4.8,7.6,4.8
2024-11-06,59,T30_BIO N2P2K2,,,61.8,11.0,0.0,3.0,0.486,230.0,70.3,1.0,5.2,3200.0,510.0,59.0,290.0,12.44,,6.4,25.0,9.0,2.0,38.0,0.153,,73.21110262286733,,,,6.43,38.9,26.7,18.0,17.1,27.2,58.8,1.0,1.0,5.0,Si,0.018,171.0,Tomatoes,Quindio,8.1,4.8,8.1,4.8
2024-11-06,60,T30_BIO N2P2K2,,,,,,4.0,0.558,200.0,60.5,1.0,,,,,,,,,,,,,,,63.66182836771072,,,,,,,,,,,,,,,,,Tomate ,Quindío,8.6,4.8,8.6,4.8
2024-11-06,61,T20_N2P1K0,,,,,,2.0,0.427,235.0,70.3,0.0,,,,,,,,,,,,,,,74.8026483320601,,,,,,,,,,,,,,,,,Tomate ,Quindío,8.6,6.0,8.6,6.0
2024-11-06,62,T20_N2P1K0,,,54.0,17.0,0.0,2.0,0.3,205.0,60.8,1.0,5.5,3300.0,100.0,53.0,900.0,10.35,,6.4,42.0,21.0,2.0,37.0,0.257,,65.25337407690348,,,,6.33,34.8,25.9,34.0,43.8,27.6,64.8,1.0,1.0,5.0,Si,0.034,438.0,Tomatoes,Quindio,8.1,6.0,8.1,6.0
2024-11-06,63,T20_N2P1K0,,,,,,2.0,0.255,200.0,60.3,1.0,,,,,,,,,,,,,,,63.66182836771072,,,,,,,,,,,,,,,,,Tomate ,Quindío,7.6,6.0,7.6,6.0
2024-11-06,64,T18_N1P2K2,,,,,,3.0,0.483,210.0,70.4,1.0,,,,,,,,,,,,,,,66.84491978609626,,,,,,,,,,,,,,,,,Tomate ,Quindío,6.4,6.0,6.4,6.0
2024-11-06,65,T18_N1P2K2,,,63.9,15.0,2.0,5.0,0.811,235.0,70.3,0.0,5.2,2900.0,540.0,62.0,330.0,12.42,,6.6,33.0,10.0,2.0,22.0,0.18,,74.8026483320601,,,,6.28,34.5,27.9,48.0,76.1,29.0,59.1,1.0,1.0,5.0,Si,0.048,761.0,Tomatoes,Quindio,5.9,6.0,5.9,6.0
2024-11-06,66,T18_N1P2K2,,,,,,4.0,0.594,210.0,60.6,0.0,,,,,,,,,,,,,,,66.84491978609626,,,,,,,,,,,,,,,,,Tomate ,Quindío,5.4,6.0,5.4,6.0
2024-11-06,67,T29_BIO N1P1K1,,,,,,0.0,0.0,0.0,0.0,0.0,,,,,,,,,,,,,,,0.0,,,,,,,,,,,,,,,,,Tomate ,Quindío,4.2,6.0,4.2,6.0
2024-11-06,68,T29_BIO N1P1K1,,,54.5,12.0,3.0,3.0,0.321,195.0,60.6,0.0,5.3,3200.0,350.0,63.0,410.0,10.56,,6.8,18.0,7.0,1.0,27.0,0.104,,62.070282658517954,,,,6.51,32.4,28.3,24.0,78.3,29.1,55.4,1.0,1.0,5.0,Si,0.024,783.0,Tomatoes,Quindio,3.7,6.0,3.7,6.0
2024-11-06,69,T29_BIO N1P1K1,,,,,,2.0,0.242,180.0,60.8,0.0,,,,,,,,,,,,,,,57.29564553093965,,,,,,,,,,,,,,,,,Tomate ,Quindío,3.2,6.0,3.2,6.0
2024-11-06,70,T25_N2P1K2,,,,,,4.0,0.739,220.0,70.5,0.0,,,,,,,,,,,,,,,70.0280112044818,,,,,,,,,,,,,,,,,Tomate ,Quindío,2.0,6.0,2.0,6.0
2024-11-06,71,T25_N2P1K2,,,52.5,9.0,0.0,4.0,0.475,215.0,70.3,0.0,5.2,3000.0,430.0,61.0,230.0,9.97,,6.4,63.0,29.0,4.0,41.0,0.362,,68.43646549528903,,,,6.29,26.3,28.7,73.0,59.9,29.3,53.4,1.0,1.0,5.0,Si,0.073,599.0,Tomatoes,Quindio,1.5,6.0,1.5,6.0
2024-11-06,72,T25_N2P1K2,,,,,,1.0,0.065,160.0,40.9,0.0,,,,,,,,,,,,,,,50.92946269416858,,,,,,,,,,,,,,,,,Tomate ,Quindío,1.0,6.0,1.0,6.0
2024-11-06,73,T19_N2P0K0,,,,,,5.0,0.699,220.0,70.5,0.0,,,,,,,,,,,,,,,70.0280112044818,,,,,,,,,,,,,,,,,Tomate ,Quindío,1.0,7.2,1.0,7.2
2024-11-06,74,T19_N2P0K0,,,54.8,16.0,1.0,6.0,1.017,220.0,60.3,0.0,5.3,3000.0,510.0,59.0,190.0,11.47,,6.3,9.0,9.0,1.0,20.0,0.077,,70.0280112044818,,,,6.29,32.4,29.5,63.0,70.2,29.2,54.4,1.0,1.0,5.0,Si,0.063,702.0,Tomatoes,Quindio,1.5,7.2,1.5,7.2
2024-11-06,75,T19_N2P0K0,,,,,,2.0,0.3,210.0,60.9,0.0,,,,,,,,,,,,,,,66.84491978609626,,,,,,,,,,,,,,,,,Tomate ,Quindío,2.0,7.2,2.0,7.2
2024-11-06,76,T2_N0P1K0,,,,,,5.0,0.724,220.0,60.9,0.0,,,,,,,,,,,,,,,70.0280112044818,,,,,,,,,,,,,,,,,Tomate ,Quindío,3.2,7.2,3.2,7.2
2024-11-06,77,T2_N0P1K0,,,58.5,25.0,1.0,3.0,0.29,205.0,50.6,0.0,5.2,2700.0,530.0,58.0,190.0,10.49,,6.7,4.0,5.0,1.0,32.0,0.045,,65.25337407690348,,,,6.43,38.4,28.3,22.0,73.2,29.2,51.2,1.0,1.0,5.0,Si,0.022,732.0,Tomatoes,Quindio,3.7,7.2,3.7,7.2
2024-11-06,78,T2_N0P1K0,,,,,,5.0,0.709,210.0,60.7,0.0,,,,,,,,,,,,,,,66.84491978609626,,,,,,,,,,,,,,,,,Tomate ,Quindío,4.2,7.2,4.2,7.2
2024-11-06,79,T6_N0P1K1,,,,,,3.0,0.325,200.0,50.8,1.0,,,,,,,,,,,,,,,63.66182836771072,,,,,,,,,,,,,,,,,Tomate ,Quindío,5.4,7.2,5.4,7.2
2024-11-06,80,T6_N0P1K1,,,51.7,20.0,5.0,4.0,0.492,210.0,60.6,1.0,5.3,3500.0,520.0,56.0,500.0,11.9,,6.6,15.0,4.0,2.0,42.0,0.085,,66.84491978609626,,,,6.37,35.9,27.5,47.0,75.7,28.5,61.1,1.0,1.0,5.0,Si,0.047,757.0,Tomatoes,Quindio,5.9,7.2,5.9,7.2
2024-11-06,81,T6_N0P1K1,,,,,,3.0,0.385,210.0,60.7,0.0,,,,,,,,,,,,,,,66.84491978609626,,,,,,,,,,,,,,,,,Tomate ,Quindío,6.4,7.2,6.4,7.2
2024-11-06,82,T17_N1P2K1,,,,,,4.0,0.813,225.0,80.2,0.0,,,,,,,,,,,,,,,71.61955691367456,,,,,,,,,,,,,,,,,Tomate ,Quindío,7.6,7.2,7.6,7.2
2024-11-06,83,T17_N1P2K1,,,65.0,13.0,5.0,1.0,0.177,220.0,60.7,0.0,5.1,3500.0,520.0,57.0,390.0,12.04,,6.6,29.0,7.0,2.0,64.0,0.142,,70.0280112044818,,,,6.37,35.6,26.3,26.0,15.5,27.3,63.5,1.0,1.0,5.0,Si,0.026,155.0,Tomatoes,Quindio,8.1,7.2,8.1,7.2
2024-11-06,84,T17_N1P2K1,,,,,,8.0,1.416,245.0,70.2,0.0,,,,,,,,,,,,,,,77.98573975044563,,,,,,,,,,,,,,,,,Tomate ,Quindío,8.6,7.2,8.6,7.2
2024-11-06,85,T11_N1P1K0,,,,,,2.0,0.377,210.0,70.2,3.0,,,,,,,,,,,,,,,66.84491978609626,,,,,,,,,,,,,,,,,Tomate ,Quindío,8.6,8.4,8.6,8.4
2024-11-06,86,T11_N1P1K0,,,56.7,25.0,7.0,5.0,1.01,220.0,70.6,0.0,5.2,3100.0,520.0,53.0,330.0,11.35,,5.8,38.0,66.0,4.0,110.0,0.369,,70.0280112044818,,,,6.57,35.8,28.7,66.0,67.1,30.4,53.1,1.0,1.0,5.0,Si,0.066,671.0,Tomatoes,Quindio,8.1,8.4,8.1,8.4
2024-11-06,87,T11_N1P1K0,,,,,,0.0,0.0,0.0,0.0,5.0,,,,,,,,,,,,,,,0.0,,,,,,,,,,,,,,,,,Tomate ,Quindío,7.6,8.4,7.6,8.4
2024-11-06,88,T8_N0P2K1,,,,,,3.0,0.864,210.0,70.8,0.0,,,,,,,,,,,,,,,66.84491978609626,,,,,,,,,,,,,,,,,Tomate ,Quindío,6.4,8.4,6.4,8.4
2024-11-06,89,T8_N0P2K1,,,66.8,21.0,2.0,1.0,0.201,230.0,70.3,0.0,5.1,2400.0,670.0,50.0,330.0,10.54,,6.0,180.0,79.0,8.0,170.0,0.975,,73.21110262286733,,,,6.37,24.0,27.5,267.0,61.1,29.5,52.4,1.0,1.0,5.0,Si,0.267,611.0,Tomatoes,Quindio,5.9,8.4,5.9,8.4
2024-11-06,90,T8_N0P2K1,,,,,,6.0,0.924,215.0,70.4,0.0,,,,,,,,,,,,,,,68.43646549528903,,,,,,,,,,,,,,,,,Tomate ,Quindío,5.4,8.4,5.4,8.4
2024-11-06,91,T9_N0P2K2,,,,,,3.0,0.654,230.0,70.5,0.0,,,,,,,,,,,,,,,73.21110262286733,,,,,,,,,,,,,,,,,Tomate ,Quindío,4.2,8.4,4.2,8.4
2024-11-06,92,T9_N0P2K2,,,,,,5.0,0.696,200.0,60.5,0.0,,,,,,,,,,,,,,,63.66182836771072,,,,6.47,41.8,28.3,121.0,74.6,29.6,53.8,1.0,1.0,5.0,Si,0.121,746.0,Tomatoes,Quindio,3.7,8.4,3.7,8.4
2024-11-06,93,T9_N0P2K2,,,,,,2.0,0.628,195.0,60.8,0.0,,,,,,,,,,,,,,,62.070282658517954,,,,,,,,,,,,,,,,,Tomate ,Quindío,3.2,8.4,3.2,8.4
2024-11-06,94,T13_N1P0K1,,,,,,4.0,0.671,210.0,70.7,0.0,,,,,,,,,,,,,,,66.84491978609626,,,,,,,,,,,,,,,,,Tomate ,Quindío,2.0,8.4,2.0,8.4
2024-11-06,95,T13_N1P0K1,,,,,,5.0,0.551,190.0,60.9,0.0,,,,,,,,,,,,,,,60.47873694932519,,,,6.43,35.3,28.7,193.0,49.7,29.3,59.0,1.0,1.0,5.0,Si,0.193,497.0,Tomatoes,Quindio,1.5,8.4,1.5,8.4
2024-11-06,96,T13_N1P0K1,,,,,,3.0,0.538,240.0,70.4,0.0,,,,,,,,,,,,,,,76.39419404125286,,,,,,,,,,,,,,,,,Tomate ,Quindío,1.0,8.4,1.0,8.4
2024-11-06,97,T26_N2P2K1,,,,,,4.0,0.804,240.0,70.3,0.0,,,,,,,,,,,,,,,76.39419404125286,,,,,,,,,,,,,,,,,Tomate ,Quindío,1.0,9.6,1.0,9.6
2024-11-06,98,T26_N2P2K1,,,,,,5.0,1.139,245.0,70.7,0.0,,,,,,,,,,,,,,,77.98573975044563,,,,6.3,32.2,28.7,588.0,57.5,29.2,53.0,1.0,1.0,5.0,Si,0.588,575.0,Tomatoes,Quindio,1.5,9.6,1.5,9.6
2024-11-06,99,T26_N2P2K1,,,,,,1.0,0.145,200.0,60.6,2.0,,,,,,,,,,,,,,,63.66182836771072,,,,,,,,,,,,,,,,,Tomate ,Quindío,2.0,9.6,2.0,9.6
2024-11-06,100,T16_N1P1K2,,,,,,5.0,0.748,225.0,70.9,0.0,,,,,,,,,,,,,,,71.61955691367456,,,,,,,,,,,,,,,,,Tomate ,Quindío,3.2,9.6,3.2,9.6
2024-11-06,101,T16_N1P1K2,,,,,,7.0,1.447,245.0,70.5,0.0,,,,,,,,,,,,,,,77.98573975044563,,,,6.56,25.7,28.7,134.0,67.9,29.6,53.8,1.0,1.0,5.0,Si,0.134,679.0,Tomatoes,Quindio,3.7,9.6,3.7,9.6
2024-11-06,102,T16_N1P1K2,,,,,,7.0,1.277,240.0,70.5,1.0,,,,,,,,,,,,,,,76.39419404125286,,,,,,,,,,,,,,,,,Tomate ,Quindío,4.2,9.6,4.2,9.6
2024-11-06,103,T10_N1P0K0,,,,,,6.0,1.04,245.0,80.3,1.0,,,,,,,,,,,,,,,77.98573975044563,,,,,,,,,,,,,,,,,Tomate ,Quindío,5.4,9.6,5.4,9.6
2024-11-06,104,T10_N1P0K0,,,,,,4.0,0.425,195.0,60.4,0.0,,,,,,,,,,,,,,,62.070282658517954,,,,6.4,31.8,27.5,40.0,56.6,29.7,53.6,1.0,1.0,5.0,Si,0.04,566.0,Tomatoes,Quindio,5.9,9.6,5.9,9.6
2024-11-06,105,T10_N1P0K0,,,,,,5.0,0.922,0.24,80.2,0.0,,,,,,,,,,,,,,,0.07639419404125286,,,,,,,,,,,,,,,,,Tomate ,Quindío,6.4,9.6,6.4,9.6
2024-11-06,106,T22_N2P0K1,,,,,,3.0,0.602,240.0,70.7,0.0,,,,,,,,,,,,,,,76.39419404125286,,,,,,,,,,,,,,,,,Tomate ,Quindío,7.6,9.6,7.6,9.6
2024-11-06,107,T22_N2P0K1,,,,,,6.0,1.093,260.0,70.8,0.0,,,,,,,,,,,,,,,82.76037687802393,,,,6.46,32.9,29.5,63.0,65.9,30.0,53.3,1.0,1.0,5.0,Si,0.063,659.0,Tomatoes,Quindio,8.1,9.6,8.1,9.6
2024-11-06,108,T22_N2P0K1,,,,,,4.0,0.547,215.0,70.8,0.0,,,,,,,,,,,,,,,68.43646549528903,,,,,,,,,,,,,,,,,Tomate ,Quindío,8.6,9.6,8.6,9.6
2024-11-06,109,T12_N1P2K0,,,,,,2.0,0.33,220.0,60.7,0.0,,,,,,,,,,,,,,,70.0280112044818,,,,,,,,,,,,,,,,,Tomate ,Quindío,8.6,10.8,8.6,10.8
2024-11-06,110,T12_N1P2K0,,,,,,2.0,0.231,195.0,60.7,0.0,,,,,,,,,,,,,,,62.070282658517954,,,,6.5,35.8,27.9,185.0,63.7,30.4,50.1,1.0,1.0,5.0,Si,0.185,637.0,Tomatoes,Quindio,8.1,10.8,8.1,10.8
2024-11-06,111,T12_N1P2K0,,,,,,0.0,0.0,0.0,0.0,0.0,,,,,,,,,,,,,,,0.0,,,,,,,,,,,,,,,,,Tomate ,Quindío,7.6,10.8,7.6,10.8
2024-11-06,112,T28_BIO-N0P0K0,,,,,,0.0,0.0,0.0,0.0,1.0,,,,,,,,,,,,,,,0.0,,,,,,,,,,,,,,,,,Tomate ,Quindío,6.4,10.8,6.4,10.8
2024-11-06,113,T28_BIO-N0P0K0,,,,,,9.0,0.94,220.0,70.2,2.0,,,,,,,,,,,,,,,70.0280112044818,,,,6.49,32.5,27.9,56.0,80.9,31.0,51.0,1.0,1.0,5.0,Si,0.056,809.0,Tomatoes,Quindio,5.9,10.8,5.9,10.8
2024-11-06,114,T28_BIO-N0P0K0,,,,,,2.0,0.257,195.0,70.0,0.0,,,,,,,,,,,,,,,62.070282658517954,,,,,,,,,,,,,,,,,Tomate ,Quindío,5.4,10.8,5.4,10.8
2024-11-06,115,T1_N0P0K0,,,,,,5.0,0.951,235.0,70.8,0.0,,,,,,,,,,,,,,,74.8026483320601,,,,,,,,,,,,,,,,,Tomate ,Quindío,4.2,10.8,4.2,10.8
2024-11-06,116,T1_N0P0K0,,,,,,6.0,0.762,190.0,60.2,0.0,,,,,,,,,,,,,,,60.47873694932519,,,,6.47,30.4,28.7,133.0,63.0,31.3,50.5,1.0,1.0,5.0,Si,0.133,630.0,Tomatoes,Quindio,3.7,10.8,3.7,10.8
2024-11-06,117,T1_N0P0K0,,,,,,3.0,0.486,205.0,60.7,1.0,,,,,,,,,,,,,,,65.25337407690348,,,,,,,,,,,,,,,,,Tomate ,Quindío,3.2,10.8,3.2,10.8
2024-11-06,118,T14_N1P0K2,,,,,,9.0,1.618,240.0,70.8,0.0,,,,,,,,,,,,,,,76.39419404125286,,,,,,,,,,,,,,,,,Tomate ,Quindío,2.0,10.8,2.0,10.8
2024-11-06,119,T14_N1P0K2,,,,,,1.0,0.2,220.0,70.7,1.0,,,,,,,,,,,,,,,70.0280112044818,,,,6.49,36.0,29.5,254.0,90.0,31.3,46.9,1.0,1.0,5.0,Si,0.254,900.0,Tomatoes,Quindio,1.5,10.8,1.5,10.8
2024-11-06,120,T14_N1P0K2,,,,,,5.0,0.646,190.0,60.5,0.0,,,,,,,,,,,,,,,60.47873694932519,,,,,,,,,,,,,,,,,Tomate ,Quindío,1.0,10.8,1.0,10.8
2024-11-06,121,T5_N0P0K2,,,,,,5.0,1.002,245.0,70.5,1.0,,,,,,,,,,,,,,,77.98573975044563,,,,,,,,,,,,,,,,,Tomate ,Quindío,1.0,12.0,1.0,12.0
2024-11-06,122,T5_N0P0K2,,,,,,4.0,0.676,215.0,70.2,0.0,,,,,,,,,,,,,,,68.43646549528903,,,,6.39,28.7,28.7,34.0,88.8,31.4,48.6,1.0,1.0,5.0,Si,0.034,888.0,Tomatoes,Quindio,1.5,12.0,1.5,12.0
2024-11-06,123,T5_N0P0K2,,,,,,3.0,0.447,220.0,70.6,0.0,,,,,,,,,,,,,,,70.0280112044818,,,,,,,,,,,,,,,,,Tomate ,Quindío,2.0,12.0,2.0,12.0
2024-11-06,124,T30_BIO N2P2K2,,,,,,6.0,0.972,190.0,60.7,2.0,,,,,,,,,,,,,,,60.47873694932519,,,,,,,,,,,,,,,,,Tomate ,Quindío,3.2,12.0,3.2,12.0
2024-11-06,125,T30_BIO N2P2K2,,,,,,2.0,0.29,210.0,60.7,0.0,,,,,,,,,,,,,,,66.84491978609626,,,,6.43,31.2,28.7,49.0,69.3,31.3,49.9,1.0,1.0,5.0,Si,0.049,693.0,Tomatoes,Quindio,3.7,12.0,3.7,12.0
2024-11-06,126,T30_BIO N2P2K2,,,,,,3.0,0.262,175.0,50.9,1.0,,,,,,,,,,,,,,,55.70409982174688,,,,,,,,,,,,,,,,,Tomate ,Quindío,4.2,12.0,4.2,12.0
2024-11-06,127,T3_N0P2K0,,,,,,4.0,0.354,170.0,50.9,0.0,,,,,,,,,,,,,,,54.112554112554115,,,,,,,,,,,,,,,,,Tomate ,Quindío,5.4,12.0,5.4,12.0
2024-11-06,128,T3_N0P2K0,,,,,,7.0,0.929,220.0,60.7,0.0,,,,,,,,,,,,,,,70.0280112044818,,,,6.48,34.9,27.7,48.0,73.8,30.7,51.3,1.0,1.0,5.0,Si,0.048,738.0,Tomatoes,Quindio,5.9,12.0,5.9,12.0
2024-11-06,129,T3_N0P2K0,,,,,,6.0,0.631,190.0,60.1,2.0,,,,,,,,,,,,,,,60.47873694932519,,,,,,,,,,,,,,,,,Tomate ,Quindío,6.4,12.0,6.4,12.0
2024-11-06,130,T7_N0P1K2,,,,,,6.0,1.284,225.0,70.1,0.0,,,,,,,,,,,,,,,71.61955691367456,,,,,,,,,,,,,,,,,Tomate ,Quindío,7.6,12.0,7.6,12.0
2024-11-06,131,T7_N0P1K2,,,,,,4.0,0.57,195.0,50.9,0.0,,,,,,,,,,,,,,,62.070282658517954,,,,6.39,42.3,27.9,131.0,57.5,30.4,50.7,1.0,1.0,5.0,Si,0.131,575.0,Tomatoes,Quindio,8.1,12.0,8.1,12.0
2024-11-06,132,T7_N0P1K2,,,,,,3.0,0.38,190.0,60.4,0.0,,,,,,,,,,,,,,,60.47873694932519,,,,,,,,,,,,,,,,,Tomate ,Quindío,8.6,12.0,8.6,12.0
2024-11-06,133,T21_N2P2K0,,,,,,7.0,1.138,215.0,70.3,0.0,,,,,,,,,,,,,,,68.43646549528903,,,,,,,,,,,,,,,,,Tomate ,Quindío,8.6,13.2,8.6,13.2
2024-11-06,134,T21_N2P2K0,,,,,,2.0,0.296,210.0,60.8,0.0,,,,,,,,,,,,,,,66.84491978609626,,,,6.58,30.8,30.7,51.0,74.2,30.2,50.3,1.0,1.0,5.0,Si,0.051,742.0,Tomatoes,Quindio,8.1,13.2,8.1,13.2
2024-11-06,135,T21_N2P2K0,,,,,,6.0,1.35,195.0,60.9,0.0,,,,,,,,,,,,,,,62.070282658517954,,,,,,,,,,,,,,,,,Tomate ,Quindío,7.6,13.2,7.6,13.2
2024-11-06,136,T23_N2P0K2,,,,,,3.0,0.597,240.0,70.2,1.0,,,,,,,,,,,,,,,76.39419404125286,,,,,,,,,,,,,,,,,Tomate ,Quindío,6.4,13.2,6.4,13.2
2024-11-06,137,T23_N2P0K2,,,,,,12.0,1.645,220.0,60.8,0.0,,,,,,,,,,,,,,,70.0280112044818,,,,6.5,28.7,31.1,42.0,67.8,30.5,53.5,1.0,1.0,5.0,Si,0.042,678.0,Tomatoes,Quindio,5.9,13.2,5.9,13.2
2024-11-06,138,T23_N2P0K2,,,,,,3.0,0.588,230.0,70.7,0.0,,,,,,,,,,,,,,,73.21110262286733,,,,,,,,,,,,,,,,,Tomate ,Quindío,5.4,13.2,5.4,13.2
2024-11-06,139,T20_N2P1K0,,,,,,3.0,0.689,240.0,70.6,1.0,,,,,,,,,,,,,,,76.39419404125286,,,,,,,,,,,,,,,,,Tomate ,Quindío,4.2,13.2,4.2,13.2
2024-11-06,140,T20_N2P1K0,,,,,,6.0,0.883,235.0,70.0,0.0,,,,,,,,,,,,,,,74.8026483320601,,,,6.42,22.3,31.1,57.0,83.4,30.7,55.8,1.0,1.0,5.0,Si,0.057,834.0,Tomatoes,Quindio,3.7,13.2,3.7,13.2
2024-11-06,141,T20_N2P1K0,,,,,,4.0,0.575,220.0,70.1,0.0,,,,,,,,,,,,,,,70.0280112044818,,,,,,,,,,,,,,,,,Tomate ,Quindío,3.2,13.2,3.2,13.2
2024-11-06,142,T18_N1P2K2,,,,,,1.0,0.14,205.0,60.5,0.0,,,,,,,,,,,,,,,65.25337407690348,,,,,,,,,,,,,,,,,Tomate ,Quindío,2.0,13.2,2.0,13.2
2024-11-06,143,T18_N1P2K2,,,,,,9.0,1.726,255.0,70.8,0.0,,,,,,,,,,,,,,,81.16883116883118,,,,6.43,31.3,29.5,228.0,58.0,30.7,48.1,1.0,1.0,5.0,Si,0.228,580.0,Tomatoes,Quindio,1.5,13.2,1.5,13.2
2024-11-06,144,T18_N1P2K2,,,,,,7.0,0.957,220.0,70.2,0.0,,,,,,,,,,,,,,,70.0280112044818,,,,,,,,,,,,,,,,,Tomate ,Quindío,1.0,13.2,1.0,13.2
2024-11-06,145,T6_N0P1K1,,,,,,2.0,0.273,185.0,60.7,7.0,,,,,,,,,,,,,,,58.88719124013242,,,,,,,,,,,,,,,,,Tomate ,Quindío,1.0,14.4,1.0,14.4
2024-11-06,146,T6_N0P1K1,,,,,,3.0,0.624,215.0,60.8,0.0,,,,,,,,,,,,,,,68.43646549528903,,,,6.36,39.2,28.7,38.0,50.0,30.9,47.6,1.0,1.0,5.0,Si,0.038,500.0,Tomatoes,Quindio,1.5,14.4,1.5,14.4
2024-11-06,147,T6_N0P1K1,,,,,,3.0,0.505,210.0,70.3,1.0,,,,,,,,,,,,,,,66.84491978609626,,,,,,,,,,,,,,,,,Tomate ,Quindío,2.0,14.4,2.0,14.4
2024-11-06,148,T17_N1P2K1,,,,,,3.0,0.488,230.0,70.3,0.0,,,,,,,,,,,,,,,73.21110262286733,,,,,,,,,,,,,,,,,Tomate ,Quindío,3.2,14.4,3.2,14.4
2024-11-06,149,T17_N1P2K1,,,,,,2.0,0.303,215.0,60.6,0.0,,,,,,,,,,,,,,,68.43646549528903,,,,6.43,37.9,30.7,44.0,86.6,30.7,47.1,1.0,1.0,5.0,Si,0.044,866.0,Tomatoes,Quindio,3.7,14.4,3.7,14.4
2024-11-06,150,T17_N1P2K1,,,,,,6.0,1.102,230.0,70.2,0.0,,,,,,,,,,,,,,,73.21110262286733,,,,,,,,,,,,,,,,,Tomate ,Quindío,4.2,14.4,4.2,14.4
2024-11-06,151,T25_N2P1K2,,,,,,2.0,0.429,280.0,80.0,0.0,,,,,,,,,,,,,,,89.12655971479501,,,,,,,,,,,,,,,,,Tomate ,Quindío,5.4,14.4,5.4,14.4
2024-11-06,152,T25_N2P1K2,,,,,,4.0,0.709,210.0,70.2,0.0,,,,,,,,,,,,,,,66.84491978609626,,,,6.36,24.5,30.3,46.0,70.5,30.4,51.2,1.0,1.0,5.0,Si,0.046,705.0,Tomatoes,Quindio,5.9,14.4,5.9,14.4
2024-11-06,153,T25_N2P1K2,,,,,,5.0,0.927,245.0,70.3,1.0,,,,,,,,,,,,,,,77.98573975044563,,,,,,,,,,,,,,,,,Tomate ,Quindío,6.4,14.4,6.4,14.4
2024-11-06,154,T29_BIO N1P1K1,,,,,,1.0,0.141,210.0,60.7,0.0,,,,,,,,,,,,,,,66.84491978609626,,,,,,,,,,,,,,,,,Tomate ,Quindío,7.6,14.4,7.6,14.4
2024-11-06,155,T29_BIO N1P1K1,,,,,,5.0,0.715,220.0,70.5,0.0,,,,,,,,,,,,,,,70.0280112044818,,,,6.48,29.3,30.7,37.0,50.2,30.1,52.8,1.0,1.0,5.0,Si,0.037,502.0,Tomatoes,Quindio,8.1,14.4,8.1,14.4
2024-11-06,156,T29_BIO N1P1K1,,,,,,6.0,1.003,230.0,70.7,0.0,,,,,,,,,,,,,,,73.21110262286733,,,,,,,,,,,,,,,,,Tomate ,Quindío,8.6,14.4,8.6,14.4
2024-11-06,157,T2_N0P1K0,,,,,,5.0,1.007,235.0,70.7,0.0,,,,,,,,,,,,,,,74.8026483320601,,,,,,,,,,,,,,,,,Tomate ,Quindío,8.6,15.6,8.6,15.6
2024-11-06,158,T2_N0P1K0,,,,,,5.0,0.872,250.0,70.7,0.0,,,,,,,,,,,,,,,79.5772854596384,,,,6.37,34.4,29.5,102.0,13.5,30.6,51.9,1.0,1.0,5.0,Si,0.102,135.0,Tomatoes,Quindio,8.1,15.6,8.1,15.6
2024-11-06,159,T2_N0P1K0,,,,,,2.0,0.327,210.0,70.5,0.0,,,,,,,,,,,,,,,66.84491978609626,,,,,,,,,,,,,,,,,Tomate ,Quindío,7.6,15.6,7.6,15.6
2024-11-06,160,T19_N2P0K0,,,,,,3.0,0.421,185.0,60.3,0.0,,,,,,,,,,,,,,,58.88719124013242,,,,,,,,,,,,,,,,,Tomate ,Quindío,6.4,15.6,6.4,15.6
2024-11-06,161,T19_N2P0K0,,,,,,0.0,0.0,0.0,0.0,0.0,,,,,,,,,,,,,,,0.0,,,,6.39,23.9,29.1,158.0,14.1,29.7,49.2,1.0,1.0,5.0,Si,0.158,141.0,Tomatoes,Quindio,5.9,15.6,5.9,15.6
2024-11-06,162,T19_N2P0K0,,,,,,6.0,1.147,225.0,70.8,1.0,,,,,,,,,,,,,,,71.61955691367456,,,,,,,,,,,,,,,,,Tomate ,Quindío,5.4,15.6,5.4,15.6
2024-11-06,163,T8_N0P2K1,,,,,,4.0,0.723,240.0,70.1,0.0,,,,,,,,,,,,,,,76.39419404125286,,,,,,,,,,,,,,,,,Tomate ,Quindío,4.2,15.6,4.2,15.6
2024-11-06,164,T8_N0P2K1,,,,,,3.0,0.537,225.0,70.1,0.0,,,,,,,,,,,,,,,71.61955691367456,,,,6.48,30.5,28.3,397.0,49.2,28.9,49.7,1.0,1.0,5.0,Si,0.397,492.0,Tomatoes,Quindio,3.7,15.6,3.7,15.6
2024-11-06,165,T8_N0P2K1,,,,,,2.0,0.486,240.0,70.0,0.0,,,,,,,,,,,,,,,76.39419404125286,,,,,,,,,,,,,,,,,Tomate ,Quindío,3.2,15.6,3.2,15.6
2024-11-06,166,T15_N1P1K1,,,,,,7.0,0.926,225.0,60.9,0.0,,,,,,,,,,,,,,,71.61955691367456,,,,,,,,,,,,,,,,,Tomate ,Quindío,2.0,15.6,2.0,15.6
2024-11-06,167,T15_N1P1K1,,,,,,3.0,0.645,255.0,70.3,1.0,,,,,,,,,,,,,,,81.16883116883118,,,,6.19,40.4,28.7,124.0,82.0,29.5,54.7,1.0,1.0,5.0,Si,0.124,820.0,Tomatoes,Quindio,1.5,15.6,1.5,15.6
2024-11-06,168,T15_N1P1K1,,,,,,2.0,0.373,230.0,70.4,0.0,,,,,,,,,,,,,,,73.21110262286733,,,,,,,,,,,,,,,,,Tomate ,Quindío,1.0,15.6,1.0,15.6
2024-11-06,169,T24_N2P1K1,,,,,,1.0,0.194,230.0,70.3,4.0,,,,,,,,,,,,,,,73.21110262286733,,,,,,,,,,,,,,,,,Tomate ,Quindío,1.0,16.8,1.0,16.8
2024-11-06,170,T24_N2P1K1,,,,,,3.0,0.355,205.0,60.6,0.0,,,,,,,,,,,,,,,65.25337407690348,,,,6.27,34.5,29.9,201.0,83.7,30.6,49.8,1.0,1.0,5.0,Si,0.201,837.0,Tomatoes,Quindio,1.5,16.8,1.5,16.8
2024-11-06,171,T24_N2P1K1,,,58.6,15.0,0.0,1.0,0.176,230.0,70.3,0.0,,,,,,,,7.5,8.0,28.0,1.0,80.0,0.133,,73.21110262286733,,,,6.44,28.8,28.3,373.0,62.6,29.0,57.8,1.0,1.0,5.0,Si,0.373,626.0,Tomatoes,Quindio,2.0,16.8,2.0,16.8
2024-11-06,172,T11_N1P1K0,,,,,,6.0,1.184,225.0,70.5,0.0,,,,,,,,,,,,,,,71.61955691367456,,,,,,,,,,,,,,,,,Tomate ,Quindío,3.2,16.8,3.2,16.8
2024-11-06,173,T11_N1P1K0,,,,,,2.0,0.25,190.0,60.3,0.0,,,,,,,,,,,,,,,60.47873694932519,,,,6.4,34.4,28.3,136.0,16.4,29.2,53.4,1.0,1.0,5.0,Si,0.136,164.0,Tomatoes,Quindio,3.7,16.8,3.7,16.8
2024-11-06,174,T11_N1P1K0,,,,,,1.0,0.195,225.0,70.5,0.0,,,,,,,,,,,,,,,71.61955691367456,,,,,,,,,,,,,,,,,Tomate ,Quindío,4.2,16.8,4.2,16.8
2024-11-06,175,T27_N2P2K2,,,,,,3.0,0.476,215.0,70.1,0.0,,,,,,,,,,,,,,,68.43646549528903,,,,,,,,,,,,,,,,,Tomate ,Quindío,5.4,16.8,5.4,16.8
2024-11-06,176,T27_N2P2K2,,,,,,3.0,0.535,190.0,60.9,0.0,,,,,,,,,,,,,,,60.47873694932519,,,,6.35,30.2,28.7,80.0,12.3,30.3,51.4,1.0,1.0,5.0,Si,0.08,123.0,Tomatoes,Quindio,5.9,16.8,5.9,16.8
2024-11-06,177,T27_N2P2K2,,,,,,5.0,1.013,255.0,70.4,0.0,,,,,,,,,,,,,,,81.16883116883118,,,,,,,,,,,,,,,,,Tomate ,Quindío,6.4,16.8,6.4,16.8
2024-11-06,178,T4_N0P0K1,,,,,,2.0,0.285,200.0,60.8,0.0,,,,,,,,,,,,,,,63.66182836771072,,,,,,,,,,,,,,,,,Tomate ,Quindío,7.6,16.8,7.6,16.8
2024-11-06,179,T4_N0P0K1,,,,,,2.0,0.259,210.0,60.7,0.0,,,,,,,,,,,,,,,66.84491978609626,,,,6.45,30.8,30.7,175.0,41.4,30.7,51.5,1.0,1.0,5.0,Si,0.175,414.0,Tomatoes,Quindio,8.1,16.8,8.1,16.8
2024-11-06,180,T4_N0P0K1,,,,,,1.0,0.194,250.0,70.3,0.0,,,,,,,,,,,,,,,79.5772854596384,,,,,,,,,,,,,,,,,Tomate ,Quindío,8.6,16.8,8.6,16.8
2024-11-13,1,T27_N2P2K2,,,,,,3.0,0.52,220.0,70.1,1.0,,,,,,,,,,,,,,,70.0280112044818,,,,,,,,,,,,,,,,,Tomate ,Quindío,1.0,0.0,1.0,0.0
2024-11-13,2,T27_N2P2K2,,,,,,0.0,0.0,0.0,0.0,0.0,,,,,,,,,,,,,,,0.0,,,,6.26,30.2,25.4,328.0,40.4,25.5,62.5,1.0,1.0,5.0,Si,0.328,404.0,Tomatoes,Quindio,1.5,0.0,1.5,0.0
2024-11-13,3,T27_N2P2K2,,,,,,7.0,1.435,245.0,60.8,0.0,,,,,,,,,,,,,,,77.98573975044563,,,,,,,,,,,,,,,,,Tomate ,Quindío,2.0,0.0,2.0,0.0
2024-11-13,4,T24_N2P1K1,,,,,,5.0,0.581,245.0,60.8,0.0,,,,,,,,,,,,,,,77.98573975044563,,,,,,,,,,,,,,,,,Tomate ,Quindío,3.2,0.0,3.2,0.0
2024-11-13,5,T24_N2P1K1,,,,,,4.0,0.588,205.0,70.6,0.0,,,,,,,,,,,,,,,65.25337407690348,,,,6.29,25.1,25.8,252.0,25.0,26.1,63.9,1.0,1.0,5.0,Si,0.252,250.0,Tomatoes,Quindio,3.7,0.0,3.7,0.0
2024-11-13,6,T24_N2P1K1,,,,,,2.0,0.304,205.0,70.3,0.0,,,,,,,,,,,,,,,65.25337407690348,,,,,,,,,,,,,,,,,Tomate ,Quindío,4.2,0.0,4.2,0.0
2024-11-13,7,T4_N0P0K1,,,,,,0.0,0.0,0.0,0.0,0.0,,,,,,,,,,,,,,,0.0,,,,,,,,,,,,,,,,,Tomate ,Quindío,5.4,0.0,5.4,0.0
2024-11-13,8,T4_N0P0K1,,,,,,2.0,0.27,205.0,70.0,1.0,,,,,,,,,,,,,,,65.25337407690348,,,,6.48,25.7,25.8,113.0,23.8,26.1,61.2,1.0,1.0,5.0,Si,0.113,238.0,Tomatoes,Quindio,5.9,0.0,5.9,0.0
2024-11-13,9,T4_N0P0K1,,,,,,3.0,0.473,225.0,70.5,0.0,,,,,,,,,,,,,,,71.61955691367456,,,,,,,,,,,,,,,,,Tomate ,Quindío,6.4,0.0,6.4,0.0
2024-11-13,10,T15_N1P1K1,,,,,,0.0,0.0,0.0,0.0,0.0,,,,,,,,,,,,,,,0.0,,,,,,,,,,,,,,,,,Tomate ,Quindío,7.6,0.0,7.6,0.0
2024-11-13,11,T15_N1P1K1,,,,,,1.0,0.11,185.0,60.4,1.0,,,,,,,,,,,,,,,58.88719124013242,,,,6.33,21.8,26.6,332.0,76.1,27.5,65.2,1.0,1.0,5.0,Si,0.332,761.0,Tomatoes,Quindio,8.1,0.0,8.1,0.0
2024-11-13,12,T15_N1P1K1,,,62.7,9.0,3.0,1.0,0.204,235.0,70.2,0.0,,,,,,,,6.8,110.0,50.0,8.0,21.0,0.762,,74.8026483320601,,,,6.45,21.6,27.0,320.0,81.3,28.1,58.4,1.0,1.0,5.0,Si,0.32,813.0,Tomatoes,Quindio,8.6,0.0,8.6,0.0
2024-11-13,13,T9_N0P2K2,,,,,,4.0,0.754,230.0,70.4,2.0,,,,,,,,,,,,,,,73.21110262286733,,,,,,,,,,,,,,,,,Tomate ,Quindío,8.6,1.2,8.6,1.2
2024-11-13,14,T9_N0P2K2,,,,,,5.0,0.896,220.0,70.5,0.0,,,,,,,,,,,,,,,70.0280112044818,,,,6.31,28.8,26.2,78.0,87.6,26.6,64.5,1.0,1.0,5.0,Si,0.078,876.0,Tomatoes,Quindio,8.1,1.2,8.1,1.2
2024-11-13,15,T9_N0P2K2,,,,,,3.0,0.731,225.0,70.2,0.0,,,,,,,,,,,,,,,71.61955691367456,,,,,,,,,,,,,,,,,Tomate ,Quindío,7.6,1.2,7.6,1.2
2024-11-13,16,T13_N1P0K1,,,,,,3.0,0.444,210.0,70.2,0.0,,,,,,,,,,,,,,,66.84491978609626,,,,,,,,,,,,,,,,,Tomate ,Quindío,6.4,1.2,6.4,1.2
2024-11-13,17,T13_N1P0K1,,,,,,9.0,1.387,220.0,70.0,0.0,,,,,,,,,,,,,,,70.0280112044818,,,,6.39,25.9,25.8,201.0,67.9,26.2,63.1,1.0,1.0,5.0,Si,0.201,679.0,Tomatoes,Quindio,5.9,1.2,5.9,1.2
2024-11-13,18,T13_N1P0K1,,,,,,3.0,0.389,200.0,60.8,0.0,,,,,,,,,,,,,,,63.66182836771072,,,,,,,,,,,,,,,,,Tomate ,Quindío,5.4,1.2,5.4,1.2
2024-11-13,19,T22_N2P0K1,,,,,,3.0,0.55,225.0,70.8,0.0,,,,,,,,,,,,,,,71.61955691367456,,,,,,,,,,,,,,,,,Tomate ,Quindío,4.2,1.2,4.2,1.2
2024-11-13,20,T22_N2P0K1,,,,,,4.0,0.567,210.0,70.6,0.0,,,,,,,,,,,,,,,66.84491978609626,,,,6.37,28.3,25.0,165.0,78.3,25.5,63.0,1.0,1.0,5.0,Si,0.165,783.0,Tomatoes,Quindio,3.7,1.2,3.7,1.2
2024-11-13,21,T22_N2P0K1,,,,,,2.0,0.306,215.0,60.8,1.0,,,,,,,,,,,,,,,68.43646549528903,,,,,,,,,,,,,,,,,Tomate ,Quindío,3.2,1.2,3.2,1.2
2024-11-13,22,T10_N1P0K0,,,,,,0.0,0.0,0.0,0.0,0.0,,,,,,,,,,,,,,,0.0,,,,,,,,,,,,,,,,,Tomate ,Quindío,2.0,1.2,2.0,1.2
2024-11-13,23,T10_N1P0K0,,,,,,1.0,0.161,205.0,70.5,0.0,,,,,,,,,,,,,,,65.25337407690348,,,,6.17,45.4,25.4,232.0,27.8,25.4,65.5,1.0,1.0,5.0,Si,0.232,278.0,Tomatoes,Quindio,1.5,1.2,1.5,1.2
2024-11-13,24,T10_N1P0K0,,,,,,6.0,1.287,215.0,60.9,0.0,,,,,,,,,,,,,,,68.43646549528903,,,,,,,,,,,,,,,,,Tomate ,Quindío,1.0,1.2,1.0,1.2
2024-11-13,25,T28_BIO-N0P0K0,,,,,,2.0,0.34,215.0,70.2,1.0,,,,,,,,,,,,,,,68.43646549528903,,,,,,,,,,,,,,,,,Tomate ,Quindío,1.0,2.4,1.0,2.4
2024-11-13,26,T28_BIO-N0P0K0,,,,,,2.0,0.153,165.0,57.0,0.0,,,,,,,,,,,,,,,52.52100840336134,,,,6.3,31.4,26.2,340.0,27.8,25.6,60.7,1.0,1.0,5.0,Si,0.34,278.0,Tomatoes,Quindio,1.5,2.4,1.5,2.4
2024-11-13,27,T28_BIO-N0P0K0,,,,,,2.0,0.225,185.0,60.3,0.0,,,,,,,,,,,,,,,58.88719124013242,,,,,,,,,,,,,,,,,Tomate ,Quindío,2.0,2.4,2.0,2.4
2024-11-13,28,T12_N1P2K0,,,,,,5.0,0.692,200.0,70.3,0.0,,,,,,,,,,,,,,,63.66182836771072,,,,,,,,,,,,,,,,,Tomate ,Quindío,3.2,2.4,3.2,2.4
2024-11-13,29,T12_N1P2K0,,,,,,1.0,0.088,160.0,60.8,2.0,,,,,,,,,,,,,,,50.92946269416858,,,,6.42,26.8,25.8,276.0,43.7,25.4,65.6,1.0,1.0,5.0,Si,0.276,437.0,Tomatoes,Quindio,3.7,2.4,3.7,2.4
2024-11-13,30,T12_N1P2K0,,,,,,3.0,0.502,220.0,70.6,1.0,,,,,,,,,,,,,,,70.0280112044818,,,,,,,,,,,,,,,,,Tomate ,Quindío,4.2,2.4,4.2,2.4
2024-11-13,31,T26_N2P2K1,,,,,,1.0,0.257,250.0,70.8,0.0,,,,,,,,,,,,,,,79.5772854596384,,,,,,,,,,,,,,,,,Tomate ,Quindío,5.4,2.4,5.4,2.4
2024-11-13,32,T26_N2P2K1,,,,,,0.0,0.0,0.0,0.0,0.0,,,,,,,,,,,,,,,0.0,,,,6.49,28.0,25.0,374.0,36.3,25.0,67.9,1.0,1.0,5.0,Si,0.374,363.0,Tomatoes,Quindio,5.9,2.4,5.9,2.4
2024-11-13,33,T26_N2P2K1,,,,,,1.0,0.127,205.0,60.8,2.0,,,,,,,,,,,,,,,65.25337407690348,,,,,,,,,,,,,,,,,Tomate ,Quindío,6.4,2.4,6.4,2.4
2024-11-13,34,T16_N1P1K2,,,,,,3.0,0.421,215.0,215.0,70.2,,,,,,,,,,,,,,,68.43646549528903,,,,,,,,,,,,,,,,,Tomate ,Quindío,7.6,2.4,7.6,2.4
2024-11-13,35,T16_N1P1K2,,,,,,0.0,0.0,0.0,0.0,0.0,,,,,,,,,,,,,,,0.0,,,,,,,,,,,,,,,,,Tomate ,Quindío,8.1,2.4,8.1,2.4
2024-11-13,36,T16_N1P1K2,,,,,,3.0,0.257,19.5,60.5,0.0,,,,,,,,,,,,,,,6.207028265851795,,,,,,,,,,,,,,,,,Tomate ,Quindío,8.6,2.4,8.6,2.4
2024-11-13,37,T1_N0P0K0,,,,,,1.0,0.137,195.0,60.7,2.0,,,,,,,,,,,,,,,62.070282658517954,,,,,,,,,,,,,,,,,Tomate ,Quindío,8.6,3.6,8.6,3.6
2024-11-13,38,T1_N0P0K0,,,,,,2.0,0.196,170.0,50.9,1.0,,,,,,,,,,,,,,,54.112554112554115,,,,6.34,33.9,24.7,142.0,38.9,24.7,65.6,1.0,1.0,5.0,Si,0.142,389.0,Tomatoes,Quindio,8.1,3.6,8.1,3.6
2024-11-13,39,T1_N0P0K0,,,,,,0.0,0.0,0.0,0.0,0.0,,,,,,,,,,,,,,,0.0,,,,,,,,,,,,,,,,,Tomate ,Quindío,7.6,3.6,7.6,3.6
2024-11-13,40,T14_N1P0K2,,,,,,1.0,0.104,180.0,60.1,0.0,,,,,,,,,,,,,,,57.29564553093965,,,,,,,,,,,,,,,,,Tomate ,Quindío,6.4,3.6,6.4,3.6
2024-11-13,41,T14_N1P0K2,,,,,,4.0,0.715,195.0,50.8,0.0,,,,,,,,,,,,,,,62.070282658517954,,,,6.51,28.1,25.0,297.0,37.4,24.8,66.7,1.0,1.0,5.0,Si,0.297,374.0,Tomatoes,Quindio,5.9,3.6,5.9,3.6
2024-11-13,42,T14_N1P0K2,,,,,,3.0,0.506,205.0,60.9,0.0,,,,,,,,,,,,,,,65.25337407690348,,,,,,,,,,,,,,,,,Tomate ,Quindío,5.4,3.6,5.4,3.6
2024-11-13,43,T7_N0P1K2,,,,,,0.0,0.0,0.0,0.0,0.0,,,,,,,,,,,,,,,0.0,,,,,,,,,,,,,,,,,Tomate ,Quindío,4.2,3.6,4.2,3.6
2024-11-13,44,T7_N0P1K2,,,,,,4.0,0.541,215.0,70.5,1.0,,,,,,,,,,,,,,,68.43646549528903,,,,6.36,47.3,25.8,138.0,35.2,25.5,64.3,1.0,1.0,5.0,Si,0.138,352.0,Tomatoes,Quindio,3.7,3.6,3.7,3.6
2024-11-13,45,T7_N0P1K2,,,,,,1.0,0.09,175.0,60.2,2.0,,,,,,,,,,,,,,,55.70409982174688,,,,,,,,,,,,,,,,,Tomate ,Quindío,3.2,3.6,3.2,3.6
2024-11-13,46,T3_N0P2K0,,,,,,1.0,0.108,180.0,60.2,0.0,,,,,,,,,,,,,,,57.29564553093965,,,,,,,,,,,,,,,,,Tomate ,Quindío,2.0,3.6,2.0,3.6
2024-11-13,47,T3_N0P2K0,,,,,,6.0,0.895,205.0,70.2,0.0,,,,,,,,,,,,,,,65.25337407690348,,,,6.14,49.5,26.2,118.0,24.6,25.6,65.6,1.0,1.0,5.0,Si,0.118,246.0,Tomatoes,Quindio,1.5,3.6,1.5,3.6
2024-11-13,48,T3_N0P2K0,,,,,,0.0,0.0,0.0,0.0,0.0,,,,,,,,,,,,,,,0.0,,,,,,,,,,,,,,,,,Tomate ,Quindío,1.0,3.6,1.0,3.6
2024-11-13,49,T23_N2P0K2,,,,,,5.0,0.662,200.0,70.1,0.0,,,,,,,,,,,,,,,63.66182836771072,,,,,,,,,,,,,,,,,Tomate ,Quindío,1.0,4.8,1.0,4.8
2024-11-13,50,T23_N2P0K2,,,,,,3.0,0.488,215.0,60.6,0.0,,,,,,,,,,,,,,,68.43646549528903,,,,6.47,32.4,24.6,564.0,31.5,25.2,67.4,1.0,1.0,5.0,Si,0.564,315.0,Tomatoes,Quindio,1.5,4.8,1.5,4.8
2024-11-13,51,T23_N2P0K2,,,,,,3.0,0.439,220.0,70.2,0.0,,,,,,,,,,,,,,,70.0280112044818,,,,,,,,,,,,,,,,,Tomate ,Quindío,2.0,4.8,2.0,4.8
2024-11-13,52,T21_N2P2K0,,,,,,4.0,0.553,185.0,50.9,1.0,,,,,,,,,,,,,,,58.88719124013242,,,,,,,,,,,,,,,,,Tomate ,Quindío,3.2,4.8,3.2,4.8
2024-11-13,53,T21_N2P2K0,,,,,,4.0,0.574,225.0,60.7,0.0,,,,,,,,,,,,,,,71.61955691367456,,,,6.38,29.3,24.6,241.0,29.6,25.3,63.8,1.0,1.0,5.0,Si,0.241,296.0,Tomatoes,Quindio,3.7,4.8,3.7,4.8
2024-11-13,54,T21_N2P2K0,,,56.2,19.0,3.0,4.0,0.485,215.0,60.7,0.0,,,,,,,,6.9,24.0,53.0,3.0,8.0,0.296,,68.43646549528903,,,,6.35,37.3,25.0,234.0,28.3,25.2,62.3,1.0,1.0,5.0,Si,0.234,283.0,Tomatoes,Quindio,4.2,4.8,4.2,4.8
2024-11-13,55,T5_N0P0K2,,,,,,2.0,0.342,220.0,70.5,0.0,,,,,,,,,,,,,,,70.0280112044818,,,,,,,,,,,,,,,,,Tomate ,Quindío,5.4,4.8,5.4,4.8
2024-11-13,56,T5_N0P0K2,,,,,,2.0,0.201,185.0,50.9,1.0,,,,,,,,,,,,,,,58.88719124013242,,,,6.25,28.4,24.6,383.0,28.6,25.0,64.0,1.0,1.0,5.0,Si,0.383,286.0,Tomatoes,Quindio,5.9,4.8,5.9,4.8
2024-11-13,57,T5_N0P0K2,,,,,,0.0,0.0,0.0,0.0,0.0,,,,,,,,,,,,,,,0.0,,,,,,,,,,,,,,,,,Tomate ,Quindío,6.4,4.8,6.4,4.8
2024-11-13,58,T30_BIO N2P2K2,,,,,,1.0,0.174,210.0,70.2,2.0,,,,,,,,,,,,,,,66.84491978609626,,,,,,,,,,,,,,,,,Tomate ,Quindío,7.6,4.8,7.6,4.8
2024-11-13,59,T30_BIO N2P2K2,,,,,,4.0,0.594,220.0,60.3,0.0,,,,,,,,,,,,,,,70.0280112044818,,,,6.45,28.5,24.6,320.0,27.8,24.9,65.1,1.0,1.0,5.0,Si,0.32,278.0,Tomatoes,Quindio,8.1,4.8,8.1,4.8
2024-11-13,60,T30_BIO N2P2K2,,,,,,5.0,0.704,210.0,70.3,0.0,,,,,,,,,,,,,,,66.84491978609626,,,,,,,,,,,,,,,,,Tomate ,Quindío,8.6,4.8,8.6,4.8
2024-11-13,61,T20_N2P1K0,,,,,,2.0,0.314,215.0,60.9,0.0,,,,,,,,,,,,,,,68.43646549528903,,,,,,,,,,,,,,,,,Tomate ,Quindío,8.6,6.0,8.6,6.0
2024-11-13,62,T20_N2P1K0,,,,,,3.0,0.437,220.0,70.1,0.0,,,,,,,,,,,,,,,70.0280112044818,,,,6.36,31.6,25.0,164.0,28.3,24.9,63.2,1.0,1.0,5.0,Si,0.164,283.0,Tomatoes,Quindio,8.1,6.0,8.1,6.0
2024-11-13,63,T20_N2P1K0,,,,,,7.0,0.942,215.0,70.3,3.0,,,,,,,,,,,,,,,68.43646549528903,,,,,,,,,,,,,,,,,Tomate ,Quindío,7.6,6.0,7.6,6.0
2024-11-13,64,T18_N1P2K2,,,,,,3.0,0.485,215.0,70.0,0.0,,,,,,,,,,,,,,,68.43646549528903,,,,,,,,,,,,,,,,,Tomate ,Quindío,6.4,6.0,6.4,6.0
2024-11-13,65,T18_N1P2K2,,,,,,3.0,0.475,210.0,70.2,0.0,,,,,,,,,,,,,,,66.84491978609626,,,,6.33,45.2,24.6,145.0,28.2,24.9,63.3,1.0,1.0,5.0,Si,0.145,282.0,Tomatoes,Quindio,5.9,6.0,5.9,6.0
2024-11-13,66,T18_N1P2K2,,,,,,5.0,0.975,225.0,70.2,0.0,,,,,,,,,,,,,,,71.61955691367456,,,,,,,,,,,,,,,,,Tomate ,Quindío,5.4,6.0,5.4,6.0
2024-11-13,67,T29_BIO N1P1K1,,,,,,5.0,0.668,225.0,70.6,0.0,,,,,,,,,,,,,,,71.61955691367456,,,,,,,,,,,,,,,,,Tomate ,Quindío,4.2,6.0,4.2,6.0
2024-11-13,68,T29_BIO N1P1K1,,,,,,3.0,0.442,205.0,70.1,0.0,,,,,,,,,,,,,,,65.25337407690348,,,,6.36,37.1,25.0,145.0,28.0,25.3,65.5,1.0,1.0,5.0,Si,0.145,280.0,Tomatoes,Quindio,3.7,6.0,3.7,6.0
2024-11-13,69,T29_BIO N1P1K1,,,,,,4.0,0.632,210.0,60.9,0.0,,,,,,,,,,,,,,,66.84491978609626,,,,,,,,,,,,,,,,,Tomate ,Quindío,3.2,6.0,3.2,6.0
2024-11-13,70,T25_N2P1K2,,,,,,0.0,0.0,0.0,0.0,0.0,,,,,,,,,,,,,,,0.0,,,,,,,,,,,,,,,,,Tomate ,Quindío,2.0,6.0,2.0,6.0
2024-11-13,71,T25_N2P1K2,,,,,,4.0,0.567,205.0,70.0,0.0,,,,,,,,,,,,,,,65.25337407690348,,,,6.28,39.3,25.0,116.0,31.2,25.2,64.5,1.0,1.0,5.0,Si,0.116,312.0,Tomatoes,Quindio,1.5,6.0,1.5,6.0
2024-11-13,72,T25_N2P1K2,,,,,,2.0,0.24,220.0,70.1,0.0,,,,,,,,,,,,,,,70.0280112044818,,,,,,,,,,,,,,,,,Tomate ,Quindío,1.0,6.0,1.0,6.0
2024-11-13,73,T19_N2P0K0,,,,,,2.0,0.327,250.0,90.3,0.0,,,,,,,,,,,,,,,79.5772854596384,,,,,,,,,,,,,,,,,Tomate ,Quindío,1.0,7.2,1.0,7.2
2024-11-13,74,T19_N2P0K0,,,,,,1.0,0.156,205.0,70.2,0.0,,,,,,,,,,,,,,,65.25337407690348,,,,6.24,41.6,24.2,137.0,31.2,25.0,61.7,1.0,1.0,5.0,Si,0.137,312.0,Tomatoes,Quindio,1.5,7.2,1.5,7.2
2024-11-13,75,T19_N2P0K0,,,,,,3.0,0.487,215.0,60.7,0.0,,,,,,,,,,,,,,,68.43646549528903,,,,,,,,,,,,,,,,,Tomate ,Quindío,2.0,7.2,2.0,7.2
2024-11-13,76,T2_N0P1K0,,,,,,2.0,0.304,205.0,70.4,0.0,,,,,,,,,,,,,,,65.25337407690348,,,,,,,,,,,,,,,,,Tomate ,Quindío,3.2,7.2,3.2,7.2
2024-11-13,77,T2_N0P1K0,,,,,,6.0,0.921,215.0,60.9,1.0,,,,,,,,,,,,,,,68.43646549528903,,,,6.26,37.9,24.2,155.0,27.8,25.1,65.8,1.0,1.0,5.0,Si,0.155,278.0,Tomatoes,Quindio,3.7,7.2,3.7,7.2
2024-11-13,78,T2_N0P1K0,,,,,,9.0,0.905,195.0,60.2,0.0,,,,,,,,,,,,,,,62.070282658517954,,,,,,,,,,,,,,,,,Tomate ,Quindío,4.2,7.2,4.2,7.2
2024-11-13,79,T6_N0P1K1,,,,,,5.0,0.509,180.0,40.9,2.0,,,,,,,,,,,,,,,57.29564553093965,,,,,,,,,,,,,,,,,Tomate ,Quindío,5.4,7.2,5.4,7.2
2024-11-13,80,T6_N0P1K1,,,,,,1.0,0.107,180.0,60.3,0.0,,,,,,,,,,,,,,,57.29564553093965,,,,6.15,39.0,23.8,101.0,36.1,24.7,68.2,1.0,1.0,5.0,Si,0.101,361.0,Tomatoes,Quindio,5.9,7.2,5.9,7.2
2024-11-13,81,T6_N0P1K1,,,,,,0.0,0.0,0.0,0.0,0.0,,,,,,,,,,,,,,,0.0,,,,,,,,,,,,,,,,,Tomate ,Quindío,6.4,7.2,6.4,7.2
2024-11-13,82,T17_N1P2K1,,,,,,2.0,0.261,195.0,60.5,0.0,,,,,,,,,,,,,,,62.070282658517954,,,,,,,,,,,,,,,,,Tomate ,Quindío,7.6,7.2,7.6,7.2
2024-11-13,83,T17_N1P2K1,,,,,,1.0,0.139,119.0,70.3,0.0,,,,,,,,,,,,,,,37.87878787878788,,,,6.4,36.3,23.4,258.0,36.6,24.6,66.0,1.0,1.0,5.0,Si,0.258,366.0,Tomatoes,Quindio,8.1,7.2,8.1,7.2
2024-11-13,84,T17_N1P2K1,,,,,,0.0,0.0,0.0,0.0,0.0,,,,,,,,,,,,,,,0.0,,,,,,,,,,,,,,,,,Tomate ,Quindío,8.6,7.2,8.6,7.2
2024-11-13,85,T11_N1P1K0,,,,,,4.0,0.51,225.0,60.5,1.0,,,,,,,,,,,,,,,71.61955691367456,,,,,,,,,,,,,,,,,Tomate ,Quindío,8.6,8.4,8.6,8.4
2024-11-13,86,T11_N1P1K0,,,,,,3.0,0.49,225.0,70.1,1.0,,,,,,,,,,,,,,,71.61955691367456,,,,6.38,49.1,23.4,205.0,34.5,24.4,67.2,1.0,1.0,5.0,Si,0.205,345.0,Tomatoes,Quindio,8.1,8.4,8.1,8.4
2024-11-13,87,T11_N1P1K0,,,,,,2.0,0.232,195.0,60.4,2.0,,,,,,,,,,,,,,,62.070282658517954,,,,,,,,,,,,,,,,,Tomate ,Quindío,7.6,8.4,7.6,8.4
2024-11-13,88,T8_N0P2K1,,,,,,1.0,0.187,225.0,70.4,0.0,,,,,,,,,,,,,,,71.61955691367456,,,,,,,,,,,,,,,,,Tomate ,Quindío,6.4,8.4,6.4,8.4
2024-11-13,89,T8_N0P2K1,,,,,,3.0,0.512,225.0,70.2,0.0,,,,,,,,,,,,,,,71.61955691367456,,,,6.36,42.7,23.8,174.0,39.4,24.6,62.6,1.0,1.0,5.0,Si,0.174,394.0,Tomatoes,Quindio,5.9,8.4,5.9,8.4
2024-11-13,90,T8_N0P2K1,,,,,,1.0,0.086,185.0,50.8,0.0,,,,,,,,,,,,,,,58.88719124013242,,,,,,,,,,,,,,,,,Tomate ,Quindío,5.4,8.4,5.4,8.4
2024-11-13,91,T9_N0P2K2,,,,,,4.0,0.619,215.0,70.4,0.0,,,,,,,,,,,,,,,68.43646549528903,,,,,,,,,,,,,,,,,Tomate ,Quindío,4.2,8.4,4.2,8.4
2024-11-13,92,T9_N0P2K2,,,51.9,28.0,7.0,2.0,0.285,205.0,60.7,0.0,5.7,3300.0,740.0,72.0,72.0,13.37,,6.9,99.0,560.0,15.0,11.0,0.729,,65.25337407690348,,,,6.33,41.1,24.2,191.0,29.6,25.0,64.6,1.0,1.0,5.0,Si,0.191,296.0,Tomatoes,Quindio,3.7,8.4,3.7,8.4
2024-11-13,93,T9_N0P2K2,,,,,,3.0,0.624,245.0,80.5,2.0,,,,,,,,,,,,,,,77.98573975044563,,,,,,,,,,,,,,,,,Tomate ,Quindío,3.2,8.4,3.2,8.4
2024-11-13,94,T13_N1P0K1,,,,,,5.0,0.621,215.0,70.3,0.0,,,,,,,,,,,,,,,68.43646549528903,,,,,,,,,,,,,,,,,Tomate ,Quindío,2.0,8.4,2.0,8.4
2024-11-13,95,T13_N1P0K1,,,62.4,14.0,0.0,3.0,0.293,175.0,60.3,0.0,5.7,3600.0,610.0,76.0,73.0,10.72,,6.7,72.0,64.0,5.0,14.0,0.642,,55.70409982174688,,,,6.34,29.9,24.6,198.0,55.9,25.1,64.4,1.0,1.0,5.0,Si,0.198,559.0,Tomatoes,Quindio,1.5,8.4,1.5,8.4
2024-11-13,96,T13_N1P0K1,,,,,,2.0,0.233,185.0,60.4,1.0,,,,,,,,,,,,,,,58.88719124013242,,,,,,,,,,,,,,,,,Tomate ,Quindío,1.0,8.4,1.0,8.4
2024-11-13,97,T26_N2P2K1,,,,,,4.0,0.922,250.0,70.6,0.0,,,,,,,,,,,,,,,79.5772854596384,,,,,,,,,,,,,,,,,Tomate ,Quindío,1.0,9.6,1.0,9.6
2024-11-13,98,T26_N2P2K1,,,55.0,16.0,0.0,2.0,0.375,235.0,60.8,0.0,5.8,3400.0,440.0,64.0,52.0,11.77,,7.2,90.0,170.0,10.0,13.0,1.025,,74.8026483320601,,,,6.25,22.9,23.4,299.0,27.1,24.3,68.6,1.0,1.0,5.0,Si,0.299,271.0,Tomatoes,Quindio,1.5,9.6,1.5,9.6
2024-11-13,99,T26_N2P2K1,,,,,,4.0,0.837,245.0,80.0,1.0,,,,,,,,,,,,,,,77.98573975044563,,,,,,,,,,,,,,,,,Tomate ,Quindío,2.0,9.6,2.0,9.6
2024-11-13,100,T16_N1P1K2,,,,,,4.0,0.684,225.0,70.0,0.0,,,,,,,,,,,,,,,71.61955691367456,,,,,,,,,,,,,,,,,Tomate ,Quindío,3.2,9.6,3.2,9.6
2024-11-13,101,T16_N1P1K2,,,61.1,21.0,5.0,4.0,0.65,235.0,70.4,0.0,5.5,3600.0,100.0,57.0,89.0,9.88,,6.6,48.0,72.0,4.0,12.0,0.528,,74.8026483320601,,,,6.35,22.3,23.4,302.0,28.2,24.3,68.1,1.0,1.0,5.0,Si,0.302,282.0,Tomatoes,Quindio,3.7,9.6,3.7,9.6
2024-11-13,102,T16_N1P1K2,,,,,,2.0,0.327,220.0,70.4,1.0,,,,,,,,,,,,,,,70.0280112044818,,,,,,,,,,,,,,,,,Tomate ,Quindío,4.2,9.6,4.2,9.6
2024-11-13,103,T10_N1P0K0,,,,,,5.0,0.819,230.0,70.5,0.0,,,,,,,,,,,,,,,73.21110262286733,,,,,,,,,,,,,,,,,Tomate ,Quindío,5.4,9.6,5.4,9.6
2024-11-13,104,T10_N1P0K0,,,59.9,27.0,6.0,6.0,1.26,235.0,70.6,0.0,5.4,3500.0,160.0,59.0,59.0,9.04,,6.7,6.0,44.0,6.0,1.0,0.189,,74.8026483320601,,,,6.27,27.6,23.8,82.0,34.2,24.4,68.4,1.0,1.0,5.0,Si,0.082,342.0,Tomatoes,Quindio,5.9,9.6,5.9,9.6
2024-11-13,105,T10_N1P0K0,,,,,,3.0,0.53,225.0,70.7,0.0,,,,,,,,,,,,,,,71.61955691367456,,,,,,,,,,,,,,,,,Tomate ,Quindío,6.4,9.6,6.4,9.6
2024-11-13,106,T22_N2P0K1,,,,,,1.0,0.169,225.0,60.9,0.0,,,,,,,,,,,,,,,71.61955691367456,,,,,,,,,,,,,,,,,Tomate ,Quindío,7.6,9.6,7.6,9.6
2024-11-13,107,T22_N2P0K1,,,53.7,9.0,17.0,0.0,0.0,0.0,0.0,0.0,5.5,3500.0,82.0,59.0,110.0,10.41,,6.4,38.0,62.0,4.0,11.0,0.438,,0.0,,,,6.29,26.9,23.4,79.0,29.2,24.4,64.6,1.0,1.0,5.0,Si,0.079,292.0,Tomatoes,Quindio,8.1,9.6,8.1,9.6
2024-11-13,108,T22_N2P0K1,,,,,,7.0,1.186,215.0,70.2,0.0,,,,,,,,,,,,,,,68.43646549528903,,,,,,,,,,,,,,,,,Tomate ,Quindío,8.6,9.6,8.6,9.6
2024-11-13,109,T12_N1P2K0,,,,,,3.0,0.432,220.0,70.4,0.0,,,,,,,,,,,,,,,70.0280112044818,,,,,,,,,,,,,,,,,Tomate ,Quindío,8.6,10.8,8.6,10.8
2024-11-13,110,T12_N1P2K0,,,47.6,23.0,3.0,2.0,0.26,195.0,60.8,0.0,5.4,3600.0,320.0,77.0,58.0,11.02,,6.4,47.0,46.0,5.0,11.0,0.557,,62.070282658517954,,,,6.35,26.1,23.4,129.0,30.5,24.4,68.1,1.0,1.0,5.0,Si,0.129,305.0,Tomatoes,Quindio,8.1,10.8,8.1,10.8
2024-11-13,111,T12_N1P2K0,,,,,,3.0,0.503,215.0,70.7,0.0,,,,,,,,,,,,,,,68.43646549528903,,,,,,,,,,,,,,,,,Tomate ,Quindío,7.6,10.8,7.6,10.8
2024-11-13,112,T28_BIO-N0P0K0,,,,,,9.0,1.155,225.0,70.4,0.0,,,,,,,,,,,,,,,71.61955691367456,,,,,,,,,,,,,,,,,Tomate ,Quindío,6.4,10.8,6.4,10.8
2024-11-13,113,T28_BIO-N0P0K0,,,49.3,23.0,2.0,0.0,0.0,0.0,0.0,2.0,5.6,3200.0,170.0,61.0,69.0,9.18,,6.4,68.0,46.0,5.0,7.0,0.663,,0.0,,,,9.0,29.2,23.8,160.0,38.1,24.3,66.1,1.0,1.0,5.0,Si,0.16,381.0,Tomatoes,Quindio,5.9,10.8,5.9,10.8
2024-11-13,114,T28_BIO-N0P0K0,,,,,,4.0,0.475,200.0,70.0,1.0,,,,,,,,,,,,,,,63.66182836771072,,,,,,,,,,,,,,,,,Tomate ,Quindío,5.4,10.8,5.4,10.8
2024-11-13,115,T1_N0P0K0,,,,,,2.0,0.219,190.0,60.3,0.0,,,,,,,,,,,,,,,60.47873694932519,,,,,,,,,,,,,,,,,Tomate ,Quindío,4.2,10.8,4.2,10.8
2024-11-13,116,T1_N0P0K0,,,50.1,32.0,0.0,5.0,0.782,215.0,70.2,1.0,5.6,4100.0,200.0,64.0,87.0,11.32,,7.3,38.0,65.0,6.0,9.0,0.386,,68.43646549528903,,,,6.33,22.3,23.4,190.0,31.6,24.4,66.9,1.0,1.0,5.0,Si,0.19,316.0,Tomatoes,Quindio,3.7,10.8,3.7,10.8
2024-11-13,117,T1_N0P0K0,,,,,,5.0,0.744,225.0,70.5,0.0,,,,,,,,,,,,,,,71.61955691367456,,,,,,,,,,,,,,,,,Tomate ,Quindío,3.2,10.8,3.2,10.8
2024-11-13,118,T14_N1P0K2,,,,,,5.0,0.743,220.0,70.3,0.0,,,,,,,,,,,,,,,70.0280112044818,,,,,,,,,,,,,,,,,Tomate ,Quindío,2.0,10.8,2.0,10.8
2024-11-13,119,T14_N1P0K2,,,42.9,17.0,2.0,3.0,0.409,200.0,60.6,3.0,5.5,3700.0,190.0,61.0,62.0,11.04,,7.0,97.0,91.0,6.0,21.0,0.764,,63.66182836771072,,,,6.53,30.0,23.4,377.0,25.9,24.3,67.3,1.0,1.0,5.0,Si,0.377,259.0,Tomatoes,Quindio,1.5,10.8,1.5,10.8
2024-11-13,120,T14_N1P0K2,,,,,,2.0,0.31,195.0,70.2,0.0,,,,,,,,,,,,,,,62.070282658517954,,,,,,,,,,,,,,,,,Tomate ,Quindío,1.0,10.8,1.0,10.8
2024-11-13,121,T5_N0P0K2,,,,,,3.0,0.685,235.0,70.5,0.0,,,,,,,,,,,,,,,74.8026483320601,,,,,,,,,,,,,,,,,Tomate ,Quindío,1.0,12.0,1.0,12.0
2024-11-13,122,T5_N0P0K2,,,52.1,10.0,3.0,4.0,0.943,20.5,60.6,0.0,5.5,3400.0,100.0,64.0,81.0,9.84,,5.6,170.0,75.0,10.0,26.0,1.257,,6.5253374076903485,,,,6.3,23.1,23.4,547.0,28.5,24.4,67.5,1.0,1.0,5.0,Si,0.547,285.0,Tomatoes,Quindio,1.5,12.0,1.5,12.0
2024-11-13,123,T5_N0P0K2,,,,,,5.0,0.805,235.0,60.9,0.0,,,,,,,,,,,,,,,74.8026483320601,,,,,,,,,,,,,,,,,Tomate ,Quindío,2.0,12.0,2.0,12.0
2024-11-13,124,T30_BIO N2P2K2,,,,,,4.0,0.522,200.0,60.6,0.0,,,,,,,,,,,,,,,63.66182836771072,,,,,,,,,,,,,,,,,Tomate ,Quindío,3.2,12.0,3.2,12.0
2024-11-13,125,T30_BIO N2P2K2,,,56.2,34.0,0.0,1.0,0.161,205.0,70.0,0.0,5.3,3300.0,710.0,75.0,58.0,12.25,,6.6,56.0,55.0,6.0,11.0,0.495,,65.25337407690348,,,,6.27,41.9,23.0,102.0,31.5,24.3,64.4,1.0,1.0,5.0,Si,0.102,315.0,Tomatoes,Quindio,3.7,12.0,3.7,12.0
2024-11-13,126,T30_BIO N2P2K2,,,,,,4.0,0.39,185.0,60.0,2.0,,,,,,,,,,,,,,,58.88719124013242,,,,,,,,,,,,,,,,,Tomate ,Quindío,4.2,12.0,4.2,12.0
2024-11-13,127,T3_N0P2K0,,,,,,4.0,0.653,235.0,80.3,0.0,,,,,,,,,,,,,,,74.8026483320601,,,,,,,,,,,,,,,,,Tomate ,Quindío,5.4,12.0,5.4,12.0
2024-11-13,128,T3_N0P2K0,,,46.7,17.0,0.0,5.0,0.475,19.5,50.9,1.0,5.4,3300.0,330.0,63.0,74.0,9.5,,6.4,22.0,60.0,3.0,7.0,0.317,,6.207028265851795,,,,6.31,29.0,22.6,239.0,53.8,24.0,68.0,1.0,1.0,5.0,Si,0.239,538.0,Tomatoes,Quindio,5.9,12.0,5.9,12.0
2024-11-13,129,T3_N0P2K0,,,,,,0.0,0.0,0.0,0.0,0.0,,,,,,,,,,,,,,,0.0,,,,,,,,,,,,,,,,,Tomate ,Quindío,6.4,12.0,6.4,12.0
2024-11-13,130,T7_N0P1K2,,,,,,5.0,1.109,235.0,70.3,0.0,,,,,,,,,,,,,,,74.8026483320601,,,,,,,,,,,,,,,,,Tomate ,Quindío,7.6,12.0,7.6,12.0
2024-11-13,131,T7_N0P1K2,,,56.9,16.0,0.0,3.0,0.394,205.0,50.9,0.0,5.7,3300.0,140.0,64.0,110.0,8.43,,6.9,110.0,52.0,6.0,15.0,0.699,,65.25337407690348,,,,6.27,32.6,22.6,76.0,29.8,23.8,68.2,1.0,1.0,5.0,Si,0.076,298.0,Tomatoes,Quindio,8.1,12.0,8.1,12.0
2024-11-13,132,T7_N0P1K2,,,,,,3.0,0.546,170.0,50.4,0.0,,,,,,,,,,,,,,,54.112554112554115,,,,,,,,,,,,,,,,,Tomate ,Quindío,8.6,12.0,8.6,12.0
2024-11-13,133,T21_N2P2K0,,,,,,3.0,0.429,190.0,70.1,0.0,,,,,,,,,,,,,,,60.47873694932519,,,,,,,,,,,,,,,,,Tomate ,Quindío,8.6,13.2,8.6,13.2
2024-11-13,134,T21_N2P2K0,,,42.3,14.0,2.0,2.0,0.397,225.0,70.3,0.0,5.5,3500.0,460.0,72.0,85.0,11.05,,7.5,100.0,72.0,7.0,19.0,0.813,,71.61955691367456,,,,8.62,30.1,22.6,125.0,28.5,23.7,70.4,1.0,1.0,5.0,Si,0.125,285.0,Tomatoes,Quindio,8.1,13.2,8.1,13.2
2024-11-13,135,T21_N2P2K0,,,,,,2.0,0.288,205.0,60.7,0.0,,,,,,,,,,,,,,,65.25337407690348,,,,,,,,,,,,,,,,,Tomate ,Quindío,7.6,13.2,7.6,13.2
2024-11-13,136,T23_N2P0K2,,,,,,7.0,1.168,215.0,60.7,0.0,,,,,,,,,,,,,,,68.43646549528903,,,,,,,,,,,,,,,,,Tomate ,Quindío,6.4,13.2,6.4,13.2
2024-11-13,137,T23_N2P0K2,,,61.9,17.0,0.0,4.0,0.506,215.0,60.7,0.0,5.6,3500.0,190.0,62.0,81.0,9.2,,6.2,76.0,48.0,4.0,14.0,0.677,,68.43646549528903,,,,6.33,25.2,23.0,265.0,36.8,24.2,67.2,1.0,1.0,5.0,Si,0.265,368.0,Tomatoes,Quindio,5.9,13.2,5.9,13.2
2024-11-13,138,T23_N2P0K2,,,,,,2.0,0.24,200.0,60.0,3.0,,,,,,,,,,,,,,,63.66182836771072,,,,,,,,,,,,,,,,,Tomate ,Quindío,5.4,13.2,5.4,13.2
2024-11-13,139,T20_N2P1K0,,,,,,5.0,1.08,245.0,70.7,3.0,,,,,,,,,,,,,,,77.98573975044563,,,,,,,,,,,,,,,,,Tomate ,Quindío,4.2,13.2,4.2,13.2
2024-11-13,140,T20_N2P1K0,,,56.1,29.0,0.0,2.0,0.347,225.0,60.9,0.0,5.5,2500.0,630.0,60.0,41.0,9.81,,7.1,1.0,19.0,2.0,1.0,0.077,,71.61955691367456,,,,6.17,28.4,23.0,113.0,34.5,24.3,63.4,1.0,1.0,5.0,Si,0.113,345.0,Tomatoes,Quindio,3.7,13.2,3.7,13.2
2024-11-13,141,T20_N2P1K0,,,,,,2.0,0.307,215.0,60.3,0.0,,,,,,,,,,,,,,,68.43646549528903,,,,,,,,,,,,,,,,,Tomate ,Quindío,3.2,13.2,3.2,13.2
2024-11-13,142,T18_N1P2K2,,,,,,1.0,0.239,245.0,70.9,0.0,,,,,,,,,,,,,,,77.98573975044563,,,,,,,,,,,,,,,,,Tomate ,Quindío,2.0,13.2,2.0,13.2
2024-11-13,143,T18_N1P2K2,,,65.1,14.0,3.0,4.0,0.693,200.0,60.4,0.0,5.4,3100.0,650.0,64.0,52.0,11.0,,7.2,1.0,19.0,2.0,1.0,0.076,,63.66182836771072,,,,6.33,33.8,23.4,74.0,34.2,24.4,62.7,1.0,1.0,5.0,Si,0.074,342.0,Tomatoes,Quindio,1.5,13.2,1.5,13.2
2024-11-13,144,T18_N1P2K2,,,,,,4.0,0.507,225.0,70.2,0.0,,,,,,,,,,,,,,,71.61955691367456,,,,,,,,,,,,,,,,,Tomate ,Quindío,1.0,13.2,1.0,13.2
2024-11-13,145,T6_N0P1K1,,,,,,4.0,0.581,215.0,70.5,0.0,,,,,,,,,,,,,,,68.43646549528903,,,,,,,,,,,,,,,,,Tomate ,Quindío,1.0,14.4,1.0,14.4
2024-11-13,146,T6_N0P1K1,,,51.2,27.0,0.0,5.0,0.85,230.0,60.8,0.0,5.5,3200.0,120.0,58.0,67.0,9.67,,7.3,1.0,18.0,2.0,1.0,0.07,,73.21110262286733,,,,6.24,33.8,21.0,45.0,27.4,22.0,74.7,1.0,1.0,5.0,Si,0.045,274.0,Tomatoes,Quindio,1.5,14.4,1.5,14.4
2024-11-13,147,T6_N0P1K1,,,,,,4.0,0.61,215.0,70.5,0.0,,,,,,,,,,,,,,,68.43646549528903,,,,,,,,,,,,,,,,,Tomate ,Quindío,2.0,14.4,2.0,14.4
2024-11-13,148,T17_N1P2K1,,,,,,2.0,0.375,220.0,70.3,0.0,,,,,,,,,,,,,,,70.0280112044818,,,,,,,,,,,,,,,,,Tomate ,Quindío,3.2,14.4,3.2,14.4
2024-11-13,149,T17_N1P2K1,,,54.8,18.0,0.0,3.0,0.481,220.0,70.6,2.0,5.4,3400.0,360.0,63.0,57.0,10.48,,7.0,1.0,12.0,1.0,1.0,0.046,,70.0280112044818,,,,6.41,37.1,21.8,47.0,27.6,22.2,72.2,1.0,1.0,5.0,Si,0.047,276.0,Tomatoes,Quindio,3.7,14.4,3.7,14.4
2024-11-13,150,T17_N1P2K1,,,,,,3.0,0.519,200.0,60.6,0.0,,,,,,,,,,,,,,,63.66182836771072,,,,,,,,,,,,,,,,,Tomate ,Quindío,4.2,14.4,4.2,14.4
2024-11-13,151,T25_N2P1K2,,,,,,5.0,0.704,220.0,60.8,1.0,,,,,,,,,,,,,,,70.0280112044818,,,,,,,,,,,,,,,,,Tomate ,Quindío,5.4,14.4,5.4,14.4
2024-11-13,152,T25_N2P1K2,,,56.1,9.0,11.0,1.0,0.173,215.0,60.3,0.0,5.7,3400.0,130.0,60.0,110.0,9.24,,6.2,23.0,28.0,5.0,1.0,0.192,,68.43646549528903,,,,6.15,28.1,22.2,41.0,27.8,22.9,70.1,1.0,1.0,5.0,Si,0.041,278.0,Tomatoes,Quindio,5.9,14.4,5.9,14.4
2024-11-13,153,T25_N2P1K2,,,,,,4.0,0.742,225.0,70.5,0.0,,,,,,,,,,,,,,,71.61955691367456,,,,,,,,,,,,,,,,,Tomate ,Quindío,6.4,14.4,6.4,14.4
2024-11-13,154,T29_BIO N1P1K1,,,,,,4.0,0.756,220.0,70.1,0.0,,,,,,,,,,,,,,,70.0280112044818,,,,,,,,,,,,,,,,,Tomate ,Quindío,7.6,14.4,7.6,14.4
2024-11-13,155,T29_BIO N1P1K1,,,54.7,20.0,0.0,4.0,0.686,235.0,60.9,0.0,5.6,3700.0,380.0,68.0,96.0,11.24,,7.0,7.0,21.0,3.0,1.0,0.096,,74.8026483320601,,,,6.4,32.8,22.2,47.0,28.2,23.5,71.3,1.0,1.0,5.0,Si,0.047,282.0,Tomatoes,Quindio,8.1,14.4,8.1,14.4
2024-11-13,156,T29_BIO N1P1K1,,,,,,1.0,0.177,210.0,70.2,0.0,,,,,,,,,,,,,,,66.84491978609626,,,,,,,,,,,,,,,,,Tomate ,Quindío,8.6,14.4,8.6,14.4
2024-11-13,157,T2_N0P1K0,,,,,,2.0,0.423,225.0,70.1,1.0,,,,,,,,,,,,,,,71.61955691367456,,,,,,,,,,,,,,,,,Tomate ,Quindío,8.6,15.6,8.6,15.6
2024-11-13,158,T2_N0P1K0,,,47.7,15.0,2.0,0.0,0.0,0.0,0.0,2.0,5.7,3500.0,240.0,62.0,82.0,10.17,,7.4,1.0,18.0,2.0,1.0,0.07,,0.0,,,,8.36,37.4,22.2,38.0,28.2,23.2,70.3,1.0,1.0,5.0,Si,0.038,282.0,Tomatoes,Quindio,8.1,15.6,8.1,15.6
2024-11-13,159,T2_N0P1K0,,,,,,4.0,0.613,215.0,60.8,0.0,,,,,,,,,,,,,,,68.43646549528903,,,,,,,,,,,,,,,,,Tomate ,Quindío,7.6,15.6,7.6,15.6
2024-11-13,160,T19_N2P0K0,,,,,,1.0,0.26,250.0,70.0,0.0,,,,,,,,,,,,,,,79.5772854596384,,,,,,,,,,,,,,,,,Tomate ,Quindío,6.4,15.6,6.4,15.6
2024-11-13,161,T19_N2P0K0,,,35.8,13.0,0.0,2.0,0.202,180.0,60.2,1.0,5.5,3500.0,110.0,60.0,120.0,8.72,,7.4,1.0,25.0,1.0,1.0,0.091,,57.29564553093965,,,,6.34,34.3,22.2,52.0,37.7,22.8,73.8,1.0,1.0,5.0,Si,0.052,377.0,Tomatoes,Quindio,5.9,15.6,5.9,15.6
2024-11-13,162,T19_N2P0K0,,,,,,1.0,0.113,195.0,60.3,0.0,,,,,,,,,,,,,,,62.070282658517954,,,,,,,,,,,,,,,,,Tomate ,Quindío,5.4,15.6,5.4,15.6
2024-11-13,163,T8_N0P2K1,,,,,,1.0,0.173,220.0,60.8,0.0,,,,,,,,,,,,,,,70.0280112044818,,,,,,,,,,,,,,,,,Tomate ,Quindío,4.2,15.6,4.2,15.6
2024-11-13,164,T8_N0P2K1,,,52.3,14.0,0.0,2.0,0.283,205.0,60.4,0.0,5.5,3100.0,800.0,71.0,80.0,11.53,,6.9,19.0,16.0,3.0,1.0,0.146,,65.25337407690348,,,,8.79,40.7,22.2,56.0,32.4,22.5,74.7,1.0,1.0,5.0,Si,0.056,324.0,Tomatoes,Quindio,3.7,15.6,3.7,15.6
2024-11-13,165,T8_N0P2K1,,,,,,3.0,0.453,210.0,60.8,0.0,,,,,,,,,,,,,,,66.84491978609626,,,,,,,,,,,,,,,,,Tomate ,Quindío,3.2,15.6,3.2,15.6
2024-11-13,166,T15_N1P1K1,,,,,,2.0,0.251,190.0,60.3,0.0,,,,,,,,,,,,,,,60.47873694932519,,,,,,,,,,,,,,,,,Tomate ,Quindío,2.0,15.6,2.0,15.6
2024-11-13,167,T15_N1P1K1,,,53.8,22.0,4.0,4.0,0.608,190.0,70.4,2.0,5.6,3200.0,520.0,64.0,64.0,9.72,,5.8,42.0,37.0,4.0,1.0,0.307,,60.47873694932519,,,,6.15,35.3,20.6,137.0,38.1,21.9,73.1,1.0,1.0,5.0,Si,0.137,381.0,Tomatoes,Quindio,1.5,15.6,1.5,15.6
2024-11-13,168,T15_N1P1K1,,,,,,2.0,0.491,235.0,70.3,0.0,,,,,,,,,,,,,,,74.8026483320601,,,,,,,,,,,,,,,,,Tomate ,Quindío,1.0,15.6,1.0,15.6
2024-11-13,169,T24_N2P1K1,,,,,,1.0,0.138,200.0,60.8,0.0,,,,,,,,,,,,,,,63.66182836771072,,,,,,,,,,,,,,,,,Tomate ,Quindío,1.0,16.8,1.0,16.8
2024-11-13,170,T24_N2P1K1,,,53.6,22.0,0.0,2.0,0.31,210.0,60.9,0.0,5.5,3000.0,690.0,58.0,48.0,9.91,,6.4,37.0,42.0,4.0,8.0,0.3,,66.84491978609626,,,,5.85,31.1,20.6,319.0,30.7,21.7,73.3,1.0,1.0,5.0,Si,0.319,307.0,Tomatoes,Quindio,1.5,16.8,1.5,16.8
2024-11-13,171,T24_N2P1K1,,,54.2,16.0,6.0,6.0,1.139,220.0,70.1,0.0,,,,,,,,7.1,92.0,140.0,4.0,27.0,0.828,,70.0280112044818,,,,6.0,30.2,20.6,558.0,34.4,21.3,75.0,1.0,1.0,5.0,Si,0.558,344.0,Tomatoes,Quindio,2.0,16.8,2.0,16.8
2024-11-13,172,T11_N1P1K0,,,,,,2.0,0.332,220.0,70.1,0.0,,,,,,,,,,,,,,,70.0280112044818,,,,,,,,,,,,,,,,,Tomate ,Quindío,3.2,16.8,3.2,16.8
2024-11-13,173,T11_N1P1K0,,,62.9,21.0,0.0,7.0,1.128,220.0,70.2,0.0,5.5,3100.0,690.0,65.0,64.0,10.68,,7.5,17.0,38.0,3.0,1.0,0.18,,70.0280112044818,,,,6.08,38.9,20.2,35.0,24.7,20.9,75.6,1.0,1.0,5.0,Si,0.035,247.0,Tomatoes,Quindio,3.7,16.8,3.7,16.8
2024-11-13,174,T11_N1P1K0,,,,,,0.0,0.0,0.0,0.0,0.0,,,,,,,,,,,,,,,0.0,,,,,,,,,,,,,,,,,Tomate ,Quindío,4.2,16.8,4.2,16.8
2024-11-13,175,T27_N2P2K2,,,,,,1.0,0.263,250.0,80.0,0.0,,,,,,,,,,,,,,,79.5772854596384,,,,,,,,,,,,,,,,,Tomate ,Quindío,5.4,16.8,5.4,16.8
2024-11-13,176,T27_N2P2K2,,,57.9,18.0,3.0,4.0,0.632,210.0,75.0,0.0,5.5,3400.0,800.0,77.0,88.0,13.15,,7.1,15.0,52.0,9.0,1.0,0.256,,66.84491978609626,,,,4.71,30.4,20.2,356.0,24.0,20.8,74.4,1.0,1.0,5.0,Si,0.356,240.0,Tomatoes,Quindio,5.9,16.8,5.9,16.8
2024-11-13,177,T27_N2P2K2,,,,,,2.0,0.405,230.0,78.0,0.0,,,,,,,,,,,,,,,73.21110262286733,,,,,,,,,,,,,,,,,Tomate ,Quindío,6.4,16.8,6.4,16.8
2024-11-13,178,T4_N0P0K1,,,,,,3.0,0.439,215.0,70.1,1.0,,,,,,,,,,,,,,,68.43646549528903,,,,,,,,,,,,,,,,,Tomate ,Quindío,7.6,16.8,7.6,16.8
2024-11-13,179,T4_N0P0K1,,,45.1,14.0,0.0,0.0,0.0,0.0,0.0,0.0,5.5,3000.0,700.0,72.0,66.0,10.95,,7.2,75.0,65.0,5.0,18.0,0.702,,0.0,,,,3.93,28.0,20.2,346.0,19.2,20.4,77.3,1.0,1.0,5.0,Si,0.346,192.0,Tomatoes,Quindio,8.1,16.8,8.1,16.8
2024-11-13,180,T4_N0P0K1,,,,,,3.0,0.295,195.0,50.8,0.0,,,,,,,,,,,,,,,62.070282658517954,,,,,,,,,,,,,,,,,Tomate ,Quindío,8.6,16.8,8.6,16.8
2024-11-20,1,T27_N2P2K2,,,,,,2.0,0.272,205.0,60.8,0.0,,,,,,,,,,,,,,,65.25337407690348,,,,,,,,,,,,,,,,,Tomate ,Quindío,1.0,0.0,1.0,0.0
2024-11-20,2,T27_N2P2K2,,,,,,1.0,0.172,230.0,60.3,0.0,,,,,,,,,,,,,,,73.21110262286733,,,,,,,,,,,,,,,,,Tomate ,Quindío,1.5,0.0,1.5,0.0
2024-11-20,3,T27_N2P2K2,,,66.0,18.0,0.0,0.0,0.0,0.0,0.0,0.0,5.8,3500.0,240.0,41.0,980.0,8.94,,6.1,5.0,11.0,3.0,16.0,0.106,,0.0,,,,6.05,17.1,21.9,0.0,11.1,22.5,82.2,1.0,1.0,5.0,Si,0.0,111.0,Tomatoes,Quindio,2.0,0.0,2.0,0.0
2024-11-20,4,T24_N2P1K1,,,,,,0.0,0.0,0.0,0.0,1.0,,,,,,,,,,,,,,,0.0,,,,,,,,,,,,,,,,,Tomate ,Quindío,3.2,0.0,3.2,0.0
2024-11-20,5,T24_N2P1K1,,,,,,0.0,0.0,0.0,0.0,1.0,,,,,,,,,,,,,,,0.0,,,,,,,,,,,,,,,,,Tomate ,Quindío,3.7,0.0,3.7,0.0
2024-11-20,6,T24_N2P1K1,,,65.0,11.0,6.0,2.0,0.313,210.0,60.9,0.0,5.7,3000.0,230.0,37.0,950.0,7.99,,6.4,19.0,16.0,1.0,12.0,0.176,,66.84491978609626,,,,6.15,14.5,21.5,0.0,12.5,22.6,83.4,1.0,1.0,5.0,Si,0.0,125.0,Tomatoes,Quindio,4.2,0.0,4.2,0.0
2024-11-20,7,T4_N0P0K1,,,,,,0.0,0.0,0.0,0.0,0.0,,,,,,,,,,,,,,,0.0,,,,,,,,,,,,,,,,,Tomate ,Quindío,5.4,0.0,5.4,0.0
2024-11-20,8,T4_N0P0K1,,,,,,4.0,0.695,200.0,70.1,0.0,,,,,,,,,,,,,,,63.66182836771072,,,,,,,,,,,,,,,,,Tomate ,Quindío,5.9,0.0,5.9,0.0
2024-11-20,9,T4_N0P0K1,,,62.4,11.0,4.0,2.0,0.345,220.0,70.0,1.0,5.6,3300.0,210.0,37.0,780.0,8.63,,5.6,4.0,6.0,1.0,7.0,0.043,,70.0280112044818,,,,6.06,20.2,21.5,0.0,14.3,22.5,83.7,1.0,1.0,5.0,Si,0.0,143.0,Tomatoes,Quindio,6.4,0.0,6.4,0.0
2024-11-20,10,T15_N1P1K1,,,,,,0.0,0.0,0.0,0.0,2.0,,,,,,,,,,,,,,,0.0,,,,,,,,,,,,,,,,,Tomate ,Quindío,7.6,0.0,7.6,0.0
2024-11-20,11,T15_N1P1K1,,,,,,0.0,0.0,0.0,0.0,0.0,,,,,,,,,,,,,,,0.0,,,,,,,,,,,,,,,,,Tomate ,Quindío,8.1,0.0,8.1,0.0
2024-11-20,12,T15_N1P1K1,,,62.7,9.0,0.0,0.0,0.0,0.0,0.0,0.0,5.7,3000.0,220.0,33.0,1000.0,8.34,,7.0,42.0,42.0,2.0,36.0,0.302,,0.0,,,,6.31,17.7,21.9,11.0,14.8,22.4,86.0,1.0,1.0,5.0,Si,0.011,148.0,Tomatoes,Quindio,8.6,0.0,8.6,0.0
2024-11-20,13,T9_N0P2K2,,,57.0,7.0,4.0,5.0,0.711,200.0,60.3,1.0,5.6,3600.0,96.0,40.0,910.0,9.69,,6.2,13.0,21.0,1.0,14.0,0.095,,63.66182836771072,,,,6.24,25.0,21.4,43.0,14.7,22.2,84.3,1.0,1.0,5.0,Si,0.043,147.0,Tomatoes,Quindio,8.6,1.2,8.6,1.2
2024-11-20,14,T9_N0P2K2,,,,,,2.0,0.368,225.0,70.0,0.0,,,,,,,,,,,,,,,71.61955691367456,,,,,,,,,,,,,,,,,Tomate ,Quindío,8.1,1.2,8.1,1.2
2024-11-20,15,T9_N0P2K2,,,,,,1.0,0.144,210.0,60.6,0.0,,,,,,,,,,,,,,,66.84491978609626,,,,,,,,,,,,,,,,,Tomate ,Quindío,7.6,1.2,7.6,1.2
2024-11-20,16,T13_N1P0K1,,,63.5,9.0,8.0,1.0,0.075,170.0,50.5,0.0,5.5,3500.0,69.0,40.0,670.0,9.46,,6.3,46.0,62.0,4.0,29.0,0.398,,54.112554112554115,,,,6.34,13.1,21.9,6.0,15.2,22.2,87.2,1.0,1.0,5.0,Si,0.006,152.0,Tomatoes,Quindio,6.4,1.2,6.4,1.2
2024-11-20,17,T13_N1P0K1,,,,,,1.0,0.144,205.0,70.0,0.0,,,,,,,,,,,,,,,65.25337407690348,,,,,,,,,,,,,,,,,Tomate ,Quindío,5.9,1.2,5.9,1.2
2024-11-20,18,T13_N1P0K1,,,,,,0.0,0.0,0.0,0.0,0.0,,,,,,,,,,,,,,,0.0,,,,,,,,,,,,,,,,,Tomate ,Quindío,5.4,1.2,5.4,1.2
2024-11-20,19,T22_N2P0K1,,,66.5,28.0,13.0,2.0,0.292,205.0,60.7,0.0,5.6,3300.0,73.0,40.0,350.0,9.07,,6.7,12.0,13.0,1.0,8.0,0.094,,65.25337407690348,,,,6.41,22.1,21.9,58.0,15.6,22.5,84.2,1.0,1.0,5.0,Si,0.058,156.0,Tomatoes,Quindio,4.2,1.2,4.2,1.2
2024-11-20,20,T22_N2P0K1,,,,,,1.0,0.172,220.0,70.3,0.0,,,,,,,,,,,,,,,70.0280112044818,,,,,,,,,,,,,,,,,Tomate ,Quindío,3.7,1.2,3.7,1.2
2024-11-20,21,T22_N2P0K1,,,,,,1.0,0.165,215.0,70.3,5.0,,,,,,,,,,,,,,,68.43646549528903,,,,,,,,,,,,,,,,,Tomate ,Quindío,3.2,1.2,3.2,1.2
2024-11-20,22,T10_N1P0K0,,,59.1,16.0,3.0,2.0,0.207,180.0,60.3,1.0,5.6,3100.0,250.0,35.0,150.0,7.73,,6.6,1.0,6.0,1.0,9.0,0.031,,57.29564553093965,,,,6.36,46.7,21.9,31.0,23.5,22.6,86.0,1.0,1.0,5.0,Si,0.031,235.0,Tomatoes,Quindio,2.0,1.2,2.0,1.2
2024-11-20,23,T10_N1P0K0,,,,,,3.0,0.529,215.0,60.9,0.0,,,,,,,,,,,,,,,68.43646549528903,,,,,,,,,,,,,,,,,Tomate ,Quindío,1.5,1.2,1.5,1.2
2024-11-20,24,T10_N1P0K0,,,,,,2.0,0.396,220.0,70.6,0.0,,,,,,,,,,,,,,,70.0280112044818,,,,,,,,,,,,,,,,,Tomate ,Quindío,1.0,1.2,1.0,1.2
2024-11-20,25,T28_BIO-N0P0K0,,,,,,2.0,0.277,200.0,60.5,0.0,,,,,,,,,,,,,,,63.66182836771072,,,,,,,,,,,,,,,,,Tomate ,Quindío,1.0,2.4,1.0,2.4
2024-11-20,26,T28_BIO-N0P0K0,,,,,,1.0,0.134,200.0,60.6,0.0,,,,,,,,,,,,,,,63.66182836771072,,,,,,,,,,,,,,,,,Tomate ,Quindío,1.5,2.4,1.5,2.4
2024-11-20,27,T28_BIO-N0P0K0,,,56.6,17.0,0.0,3.0,0.406,200.0,60.6,0.0,5.7,3200.0,82.0,38.0,320.0,8.45,,6.3,8.0,20.0,1.0,6.0,0.105,,63.66182836771072,,,,6.71,28.3,21.9,24.0,19.7,22.7,85.2,1.0,1.0,5.0,Si,0.024,197.0,Tomatoes,Quindio,2.0,2.4,2.0,2.4
2024-11-20,28,T12_N1P2K0,,,,,,2.0,0.228,190.0,60.5,2.0,,,,,,,,,,,,,,,60.47873694932519,,,,,,,,,,,,,,,,,Tomate ,Quindío,3.2,2.4,3.2,2.4
2024-11-20,29,T12_N1P2K0,,,,,,5.0,0.448,200.0,60.7,3.0,,,,,,,,,,,,,,,63.66182836771072,,,,,,,,,,,,,,,,,Tomate ,Quindío,3.7,2.4,3.7,2.4
2024-11-20,30,T12_N1P2K0,,,63.7,14.0,4.0,3.0,0.456,200.0,60.6,0.0,5.6,3600.0,110.0,42.0,520.0,9.24,,6.3,1.0,10.0,1.0,9.0,0.047,,63.66182836771072,,,,6.38,38.7,21.9,130.0,16.2,22.4,86.3,1.0,1.0,5.0,Si,0.13,162.0,Tomatoes,Quindio,4.2,2.4,4.2,2.4
2024-11-20,31,T26_N2P2K1,,,,,,1.0,0.152,215.0,60.1,0.0,,,,,,,,,,,,,,,68.43646549528903,,,,,,,,,,,,,,,,,Tomate ,Quindío,5.4,2.4,5.4,2.4
2024-11-20,32,T26_N2P2K1,,,,,,2.0,0.205,180.0,70.2,0.0,,,,,,,,,,,,,,,57.29564553093965,,,,,,,,,,,,,,,,,Tomate ,Quindío,5.9,2.4,5.9,2.4
2024-11-20,33,T26_N2P2K1,,,65.7,14.0,3.0,2.0,0.241,195.0,60.3,0.0,5.6,3300.0,30.0,40.0,550.0,8.26,,6.7,10.0,5.0,1.0,16.0,0.048,,62.070282658517954,,,,6.36,40.6,21.9,228.0,17.4,22.3,87.1,1.0,1.0,5.0,Si,0.228,174.0,Tomatoes,Quindio,6.4,2.4,6.4,2.4
2024-11-20,34,T16_N1P1K2,,,,,,2.0,0.231,175.0,60.5,0.0,,,,,,,,,,,,,,,55.70409982174688,,,,,,,,,,,,,,,,,Tomate ,Quindío,7.6,2.4,7.6,2.4
2024-11-20,35,T16_N1P1K2,,,,,,0.0,0.0,0.0,0.0,0.0,,,,,,,,,,,,,,,0.0,,,,,,,,,,,,,,,,,Tomate ,Quindío,8.1,2.4,8.1,2.4
2024-11-20,36,T16_N1P1K2,,,54.5,13.0,6.0,1.0,0.092,175.0,60.0,0.0,5.6,3800.0,79.0,46.0,730.0,9.54,,6.8,13.0,10.0,1.0,17.0,0.07,,55.70409982174688,,,,6.29,43.5,21.5,164.0,14.1,22.3,84.8,1.0,1.0,5.0,Si,0.164,141.0,Tomatoes,Quindio,8.6,2.4,8.6,2.4
2024-11-20,37,T1_N0P0K0,,,49.5,11.0,2.0,3.0,0.301,185.0,60.7,1.0,5.8,3700.0,47.0,49.0,670.0,10.22,,6.0,28.0,45.0,2.0,14.0,0.226,,58.88719124013242,,,,6.22,40.5,22.7,206.0,27.9,23.9,77.0,1.0,1.0,5.0,Si,0.206,279.0,Tomatoes,Quindio,8.6,3.6,8.6,3.6
2024-11-20,38,T1_N0P0K0,,,,,,0.0,0.0,0.0,0.0,1.0,,,,,,,,,,,,,,,0.0,,,,,,,,,,,,,,,,,Tomate ,Quindío,8.1,3.6,8.1,3.6
2024-11-20,39,T1_N0P0K0,,,,,,0.0,0.0,0.0,0.0,0.0,,,,,,,,,,,,,,,0.0,,,,,,,,,,,,,,,,,Tomate ,Quindío,7.6,3.6,7.6,3.6
2024-11-20,40,T14_N1P0K2,,,56.5,11.0,8.0,1.0,0.109,190.0,60.6,0.0,5.9,3300.0,26.0,42.0,660.0,8.48,,5.5,49.0,33.0,2.0,13.0,0.316,,60.47873694932519,,,,6.33,39.5,22.7,137.0,27.4,23.6,82.0,1.0,1.0,5.0,Si,0.137,274.0,Tomatoes,Quindio,6.4,3.6,6.4,3.6
2024-11-20,41,T14_N1P0K2,,,,,,0.0,0.0,0.0,0.0,0.0,,,,,,,,,,,,,,,0.0,,,,,,,,,,,,,,,,,Tomate ,Quindío,5.9,3.6,5.9,3.6
2024-11-20,42,T14_N1P0K2,,,,,,4.0,0.447,200.0,60.9,0.0,,,,,,,,,,,,,,,63.66182836771072,,,,,,,,,,,,,,,,,Tomate ,Quindío,5.4,3.6,5.4,3.6
2024-11-20,43,T7_N0P1K2,,,56.4,18.0,2.0,2.0,0.237,205.0,60.2,0.0,5.8,3500.0,62.0,48.0,720.0,9.75,,6.8,22.0,9.0,1.0,12.0,0.111,,65.25337407690348,,,,6.4,33.9,22.3,71.0,26.6,23.3,82.8,1.0,1.0,5.0,Si,0.071,266.0,Tomatoes,Quindio,4.2,3.6,4.2,3.6
2024-11-20,44,T7_N0P1K2,,,,,,3.0,0.514,215.0,60.8,0.0,,,,,,,,,,,,,,,68.43646549528903,,,,,,,,,,,,,,,,,Tomate ,Quindío,3.7,3.6,3.7,3.6
2024-11-20,45,T7_N0P1K2,,,,,,2.0,0.247,190.0,60.3,1.0,,,,,,,,,,,,,,,60.47873694932519,,,,,,,,,,,,,,,,,Tomate ,Quindío,3.2,3.6,3.2,3.6
2024-11-20,46,T3_N0P2K0,,,57.6,17.0,4.0,0.0,0.0,0.0,0.0,0.0,5.8,3200.0,71.0,39.0,480.0,8.72,,6.4,4.0,8.0,1.0,9.0,0.048,,0.0,,,,6.26,35.1,22.3,175.0,23.8,22.8,82.9,1.0,1.0,5.0,Si,0.175,238.0,Tomatoes,Quindio,2.0,3.6,2.0,3.6
2024-11-20,47,T3_N0P2K0,,,,,,3.0,0.426,185.0,60.3,0.0,,,,,,,,,,,,,,,58.88719124013242,,,,,,,,,,,,,,,,,Tomate ,Quindío,1.5,3.6,1.5,3.6
2024-11-20,48,T3_N0P2K0,,,,,,4.0,0.755,235.0,70.2,3.0,,,,,,,,,,,,,,,74.8026483320601,,,,,,,,,,,,,,,,,Tomate ,Quindío,1.0,3.6,1.0,3.6
2024-11-20,49,T23_N2P0K2,,,,,,1.0,0.088,175.0,60.4,0.0,,,,,,,,,,,,,,,55.70409982174688,,,,,,,,,,,,,,,,,Tomate ,Quindío,1.0,4.8,1.0,4.8
2024-11-20,50,T23_N2P0K2,,,,,,2.0,0.256,190.0,60.9,0.0,,,,,,,,,,,,,,,60.47873694932519,,,,,,,,,,,,,,,,,Tomate ,Quindío,1.5,4.8,1.5,4.8
2024-11-20,51,T23_N2P0K2,,,52.7,15.0,2.0,0.0,0.0,0.0,0.0,0.0,5.6,3600.0,110.0,49.0,300.0,9.63,,6.9,19.0,17.0,5.0,13.0,0.1,,0.0,,,,6.3,34.3,22.3,225.0,25.5,22.8,82.9,1.0,1.0,5.0,Si,0.225,255.0,Tomatoes,Quindio,2.0,4.8,2.0,4.8
2024-11-20,52,T21_N2P2K0,,,,,,3.0,0.264,185.0,50.4,0.0,,,,,,,,,,,,,,,58.88719124013242,,,,,,,,,,,,,,,,,Tomate ,Quindío,3.2,4.8,3.2,4.8
2024-11-20,53,T21_N2P2K0,,,,,,3.0,0.485,220.0,60.8,0.0,,,,,,,,,,,,,,,70.0280112044818,,,,,,,,,,,,,,,,,Tomate ,Quindío,3.7,4.8,3.7,4.8
2024-11-20,54,T21_N2P2K0,,,60.8,18.0,3.0,3.0,0.35,190.0,60.5,1.0,5.6,3400.0,73.0,58.0,420.0,9.41,,6.7,31.0,35.0,1.0,9.0,0.168,,60.47873694932519,,,,6.21,51.7,22.3,152.0,27.1,23.1,81.6,1.0,1.0,5.0,Si,0.152,271.0,Tomatoes,Quindio,4.2,4.8,4.2,4.8
2024-11-20,55,T5_N0P0K2,,,,,,0.0,0.0,0.0,0.0,0.0,,,,,,,,,,,,,,,0.0,,,,,,,,,,,,,,,,,Tomate ,Quindío,5.4,4.8,5.4,4.8
2024-11-20,56,T5_N0P0K2,,,,,,2.0,0.397,255.0,70.4,0.0,,,,,,,,,,,,,,,81.16883116883118,,,,,,,,,,,,,,,,,Tomate ,Quindío,5.9,4.8,5.9,4.8
2024-11-20,57,T5_N0P0K2,,,50.0,14.0,10.0,0.0,0.0,0.0,0.0,1.0,5.7,3800.0,70.0,46.0,790.0,9.02,,6.5,36.0,15.0,1.0,10.0,0.182,,0.0,,,,6.36,51.4,22.7,187.0,28.1,23.8,80.3,1.0,1.0,5.0,Si,0.187,281.0,Tomatoes,Quindio,6.4,4.8,6.4,4.8
2024-11-20,58,T30_BIO N2P2K2,,,,,,3.0,0.349,195.0,60.2,1.0,,,,,,,,,,,,,,,62.070282658517954,,,,,,,,,,,,,,,,,Tomate ,Quindío,7.6,4.8,7.6,4.8
2024-11-20,59,T30_BIO N2P2K2,,,,,,2.0,0.304,215.0,60.5,0.0,,,,,,,,,,,,,,,68.43646549528903,,,,,,,,,,,,,,,,,Tomate ,Quindío,8.1,4.8,8.1,4.8
2024-11-20,60,T30_BIO N2P2K2,,,57.6,15.0,0.0,3.0,0.369,195.0,60.7,0.0,5.7,3500.0,38.0,44.0,680.0,9.07,,6.0,42.0,29.0,3.0,1.0,0.25,,62.070282658517954,,,,6.42,45.1,22.7,109.0,31.0,23.9,76.8,1.0,1.0,5.0,Si,0.109,310.0,Tomatoes,Quindio,8.6,4.8,8.6,4.8
2024-11-20,61,T20_N2P1K0,,,57.8,15.0,5.0,2.0,0.281,205.0,60.2,0.0,5.7,3200.0,42.0,40.0,530.0,5.97,,6.4,10.0,19.0,1.0,6.0,0.108,,65.25337407690348,,,,6.28,30.1,23.1,194.0,29.8,23.9,76.3,1.0,1.0,5.0,Si,0.194,298.0,Tomatoes,Quindio,8.6,6.0,8.6,6.0
2024-11-20,62,T20_N2P1K0,,,,,,1.0,0.108,200.0,60.3,0.0,,,,,,,,,,,,,,,63.66182836771072,,,,,,,,,,,,,,,,,Tomate ,Quindío,8.1,6.0,8.1,6.0
2024-11-20,63,T20_N2P1K0,,,,,,6.0,0.904,250.0,71.0,0.0,,,,,,,,,,,,,,,79.5772854596384,,,,,,,,,,,,,,,,,Tomate ,Quindío,7.6,6.0,7.6,6.0
2024-11-20,64,T18_N1P2K2,,,56.1,13.0,3.0,1.0,0.132,205.0,60.0,0.0,5.7,3800.0,59.0,44.0,660.0,9.33,,5.8,23.0,23.0,2.0,22.0,0.144,,65.25337407690348,,,,6.25,46.6,23.1,178.0,27.6,24.0,78.7,1.0,1.0,5.0,Si,0.178,276.0,Tomatoes,Quindio,6.4,6.0,6.4,6.0
2024-11-20,65,T18_N1P2K2,,,,,,1.0,0.703,220.0,70.0,0.0,,,,,,,,,,,,,,,70.0280112044818,,,,,,,,,,,,,,,,,Tomate ,Quindío,5.9,6.0,5.9,6.0
2024-11-20,66,T18_N1P2K2,,,,,,0.0,0.0,0.0,0.0,0.0,,,,,,,,,,,,,,,0.0,,,,,,,,,,,,,,,,,Tomate ,Quindío,5.4,6.0,5.4,6.0
2024-11-20,67,T29_BIO N1P1K1,,,55.6,15.0,3.0,1.0,0.605,220.0,68.0,0.0,5.8,3600.0,73.0,45.0,690.0,8.89,,6.7,5.0,23.0,3.0,10.0,0.091,,70.0280112044818,,,,6.29,35.1,23.1,304.0,27.4,24.2,75.7,1.0,1.0,5.0,Si,0.304,274.0,Tomatoes,Quindio,4.2,6.0,4.2,6.0
2024-11-20,68,T29_BIO N1P1K1,,,,,,3.0,0.409,210.0,68.0,0.0,,,,,,,,,,,,,,,66.84491978609626,,,,,,,,,,,,,,,,,Tomate ,Quindío,3.7,6.0,3.7,6.0
2024-11-20,69,T29_BIO N1P1K1,,,,,,0.0,0.0,0.0,0.0,0.0,,,,,,,,,,,,,,,0.0,,,,,,,,,,,,,,,,,Tomate ,Quindío,3.2,6.0,3.2,6.0
2024-11-20,70,T25_N2P1K2,,,56.6,15.0,2.0,0.0,0.0,0.0,0.0,0.0,5.8,3200.0,67.0,45.0,460.0,8.01,,6.4,18.0,33.0,2.0,6.0,0.131,,0.0,,,,6.18,47.5,23.9,250.0,24.8,24.7,77.2,1.0,1.0,5.0,Si,0.25,248.0,Tomatoes,Quindio,2.0,6.0,2.0,6.0
2024-11-20,71,T25_N2P1K2,,,,,,0.0,0.0,0.0,0.0,0.0,,,,,,,,,,,,,,,0.0,,,,,,,,,,,,,,,,,Tomate ,Quindío,1.5,6.0,1.5,6.0
2024-11-20,72,T25_N2P1K2,,,,,,2.0,0.299,20.5,65.1,0.0,,,,,,,,,,,,,,,6.5253374076903485,,,,,,,,,,,,,,,,,Tomate ,Quindío,1.0,6.0,1.0,6.0
2024-11-20,73,T19_N2P0K0,,,,,,2.0,0.523,250.0,80.2,0.0,,,,,,,,,,,,,,,79.5772854596384,,,,,,,,,,,,,,,,,Tomate ,Quindío,1.0,7.2,1.0,7.2
2024-11-20,74,T19_N2P0K0,,,,,,3.0,0.485,235.0,70.3,0.0,,,,,,,,,,,,,,,74.8026483320601,,,,,,,,,,,,,,,,,Tomate ,Quindío,1.5,7.2,1.5,7.2
2024-11-20,75,T19_N2P0K0,,,48.8,7.0,0.0,1.0,0.045,205.0,60.7,0.0,5.6,3000.0,140.0,48.0,430.0,8.34,,7.3,1.0,35.0,1.0,10.0,0.091,,65.25337407690348,,,,6.32,31.6,23.9,331.0,26.3,24.6,78.2,1.0,1.0,5.0,Si,0.331,263.0,Tomatoes,Quindio,2.0,7.2,2.0,7.2
2024-11-20,76,T2_N0P1K0,,,,,,3.0,0.584,230.0,78.9,0.0,,,,,,,,,,,,,,,73.21110262286733,,,,,,,,,,,,,,,,,Tomate ,Quindío,3.2,7.2,3.2,7.2
2024-11-20,77,T2_N0P1K0,,,,,,3.0,0.284,180.0,60.1,0.0,,,,,,,,,,,,,,,57.29564553093965,,,,,,,,,,,,,,,,,Tomate ,Quindío,3.7,7.2,3.7,7.2
2024-11-20,78,T2_N0P1K0,,,,,,0.0,0.0,0.0,0.0,0.0,,,,,,,,,,,,,,,0.0,,,,,,,,,,,,,,,,,Tomate ,Quindío,4.2,7.2,4.2,7.2
2024-11-20,79,T6_N0P1K1,,,,,,8.0,1.316,220.0,70.0,0.0,,,,,,,,,,,,,,,70.0280112044818,,,,,,,,,,,,,,,,,Tomate ,Quindío,5.4,7.2,5.4,7.2
2024-11-20,80,T6_N0P1K1,,,,,,5.0,0.635,205.0,72.0,0.0,,,,,,,,,,,,,,,65.25337407690348,,,,,,,,,,,,,,,,,Tomate ,Quindío,5.9,7.2,5.9,7.2
2024-11-20,81,T6_N0P1K1,,,58.6,16.0,3.0,4.0,0.602,215.0,69.0,0.0,5.8,3200.0,65.0,46.0,650.0,8.44,,5.6,50.0,40.0,2.0,20.0,0.226,,68.43646549528903,,,,6.4,49.2,23.1,122.0,28.0,24.1,79.1,1.0,1.0,5.0,Si,0.122,280.0,Tomatoes,Quindio,6.4,7.2,6.4,7.2
2024-11-20,82,T17_N1P2K1,,,,,,4.0,0.553,210.0,69.5,0.0,,,,,,,,,,,,,,,66.84491978609626,,,,,,,,,,,,,,,,,Tomate ,Quindío,7.6,7.2,7.6,7.2
2024-11-20,83,T17_N1P2K1,,,,,,4.0,0.617,210.0,72.5,0.0,,,,,,,,,,,,,,,66.84491978609626,,,,,,,,,,,,,,,,,Tomate ,Quindío,8.1,7.2,8.1,7.2
2024-11-20,84,T17_N1P2K1,,,54.8,11.0,0.0,6.0,1.007,215.0,68.5,0.0,5.6,3300.0,250.0,37.0,520.0,9.52,,6.5,18.0,34.0,3.0,12.0,0.095,,68.43646549528903,,,,6.26,50.7,23.1,227.0,27.3,23.8,79.1,1.0,1.0,5.0,Si,0.227,273.0,Tomatoes,Quindio,8.6,7.2,8.6,7.2
2024-11-20,85,T11_N1P1K0,,,50.6,14.0,2.0,5.0,0.55,215.0,73.0,3.0,5.5,3300.0,100.0,47.0,790.0,8.56,,7.0,11.0,7.0,1.0,13.0,0.059,,68.43646549528903,,,,9.0,37.2,23.1,243.0,24.6,24.0,77.1,1.0,1.0,5.0,Si,0.243,246.0,Tomatoes,Quindio,8.6,8.4,8.6,8.4
2024-11-20,86,T11_N1P1K0,,,,,,3.0,0.631,225.0,82.0,1.0,,,,,,,,,,,,,,,71.61955691367456,,,,,,,,,,,,,,,,,Tomate ,Quindío,8.1,8.4,8.1,8.4
2024-11-20,87,T11_N1P1K0,,,,,,3.0,0.373,205.0,63.5,2.0,,,,,,,,,,,,,,,65.25337407690348,,,,,,,,,,,,,,,,,Tomate ,Quindío,7.6,8.4,7.6,8.4
2024-11-20,88,T8_N0P2K1,,,57.8,12.0,0.0,2.0,0.417,235.0,66.0,0.0,5.7,3600.0,120.0,57.0,380.0,9.73,,7.1,7.0,18.0,2.0,10.0,0.075,,74.8026483320601,,,,6.34,45.7,23.1,133.0,23.6,24.1,76.3,1.0,1.0,5.0,Si,0.133,236.0,Tomatoes,Quindio,6.4,8.4,6.4,8.4
2024-11-20,89,T8_N0P2K1,,,,,,4.0,0.721,265.0,63.3,0.0,,,,,,,,,,,,,,,84.3519225872167,,,,,,,,,,,,,,,,,Tomate ,Quindío,5.9,8.4,5.9,8.4
2024-11-20,90,T8_N0P2K1,,,,,,1.0,0.123,195.0,69.5,1.0,,,,,,,,,,,,,,,62.070282658517954,,,,,,,,,,,,,,,,,Tomate ,Quindío,5.4,8.4,5.4,8.4
2024-11-20,91,T9_N0P2K2,,,,,,0.0,0.0,0.0,0.0,0.0,,,,,,,,,,,,,,,0.0,,,,6.53,36.9,23.1,44.0,12.7,24.6,73.5,1.0,1.0,5.0,Si,0.044,127.0,Tomatoes,Quindio,4.2,8.4,4.2,8.4
2024-11-20,92,T9_N0P2K2,,,,,,3.0,0.396,205.0,76.3,0.0,,,,,,,,,,,,,,,65.25337407690348,,,,,,,,,,,,,,,,,Tomate ,Quindío,3.7,8.4,3.7,8.4
2024-11-20,93,T9_N0P2K2,,,,,,0.0,0.0,0.0,0.0,0.0,,,,,,,,,,,,,,,0.0,,,,,,,,,,,,,,,,,Tomate ,Quindío,3.2,8.4,3.2,8.4
2024-11-20,94,T13_N1P0K1,,,,,,3.0,0.335,190.0,72.0,0.0,,,,,,,,,,,,,,,60.47873694932519,,,,6.27,45.6,23.5,123.0,16.0,24.8,75.3,1.0,1.0,5.0,Si,0.123,160.0,Tomatoes,Quindio,2.0,8.4,2.0,8.4
2024-11-20,95,T13_N1P0K1,,,,,,2.0,0.273,205.0,65.3,0.0,,,,,,,,,,,,,,,65.25337407690348,,,,,,,,,,,,,,,,,Tomate ,Quindío,1.5,8.4,1.5,8.4
2024-11-20,96,T13_N1P0K1,,,,,,0.0,0.0,0.0,0.0,0.0,,,,,,,,,,,,,,,0.0,,,,,,,,,,,,,,,,,Tomate ,Quindío,1.0,8.4,1.0,8.4
2024-11-20,97,T26_N2P2K1,,,,,,1.0,0.164,215.0,78.1,0.0,,,,,,,,,,,,,,,68.43646549528903,,,,,,,,,,,,,,,,,Tomate ,Quindío,1.0,9.6,1.0,9.6
2024-11-20,98,T26_N2P2K1,,,,,,0.0,0.0,0.0,0.0,0.0,,,,,,,,,,,,,,,0.0,,,,,,,,,,,,,,,,,Tomate ,Quindío,1.5,9.6,1.5,9.6
2024-11-20,99,T26_N2P2K1,,,,,,1.0,0.105,195.0,62.0,0.0,,,,,,,,,,,,,,,62.070282658517954,,,,6.47,34.2,23.5,399.0,19.0,24.8,76.2,1.0,1.0,5.0,Si,0.399,190.0,Tomatoes,Quindio,2.0,9.6,2.0,9.6
2024-11-20,100,T16_N1P1K2,,,,,,5.0,0.67,205.0,70.0,0.0,,,,,,,,,,,,,,,65.25337407690348,,,,,,,,,,,,,,,,,Tomate ,Quindío,3.2,9.6,3.2,9.6
2024-11-20,101,T16_N1P1K2,,,,,,2.0,0.238,195.0,62.0,0.0,,,,,,,,,,,,,,,62.070282658517954,,,,,,,,,,,,,,,,,Tomate ,Quindío,3.7,9.6,3.7,9.6
2024-11-20,102,T16_N1P1K2,,,,,,2.0,0.226,200.0,65.0,0.0,,,,,,,,,,,,,,,63.66182836771072,,,,6.32,28.1,23.2,330.0,15.0,24.7,75.0,1.0,1.0,5.0,Si,0.33,150.0,Tomatoes,Quindio,4.2,9.6,4.2,9.6
2024-11-20,103,T10_N1P0K0,,,,,,2.0,0.321,200.0,67.0,0.0,,,,,,,,,,,,,,,63.66182836771072,,,,,,,,,,,,,,,,,Tomate ,Quindío,5.4,9.6,5.4,9.6
2024-11-20,104,T10_N1P0K0,,,,,,1.0,0.226,23.5,73.1,0.0,,,,,,,,,,,,,,,7.48026483320601,,,,,,,,,,,,,,,,,Tomate ,Quindío,5.9,9.6,5.9,9.6
2024-11-20,105,T10_N1P0K0,,,,,,1.0,0.114,190.0,69.0,0.0,,,,,,,,,,,,,,,60.47873694932519,,,,6.48,33.3,23.1,32.0,15.7,24.3,77.4,1.0,1.0,5.0,Si,0.032,157.0,Tomatoes,Quindio,6.4,9.6,6.4,9.6
2024-11-20,106,T22_N2P0K1,,,,,,0.0,0.0,0.0,0.0,0.0,,,,,,,,,,,,,,,0.0,,,,,,,,,,,,,,,,,Tomate ,Quindío,7.6,9.6,7.6,9.6
2024-11-20,107,T22_N2P0K1,,,,,,1.0,0.157,215.0,68.1,0.0,,,,,,,,,,,,,,,68.43646549528903,,,,,,,,,,,,,,,,,Tomate ,Quindío,8.1,9.6,8.1,9.6
2024-11-20,108,T22_N2P0K1,,,,,,0.0,0.0,0.0,0.0,0.0,,,,,,,,,,,,,,,0.0,,,,6.45,43.6,23.1,217.0,25.2,23.8,78.1,1.0,1.0,5.0,Si,0.217,252.0,Tomatoes,Quindio,8.6,9.6,8.6,9.6
2024-11-20,109,T12_N1P2K0,,,,,,0.0,0.0,0.0,0.0,0.0,,,,,,,,,,,,,,,0.0,,,,6.46,27.1,23.5,41.0,26.7,23.8,76.7,1.0,1.0,5.0,Si,0.041,267.0,Tomatoes,Quindio,8.6,10.8,8.6,10.8
2024-11-20,110,T12_N1P2K0,,,,,,2.0,0.26,190.0,69.0,0.0,,,,,,,,,,,,,,,60.47873694932519,,,,,,,,,,,,,,,,,Tomate ,Quindío,8.1,10.8,8.1,10.8
2024-11-20,111,T12_N1P2K0,,,,,,5.0,0.798,205.0,76.0,0.0,,,,,,,,,,,,,,,65.25337407690348,,,,,,,,,,,,,,,,,Tomate ,Quindío,7.6,10.8,7.6,10.8
2024-11-20,112,T28_BIO-N0P0K0,,,,,,3.0,0.617,220.0,74.9,0.0,,,,,,,,,,,,,,,70.0280112044818,,,,6.56,20.6,24.3,19.0,16.0,23.7,78.6,1.0,1.0,5.0,Si,0.019,160.0,Tomatoes,Quindio,6.4,10.8,6.4,10.8
2024-11-20,113,T28_BIO-N0P0K0,,,,,,0.0,0.0,0.0,0.0,1.0,,,,,,,,,,,,,,,0.0,,,,,,,,,,,,,,,,,Tomate ,Quindío,5.9,10.8,5.9,10.8
2024-11-20,114,T28_BIO-N0P0K0,,,,,,3.0,0.298,175.0,69.3,0.0,,,,,,,,,,,,,,,55.70409982174688,,,,,,,,,,,,,,,,,Tomate ,Quindío,5.4,10.8,5.4,10.8
2024-11-20,115,T1_N0P0K0,,,,,,5.0,0.948,220.0,75.9,0.0,,,,,,,,,,,,,,,70.0280112044818,,,,6.54,29.8,23.9,29.0,15.7,23.6,78.7,1.0,1.0,5.0,Si,0.029,157.0,Tomatoes,Quindio,4.2,10.8,4.2,10.8
2024-11-20,116,T1_N0P0K0,,,,,,2.0,0.304,210.0,66.0,0.0,,,,,,,,,,,,,,,66.84491978609626,,,,,,,,,,,,,,,,,Tomate ,Quindío,3.7,10.8,3.7,10.8
2024-11-20,117,T1_N0P0K0,,,,,,3.0,0.373,170.0,58.0,0.0,,,,,,,,,,,,,,,54.112554112554115,,,,,,,,,,,,,,,,,Tomate ,Quindío,3.2,10.8,3.2,10.8
2024-11-20,118,T14_N1P0K2,,,,,,1.0,0.096,180.0,68.5,1.0,,,,,,,,,,,,,,,57.29564553093965,,,,6.45,21.9,24.3,33.0,13.9,23.4,77.3,1.0,1.0,5.0,Si,0.033,139.0,Tomatoes,Quindio,2.0,10.8,2.0,10.8
2024-11-20,119,T14_N1P0K2,,,,,,1.0,0.211,245.0,72.0,1.0,,,,,,,,,,,,,,,77.98573975044563,,,,,,,,,,,,,,,,,Tomate ,Quindío,1.5,10.8,1.5,10.8
2024-11-20,120,T14_N1P0K2,,,,,,5.0,0.649,21.0,63.0,0.0,,,,,,,,,,,,,,,6.684491978609626,,,,,,,,,,,,,,,,,Tomate ,Quindío,1.0,10.8,1.0,10.8
2024-11-20,121,T5_N0P0K2,,,,,,0.0,0.0,0.0,0.0,0.0,,,,,,,,,,,,,,,0.0,,,,,,,,,,,,,,,,,Tomate ,Quindío,1.0,12.0,1.0,12.0
2024-11-20,122,T5_N0P0K2,,,,,,1.0,0.175,230.0,71.5,0.0,,,,,,,,,,,,,,,73.21110262286733,,,,,,,,,,,,,,,,,Tomate ,Quindío,1.5,12.0,1.5,12.0
2024-11-20,123,T5_N0P0K2,,,,,,1.0,0.149,210.0,66.5,0.0,,,,,,,,,,,,,,,66.84491978609626,,,,6.01,23.2,24.3,33.0,14.6,23.4,80.1,1.0,1.0,5.0,Si,0.033,146.0,Tomatoes,Quindio,2.0,12.0,2.0,12.0
2024-11-20,124,T30_BIO N2P2K2,,,,,,4.0,0.484,205.0,66.0,0.0,,,,,,,,,,,,,,,65.25337407690348,,,,,,,,,,,,,,,,,Tomate ,Quindío,3.2,12.0,3.2,12.0
2024-11-20,125,T30_BIO N2P2K2,,,,,,3.0,0.353,180.0,65.0,2.0,,,,,,,,,,,,,,,57.29564553093965,,,,,,,,,,,,,,,,,Tomate ,Quindío,3.7,12.0,3.7,12.0
2024-11-20,126,T30_BIO N2P2K2,,,,,,0.0,0.0,0.0,0.0,0.0,,,,,,,,,,,,,,,0.0,,,,6.52,29.9,23.9,18.0,16.0,23.5,78.5,1.0,1.0,5.0,Si,0.018,160.0,Tomatoes,Quindio,4.2,12.0,4.2,12.0
2024-11-20,127,T3_N0P2K0,,,,,,0.0,0.0,0.0,0.0,1.0,,,,,,,,,,,,,,,0.0,,,,,,,,,,,,,,,,,Tomate ,Quindío,5.4,12.0,5.4,12.0
2024-11-20,128,T3_N0P2K0,,,,,,0.0,0.0,0.0,0.0,2.0,,,,,,,,,,,,,,,0.0,,,,,,,,,,,,,,,,,Tomate ,Quindío,5.9,12.0,5.9,12.0
2024-11-20,129,T3_N0P2K0,,,,,,1.0,0.131,200.0,68.5,1.0,,,,,,,,,,,,,,,63.66182836771072,,,,6.35,26.4,24.3,28.0,18.3,23.7,77.7,1.0,1.0,5.0,Si,0.028,183.0,Tomatoes,Quindio,6.4,12.0,6.4,12.0
2024-11-20,130,T7_N0P1K2,,,,,,0.0,0.0,0.0,0.0,0.0,,,,,,,,,,,,,,,0.0,,,,,,,,,,,,,,,,,Tomate ,Quindío,7.6,12.0,7.6,12.0
2024-11-20,131,T7_N0P1K2,,,,,,1.0,0.143,220.0,61.0,0.0,,,,,,,,,,,,,,,70.0280112044818,,,,,,,,,,,,,,,,,Tomate ,Quindío,8.1,12.0,8.1,12.0
2024-11-20,132,T7_N0P1K2,,,,,,0.0,0.0,0.0,0.0,0.0,,,,,,,,,,,,,,,0.0,,,,6.58,31.9,23.9,80.0,27.0,23.8,78.0,1.0,1.0,5.0,Si,0.08,270.0,Tomatoes,Quindio,8.6,12.0,8.6,12.0
2024-11-20,133,T21_N2P2K0,,,,,,0.0,0.0,0.0,0.0,0.0,,,,,,,,,,,,,,,0.0,,,,,,,,,,,,,,,,,Tomate ,Quindío,8.6,13.2,8.6,13.2
2024-11-20,134,T21_N2P2K0,,,,,,2.0,0.232,190.0,61.3,2.0,,,,,,,,,,,,,,,60.47873694932519,,,,,,,,,,,,,,,,,Tomate ,Quindío,8.1,13.2,8.1,13.2
2024-11-20,135,T21_N2P2K0,,,,,,0.0,0.0,0.0,0.0,0.0,,,,,,,,,,,,,,,0.0,,,,,,,,,,,,,,,,,Tomate ,Quindío,7.6,13.2,7.6,13.2
2024-11-20,136,T23_N2P0K2,,,,,,2.0,0.353,225.0,68.0,1.0,,,,,,,,,,,,,,,71.61955691367456,,,,6.35,28.5,23.9,45.0,15.3,23.2,80.0,1.0,1.0,5.0,Si,0.045,153.0,Tomatoes,Quindio,6.4,13.2,6.4,13.2
2024-11-20,137,T23_N2P0K2,,,,,,2.0,0.258,205.0,62.0,0.0,,,,,,,,,,,,,,,65.25337407690348,,,,,,,,,,,,,,,,,Tomate ,Quindío,5.9,13.2,5.9,13.2
2024-11-20,138,T23_N2P0K2,,,,,,3.0,0.526,215.0,74.3,0.0,,,,,,,,,,,,,,,68.43646549528903,,,,,,,,,,,,,,,,,Tomate ,Quindío,5.4,13.2,5.4,13.2
2024-11-20,139,T20_N2P1K0,,,,,,0.0,0.0,0.0,0.0,0.0,,,,,,,,,,,,,,,0.0,,,,6.29,29.6,23.9,38.0,17.1,23.3,78.9,1.0,1.0,5.0,Si,0.038,171.0,Tomatoes,Quindio,4.2,13.2,4.2,13.2
2024-11-20,140,T20_N2P1K0,,,,,,4.0,0.517,200.0,66.9,0.0,,,,,,,,,,,,,,,63.66182836771072,,,,,,,,,,,,,,,,,Tomate ,Quindío,3.7,13.2,3.7,13.2
2024-11-20,141,T20_N2P1K0,,,,,,4.0,0.558,200.0,66.8,0.0,,,,,,,,,,,,,,,63.66182836771072,,,,,,,,,,,,,,,,,Tomate ,Quindío,3.2,13.2,3.2,13.2
2024-11-20,142,T18_N1P2K2,,,,,,3.0,0.509,235.0,72.5,0.0,,,,,,,,,,,,,,,74.8026483320601,,,,6.36,29.1,23.9,23.0,16.9,23.3,80.0,1.0,1.0,5.0,Si,0.023,169.0,Tomatoes,Quindio,2.0,13.2,2.0,13.2
2024-11-20,143,T18_N1P2K2,,,,,,1.0,0.098,180.0,61.0,0.0,,,,,,,,,,,,,,,57.29564553093965,,,,,,,,,,,,,,,,,Tomate ,Quindío,1.5,13.2,1.5,13.2
2024-11-20,144,T18_N1P2K2,,,,,,0.0,0.0,0.0,0.0,0.0,,,,,,,,,,,,,,,0.0,,,,,,,,,,,,,,,,,Tomate ,Quindío,1.0,13.2,1.0,13.2
2024-11-20,145,T6_N0P1K1,,,,,,4.0,0.344,180.0,63.8,0.0,,,,,,,,,,,,,,,57.29564553093965,,,,,,,,,,,,,,,,,Tomate ,Quindío,1.0,14.4,1.0,14.4
2024-11-20,146,T6_N0P1K1,,,,,,2.0,0.175,175.0,54.9,0.0,,,,,,,,,,,,,,,55.70409982174688,,,,,,,,,,,,,,,,,Tomate ,Quindío,1.5,14.4,1.5,14.4
2024-11-20,147,T6_N0P1K1,,,,,,2.0,0.277,210.0,71.3,0.0,,,,,,,,,,,,,,,66.84491978609626,,,,7.18,28.1,24.3,54.0,16.7,23.3,75.7,1.0,1.0,5.0,Si,0.054,167.0,Tomatoes,Quindio,2.0,14.4,2.0,14.4
2024-11-20,148,T17_N1P2K1,,,,,,2.0,0.483,250.0,66.0,0.0,,,,,,,,,,,,,,,79.5772854596384,,,,,,,,,,,,,,,,,Tomate ,Quindío,3.2,14.4,3.2,14.4
2024-11-20,149,T17_N1P2K1,,,,,,0.0,0.0,0.0,0.0,0.0,,,,,,,,,,,,,,,0.0,,,,,,,,,,,,,,,,,Tomate ,Quindío,3.7,14.4,3.7,14.4
2024-11-20,150,T17_N1P2K1,,,,,,1.0,0.286,260.0,85.0,0.0,,,,,,,,,,,,,,,82.76037687802393,,,,,,,,,,,,,,,,,Tomate ,Quindío,4.2,14.4,4.2,14.4
2024-11-20,151,T25_N2P1K2,,,,,,1.0,0.177,220.0,71.9,0.0,,,,,,,,,,,,,,,70.0280112044818,,,,,,,,,,,,,,,,,Tomate ,Quindío,5.4,14.4,5.4,14.4
2024-11-20,152,T25_N2P1K2,,,,,,0.0,0.0,0.0,0.0,0.0,,,,,,,,,,,,,,,0.0,,,,,,,,,,,,,,,,,Tomate ,Quindío,5.9,14.4,5.9,14.4
2024-11-20,153,T25_N2P1K2,,,,,,0.0,0.0,0.0,0.0,0.0,,,,,,,,,,,,,,,0.0,,,,6.4,22.9,23.9,63.0,13.9,23.1,77.6,1.0,1.0,5.0,Si,0.063,139.0,Tomatoes,Quindio,6.4,14.4,6.4,14.4
2024-11-20,154,T29_BIO N1P1K1,,,,,,0.0,0.0,0.0,0.0,0.0,,,,,,,,,,,,,,,0.0,,,,,,,,,,,,,,,,,Tomate ,Quindío,7.6,14.4,7.6,14.4
2024-11-20,155,T29_BIO N1P1K1,,,,,,5.0,0.571,210.0,70.0,0.0,,,,,,,,,,,,,,,66.84491978609626,,,,,,,,,,,,,,,,,Tomate ,Quindío,8.1,14.4,8.1,14.4
2024-11-20,156,T29_BIO N1P1K1,,,,,,5.0,0.638,210.0,70.3,0.0,,,,,,,,,,,,,,,66.84491978609626,,,,6.4,23.2,23.9,23.0,16.2,22.9,76.1,1.0,1.0,5.0,Si,0.023,162.0,Tomatoes,Quindio,8.6,14.4,8.6,14.4
2024-11-20,157,T2_N0P1K0,,,,,,1.0,0.154,215.0,70.0,0.0,,,,,,,,,,,,,,,68.43646549528903,,,,6.6,29.8,23.5,17.0,16.8,22.9,78.2,1.0,1.0,5.0,Si,0.017,168.0,Tomatoes,Quindio,8.6,15.6,8.6,15.6
2024-11-20,158,T2_N0P1K0,,,,,,3.0,0.486,210.0,68.9,0.0,,,,,,,,,,,,,,,66.84491978609626,,,,,,,,,,,,,,,,,Tomate ,Quindío,8.1,15.6,8.1,15.6
2024-11-20,159,T2_N0P1K0,,,,,,1.0,0.123,195.0,66.1,0.0,,,,,,,,,,,,,,,62.070282658517954,,,,,,,,,,,,,,,,,Tomate ,Quindío,7.6,15.6,7.6,15.6
2024-11-20,160,T19_N2P0K0,,,,,,3.0,0.436,220.0,66.0,3.0,,,,,,,,,,,,,,,70.0280112044818,,,,6.36,25.9,23.5,170.0,19.7,22.9,78.7,1.0,1.0,5.0,Si,0.17,197.0,Tomatoes,Quindio,6.4,15.6,6.4,15.6
2024-11-20,161,T19_N2P0K0,,,,,,1.0,0.16,220.0,65.0,3.0,,,,,,,,,,,,,,,70.0280112044818,,,,,,,,,,,,,,,,,Tomate ,Quindío,5.9,15.6,5.9,15.6
2024-11-20,162,T19_N2P0K0,,,,,,0.0,0.0,0.0,0.0,0.0,,,,,,,,,,,,,,,0.0,,,,,,,,,,,,,,,,,Tomate ,Quindío,5.4,15.6,5.4,15.6
2024-11-20,163,T8_N0P2K1,,,,,,2.0,0.252,195.0,68.3,0.0,,,,,,,,,,,,,,,62.070282658517954,,,,6.47,31.6,23.5,181.0,36.0,23.1,78.8,1.0,1.0,5.0,Si,0.181,360.0,Tomatoes,Quindio,4.2,15.6,4.2,15.6
2024-11-20,164,T8_N0P2K1,,,,,,0.0,0.0,0.0,0.0,0.0,,,,,,,,,,,,,,,0.0,,,,,,,,,,,,,,,,,Tomate ,Quindío,3.7,15.6,3.7,15.6
2024-11-20,165,T8_N0P2K1,,,,,,2.0,0.146,165.0,56.0,0.0,,,,,,,,,,,,,,,52.52100840336134,,,,,,,,,,,,,,,,,Tomate ,Quindío,3.2,15.6,3.2,15.6
2024-11-20,166,T15_N1P1K1,,,,,,0.0,0.0,0.0,0.0,0.0,,,,,,,,,,,,,,,0.0,,,,6.33,36.3,23.5,162.0,27.9,23.4,75.7,1.0,1.0,5.0,Si,0.162,279.0,Tomatoes,Quindio,2.0,15.6,2.0,15.6
2024-11-20,167,T15_N1P1K1,,,,,,4.0,0.597,205.0,68.9,0.0,,,,,,,,,,,,,,,65.25337407690348,,,,,,,,,,,,,,,,,Tomate ,Quindío,1.5,15.6,1.5,15.6
2024-11-20,168,T15_N1P1K1,,,,,,2.0,0.315,215.0,59.5,0.0,,,,,,,,,,,,,,,68.43646549528903,,,,,,,,,,,,,,,,,Tomate ,Quindío,1.0,15.6,1.0,15.6
2024-11-20,169,T24_N2P1K1,,,,,,3.0,0.375,210.0,68.5,0.0,,,,,,,,,,,,,,,66.84491978609626,,,,,,,,,,,,,,,,,Tomate ,Quindío,1.0,16.8,1.0,16.8
2024-11-20,170,T24_N2P1K1,,,,,,1.0,0.164,220.0,66.3,0.0,,,,,,,,,,,,,,,70.0280112044818,,,,,,,,,,,,,,,,,Tomate ,Quindío,1.5,16.8,1.5,16.8
2024-11-20,171,T24_N2P1K1,,,51.9,11.0,1.0,3.0,0.623,225.0,67.0,0.0,,,,,,,,7.1,34.0,38.0,2.0,13.0,0.16,,71.61955691367456,,,,6.34,46.0,23.9,141.0,38.7,23.7,79.5,1.0,1.0,5.0,Si,0.141,387.0,Tomatoes,Quindio,2.0,16.8,2.0,16.8
2024-11-20,172,T11_N1P1K0,,,,,,4.0,0.672,225.0,70.0,0.0,,,,,,,,,,,,,,,71.61955691367456,,,,,,,,,,,,,,,,,Tomate ,Quindío,3.2,16.8,3.2,16.8
2024-11-20,173,T11_N1P1K0,,,,,,2.0,0.313,210.0,68.0,0.0,,,,,,,,,,,,,,,66.84491978609626,,,,,,,,,,,,,,,,,Tomate ,Quindío,3.7,16.8,3.7,16.8
2024-11-20,174,T11_N1P1K0,,,,,,1.0,0.174,205.0,80.0,0.0,,,,,,,,,,,,,,,65.25337407690348,,,,6.7,36.8,23.5,279.0,25.9,23.0,79.0,1.0,1.0,5.0,Si,0.279,259.0,Tomatoes,Quindio,4.2,16.8,4.2,16.8
2024-11-20,175,T27_N2P2K2,,,,,,6.0,1.116,235.0,76.3,0.0,,,,,,,,,,,,,,,74.8026483320601,,,,,,,,,,,,,,,,,Tomate ,Quindío,5.4,16.8,5.4,16.8
2024-11-20,176,T27_N2P2K2,,,,,,2.0,0.299,205.0,70.0,0.0,,,,,,,,,,,,,,,65.25337407690348,,,,,,,,,,,,,,,,,Tomate ,Quindío,5.9,16.8,5.9,16.8
2024-11-20,177,T27_N2P2K2,,,,,,0.0,0.0,0.0,0.0,0.0,,,,,,,,,,,,,,,0.0,,,,6.33,27.5,23.5,104.0,17.1,22.9,77.6,1.0,1.0,5.0,Si,0.104,171.0,Tomatoes,Quindio,6.4,16.8,6.4,16.8
2024-11-20,178,T4_N0P0K1,,,,,,4.0,0.508,210.0,75.0,0.0,,,,,,,,,,,,,,,66.84491978609626,,,,,,,,,,,,,,,,,Tomate ,Quindío,7.6,16.8,7.6,16.8
2024-11-20,179,T4_N0P0K1,,,,,,2.0,0.204,185.0,59.0,0.0,,,,,,,,,,,,,,,58.88719124013242,,,,,,,,,,,,,,,,,Tomate ,Quindío,8.1,16.8,8.1,16.8
2024-11-20,180,T4_N0P0K1,,,,,,4.0,0.688,180.0,64.0,0.0,,,,,,,,,,,,,,,57.29564553093965,,,,6.57,36.5,23.5,104.0,17.5,22.9,78.9,1.0,1.0,5.0,Si,0.104,175.0,Tomatoes,Quindio,8.6,16.8,8.6,16.8
2024-11-27,1,T27_N2P2K2,,,,,,7.0,0.917,215.0,70.5,2.0,,,,,,,,,,,,,,,68.43646549528903,,,,,,,,,,,,,,,,,Tomate ,Quindío,1.0,0.0,1.0,0.0
2024-11-27,2,T27_N2P2K2,,,,,,0.0,0.0,0.0,0.0,3.0,,,,,,,,,,,,,,,0.0,,,,,,,,,,,,,,,,,Tomate ,Quindío,1.5,0.0,1.5,0.0
2024-11-27,3,T27_N2P2K2,,,,,,5.0,0.558,195.0,70.3,0.0,,,,,,,,,,,,,,,62.070282658517954,,,,6.2,35.7,27.6,134.0,13.1,27.9,63.6,1.0,1.0,5.0,Si,0.134,131.0,Tomatoes,Quindio,2.0,0.0,2.0,0.0
2024-11-27,4,T24_N2P1K1,,,,,,3.0,0.602,200.0,60.4,1.0,,,,,,,,,,,,,,,63.66182836771072,,,,,,,,,,,,,,,,,Tomate ,Quindío,3.2,0.0,3.2,0.0
2024-11-27,5,T24_N2P1K1,,,,,,2.0,0.255,200.0,60.2,1.0,,,,,,,,,,,,,,,63.66182836771072,,,,,,,,,,,,,,,,,Tomate ,Quindío,3.7,0.0,3.7,0.0
2024-11-27,6,T24_N2P1K1,,,,,,0.0,0.0,0.0,0.0,0.0,,,,,,,,,,,,,,,0.0,,,,6.37,28.0,27.2,45.0,14.3,27.7,63.8,1.0,1.0,5.0,Si,0.045,143.0,Tomatoes,Quindio,4.2,0.0,4.2,0.0
2024-11-27,7,T4_N0P0K1,,,,,,0.0,0.0,0.0,0.0,0.0,,,,,,,,,,,,,,,0.0,,,,,,,,,,,,,,,,,Tomate ,Quindío,5.4,0.0,5.4,0.0
2024-11-27,8,T4_N0P0K1,,,,,,0.0,0.0,0.0,0.0,1.0,,,,,,,,,,,,,,,0.0,,,,,,,,,,,,,,,,,Tomate ,Quindío,5.9,0.0,5.9,0.0
2024-11-27,9,T4_N0P0K1,,,,,,0.0,0.0,0.0,0.0,0.0,,,,,,,,,,,,,,,0.0,,,,6.11,46.8,27.2,58.0,14.3,27.3,65.0,1.0,1.0,5.0,Si,0.058,143.0,Tomatoes,Quindio,6.4,0.0,6.4,0.0
2024-11-27,10,T15_N1P1K1,,,,,,4.0,0.432,190.0,60.1,0.0,,,,,,,,,,,,,,,60.47873694932519,,,,,,,,,,,,,,,,,Tomate ,Quindío,7.6,0.0,7.6,0.0
2024-11-27,11,T15_N1P1K1,,,,,,2.0,0.223,180.0,60.0,0.0,,,,,,,,,,,,,,,57.29564553093965,,,,,,,,,,,,,,,,,Tomate ,Quindío,8.1,0.0,8.1,0.0
2024-11-27,12,T15_N1P1K1,,,55.5,13.0,4.0,2.0,0.301,205.0,70.2,0.0,5.33,3400.0,190.0,53.0,300.0,7.99,,6.74,9.0,13.0,5.0,31.0,0.08,,65.25337407690348,,,,6.33,41.8,27.6,65.0,13.2,26.8,68.4,1.0,1.0,5.0,Si,0.065,132.0,Tomatoes,Quindio,8.6,0.0,8.6,0.0
2024-11-27,13,T9_N0P2K2,,,,,,2.0,0.273,210.0,60.1,0.0,,,,,,,,,,,,,,,66.84491978609626,,,,6.29,39.5,27.6,68.0,13.9,26.6,66.9,1.0,1.0,5.0,Si,0.068,139.0,Tomatoes,Quindio,8.6,1.2,8.6,1.2
2024-11-27,14,T9_N0P2K2,,,,,,0.0,0.0,0.0,0.0,1.0,,,,,,,,,,,,,,,0.0,,,,,,,,,,,,,,,,,Tomate ,Quindío,8.1,1.2,8.1,1.2
2024-11-27,15,T9_N0P2K2,,,,,,0.0,0.0,0.0,0.0,0.0,,,,,,,,,,,,,,,0.0,,,,,,,,,,,,,,,,,Tomate ,Quindío,7.6,1.2,7.6,1.2
2024-11-27,16,T13_N1P0K1,,,,,,2.0,0.436,230.0,70.4,4.0,,,,,,,,,,,,,,,73.21110262286733,,,,6.17,25.1,27.2,164.0,13.4,27.2,66.2,1.0,1.0,5.0,Si,0.164,134.0,Tomatoes,Quindio,6.4,1.2,6.4,1.2
2024-11-27,17,T13_N1P0K1,,,,,,1.0,0.155,205.0,70.1,0.0,,,,,,,,,,,,,,,65.25337407690348,,,,,,,,,,,,,,,,,Tomate ,Quindío,5.9,1.2,5.9,1.2
2024-11-27,18,T13_N1P0K1,,,,,,1.0,0.149,210.0,70.0,0.0,,,,,,,,,,,,,,,66.84491978609626,,,,,,,,,,,,,,,,,Tomate ,Quindío,5.4,1.2,5.4,1.2
2024-11-27,19,T22_N2P0K1,,,,,,1.0,0.074,160.0,50.7,1.0,,,,,,,,,,,,,,,50.92946269416858,,,,6.15,24.0,27.2,75.0,14.3,27.5,65.8,1.0,1.0,5.0,Si,0.075,143.0,Tomatoes,Quindio,4.2,1.2,4.2,1.2
2024-11-27,20,T22_N2P0K1,,,,,,6.0,0.932,225.0,70.7,0.0,,,,,,,,,,,,,,,71.61955691367456,,,,,,,,,,,,,,,,,Tomate ,Quindío,3.7,1.2,3.7,1.2
2024-11-27,21,T22_N2P0K1,,,,,,2.0,0.243,180.0,60.9,1.0,,,,,,,,,,,,,,,57.29564553093965,,,,,,,,,,,,,,,,,Tomate ,Quindío,3.2,1.2,3.2,1.2
2024-11-27,22,T10_N1P0K0,,,,,,0.0,0.0,0.0,0.0,0.0,,,,,,,,,,,,,,,0.0,,,,6.11,42.3,27.6,93.0,16.2,28.2,59.8,1.0,1.0,5.0,Si,0.093,162.0,Tomatoes,Quindio,2.0,1.2,2.0,1.2
2024-11-27,23,T10_N1P0K0,,,,,,3.0,0.486,215.0,70.1,0.0,,,,,,,,,,,,,,,68.43646549528903,,,,,,,,,,,,,,,,,Tomate ,Quindío,1.5,1.2,1.5,1.2
2024-11-27,24,T10_N1P0K0,,,,,,3.0,0.355,190.0,50.8,1.0,,,,,,,,,,,,,,,60.47873694932519,,,,,,,,,,,,,,,,,Tomate ,Quindío,1.0,1.2,1.0,1.2
2024-11-27,25,T28_BIO-N0P0K0,,,,,,1.0,0.131,190.0,60.8,0.0,,,,,,,,,,,,,,,60.47873694932519,,,,,,,,,,,,,,,,,Tomate ,Quindío,1.0,2.4,1.0,2.4
2024-11-27,26,T28_BIO-N0P0K0,,,,,,2.0,0.242,200.0,60.5,0.0,,,,,,,,,,,,,,,63.66182836771072,,,,,,,,,,,,,,,,,Tomate ,Quindío,1.5,2.4,1.5,2.4
2024-11-27,27,T28_BIO-N0P0K0,,,,,,2.0,0.221,190.0,60.2,0.0,,,,,,,,,,,,,,,60.47873694932519,,,,6.25,31.2,27.6,129.0,15.4,29.0,61.8,1.0,1.0,5.0,Si,0.129,154.0,Tomatoes,Quindio,2.0,2.4,2.0,2.4
2024-11-27,28,T12_N1P2K0,,,,,,3.0,0.372,205.0,70.0,1.0,,,,,,,,,,,,,,,65.25337407690348,,,,,,,,,,,,,,,,,Tomate ,Quindío,3.2,2.4,3.2,2.4
2024-11-27,29,T12_N1P2K0,,,,,,1.0,0.06,160.0,50.5,2.0,,,,,,,,,,,,,,,50.92946269416858,,,,,,,,,,,,,,,,,Tomate ,Quindío,3.7,2.4,3.7,2.4
2024-11-27,30,T12_N1P2K0,,,,,,4.0,0.556,210.0,70.2,1.0,,,,,,,,,,,,,,,66.84491978609626,,,,6.22,50.6,29.2,106.0,15.4,29.4,58.7,1.0,1.0,5.0,Si,0.106,154.0,Tomatoes,Quindio,4.2,2.4,4.2,2.4
2024-11-27,31,T26_N2P2K1,,,,,,4.0,0.514,210.0,60.5,0.0,,,,,,,,,,,,,,,66.84491978609626,,,,,,,,,,,,,,,,,Tomate ,Quindío,5.4,2.4,5.4,2.4
2024-11-27,32,T26_N2P2K1,,,,,,0.0,0.0,0.0,0.0,1.0,,,,,,,,,,,,,,,0.0,,,,,,,,,,,,,,,,,Tomate ,Quindío,5.9,2.4,5.9,2.4
2024-11-27,33,T26_N2P2K1,,,,,,2.0,0.132,175.0,50.6,1.0,,,,,,,,,,,,,,,55.70409982174688,,,,6.28,41.9,28.0,152.0,25.5,29.9,59.7,1.0,1.0,5.0,Si,0.152,255.0,Tomatoes,Quindio,6.4,2.4,6.4,2.4
2024-11-27,34,T16_N1P1K2,,,,,,3.0,0.328,205.0,60.2,7.0,,,,,,,,,,,,,,,65.25337407690348,,,,,,,,,,,,,,,,,Tomate ,Quindío,7.6,2.4,7.6,2.4
2024-11-27,35,T16_N1P1K2,,,,,,0.0,0.0,0.0,0.0,0.0,,,,,,,,,,,,,,,0.0,,,,,,,,,,,,,,,,,Tomate ,Quindío,8.1,2.4,8.1,2.4
2024-11-27,36,T16_N1P1K2,,,,,,6.0,0.729,200.0,60.4,0.0,,,,,,,,,,,,,,,63.66182836771072,,,,6.32,32.3,28.7,117.0,42.4,30.1,57.0,1.0,1.0,5.0,Si,0.117,424.0,Tomatoes,Quindio,8.6,2.4,8.6,2.4
2024-11-27,37,T1_N0P0K0,,,,,,4.0,0.442,205.0,70.4,0.0,,,,,,,,,,,,,,,65.25337407690348,,,,6.35,35.2,27.6,212.0,27.9,30.4,55.9,1.0,1.0,5.0,Si,0.212,279.0,Tomatoes,Quindio,8.6,3.6,8.6,3.6
2024-11-27,38,T1_N0P0K0,,,,,,2.0,0.193,175.0,50.5,2.0,,,,,,,,,,,,,,,55.70409982174688,,,,,,,,,,,,,,,,,Tomate ,Quindío,8.1,3.6,8.1,3.6
2024-11-27,39,T1_N0P0K0,,,,,,1.0,0.109,190.0,50.8,2.0,,,,,,,,,,,,,,,60.47873694932519,,,,,,,,,,,,,,,,,Tomate ,Quindío,7.6,3.6,7.6,3.6
2024-11-27,40,T14_N1P0K2,,,,,,3.0,0.44,200.0,60.7,0.0,,,,,,,,,,,,,,,63.66182836771072,,,,6.12,46.0,28.8,76.0,28.0,30.0,56.9,1.0,1.0,5.0,Si,0.076,280.0,Tomatoes,Quindio,6.4,3.6,6.4,3.6
2024-11-27,41,T14_N1P0K2,,,,,,0.0,0.0,0.0,0.0,0.0,,,,,,,,,,,,,,,0.0,,,,,,,,,,,,,,,,,Tomate ,Quindío,5.9,3.6,5.9,3.6
2024-11-27,42,T14_N1P0K2,,,,,,2.0,0.171,175.0,50.7,0.0,,,,,,,,,,,,,,,55.70409982174688,,,,,,,,,,,,,,,,,Tomate ,Quindío,5.4,3.6,5.4,3.6
2024-11-27,43,T7_N0P1K2,,,,,,1.0,0.033,195.0,60.8,0.0,,,,,,,,,,,,,,,62.070282658517954,,,,6.21,26.6,27.6,57.0,17.4,29.7,57.8,1.0,1.0,5.0,Si,0.057,174.0,Tomatoes,Quindio,4.2,3.6,4.2,3.6
2024-11-27,44,T7_N0P1K2,,,,,,1.0,0.088,180.0,50.8,0.0,,,,,,,,,,,,,,,57.29564553093965,,,,,,,,,,,,,,,,,Tomate ,Quindío,3.7,3.6,3.7,3.6
2024-11-27,45,T7_N0P1K2,,,,,,6.0,0.763,200.0,70.1,0.0,,,,,,,,,,,,,,,63.66182836771072,,,,,,,,,,,,,,,,,Tomate ,Quindío,3.2,3.6,3.2,3.6
2024-11-27,46,T3_N0P2K0,,,,,,1.0,0.105,160.0,60.7,0.0,,,,,,,,,,,,,,,50.92946269416858,,,,6.16,33.6,27.6,46.0,15.2,28.6,58.4,1.0,1.0,5.0,Si,0.046,152.0,Tomatoes,Quindio,2.0,3.6,2.0,3.6
2024-11-27,47,T3_N0P2K0,,,,,,1.0,0.081,165.0,50.7,0.0,,,,,,,,,,,,,,,52.52100840336134,,,,,,,,,,,,,,,,,Tomate ,Quindío,1.5,3.6,1.5,3.6
2024-11-27,48,T3_N0P2K0,,,,,,1.0,0.102,195.0,60.0,0.0,,,,,,,,,,,,,,,62.070282658517954,,,,,,,,,,,,,,,,,Tomate ,Quindío,1.0,3.6,1.0,3.6
2024-11-27,49,T23_N2P0K2,,,,,,3.0,0.287,185.0,60.3,1.0,,,,,,,,,,,,,,,58.88719124013242,,,,,,,,,,,,,,,,,Tomate ,Quindío,1.0,4.8,1.0,4.8
2024-11-27,50,T23_N2P0K2,,,,,,3.0,0.411,210.0,60.7,0.0,,,,,,,,,,,,,,,66.84491978609626,,,,,,,,,,,,,,,,,Tomate ,Quindío,1.5,4.8,1.5,4.8
2024-11-27,51,T23_N2P0K2,,,,,,2.0,0.314,205.0,70.2,0.0,,,,,,,,,,,,,,,65.25337407690348,,,,6.31,40.4,28.8,212.0,65.8,29.9,60.4,1.0,1.0,5.0,Si,0.212,658.0,Tomatoes,Quindio,2.0,4.8,2.0,4.8
2024-11-27,52,T21_N2P2K0,,,,,,3.0,0.381,205.0,60.3,1.0,,,,,,,,,,,,,,,65.25337407690348,,,,,,,,,,,,,,,,,Tomate ,Quindío,3.2,4.8,3.2,4.8
2024-11-27,53,T21_N2P2K0,,,,,,2.0,0.301,220.0,60.5,0.0,,,,,,,,,,,,,,,70.0280112044818,,,,,,,,,,,,,,,,,Tomate ,Quindío,3.7,4.8,3.7,4.8
2024-11-27,54,T21_N2P2K0,,,63.9,9.0,1.0,1.0,0.14,220.0,60.7,0.0,5.2,3200.0,480.0,49.0,380.0,8.89,,7.26,5.0,9.0,1.0,18.0,0.06,,70.0280112044818,,,,6.21,42.2,29.6,67.0,80.3,31.5,52.5,1.0,1.0,5.0,Si,0.067,803.0,Tomatoes,Quindio,4.2,4.8,4.2,4.8
2024-11-27,55,T5_N0P0K2,,,,,,2.0,0.263,200.0,60.5,1.0,,,,,,,,,,,,,,,63.66182836771072,,,,,,,,,,,,,,,,,Tomate ,Quindío,5.4,4.8,5.4,4.8
2024-11-27,56,T5_N0P0K2,,,,,,4.0,0.538,205.0,60.8,0.0,,,,,,,,,,,,,,,65.25337407690348,,,,,,,,,,,,,,,,,Tomate ,Quindío,5.9,4.8,5.9,4.8
2024-11-27,57,T5_N0P0K2,,,,,,1.0,0.24,235.0,70.6,3.0,,,,,,,,,,,,,,,74.8026483320601,,,,6.14,29.5,28.8,79.0,67.3,32.2,55.4,1.0,1.0,5.0,Si,0.079,673.0,Tomatoes,Quindio,6.4,4.8,6.4,4.8
2024-11-27,58,T30_BIO N2P2K2,,,,,,4.0,0.34,185.0,60.4,0.0,,,,,,,,,,,,,,,58.88719124013242,,,,,,,,,,,,,,,,,Tomate ,Quindío,7.6,4.8,7.6,4.8
2024-11-27,59,T30_BIO N2P2K2,,,,,,1.0,0.084,205.0,60.0,0.0,,,,,,,,,,,,,,,65.25337407690348,,,,,,,,,,,,,,,,,Tomate ,Quindío,8.1,4.8,8.1,4.8
2024-11-27,60,T30_BIO N2P2K2,,,,,,2.0,0.175,170.0,60.0,0.0,,,,,,,,,,,,,,,54.112554112554115,,,,6.21,47.5,26.8,91.0,26.6,31.4,49.1,1.0,1.0,5.0,Si,0.091,266.0,Tomatoes,Quindio,8.6,4.8,8.6,4.8
2024-11-27,61,T20_N2P1K0,,,,,,3.0,0.472,205.0,60.8,0.0,,,,,,,,,,,,,,,65.25337407690348,,,,6.16,43.9,27.2,51.0,28.1,30.8,54.2,1.0,1.0,5.0,Si,0.051,281.0,Tomatoes,Quindio,8.6,6.0,8.6,6.0
2024-11-27,62,T20_N2P1K0,,,,,,2.0,0.273,200.0,60.6,0.0,,,,,,,,,,,,,,,63.66182836771072,,,,,,,,,,,,,,,,,Tomate ,Quindío,8.1,6.0,8.1,6.0
2024-11-27,63,T20_N2P1K0,,,,,,0.0,0.0,0.0,0.0,2.0,,,,,,,,,,,,,,,0.0,,,,,,,,,,,,,,,,,Tomate ,Quindío,7.6,6.0,7.6,6.0
2024-11-27,64,T18_N1P2K2,,,,,,1.0,0.081,175.0,60.3,0.0,,,,,,,,,,,,,,,55.70409982174688,,,,5.98,43.6,29.6,127.0,67.8,32.8,52.8,1.0,1.0,5.0,Si,0.127,678.0,Tomatoes,Quindio,6.4,6.0,6.4,6.0
2024-11-27,65,T18_N1P2K2,,,,,,3.0,0.555,210.0,60.4,0.0,,,,,,,,,,,,,,,66.84491978609626,,,,,,,,,,,,,,,,,Tomate ,Quindío,5.9,6.0,5.9,6.0
2024-11-27,66,T18_N1P2K2,,,,,,3.0,0.36,210.0,60.6,0.0,,,,,,,,,,,,,,,66.84491978609626,,,,,,,,,,,,,,,,,Tomate ,Quindío,5.4,6.0,5.4,6.0
2024-11-27,67,T29_BIO N1P1K1,,,,,,0.0,0.0,0.0,0.0,0.0,,,,,,,,,,,,,,,0.0,,,,6.28,35.2,29.2,181.0,78.9,31.0,57.3,1.0,1.0,5.0,Si,0.181,789.0,Tomatoes,Quindio,4.2,6.0,4.2,6.0
2024-11-27,68,T29_BIO N1P1K1,,,,,,2.0,0.411,220.0,70.7,0.0,,,,,,,,,,,,,,,70.0280112044818,,,,,,,,,,,,,,,,,Tomate ,Quindío,3.7,6.0,3.7,6.0
2024-11-27,69,T29_BIO N1P1K1,,,,,,2.0,0.408,275.0,70.2,0.0,,,,,,,,,,,,,,,87.53501400560224,,,,,,,,,,,,,,,,,Tomate ,Quindío,3.2,6.0,3.2,6.0
2024-11-27,70,T25_N2P1K2,,,,,,5.0,0.941,230.0,60.9,0.0,,,,,,,,,,,,,,,73.21110262286733,,,,6.38,33.0,29.2,205.0,72.8,30.5,61.0,1.0,1.0,5.0,Si,0.205,728.0,Tomatoes,Quindio,2.0,6.0,2.0,6.0
2024-11-27,71,T25_N2P1K2,,,,,,0.0,0.0,0.0,0.0,0.0,,,,,,,,,,,,,,,0.0,,,,,,,,,,,,,,,,,Tomate ,Quindío,1.5,6.0,1.5,6.0
2024-11-27,72,T25_N2P1K2,,,,,,4.0,0.59,200.0,60.8,0.0,,,,,,,,,,,,,,,63.66182836771072,,,,,,,,,,,,,,,,,Tomate ,Quindío,1.0,6.0,1.0,6.0
2024-11-27,73,T19_N2P0K0,,,,,,10.0,0.789,190.0,60.5,0.0,,,,,,,,,,,,,,,60.47873694932519,,,,,,,,,,,,,,,,,Tomate ,Quindío,1.0,7.2,1.0,7.2
2024-11-27,74,T19_N2P0K0,,,,,,1.0,0.23,250.0,60.7,0.0,,,,,,,,,,,,,,,79.5772854596384,,,,9.0,29.9,26.6,269.0,39.4,24.3,77.2,1.0,1.0,5.0,Si,0.269,394.0,Tomatoes,Quindio,1.5,7.2,1.5,7.2
2024-11-27,75,T19_N2P0K0,,,,,,6.0,0.656,195.0,60.5,0.0,,,,,,,,,,,,,,,62.070282658517954,,,,6.06,37.7,28.4,232.0,70.6,29.4,62.0,1.0,1.0,5.0,Si,0.232,706.0,Tomatoes,Quindio,2.0,7.2,2.0,7.2
2024-11-27,76,T2_N0P1K0,,,,,,3.0,0.386,190.0,70.2,0.0,,,,,,,,,,,,,,,60.47873694932519,,,,,,,,,,,,,,,,,Tomate ,Quindío,3.2,7.2,3.2,7.2
2024-11-27,77,T2_N0P1K0,,,,,,2.0,0.224,190.0,60.3,0.0,,,,,,,,,,,,,,,60.47873694932519,,,,,,,,,,,,,,,,,Tomate ,Quindío,3.7,7.2,3.7,7.2
2024-11-27,78,T2_N0P1K0,,,,,,0.0,0.0,0.0,0.0,0.0,,,,,,,,,,,,,,,0.0,,,,,,,,,,,,,,,,,Tomate ,Quindío,4.2,7.2,4.2,7.2
2024-11-27,79,T6_N0P1K1,,,,,,2.0,0.397,230.0,60.9,0.0,,,,,,,,,,,,,,,73.21110262286733,,,,,,,,,,,,,,,,,Tomate ,Quindío,5.4,7.2,5.4,7.2
2024-11-27,80,T6_N0P1K1,,,,,,4.0,0.534,205.0,60.9,0.0,,,,,,,,,,,,,,,65.25337407690348,,,,,,,,,,,,,,,,,Tomate ,Quindío,5.9,7.2,5.9,7.2
2024-11-27,81,T6_N0P1K1,,,,,,2.0,0.309,210.0,70.0,0.0,,,,,,,,,,,,,,,66.84491978609626,,,,6.16,39.5,26.0,152.0,61.1,28.3,62.3,1.0,1.0,5.0,Si,0.152,611.0,Tomatoes,Quindio,6.4,7.2,6.4,7.2
2024-11-27,82,T17_N1P2K1,,,,,,2.0,0.297,205.0,70.8,0.0,,,,,,,,,,,,,,,65.25337407690348,,,,,,,,,,,,,,,,,Tomate ,Quindío,7.6,7.2,7.6,7.2
2024-11-27,83,T17_N1P2K1,,,,,,2.0,0.271,200.0,70.0,0.0,,,,,,,,,,,,,,,63.66182836771072,,,,,,,,,,,,,,,,,Tomate ,Quindío,8.1,7.2,8.1,7.2
2024-11-27,84,T17_N1P2K1,,,,,,2.0,0.339,225.0,70.2,0.0,,,,,,,,,,,,,,,71.61955691367456,,,,6.11,44.0,25.2,170.0,16.2,27.8,63.8,0.0,0.0,4.0,Si,0.17,162.0,Tomatoes,Quindio,8.6,7.2,8.6,7.2
2024-11-27,85,T11_N1P1K0,,,,,,2.0,0.378,225.0,70.3,1.0,,,,,,,,,,,,,,,71.61955691367456,,,,6.21,53.8,25.2,118.0,67.8,27.7,63.8,1.0,1.0,5.0,Si,0.118,678.0,Tomatoes,Quindio,8.6,8.4,8.6,8.4
2024-11-27,86,T11_N1P1K0,,,,,,5.0,0.7,215.0,70.0,0.0,,,,,,,,,,,,,,,68.43646549528903,,,,,,,,,,,,,,,,,Tomate ,Quindío,8.1,8.4,8.1,8.4
2024-11-27,87,T11_N1P1K0,,,,,,1.0,0.089,175.0,50.7,1.0,,,,,,,,,,,,,,,55.70409982174688,,,,,,,,,,,,,,,,,Tomate ,Quindío,7.6,8.4,7.6,8.4
2024-11-27,88,T8_N0P2K1,,,,,,6.0,0.912,225.0,70.1,0.0,,,,,,,,,,,,,,,71.61955691367456,,,,6.07,45.1,26.0,181.0,65.0,28.1,64.6,1.0,1.0,5.0,Si,0.181,650.0,Tomatoes,Quindio,6.4,8.4,6.4,8.4
2024-11-27,89,T8_N0P2K1,,,,,,6.0,0.822,215.0,70.4,2.0,,,,,,,,,,,,,,,68.43646549528903,,,,,,,,,,,,,,,,,Tomate ,Quindío,5.9,8.4,5.9,8.4
2024-11-27,90,T8_N0P2K1,,,,,,5.0,0.676,220.0,70.4,0.0,,,,,,,,,,,,,,,70.0280112044818,,,,,,,,,,,,,,,,,Tomate ,Quindío,5.4,8.4,5.4,8.4
2024-11-27,91,T9_N0P2K2,,,53.1,26.0,2.0,0.0,0.0,0.0,0.0,0.0,5.34,3500.0,140.0,58.0,270.0,9.84,,6.81,89.0,66.0,11.0,41.0,0.556,,0.0,,,,6.33,42.6,27.2,125.0,70.4,28.6,63.4,1.0,1.0,5.0,Si,0.125,704.0,Tomatoes,Quindio,4.2,8.4,4.2,8.4
2024-11-27,92,T9_N0P2K2,,,,,,11.0,1.75,220.0,70.5,0.0,,,,,,,,,,,,,,,70.0280112044818,,,,,,,,,,,,,,,,,Tomate ,Quindío,3.7,8.4,3.7,8.4
2024-11-27,93,T9_N0P2K2,,,,,,1.0,0.161,215.0,70.2,0.0,,,,,,,,,,,,,,,68.43646549528903,,,,,,,,,,,,,,,,,Tomate ,Quindío,3.2,8.4,3.2,8.4
2024-11-27,94,T13_N1P0K1,,,44.8,9.0,0.0,1.0,0.286,200.0,80.8,0.0,5.52,3000.0,930.0,69.0,230.0,12.42,,6.4,61.0,100.0,5.0,22.0,0.586,,63.66182836771072,,,,6.13,39.0,27.6,248.0,73.7,29.1,62.9,1.0,1.0,5.0,Si,0.248,737.0,Tomatoes,Quindio,2.0,8.4,2.0,8.4
2024-11-27,95,T13_N1P0K1,,,,,,2.0,0.18,175.0,50.9,0.0,,,,,,,,,,,,,,,55.70409982174688,,,,,,,,,,,,,,,,,Tomate ,Quindío,1.5,8.4,1.5,8.4
2024-11-27,96,T13_N1P0K1,,,,,,2.0,0.222,175.0,60.2,0.0,,,,,,,,,,,,,,,55.70409982174688,,,,,,,,,,,,,,,,,Tomate ,Quindío,1.0,8.4,1.0,8.4
2024-11-27,97,T26_N2P2K1,,,,,,1.0,0.132,205.0,70.0,0.0,,,,,,,,,,,,,,,65.25337407690348,,,,,,,,,,,,,,,,,Tomate ,Quindío,1.0,9.6,1.0,9.6
2024-11-27,98,T26_N2P2K1,,,,,,2.0,0.328,210.0,70.0,0.0,,,,,,,,,,,,,,,66.84491978609626,,,,,,,,,,,,,,,,,Tomate ,Quindío,1.5,9.6,1.5,9.6
2024-11-27,99,T26_N2P2K1,,,52.8,16.0,2.0,2.0,0.233,190.0,60.4,0.0,5.28,3800.0,270.0,55.0,180.0,10.94,,7.72,62.0,26.0,26.0,65.0,0.322,,60.47873694932519,,,,6.04,39.0,26.0,200.0,79.0,26.9,71.2,1.0,1.0,5.0,Si,0.2,790.0,Tomatoes,Quindio,2.0,9.6,2.0,9.6
2024-11-27,100,T16_N1P1K2,,,,,,5.0,0.514,205.0,60.5,0.0,,,,,,,,,,,,,,,65.25337407690348,,,,,,,,,,,,,,,,,Tomate ,Quindío,3.2,9.6,3.2,9.6
2024-11-27,101,T16_N1P1K2,,,,,,7.0,1.087,205.0,70.2,1.0,,,,,,,,,,,,,,,65.25337407690348,,,,,,,,,,,,,,,,,Tomate ,Quindío,3.7,9.6,3.7,9.6
2024-11-27,102,T16_N1P1K2,,,49.6,14.0,7.0,1.0,0.136,205.0,60.3,0.0,5.49,3200.0,100.0,42.0,280.0,9.03,,7.22,11.0,49.0,2.0,42.0,0.141,,65.25337407690348,,,,6.0,35.1,26.0,224.0,26.2,27.3,67.9,1.0,1.0,5.0,Si,0.224,262.0,Tomatoes,Quindio,4.2,9.6,4.2,9.6
2024-11-27,103,T10_N1P0K0,,,,,,3.0,0.458,220.0,70.0,0.0,,,,,,,,,,,,,,,70.0280112044818,,,,,,,,,,,,,,,,,Tomate ,Quindío,5.4,9.6,5.4,9.6
2024-11-27,104,T10_N1P0K0,,,,,,7.0,1.402,250.0,70.6,0.0,,,,,,,,,,,,,,,79.5772854596384,,,,,,,,,,,,,,,,,Tomate ,Quindío,5.9,9.6,5.9,9.6
2024-11-27,105,T10_N1P0K0,,,50.1,10.0,7.0,3.0,0.523,215.0,70.3,0.0,5.51,2500.0,710.0,45.0,240.0,9.29,,6.69,9.0,366.0,19.0,18.0,1.21,,68.43646549528903,,,,6.21,45.1,27.2,146.0,16.2,27.9,65.6,1.0,1.0,5.0,Si,0.146,162.0,Tomatoes,Quindio,6.4,9.6,6.4,9.6
2024-11-27,106,T22_N2P0K1,,,,,,0.0,0.0,0.0,0.0,0.0,,,,,,,,,,,,,,,0.0,,,,,,,,,,,,,,,,,Tomate ,Quindío,7.6,9.6,7.6,9.6
2024-11-27,107,T22_N2P0K1,,,,,,4.0,0.507,215.0,60.8,0.0,,,,,,,,,,,,,,,68.43646549528903,,,,,,,,,,,,,,,,,Tomate ,Quindío,8.1,9.6,8.1,9.6
2024-11-27,108,T22_N2P0K1,,,49.4,8.0,7.0,1.0,0.144,205.0,60.9,0.0,5.34,3000.0,390.0,51.0,290.0,8.77,,7.17,50.0,230.0,14.0,26.0,0.707,,65.25337407690348,,,,6.02,48.7,26.8,178.0,17.1,27.9,63.8,1.0,1.0,5.0,Si,0.178,171.0,Tomatoes,Quindio,8.6,9.6,8.6,9.6
2024-11-27,109,T12_N1P2K0,,,63.8,9.0,0.0,0.0,0.0,0.0,0.0,0.0,5.39,3000.0,82.0,42.0,320.0,7.3,,5.85,130.0,510.0,31.0,160.0,1.519,,0.0,,,,5.93,44.1,26.0,308.0,17.3,27.9,64.6,1.0,1.0,5.0,Si,0.308,173.0,Tomatoes,Quindio,8.6,10.8,8.6,10.8
2024-11-27,110,T12_N1P2K0,,,,,,1.0,0.127,190.0,60.4,2.0,,,,,,,,,,,,,,,60.47873694932519,,,,,,,,,,,,,,,,,Tomate ,Quindío,8.1,10.8,8.1,10.8
2024-11-27,111,T12_N1P2K0,,,,,,2.0,0.219,190.0,60.4,0.0,,,,,,,,,,,,,,,60.47873694932519,,,,,,,,,,,,,,,,,Tomate ,Quindío,7.6,10.8,7.6,10.8
2024-11-27,112,T28_BIO-N0P0K0,,,56.1,17.0,10.0,1.0,0.143,205.0,60.4,1.0,5.39,3200.0,120.0,45.0,230.0,8.39,,7.15,83.0,190.0,58.0,40.0,0.923,,65.25337407690348,,,,6.19,36.4,27.2,163.0,24.8,27.8,65.0,1.0,1.0,5.0,Si,0.163,248.0,Tomatoes,Quindio,6.4,10.8,6.4,10.8
2024-11-27,113,T28_BIO-N0P0K0,,,,,,5.0,0.339,170.0,50.6,0.0,,,,,,,,,,,,,,,54.112554112554115,,,,,,,,,,,,,,,,,Tomate ,Quindío,5.9,10.8,5.9,10.8
2024-11-27,114,T28_BIO-N0P0K0,,,,,,3.0,0.321,190.0,60.7,0.0,,,,,,,,,,,,,,,60.47873694932519,,,,,,,,,,,,,,,,,Tomate ,Quindío,5.4,10.8,5.4,10.8
2024-11-27,115,T1_N0P0K0,,,60.1,19.0,1.0,2.0,0.334,215.0,60.9,1.0,5.53,3100.0,32.0,38.0,340.0,6.7,,6.97,33.0,120.0,4.0,48.0,0.593,,68.43646549528903,,,,6.15,31.2,26.8,248.0,29.8,27.6,67.1,1.0,1.0,5.0,Si,0.248,298.0,Tomatoes,Quindio,4.2,10.8,4.2,10.8
2024-11-27,116,T1_N0P0K0,,,,,,7.0,0.968,205.0,60.6,0.0,,,,,,,,,,,,,,,65.25337407690348,,,,,,,,,,,,,,,,,Tomate ,Quindío,3.7,10.8,3.7,10.8
2024-11-27,117,T1_N0P0K0,,,,,,3.0,0.467,205.0,70.0,0.0,,,,,,,,,,,,,,,65.25337407690348,,,,,,,,,,,,,,,,,Tomate ,Quindío,3.2,10.8,3.2,10.8
2024-11-27,118,T14_N1P0K2,,,52.0,24.0,6.0,2.0,0.23,180.0,60.6,3.0,5.56,3400.0,460.0,45.0,200.0,11.4,,6.58,250.0,310.0,31.0,41.0,1.562,,57.29564553093965,,,,5.99,29.2,26.0,280.0,38.9,26.3,74.5,1.0,1.0,5.0,Si,0.28,389.0,Tomatoes,Quindio,2.0,10.8,2.0,10.8
2024-11-27,119,T14_N1P0K2,,,,,,1.0,0.146,200.0,60.2,0.0,,,,,,,,,,,,,,,63.66182836771072,,,,,,,,,,,,,,,,,Tomate ,Quindío,1.5,10.8,1.5,10.8
2024-11-27,120,T14_N1P0K2,,,,,,8.0,1.338,235.0,70.4,0.0,,,,,,,,,,,,,,,74.8026483320601,,,,,,,,,,,,,,,,,Tomate ,Quindío,1.0,10.8,1.0,10.8
2024-11-27,121,T5_N0P0K2,,,,,,1.0,0.138,190.0,60.9,0.0,,,,,,,,,,,,,,,60.47873694932519,,,,,,,,,,,,,,,,,Tomate ,Quindío,1.0,12.0,1.0,12.0
2024-11-27,122,T5_N0P0K2,,,,,,1.0,0.17,220.0,70.3,0.0,,,,,,,,,,,,,,,70.0280112044818,,,,,,,,,,,,,,,,,Tomate ,Quindío,1.5,12.0,1.5,12.0
2024-11-27,123,T5_N0P0K2,,,54.3,7.0,9.0,1.0,0.077,170.0,50.2,0.0,5.4,3300.0,110.0,49.0,480.0,9.38,,6.17,39.0,44.0,5.0,30.0,0.21,,54.112554112554115,,,,5.91,25.9,25.6,131.0,48.5,25.6,74.9,1.0,1.0,5.0,Si,0.131,485.0,Tomatoes,Quindio,2.0,12.0,2.0,12.0
2024-11-27,124,T30_BIO N2P2K2,,,,,,1.0,0.088,170.0,60.2,1.0,,,,,,,,,,,,,,,54.112554112554115,,,,,,,,,,,,,,,,,Tomate ,Quindío,3.2,12.0,3.2,12.0
2024-11-27,125,T30_BIO N2P2K2,,,,,,7.0,0.817,210.0,70.4,0.0,,,,,,,,,,,,,,,66.84491978609626,,,,,,,,,,,,,,,,,Tomate ,Quindío,3.7,12.0,3.7,12.0
2024-11-27,126,T30_BIO N2P2K2,,,43.6,8.0,2.0,0.0,0.0,0.0,0.0,1.0,5.54,3000.0,67.0,42.0,390.0,7.32,,7.85,5.0,35.0,2.0,48.0,0.101,,0.0,,,,6.27,37.7,25.2,114.0,48.6,24.7,72.6,1.0,1.0,5.0,Si,0.114,486.0,Tomatoes,Quindio,4.2,12.0,4.2,12.0
2024-11-27,127,T3_N0P2K0,,,,,,0.0,0.0,0.0,0.0,4.0,,,,,,,,,,,,,,,0.0,,,,,,,,,,,,,,,,,Tomate ,Quindío,5.4,12.0,5.4,12.0
2024-11-27,128,T3_N0P2K0,,,,,,0.0,0.0,0.0,0.0,0.0,,,,,,,,,,,,,,,0.0,,,,,,,,,,,,,,,,,Tomate ,Quindío,5.9,12.0,5.9,12.0
2024-11-27,129,T3_N0P2K0,,,56.9,10.0,3.0,0.0,0.0,0.0,0.0,1.0,5.59,2900.0,45.0,39.0,290.0,7.33,,6.6,11.0,39.0,2.0,41.0,0.149,,0.0,,,,5.99,44.0,24.4,73.0,39.4,24.4,78.9,1.0,1.0,5.0,Si,0.073,394.0,Tomatoes,Quindio,6.4,12.0,6.4,12.0
2024-11-27,130,T7_N0P1K2,,,,,,2.0,0.387,235.0,70.5,0.0,,,,,,,,,,,,,,,74.8026483320601,,,,,,,,,,,,,,,,,Tomate ,Quindío,7.6,12.0,7.6,12.0
2024-11-27,131,T7_N0P1K2,,,,,,1.0,0.086,185.0,50.8,0.0,,,,,,,,,,,,,,,58.88719124013242,,,,,,,,,,,,,,,,,Tomate ,Quindío,8.1,12.0,8.1,12.0
2024-11-27,132,T7_N0P1K2,,,43.5,6.0,2.0,0.0,0.0,0.0,0.0,0.0,5.36,3200.0,630.0,56.0,310.0,11.37,,6.39,21.0,54.0,2.0,36.0,0.192,,0.0,,,,6.25,39.1,24.4,252.0,24.3,24.3,76.9,1.0,1.0,5.0,Si,0.252,243.0,Tomatoes,Quindio,8.6,12.0,8.6,12.0
2024-11-27,133,T21_N2P2K0,,,54.5,10.0,7.0,2.0,0.303,200.0,60.9,0.0,5.27,2700.0,410.0,55.0,200.0,8.51,,7.25,12.0,40.0,6.0,35.0,0.166,,63.66182836771072,,,,5.81,46.4,24.0,125.0,16.0,24.4,77.2,1.0,1.0,5.0,Si,0.125,160.0,Tomatoes,Quindio,8.6,13.2,8.6,13.2
2024-11-27,134,T21_N2P2K0,,,,,,1.0,0.087,170.0,60.2,0.0,,,,,,,,,,,,,,,54.112554112554115,,,,,,,,,,,,,,,,,Tomate ,Quindío,8.1,13.2,8.1,13.2
2024-11-27,135,T21_N2P2K0,,,,,,3.0,0.35,200.0,60.8,0.0,,,,,,,,,,,,,,,63.66182836771072,,,,,,,,,,,,,,,,,Tomate ,Quindío,7.6,13.2,7.6,13.2
2024-11-27,136,T23_N2P0K2,,,60.0,12.0,3.0,2.0,0.261,195.0,60.2,2.0,5.35,2900.0,730.0,53.0,270.0,10.58,,5.75,13.0,150.0,3.0,13.0,0.515,,62.070282658517954,,,,6.01,49.3,24.4,181.0,25.5,24.3,76.5,1.0,1.0,5.0,Si,0.181,255.0,Tomatoes,Quindio,6.4,13.2,6.4,13.2
2024-11-27,137,T23_N2P0K2,,,,,,3.0,0.369,210.0,60.6,0.0,,,,,,,,,,,,,,,66.84491978609626,,,,,,,,,,,,,,,,,Tomate ,Quindío,5.9,13.2,5.9,13.2
2024-11-27,138,T23_N2P0K2,,,,,,2.0,0.28,230.0,70.2,2.0,,,,,,,,,,,,,,,73.21110262286733,,,,,,,,,,,,,,,,,Tomate ,Quindío,5.4,13.2,5.4,13.2
2024-11-27,139,T20_N2P1K0,,,49.2,6.0,9.0,5.0,0.631,185.0,50.9,0.0,5.45,3000.0,81.0,39.0,300.0,8.26,,6.33,18.0,32.0,1.0,4.0,0.091,,58.88719124013242,,,,6.1,43.2,25.2,205.0,68.7,24.9,75.1,1.0,1.0,5.0,Si,0.205,687.0,Tomatoes,Quindio,4.2,13.2,4.2,13.2
2024-11-27,140,T20_N2P1K0,,,,,,8.0,1.071,215.0,70.1,0.0,,,,,,,,,,,,,,,68.43646549528903,,,,,,,,,,,,,,,,,Tomate ,Quindío,3.7,13.2,3.7,13.2
2024-11-27,141,T20_N2P1K0,,,,,,4.0,0.553,210.0,70.3,1.0,,,,,,,,,,,,,,,66.84491978609626,,,,,,,,,,,,,,,,,Tomate ,Quindío,3.2,13.2,3.2,13.2
2024-11-27,142,T18_N1P2K2,,,60.9,14.0,8.0,2.0,0.429,230.0,70.7,1.0,5.47,3100.0,57.0,41.0,220.0,7.65,,6.18,22.0,270.0,33.0,23.0,0.862,,73.21110262286733,,,,5.74,48.1,26.0,247.0,46.0,26.0,71.4,1.0,1.0,5.0,Si,0.247,460.0,Tomatoes,Quindio,2.0,13.2,2.0,13.2
2024-11-27,143,T18_N1P2K2,,,,,,0.0,0.0,0.0,0.0,0.0,,,,,,,,,,,,,,,0.0,,,,,,,,,,,,,,,,,Tomate ,Quindío,1.5,13.2,1.5,13.2
2024-11-27,144,T18_N1P2K2,,,,,,1.0,0.079,175.0,50.7,0.0,,,,,,,,,,,,,,,55.70409982174688,,,,,,,,,,,,,,,,,Tomate ,Quindío,1.0,13.2,1.0,13.2
2024-11-27,145,T6_N0P1K1,,,,,,6.0,0.615,190.0,60.8,7.0,,,,,,,,,,,,,,,60.47873694932519,,,,,,,,,,,,,,,,,Tomate ,Quindío,1.0,14.4,1.0,14.4
2024-11-27,146,T6_N0P1K1,,,,,,7.0,0.748,225.0,70.5,0.0,,,,,,,,,,,,,,,71.61955691367456,,,,,,,,,,,,,,,,,Tomate ,Quindío,1.5,14.4,1.5,14.4
2024-11-27,147,T6_N0P1K1,,,58.0,14.0,3.0,5.0,0.764,205.0,70.2,0.0,5.57,3000.0,150.0,41.0,360.0,7.17,,6.6,7.0,21.0,1.0,18.0,0.074,,65.25337407690348,,,,6.25,42.7,25.0,225.0,59.6,25.1,74.8,1.0,1.0,5.0,Si,0.225,596.0,Tomatoes,Quindio,2.0,14.4,2.0,14.4
2024-11-27,148,T17_N1P2K1,,,,,,2.0,0.305,205.0,60.9,0.0,,,,,,,,,,,,,,,65.25337407690348,,,,,,,,,,,,,,,,,Tomate ,Quindío,3.2,14.4,3.2,14.4
2024-11-27,149,T17_N1P2K1,,,,,,3.0,0.317,195.0,60.4,0.0,,,,,,,,,,,,,,,62.070282658517954,,,,,,,,,,,,,,,,,Tomate ,Quindío,3.7,14.4,3.7,14.4
2024-11-27,150,T17_N1P2K1,,,56.9,11.0,0.0,4.0,0.701,240.0,60.8,0.0,5.4,3100.0,84.0,38.0,360.0,8.2,,6.84,5.0,13.0,1.0,21.0,0.063,,76.39419404125286,,,,6.42,36.8,25.4,239.0,60.3,25.3,72.9,1.0,1.0,5.0,Si,0.239,603.0,Tomatoes,Quindio,4.2,14.4,4.2,14.4
2024-11-27,151,T25_N2P1K2,,,,,,1.0,0.071,160.0,50.4,4.0,,,,,,,,,,,,,,,50.92946269416858,,,,,,,,,,,,,,,,,Tomate ,Quindío,5.4,14.4,5.4,14.4
2024-11-27,152,T25_N2P1K2,,,,,,2.0,0.247,200.0,50.8,0.0,,,,,,,,,,,,,,,63.66182836771072,,,,,,,,,,,,,,,,,Tomate ,Quindío,5.9,14.4,5.9,14.4
2024-11-27,153,T25_N2P1K2,,,56.7,15.0,9.0,0.0,0.0,0.0,0.0,0.0,5.5,3300.0,50.0,40.0,620.0,8.36,,5.65,39.0,41.0,3.0,16.0,0.258,,0.0,,,,,,,,,,,,,,,,,Tomate ,Quindío,6.4,14.4,6.4,14.4
2024-11-27,154,T29_BIO N1P1K1,,,,,,2.0,0.193,180.0,50.8,0.0,,,,,,,,,,,,,,,57.29564553093965,,,,,,,,,,,,,,,,,Tomate ,Quindío,7.6,14.4,7.6,14.4
2024-11-27,155,T29_BIO N1P1K1,,,,,,1.0,0.13,195.0,60.3,0.0,,,,,,,,,,,,,,,62.070282658517954,,,,,,,,,,,,,,,,,Tomate ,Quindío,8.1,14.4,8.1,14.4
2024-11-27,156,T29_BIO N1P1K1,,,60.2,10.0,1.0,5.0,0.593,195.0,60.9,0.0,5.57,3300.0,300.0,44.0,310.0,9.15,,6.66,17.0,39.0,8.0,16.0,0.208,,62.070282658517954,,,,9.0,50.0,24.2,221.0,13.9,25.1,73.6,1.0,1.0,5.0,Si,0.221,139.0,Tomatoes,Quindio,8.6,14.4,8.6,14.4
2024-11-27,157,T2_N0P1K0,,,55.4,10.0,5.0,3.0,0.479,235.0,70.1,0.0,5.59,3300.0,100.0,44.0,830.0,8.34,,5.71,6.0,48.0,1.0,9.0,0.168,,74.8026483320601,,,,6.52,49.1,23.8,142.0,14.1,24.8,72.9,1.0,1.0,5.0,Si,0.142,141.0,Tomatoes,Quindio,8.6,15.6,8.6,15.6
2024-11-27,158,T2_N0P1K0,,,,,,4.0,0.657,225.0,70.2,0.0,,,,,,,,,,,,,,,71.61955691367456,,,,,,,,,,,,,,,,,Tomate ,Quindío,8.1,15.6,8.1,15.6
2024-11-27,159,T2_N0P1K0,,,,,,5.0,0.69,220.0,70.0,1.0,,,,,,,,,,,,,,,70.0280112044818,,,,,,,,,,,,,,,,,Tomate ,Quindío,7.6,15.6,7.6,15.6
2024-11-27,160,T19_N2P0K0,,,62.9,16.0,0.0,1.0,0.104,185.0,60.2,3.0,5.47,2700.0,96.0,39.0,400.0,7.54,,5.84,18.0,57.0,2.0,23.0,0.198,,58.88719124013242,,,,6.69,46.8,25.0,258.0,15.9,25.3,70.9,1.0,1.0,5.0,Si,0.258,159.0,Tomatoes,Quindio,6.4,15.6,6.4,15.6
2024-11-27,161,T19_N2P0K0,,,,,,1.0,0.116,195.0,60.1,0.0,,,,,,,,,,,,,,,62.070282658517954,,,,,,,,,,,,,,,,,Tomate ,Quindío,5.9,15.6,5.9,15.6
2024-11-27,162,T19_N2P0K0,,,,,,1.0,0.229,240.0,70.6,0.0,,,,,,,,,,,,,,,76.39419404125286,,,,,,,,,,,,,,,,,Tomate ,Quindío,5.4,15.6,5.4,15.6
2024-11-27,163,T8_N0P2K1,,,59.0,19.0,0.0,2.0,0.289,215.0,60.6,0.0,5.55,3200.0,170.0,49.0,260.0,8.68,,6.45,5.0,10.0,1.0,10.0,0.049,,68.43646549528903,,,,6.55,36.6,25.4,248.0,30.0,25.4,72.5,1.0,1.0,5.0,Si,0.248,300.0,Tomatoes,Quindio,4.2,15.6,4.2,15.6
2024-11-27,164,T8_N0P2K1,,,,,,5.0,0.508,185.0,60.7,0.0,,,,,,,,,,,,,,,58.88719124013242,,,,,,,,,,,,,,,,,Tomate ,Quindío,3.7,15.6,3.7,15.6
2024-11-27,165,T8_N0P2K1,,,,,,3.0,0.225,205.0,70.3,0.0,,,,,,,,,,,,,,,65.25337407690348,,,,,,,,,,,,,,,,,Tomate ,Quindío,3.2,15.6,3.2,15.6
2024-11-27,166,T15_N1P1K1,,,54.8,12.0,2.0,2.0,0.221,180.0,60.9,1.0,5.4,3100.0,260.0,49.0,350.0,8.99,,7.4,5.0,8.0,1.0,11.0,0.046,,57.29564553093965,,,,6.29,33.8,24.6,276.0,28.7,24.9,74.2,1.0,1.0,5.0,Si,0.276,287.0,Tomatoes,Quindio,2.0,15.6,2.0,15.6
2024-11-27,167,T15_N1P1K1,,,,,,3.0,0.633,230.0,70.2,0.0,,,,,,,,,,,,,,,73.21110262286733,,,,,,,,,,,,,,,,,Tomate ,Quindío,1.5,15.6,1.5,15.6
2024-11-27,168,T15_N1P1K1,,,,,,4.0,0.481,175.0,50.8,0.0,,,,,,,,,,,,,,,55.70409982174688,,,,,,,,,,,,,,,,,Tomate ,Quindío,1.0,15.6,1.0,15.6
2024-11-27,169,T24_N2P1K1,,,,,,5.0,0.583,180.0,60.4,0.0,,,,,,,,,,,,,,,57.29564553093965,,,,,,,,,,,,,,,,,Tomate ,Quindío,1.0,16.8,1.0,16.8
2024-11-27,170,T24_N2P1K1,,,,,,11.0,1.63,230.0,70.5,0.0,,,,,,,,,,,,,,,73.21110262286733,,,,,,,,,,,,,,,,,Tomate ,Quindío,1.5,16.8,1.5,16.8
2024-11-27,171,T24_N2P1K1,,,49.9,6.0,2.0,2.0,0.36,220.0,70.2,0.0,5.57,3000.0,410.0,45.0,430.0,9.69,,6.56,1.0,7.0,1.0,11.0,0.033,,70.0280112044818,,,,7.31,33.2,25.4,143.0,35.9,24.4,77.1,1.0,1.0,5.0,Si,0.143,359.0,Tomatoes,Quindio,2.0,16.8,2.0,16.8
2024-11-27,172,T11_N1P1K0,,,,,,0.0,0.0,0.0,0.0,0.0,,,,,,,,,,,,,,,0.0,,,,,,,,,,,,,,,,,Tomate ,Quindío,3.2,16.8,3.2,16.8
2024-11-27,173,T11_N1P1K0,,,,,,5.0,0.917,235.0,70.6,0.0,,,,,,,,,,,,,,,74.8026483320601,,,,,,,,,,,,,,,,,Tomate ,Quindío,3.7,16.8,3.7,16.8
2024-11-27,174,T11_N1P1K0,,,46.9,6.0,0.0,2.0,0.303,195.0,70.3,0.0,5.66,3000.0,110.0,40.0,740.0,8.34,,6.0,21.0,73.0,2.0,13.0,0.375,,62.070282658517954,,,,,,,,,,,,,,,,,Tomate ,Quindío,4.2,16.8,4.2,16.8
2024-11-27,175,T27_N2P2K2,,,,,,3.0,0.642,240.0,70.7,0.0,,,,,,,,,,,,,,,76.39419404125286,,,,,,,,,,,,,,,,,Tomate ,Quindío,5.4,16.8,5.4,16.8
2024-11-27,176,T27_N2P2K2,,,,,,3.0,0.556,230.0,70.4,0.0,,,,,,,,,,,,,,,73.21110262286733,,,,,,,,,,,,,,,,,Tomate ,Quindío,5.9,16.8,5.9,16.8
2024-11-27,177,T27_N2P2K2,,,55.4,11.0,0.0,2.0,0.34,235.0,60.5,0.0,5.59,3400.0,130.0,44.0,310.0,8.81,,6.51,8.0,13.0,1.0,11.0,0.082,,74.8026483320601,,,,6.43,42.4,26.2,48.0,47.2,24.1,79.0,1.0,1.0,5.0,Si,0.048,472.0,Tomatoes,Quindio,6.4,16.8,6.4,16.8
2024-11-27,178,T4_N0P0K1,,,,,,3.0,0.451,225.0,70.4,0.0,,,,,,,,,,,,,,,71.61955691367456,,,,,,,,,,,,,,,,,Tomate ,Quindío,7.6,16.8,7.6,16.8
2024-11-27,179,T4_N0P0K1,,,,,,4.0,0.464,205.0,60.3,0.0,,,,,,,,,,,,,,,65.25337407690348,,,,,,,,,,,,,,,,,Tomate ,Quindío,8.1,16.8,8.1,16.8
2024-11-27,180,T4_N0P0K1,,,46.0,15.0,3.0,3.0,0.397,255.0,60.7,0.0,5.64,3200.0,80.0,40.0,290.0,8.11,,6.96,6.0,9.0,1.0,14.0,0.043,,81.16883116883118,,,,7.33,28.5,25.4,45.0,38.0,23.6,78.5,1.0,1.0,5.0,Si,0.045,380.0,Tomatoes,Quindio,8.6,16.8,8.6,16.8
2024-12-04,1,T27_N2P2K2,,,55.6,8.0,2.0,0.0,0.0,0.0,0.0,0.0,6.9,4200.0,550.0,51.0,100.0,10.24,,6.9,8.0,9.0,5.0,23.0,0.038,,0.0,1.0,0.0,T27_N2P2K2,6.41,50.0,22.0,34.0,15.4,21.0,98.7,1.0,1.0,5.0,Si,0.034,154.0,Tomatoes,Quindio,1.0,0.0,1.0,0.0
2024-12-04,2,T27_N2P2K2,,,,,,0.0,0.0,0.0,0.0,0.0,,,,,,,,,,,,,,,0.0,,,,,,,,,,,,,,,,,Tomate ,Quindío,1.5,0.0,1.5,0.0
2024-12-04,3,T27_N2P2K2,,,,,,0.0,0.0,0.0,0.0,2.0,,,,,,,,,,,,,,,0.0,,,,,,,,,,,,,,,,,Tomate ,Quindío,2.0,0.0,2.0,0.0
2024-12-04,4,T24_N2P1K1,,,55.2,28.0,7.0,3.0,0.38,190.0,70.0,0.0,6.5,3900.0,270.0,51.0,570.0,9.5,,6.5,4.0,1.0,1.0,7.0,0.036,,60.47873694932519,3.2,0.0,T24_N2P1K1,9.0,33.8,22.0,19.0,16.9,21.4,98.2,1.0,1.0,5.0,Si,0.019,169.0,Tomatoes,Quindio,3.2,0.0,3.2,0.0
2024-12-04,5,T24_N2P1K1,,,,,,1.0,0.147,205.0,68.2,0.0,,,,,,,,,,,,,,,65.25337407690348,,,,,,,,,,,,,,,,,Tomate ,Quindío,3.7,0.0,3.7,0.0
2024-12-04,6,T24_N2P1K1,,,,,,1.0,0.128,200.0,70.1,1.0,,,,,,,,,,,,,,,63.66182836771072,,,,,,,,,,,,,,,,,Tomate ,Quindío,4.2,0.0,4.2,0.0
2024-12-04,7,T4_N0P0K1,,,,,,0.0,0.0,0.0,0.0,0.0,,,,,,,,,,,,,,,0.0,,,,,,,,,,,,,,,,,Tomate ,Quindío,5.4,0.0,5.4,0.0
2024-12-04,8,T4_N0P0K1,,,,,,3.0,0.491,215.0,70.5,0.0,,,,,,,,,,,,,,,68.43646549528903,,,,,,,,,,,,,,,,,Tomate ,Quindío,5.9,0.0,5.9,0.0
2024-12-04,9,T4_N0P0K1,,,,,,3.0,0.402,220.0,60.8,0.0,,,,,,,,,,,,,,,70.0280112044818,,,,,,,,,,,,,,,,,Tomate ,Quindío,6.4,0.0,6.4,0.0
2024-12-04,10,T15_N1P1K1,,,55.6,11.0,0.0,5.0,0.578,195.0,60.7,0.0,6.0,4100.0,170.0,53.0,360.0,9.63,,6.0,6.0,4.0,1.0,8.0,0.024,,62.070282658517954,7.6,0.0,T15_N1P1K1,7.28,34.4,22.4,22.0,16.4,21.9,95.9,1.0,1.0,5.0,Si,0.022,164.0,Tomatoes,Quindio,7.6,0.0,7.6,0.0
2024-12-04,11,T15_N1P1K1,,,,,,3.0,0.523,235.0,60.8,3.0,,,,,,,,,,,,,,,74.8026483320601,,,,,,,,,,,,,,,,,Tomate ,Quindío,8.1,0.0,8.1,0.0
2024-12-04,12,T15_N1P1K1,,,50.5,13.0,4.0,2.0,0.378,225.0,80.0,1.0,7.0,3500.0,97.0,39.0,370.0,7.79,,7.0,6.0,21.0,1.0,11.0,0.069,,71.61955691367456,8.6,0.0,T15_N1P1K1,9.0,28.5,22.8,15.0,13.6,22.3,93.9,1.0,1.0,5.0,Si,0.015,136.0,Tomatoes,Quindio,8.6,0.0,8.6,0.0
2024-12-04,13,T9_N0P2K2,,,,,,7.0,0.802,210.0,60.2,0.0,,,,,,,,,,,,,,,66.84491978609626,,,,,,,,,,,,,,,,,Tomate ,Quindío,8.6,1.2,8.6,1.2
2024-12-04,14,T9_N0P2K2,,,,,,2.0,0.246,190.0,60.2,0.0,,,,,,,,,,,,,,,60.47873694932519,,,,,,,,,,,,,,,,,Tomate ,Quindío,8.1,1.2,8.1,1.2
2024-12-04,15,T9_N0P2K2,,,47.8,16.0,6.0,1.0,0.146,205.0,60.6,0.0,6.6,400.0,260.0,49.0,170.0,9.14,,6.6,7.0,29.0,3.0,9.0,0.095,,65.25337407690348,7.6,1.2,T9_N0P2K2,6.42,38.2,22.8,78.0,25.7,22.8,86.6,1.0,1.0,5.0,Si,0.078,257.0,Tomatoes,Quindio,7.6,1.2,7.6,1.2
2024-12-04,16,T13_N1P0K1,,,,,,6.0,0.814,200.0,70.3,1.0,,,,,,,,,,,,,,,63.66182836771072,,,,,,,,,,,,,,,,,Tomate ,Quindío,6.4,1.2,6.4,1.2
2024-12-04,17,T13_N1P0K1,,,,,,1.0,0.141,195.0,60.7,2.0,,,,,,,,,,,,,,,62.070282658517954,,,,,,,,,,,,,,,,,Tomate ,Quindío,5.9,1.2,5.9,1.2
2024-12-04,18,T13_N1P0K1,,,49.4,29.0,5.0,5.0,0.534,190.0,60.0,0.0,6.9,3700.0,120.0,39.0,290.0,8.76,,6.9,1.0,5.0,1.0,9.0,0.015,,60.47873694932519,5.4,1.2,T13_N1P0K1,9.0,40.0,23.2,30.0,27.4,24.0,82.3,1.0,1.0,5.0,Si,0.03,274.0,Tomatoes,Quindio,5.4,1.2,5.4,1.2
2024-12-04,19,T22_N2P0K1,,,,,,1.0,0.163,203.0,70.1,2.0,,,,,,,,,,,,,,,64.61675579322639,,,,,,,,,,,,,,,,,Tomate ,Quindío,4.2,1.2,4.2,1.2
2024-12-04,20,T22_N2P0K1,,,,,,2.0,0.444,230.0,70.8,0.0,,,,,,,,,,,,,,,73.21110262286733,,,,,,,,,,,,,,,,,Tomate ,Quindío,3.7,1.2,3.7,1.2
2024-12-04,21,T22_N2P0K1,,,52.8,10.0,13.0,7.0,0.692,190.0,60.4,0.0,6.0,3600.0,110.0,34.0,220.0,8.86,,6.0,1.0,5.0,1.0,8.0,0.013,,60.47873694932519,3.2,1.2,T22_N2P0K1,7.36,36.7,24.0,23.0,33.3,24.8,78.9,1.0,1.0,5.0,Si,0.023,333.0,Tomatoes,Quindio,3.2,1.2,3.2,1.2
2024-12-04,22,T10_N1P0K0,,,,,,6.0,1.374,250.0,80.0,0.0,,,,,,,,,,,,,,,79.5772854596384,,,,,,,,,,,,,,,,,Tomate ,Quindío,2.0,1.2,2.0,1.2
2024-12-04,23,T10_N1P0K0,,,,,,0.0,0.0,0.0,0.0,0.0,,,,,,,,,,,,,,,0.0,,,,,,,,,,,,,,,,,Tomate ,Quindío,1.5,1.2,1.5,1.2
2024-12-04,24,T10_N1P0K0,,,51.2,23.0,1.0,3.0,0.366,195.0,60.5,1.0,6.8,3200.0,570.0,46.0,140.0,8.75,,6.8,1.0,20.0,1.0,10.0,0.055,,62.070282658517954,1.0,1.2,T10_N1P0K0,7.15,53.5,23.6,31.0,16.9,24.8,76.8,1.0,1.0,5.0,Si,0.031,169.0,Tomatoes,Quindio,1.0,1.2,1.0,1.2
2024-12-04,25,T28_BIO-N0P0K0,,,62.3,8.0,2.0,2.0,0.205,185.0,60.3,0.0,7.2,3600.0,120.0,37.0,300.0,8.71,,7.2,1.0,9.0,1.0,11.0,0.024,,58.88719124013242,1.0,2.4,T28_BIO-N0P0K0,9.0,42.4,24.0,39.0,15.0,24.8,76.5,1.0,1.0,5.0,Si,0.039,150.0,Tomatoes,Quindio,1.0,2.4,1.0,2.4
2024-12-04,26,T28_BIO-N0P0K0,,,,,,4.0,0.406,178.0,60.2,1.0,,,,,,,,,,,,,,,56.65902724726254,,,,,,,,,,,,,,,,,Tomate ,Quindío,1.5,2.4,1.5,2.4
2024-12-04,27,T28_BIO-N0P0K0,,,,,,0.0,0.0,0.0,0.0,0.0,,,,,,,,,,,,,,,0.0,,,,,,,,,,,,,,,,,Tomate ,Quindío,2.0,2.4,2.0,2.4
2024-12-04,28,T12_N1P2K0,,,25.8,13.0,0.0,14.0,1.67,235.0,60.8,4.0,6.8,4500.0,250.0,61.0,220.0,11.12,,6.8,8.0,20.0,2.0,14.0,0.066,,74.8026483320601,3.2,2.4,T12_N1P2K0,9.0,26.9,24.0,65.0,17.5,24.5,81.9,1.0,1.0,5.0,Si,0.065,175.0,Tomatoes,Quindio,3.2,2.4,3.2,2.4
2024-12-04,29,T12_N1P2K0,,,,,,2.0,0.378,230.0,70.0,1.0,,,,,,,,,,,,,,,73.21110262286733,,,,,,,,,,,,,,,,,Tomate ,Quindío,3.7,2.4,3.7,2.4
2024-12-04,30,T12_N1P2K0,,,,,,0.0,0.0,0.0,0.0,1.0,,,,,,,,,,,,,,,0.0,,,,,,,,,,,,,,,,,Tomate ,Quindío,4.2,2.4,4.2,2.4
2024-12-04,31,T26_N2P2K1,,,45.1,6.0,2.0,6.0,0.85,225.0,60.8,0.0,6.6,4400.0,130.0,58.0,280.0,10.61,,6.6,4.0,4.0,1.0,12.0,0.021,,71.61955691367456,5.4,2.4,T26_N2P2K1,9.0,46.2,22.8,38.0,28.0,23.4,85.8,1.0,1.0,5.0,Si,0.038,280.0,Tomatoes,Quindio,5.4,2.4,5.4,2.4
2024-12-04,32,T26_N2P2K1,,,,,,0.0,0.0,0.0,0.0,0.0,,,,,,,,,,,,,,,0.0,,,,,,,,,,,,,,,,,Tomate ,Quindío,5.9,2.4,5.9,2.4
2024-12-04,33,T26_N2P2K1,,,,,,4.0,0.708,225.0,70.6,0.0,,,,,,,,,,,,,,,71.61955691367456,,,,,,,,,,,,,,,,,Tomate ,Quindío,6.4,2.4,6.4,2.4
2024-12-04,34,T16_N1P1K2,,,35.9,11.0,0.0,4.0,0.402,193.0,50.5,0.0,6.5,4400.0,180.0,67.0,260.0,9.87,,6.5,4.0,4.0,1.0,11.0,0.02,,61.433664374840845,7.6,2.4,T16_N1P1K2,9.0,33.9,23.2,49.0,15.5,22.6,90.1,1.0,1.0,5.0,Si,0.049,155.0,Tomatoes,Quindio,7.6,2.4,7.6,2.4
2024-12-04,35,T16_N1P1K2,,,,,,0.0,0.0,0.0,0.0,0.0,,,,,,,,,,,,,,,0.0,,,,,,,,,,,,,,,,,Tomate ,Quindío,8.1,2.4,8.1,2.4
2024-12-04,36,T16_N1P1K2,,,,,,2.0,0.17,160.0,50.2,2.0,,,,,,,,,,,,,,,50.92946269416858,,,,,,,,,,,,,,,,,Tomate ,Quindío,8.6,2.4,8.6,2.4
2024-12-04,37,T1_N0P0K0,,,,,,4.0,0.314,180.0,50.4,0.0,,,,,,,,,,,,,,,57.29564553093965,,,,,,,,,,,,,,,,,Tomate ,Quindío,8.6,3.6,8.6,3.6
2024-12-04,38,T1_N0P0K0,,,,,,3.0,0.381,205.0,60.0,4.0,,,,,,,,,,,,,,,65.25337407690348,,,,,,,,,,,,,,,,,Tomate ,Quindío,8.1,3.6,8.1,3.6
2024-12-04,39,T1_N0P0K0,,,57.2,4.0,0.0,2.0,0.217,190.0,60.3,0.0,6.7,4500.0,130.0,54.0,260.0,9.78,,6.7,5.0,9.0,1.0,10.0,0.042,,60.47873694932519,7.6,3.6,T1_N0P0K0,6.66,51.0,23.6,76.0,15.0,24.2,78.4,1.0,1.0,5.0,Si,0.076,150.0,Tomatoes,Quindio,7.6,3.6,7.6,3.6
2024-12-04,40,T14_N1P0K2,,,,,,2.0,0.258,198.0,60.8,0.0,,,,,,,,,,,,,,,63.02521008403362,,,,,,,,,,,,,,,,,Tomate ,Quindío,6.4,3.6,6.4,3.6
2024-12-04,41,T14_N1P0K2,,,,,,3.0,0.308,190.0,60.0,0.0,,,,,,,,,,,,,,,60.47873694932519,,,,,,,,,,,,,,,,,Tomate ,Quindío,5.9,3.6,5.9,3.6
2024-12-04,42,T14_N1P0K2,,,54.7,11.0,7.0,3.0,0.324,175.0,50.5,1.0,6.9,4000.0,120.0,48.0,240.0,8.84,,6.9,4.0,4.0,1.0,14.0,0.024,,55.70409982174688,5.4,3.6,T14_N1P0K2,6.56,43.0,24.0,89.0,16.2,24.4,77.8,1.0,1.0,5.0,Si,0.089,162.0,Tomatoes,Quindio,5.4,3.6,5.4,3.6
2024-12-04,43,T7_N0P1K2,,,,,,4.0,0.535,210.0,60.4,0.0,,,,,,,,,,,,,,,66.84491978609626,,,,,,,,,,,,,,,,,Tomate ,Quindío,4.2,3.6,4.2,3.6
2024-12-04,44,T7_N0P1K2,,,,,,2.0,0.211,180.0,60.0,2.0,,,,,,,,,,,,,,,57.29564553093965,,,,,,,,,,,,,,,,,Tomate ,Quindío,3.7,3.6,3.7,3.6
2024-12-04,45,T7_N0P1K2,,,56.9,10.0,3.0,6.0,0.714,195.0,70.0,2.0,7.0,3900.0,130.0,48.0,260.0,9.75,,7.0,1.0,4.0,1.0,12.0,0.023,,62.070282658517954,3.2,3.6,T7_N0P1K2,9.0,34.8,23.6,93.0,14.3,24.7,77.6,1.0,1.0,5.0,Si,0.093,143.0,Tomatoes,Quindio,3.2,3.6,3.2,3.6
2024-12-04,46,T3_N0P2K0,,,,,,0.0,0.0,0.0,0.0,1.0,,,,,,,,,,,,,,,0.0,,,,,,,,,,,,,,,,,Tomate ,Quindío,2.0,3.6,2.0,3.6
2024-12-04,47,T3_N0P2K0,,,,,,3.0,0.127,194.0,60.4,1.0,,,,,,,,,,,,,,,61.7519735166794,,,,,,,,,,,,,,,,,Tomate ,Quindío,1.5,3.6,1.5,3.6
2024-12-04,48,T3_N0P2K0,,,28.9,1.0,5.0,2.0,0.281,200.0,60.6,1.0,6.7,3700.0,160.0,42.0,200.0,8.37,,6.7,1.0,14.0,1.0,10.0,0.046,,63.66182836771072,1.0,3.6,T3_N0P2K0,7.64,35.8,24.0,51.0,16.7,24.8,75.0,1.0,1.0,5.0,Si,0.051,167.0,Tomatoes,Quindio,1.0,3.6,1.0,3.6
2024-12-04,49,T23_N2P0K2,,,51.6,6.0,2.0,1.0,0.172,220.0,70.7,0.0,6.5,3400.0,75.0,40.0,170.0,7.41,,6.5,8.0,9.0,2.0,11.0,0.056,,70.0280112044818,1.0,4.8,T23_N2P0K2,6.22,40.5,23.7,105.0,16.7,24.5,79.6,1.0,1.0,5.0,Si,0.105,167.0,Tomatoes,Quindio,1.0,4.8,1.0,4.8
2024-12-04,50,T23_N2P0K2,,,,,,2.0,0.215,190.0,60.3,2.0,,,,,,,,,,,,,,,60.47873694932519,,,,,,,,,,,,,,,,,Tomate ,Quindío,1.5,4.8,1.5,4.8
2024-12-04,51,T23_N2P0K2,,,,,,2.0,0.247,194.0,60.8,1.0,,,,,,,,,,,,,,,61.7519735166794,,,,,,,,,,,,,,,,,Tomate ,Quindío,2.0,4.8,2.0,4.8
2024-12-04,52,T21_N2P2K0,,,52.9,17.0,3.0,8.0,1.171,205.0,70.0,1.0,5.9,3600.0,150.0,42.0,170.0,8.4,,5.9,5.0,14.0,1.0,7.0,0.06,,65.25337407690348,3.2,4.8,T21_N2P2K0,9.0,43.9,23.6,61.0,19.7,24.6,77.7,1.0,1.0,5.0,Si,0.061,197.0,Tomatoes,Quindio,3.2,4.8,3.2,4.8
2024-12-04,53,T21_N2P2K0,,,,,,1.0,0.125,190.0,60.0,0.0,,,,,,,,,,,,,,,60.47873694932519,3.7,4.8,T21_N2P2K0,7.78,41.1,24.0,113.0,15.7,24.6,78.3,1.0,1.0,5.0,Si,0.113,157.0,Tomatoes,Quindio,3.7,4.8,3.7,4.8
2024-12-04,54,T21_N2P2K0,,,65.8,7.0,1.0,4.0,0.534,215.0,70.2,0.0,7.3,3800.0,340.0,42.0,410.0,7.81,,7.3,1.0,5.0,1.0,21.0,0.024,,68.43646549528903,4.2,4.8,T21_N2P2K0,6.47,46.1,24.0,28.0,14.7,24.6,77.5,1.0,1.0,5.0,Si,0.028,147.0,Tomatoes,Quindio,4.2,4.8,4.2,4.8
2024-12-04,55,T5_N0P0K2,,,55.4,10.0,0.0,5.0,0.481,225.0,70.4,0.0,7.2,4000.0,230.0,49.0,220.0,9.69,,7.2,7.0,8.0,1.0,17.0,0.052,,71.61955691367456,,,,,,,,,,,,,,,,,Tomate ,Quindío,5.4,4.8,5.4,4.8
2024-12-04,56,T5_N0P0K2,,,,,,7.0,0.633,230.0,60.5,1.0,,,,,,,,,,,,,,,73.21110262286733,,,,,,,,,,,,,,,,,Tomate ,Quindío,5.9,4.8,5.9,4.8
2024-12-04,57,T5_N0P0K2,,,,,,2.0,0.171,215.0,70.3,1.0,,,,,,,,,,,,,,,68.43646549528903,,,,,,,,,,,,,,,,,Tomate ,Quindío,6.4,4.8,6.4,4.8
2024-12-04,58,T30_BIO N2P2K2,,,55.6,12.0,0.0,1.0,0.084,175.0,60.0,0.0,7.3,4000.0,80.0,42.0,280.0,9.02,,7.3,1.0,5.0,1.0,16.0,0.03,,55.70409982174688,7.6,4.8,T30_BIO N2P2K2,9.0,44.0,23.6,80.0,15.6,24.2,79.3,1.0,1.0,5.0,Si,0.08,156.0,Tomatoes,Quindio,7.6,4.8,7.6,4.8
2024-12-04,59,T30_BIO N2P2K2,,,,,,0.0,0.0,0.0,0.0,0.0,,,,,,,,,,,,,,,0.0,,,,,,,,,,,,,,,,,Tomate ,Quindío,8.1,4.8,8.1,4.8
2024-12-04,60,T30_BIO N2P2K2,,,,,,2.0,0.105,190.0,60.5,0.0,,,,,,,,,,,,,,,60.47873694932519,,,,,,,,,,,,,,,,,Tomate ,Quindío,8.6,4.8,8.6,4.8
2024-12-04,61,T20_N2P1K0,,,,,,2.0,0.126,180.0,60.2,0.0,,,,,,,,,,,,,,,57.29564553093965,,,,,,,,,,,,,,,,,Tomate ,Quindío,8.6,6.0,8.6,6.0
2024-12-04,62,T20_N2P1K0,,,,,,6.0,0.367,190.0,70.0,1.0,,,,,,,,,,,,,,,60.47873694932519,,,,,,,,,,,,,,,,,Tomate ,Quindío,8.1,6.0,8.1,6.0
2024-12-04,63,T20_N2P1K0,,,63.2,3.0,0.0,3.0,0.318,195.0,60.2,1.0,7.3,3500.0,210.0,39.0,420.0,8.13,,7.3,1.0,7.0,1.0,13.0,0.026,,62.070282658517954,7.6,6.0,T20_N2P1K0,6.62,45.7,23.6,66.0,25.7,24.5,76.7,1.0,1.0,5.0,Si,0.066,257.0,Tomatoes,Quindio,7.6,6.0,7.6,6.0
2024-12-04,64,T18_N1P2K2,,,,,,6.0,0.521,200.0,70.0,0.0,,,,,,,,,,,,,,,63.66182836771072,,,,,,,,,,,,,,,,,Tomate ,Quindío,6.4,6.0,6.4,6.0
2024-12-04,65,T18_N1P2K2,,,,,,2.0,0.214,210.0,60.4,1.0,,,,,,,,,,,,,,,66.84491978609626,,,,,,,,,,,,,,,,,Tomate ,Quindío,5.9,6.0,5.9,6.0
2024-12-04,66,T18_N1P2K2,,,58.9,10.0,0.0,3.0,0.236,200.0,60.5,1.0,6.9,3800.0,93.0,43.0,460.0,8.92,,6.9,1.0,4.0,1.0,14.0,0.019,,63.66182836771072,5.4,6.0,T18_N1P2K2,6.35,46.1,23.6,50.0,24.5,24.4,77.1,1.0,1.0,5.0,Si,0.05,245.0,Tomatoes,Quindio,5.4,6.0,5.4,6.0
2024-12-04,67,T29_BIO N1P1K1,,,,,,4.0,0.528,230.0,70.5,0.0,,,,,,,,,,,,,,,73.21110262286733,,,,,,,,,,,,,,,,,Tomate ,Quindío,4.2,6.0,4.2,6.0
2024-12-04,68,T29_BIO N1P1K1,,,,,,3.0,0.477,215.0,70.0,0.0,,,,,,,,,,,,,,,68.43646549528903,,,,,,,,,,,,,,,,,Tomate ,Quindío,3.7,6.0,3.7,6.0
2024-12-04,69,T29_BIO N1P1K1,,,43.7,12.0,0.0,2.0,0.205,180.0,60.2,3.0,7.0,4000.0,88.0,45.0,260.0,9.03,,7.0,1.0,7.0,1.0,12.0,0.021,,57.29564553093965,3.2,6.0,T29_BIO N1P1K1,6.45,36.0,24.0,59.0,38.8,24.9,76.8,1.0,1.0,5.0,Si,0.059,388.0,Tomatoes,Quindio,3.2,6.0,3.2,6.0
2024-12-04,70,T25_N2P1K2,,,,,,0.0,0.0,0.0,0.0,0.0,,,,,,,,,,,,,,,0.0,,,,,,,,,,,,,,,,,Tomate ,Quindío,2.0,6.0,2.0,6.0
2024-12-04,71,T25_N2P1K2,,,,,,0.0,0.0,0.0,0.0,0.0,,,,,,,,,,,,,,,0.0,,,,,,,,,,,,,,,,,Tomate ,Quindío,1.5,6.0,1.5,6.0
2024-12-04,72,T25_N2P1K2,,,59.8,9.0,0.0,2.0,0.315,210.0,70.0,0.0,6.3,3500.0,100.0,38.0,220.0,7.76,,6.3,4.0,23.0,1.0,7.0,0.093,,66.84491978609626,1.0,6.0,T25_N2P1K2,6.38,47.7,24.0,77.0,33.2,25.1,75.5,1.0,1.0,5.0,Si,0.077,332.0,Tomatoes,Quindio,1.0,6.0,1.0,6.0
2024-12-04,73,T19_N2P0K0,,,48.2,1.0,0.0,0.0,0.0,0.0,0.0,0.0,6.7,3200.0,270.0,46.0,210.0,8.22,,6.7,1.0,12.0,1.0,10.0,0.034,,0.0,1.0,7.2,T19_N2P0K0,6.79,33.9,24.4,57.0,28.0,25.5,72.5,1.0,1.0,5.0,Si,0.057,280.0,Tomatoes,Quindio,1.0,7.2,1.0,7.2
2024-12-04,74,T19_N2P0K0,,,,,,0.0,0.0,0.0,0.0,0.0,,,,,,,,,,,,,,,0.0,,,,,,,,,,,,,,,,,Tomate ,Quindío,1.5,7.2,1.5,7.2
2024-12-04,75,T19_N2P0K0,,,,,,0.0,0.0,0.0,0.0,0.0,,,,,,,,,,,,,,,0.0,,,,,,,,,,,,,,,,,Tomate ,Quindío,2.0,7.2,2.0,7.2
2024-12-04,76,T2_N0P1K0,,,55.0,6.0,1.0,7.0,0.866,205.0,60.5,0.0,6.6,3400.0,180.0,44.0,390.0,8.26,,6.6,1.0,25.0,2.0,9.0,0.083,,65.25337407690348,3.2,7.2,T2_N0P1K0,6.85,31.2,24.0,53.0,30.8,24.7,76.9,1.0,1.0,5.0,Si,0.053,308.0,Tomatoes,Quindio,3.2,7.2,3.2,7.2
2024-12-04,77,T2_N0P1K0,,,,,,3.0,0.399,195.0,60.8,0.0,,,,,,,,,,,,,,,62.070282658517954,,,,,,,,,,,,,,,,,Tomate ,Quindío,3.7,7.2,3.7,7.2
2024-12-04,78,T2_N0P1K0,,,,,,0.0,0.0,0.0,0.0,0.0,,,,,,,,,,,,,,,0.0,,,,,,,,,,,,,,,,,Tomate ,Quindío,4.2,7.2,4.2,7.2
2024-12-04,79,T6_N0P1K1,,,42.7,26.0,1.0,2.0,0.229,185.0,60.0,3.0,6.3,4000.0,90.0,65.0,450.0,9.05,,6.3,1.0,5.0,1.0,11.0,0.025,,58.88719124013242,5.4,7.2,T6_N0P1K1,9.0,45.9,23.6,45.0,26.0,24.6,78.4,1.0,1.0,5.0,Si,0.045,260.0,Tomatoes,Quindio,5.4,7.2,5.4,7.2
2024-12-04,80,T6_N0P1K1,,,,,,5.0,0.487,185.0,60.8,0.0,,,,,,,,,,,,,,,58.88719124013242,,,,,,,,,,,,,,,,,Tomate ,Quindío,5.9,7.2,5.9,7.2
2024-12-04,81,T6_N0P1K1,,,,,,3.0,0.272,198.0,50.8,0.0,,,,,,,,,,,,,,,63.02521008403362,,,,,,,,,,,,,,,,,Tomate ,Quindío,6.4,7.2,6.4,7.2
2024-12-04,82,T17_N1P2K1,,,59.3,3.0,1.0,0.0,0.0,0.0,0.0,0.0,6.7,3700.0,190.0,35.0,760.0,8.14,,7.0,15.0,44.0,6.0,13.0,0.191,,0.0,7.6,7.2,T17_N1P2K1,6.41,51.7,23.6,93.0,15.9,24.3,78.3,1.0,1.0,5.0,Si,0.093,159.0,Tomatoes,Quindio,7.6,7.2,7.6,7.2
2024-12-04,83,T17_N1P2K1,,,,,,2.0,0.281,193.0,70.0,0.0,,,,,,,,,,,,,,,61.433664374840845,,,,,,,,,,,,,,,,,Tomate ,Quindío,8.1,7.2,8.1,7.2
2024-12-04,84,T17_N1P2K1,,,,,,2.0,0.32,210.0,60.8,0.0,,,,,,,,,,,,,,,66.84491978609626,,,,,,,,,,,,,,,,,Tomate ,Quindío,8.6,7.2,8.6,7.2
2024-12-04,85,T11_N1P1K0,,,,,,2.0,0.187,190.0,50.8,0.0,,,,,,,,,,,,,,,60.47873694932519,,,,,,,,,,,,,,,,,Tomate ,Quindío,8.6,8.4,8.6,8.4
2024-12-04,86,T11_N1P1K0,,,,,,1.0,0.097,180.0,60.5,0.0,,,,,,,,,,,,,,,57.29564553093965,,,,,,,,,,,,,,,,,Tomate ,Quindío,8.1,8.4,8.1,8.4
2024-12-04,87,T11_N1P1K0,,,55.7,5.0,2.0,2.0,0.239,183.0,60.6,3.0,7.1,3600.0,190.0,41.0,440.0,8.59,,7.1,4.0,14.0,1.0,16.0,0.049,,58.25057295645531,7.6,8.4,T11_N1P1K0,9.0,45.8,27.2,59.0,62.0,28.1,63.1,1.0,1.0,5.0,Si,0.059,620.0,Tomatoes,Quindio,7.6,8.4,7.6,8.4
2024-12-04,88,T8_N0P2K1,,,,,,1.0,0.138,210.0,70.0,0.0,,,,,,,,,,,,,,,66.84491978609626,,,,,,,,,,,,,,,,,Tomate ,Quindío,6.4,8.4,6.4,8.4
2024-12-04,89,T8_N0P2K1,,,,,,1.0,0.171,223.0,80.0,0.0,,,,,,,,,,,,,,,70.98293862999745,,,,,,,,,,,,,,,,,Tomate ,Quindío,5.9,8.4,5.9,8.4
2024-12-04,90,T8_N0P2K1,,,40.5,7.0,0.0,2.0,0.185,170.0,60.5,0.0,6.7,3800.0,440.0,67.0,270.0,9.46,,6.7,9.0,9.0,1.0,15.0,0.06,,54.112554112554115,5.4,8.4,T8_N0P2K1,6.4,39.7,26.4,107.0,65.2,27.0,68.6,1.0,1.0,5.0,Si,0.107,652.0,Tomatoes,Quindio,5.4,8.4,5.4,8.4
2024-12-04,91,T9_N0P2K2,,,,,,1.0,0.113,197.0,60.6,0.0,,,,,,,,,,,,,,,62.70690094219506,,,,,,,,,,,,,,,,,Tomate ,Quindío,4.2,8.4,4.2,8.4
2024-12-04,92,T9_N0P2K2,,,,,,1.0,0.108,185.0,60.2,3.0,,,,,,,,,,,,,,,58.88719124013242,,,,,,,,,,,,,,,,,Tomate ,Quindío,3.7,8.4,3.7,8.4
2024-12-04,93,T9_N0P2K2,,,,,,6.0,1.512,250.0,80.2,0.0,,,,,,,,,,,,,,,79.5772854596384,3.2,8.4,T9_N0P2K2,6.4,49.3,25.6,86.0,28.1,26.6,71.8,1.0,1.0,5.0,Si,0.086,281.0,Tomatoes,Quindio,3.2,8.4,3.2,8.4
2024-12-04,94,T13_N1P0K1,,,,,,4.0,0.549,215.0,70.4,0.0,,,,,,,,,,,,,,,68.43646549528903,,,,,,,,,,,,,,,,,Tomate ,Quindío,2.0,8.4,2.0,8.4
2024-12-04,95,T13_N1P0K1,,,,,,4.0,0.302,175.0,50.8,1.0,,,,,,,,,,,,,,,55.70409982174688,,,,,,,,,,,,,,,,,Tomate ,Quindío,1.5,8.4,1.5,8.4
2024-12-04,96,T13_N1P0K1,,,,,,4.0,0.367,170.0,60.2,0.0,,,,,,,,,,,,,,,54.112554112554115,1.0,8.4,T13_N1P0K1,7.0,38.3,24.4,53.0,23.7,25.7,73.5,1.0,1.0,5.0,Si,0.053,237.0,Tomatoes,Quindio,1.0,8.4,1.0,8.4
2024-12-04,97,T26_N2P2K1,,,,,,1.0,0.105,180.0,50.8,0.0,,,,,,,,,,,,,,,57.29564553093965,1.0,9.6,T26_N2P2K1,6.38,34.6,24.4,46.0,24.5,25.8,69.4,1.0,1.0,5.0,Si,0.046,245.0,Tomatoes,Quindio,1.0,9.6,1.0,9.6
2024-12-04,98,T26_N2P2K1,,,,,,8.0,1.354,225.0,70.2,0.0,,,,,,,,,,,,,,,71.61955691367456,,,,,,,,,,,,,,,,,Tomate ,Quindío,1.5,9.6,1.5,9.6
2024-12-04,99,T26_N2P2K1,,,,,,7.0,1.125,225.0,70.5,1.0,,,,,,,,,,,,,,,71.61955691367456,,,,,,,,,,,,,,,,,Tomate ,Quindío,2.0,9.6,2.0,9.6
2024-12-04,100,T16_N1P1K2,,,,,,1.0,0.128,193.0,60.8,2.0,,,,,,,,,,,,,,,61.433664374840845,3.2,9.6,T16_N1P1K2,6.36,45.4,25.2,63.0,50.7,26.2,72.6,1.0,1.0,5.0,Si,0.063,507.0,Tomatoes,Quindio,3.2,9.6,3.2,9.6
2024-12-04,101,T16_N1P1K2,,,,,,4.0,0.591,200.0,70.0,0.0,,,,,,,,,,,,,,,63.66182836771072,,,,,,,,,,,,,,,,,Tomate ,Quindío,3.7,9.6,3.7,9.6
2024-12-04,102,T16_N1P1K2,,,,,,10.0,1.401,205.0,70.4,0.0,,,,,,,,,,,,,,,65.25337407690348,,,,,,,,,,,,,,,,,Tomate ,Quindío,4.2,9.6,4.2,9.6
2024-12-04,103,T10_N1P0K0,,,,,,5.0,0.847,215.0,70.4,1.0,,,,,,,,,,,,,,,68.43646549528903,5.4,9.6,T10_N1P0K0,8.23,35.0,26.8,58.0,66.2,27.3,66.8,1.0,1.0,5.0,Si,0.058,662.0,Tomatoes,Quindio,5.4,9.6,5.4,9.6
2024-12-04,104,T10_N1P0K0,,,,,,1.0,0.43,208.0,60.6,1.0,,,,,,,,,,,,,,,66.20830150241915,,,,,,,,,,,,,,,,,Tomate ,Quindío,5.9,9.6,5.9,9.6
2024-12-04,105,T10_N1P0K0,,,,,,3.0,0.373,188.0,70.0,0.0,,,,,,,,,,,,,,,59.84211866564808,,,,,,,,,,,,,,,,,Tomate ,Quindío,6.4,9.6,6.4,9.6
2024-12-04,106,T22_N2P0K1,,,,,,1.0,0.18,217.0,80.0,0.0,,,,,,,,,,,,,,,69.07308377896614,7.6,9.6,T22_N2P0K1,9.0,34.8,27.2,36.0,45.0,28.2,64.8,1.0,1.0,5.0,Si,0.036,450.0,Tomatoes,Quindio,7.6,9.6,7.6,9.6
2024-12-04,107,T22_N2P0K1,,,,,,1.0,0.165,220.0,60.8,0.0,,,,,,,,,,,,,,,70.0280112044818,,,,,,,,,,,,,,,,,Tomate ,Quindío,8.1,9.6,8.1,9.6
2024-12-04,108,T22_N2P0K1,,,,,,0.0,0.0,0.0,0.0,0.0,,,,,,,,,,,,,,,0.0,,,,,,,,,,,,,,,,,Tomate ,Quindío,8.6,9.6,8.6,9.6
2024-12-04,109,T12_N1P2K0,,,,,,0.0,0.0,0.0,0.0,0.0,,,,,,,,,,,,,,,0.0,,,,,,,,,,,,,,,,,Tomate ,Quindío,8.6,10.8,8.6,10.8
2024-12-04,110,T12_N1P2K0,,,,,,0.0,0.0,0.0,0.0,3.0,,,,,,,,,,,,,,,0.0,,,,,,,,,,,,,,,,,Tomate ,Quindío,8.1,10.8,8.1,10.8
2024-12-04,111,T12_N1P2K0,,,,,,1.0,0.253,245.0,80.1,3.0,,,,,,,,,,,,,,,77.98573975044563,7.6,10.8,T12_N1P2K0,9.0,39.3,27.2,39.0,57.9,28.4,62.6,1.0,1.0,5.0,Si,0.039,579.0,Tomatoes,Quindio,7.6,10.8,7.6,10.8
2024-12-04,112,T28_BIO-N0P0K0,,,,,,4.0,0.504,195.0,60.5,0.0,,,,,,,,,,,,,,,62.070282658517954,,,,,,,,,,,,,,,,,Tomate ,Quindío,6.4,10.8,6.4,10.8
2024-12-04,113,T28_BIO-N0P0K0,,,,,,2.0,0.302,225.0,60.8,1.0,,,,,,,,,,,,,,,71.61955691367456,,,,,,,,,,,,,,,,,Tomate ,Quindío,5.9,10.8,5.9,10.8
2024-12-04,114,T28_BIO-N0P0K0,,,,,,2.0,0.259,190.0,70.0,0.0,,,,,,,,,,,,,,,60.47873694932519,5.4,10.8,T28_BIO-N0P0K0,9.0,41.4,27.2,35.0,24.6,28.7,60.0,1.0,1.0,5.0,Si,0.035,246.0,Tomatoes,Quindio,5.4,10.8,5.4,10.8
2024-12-04,115,T1_N0P0K0,,,,,,4.0,0.702,210.0,70.2,2.0,,,,,,,,,,,,,,,66.84491978609626,,,,,,,,,,,,,,,,,Tomate ,Quindío,4.2,10.8,4.2,10.8
2024-12-04,116,T1_N0P0K0,,,,,,1.0,0.106,190.0,60.0,0.0,,,,,,,,,,,,,,,60.47873694932519,,,,,,,,,,,,,,,,,Tomate ,Quindío,3.7,10.8,3.7,10.8
2024-12-04,117,T1_N0P0K0,,,,,,5.0,0.694,210.0,60.3,1.0,,,,,,,,,,,,,,,66.84491978609626,3.2,10.8,T1_N0P0K0,9.0,35.1,26.0,93.0,26.3,27.8,63.8,1.0,1.0,5.0,Si,0.093,263.0,Tomatoes,Quindio,3.2,10.8,3.2,10.8
2024-12-04,118,T14_N1P0K2,,,,,,7.0,1.139,225.0,70.0,0.0,,,,,,,,,,,,,,,71.61955691367456,,,,,,,,,,,,,,,,,Tomate ,Quindío,2.0,10.8,2.0,10.8
2024-12-04,119,T14_N1P0K2,,,,,,3.0,0.405,205.0,60.8,1.0,,,,,,,,,,,,,,,65.25337407690348,,,,,,,,,,,,,,,,,Tomate ,Quindío,1.5,10.8,1.5,10.8
2024-12-04,120,T14_N1P0K2,,,,,,6.0,1.007,220.0,60.8,0.0,,,,,,,,,,,,,,,70.0280112044818,1.0,10.8,T14_N1P0K2,6.45,47.5,26.4,75.0,23.3,27.6,61.6,1.0,1.0,5.0,Si,0.075,233.0,Tomatoes,Quindio,1.0,10.8,1.0,10.8
2024-12-04,121,T5_N0P0K2,,,,,,3.0,0.333,195.0,60.4,0.0,,,,,,,,,,,,,,,62.070282658517954,1.0,12.0,T5_N0P0K2,6.34,48.1,26.0,59.0,68.2,27.6,64.8,1.0,1.0,5.0,Si,0.059,682.0,Tomatoes,Quindio,1.0,12.0,1.0,12.0
2024-12-04,122,T5_N0P0K2,,,,,,4.0,0.544,195.0,60.8,4.0,,,,,,,,,,,,,,,62.070282658517954,,,,,,,,,,,,,,,,,Tomate ,Quindío,1.5,12.0,1.5,12.0
2024-12-04,123,T5_N0P0K2,,,,,,0.0,0.0,0.0,0.0,0.0,,,,,,,,,,,,,,,0.0,,,,,,,,,,,,,,,,,Tomate ,Quindío,2.0,12.0,2.0,12.0
2024-12-04,124,T30_BIO N2P2K2,,,,,,3.0,0.432,190.0,60.4,3.0,,,,,,,,,,,,,,,60.47873694932519,3.2,12.0,T30_BIO N2P2K2,9.0,32.5,26.0,76.0,26.7,27.6,66.0,1.0,1.0,5.0,Si,0.076,267.0,Tomatoes,Quindio,3.2,12.0,3.2,12.0
2024-12-04,125,T30_BIO N2P2K2,,,,,,0.0,0.0,0.0,0.0,2.0,,,,,,,,,,,,,,,0.0,,,,,,,,,,,,,,,,,Tomate ,Quindío,3.7,12.0,3.7,12.0
2024-12-04,126,T30_BIO N2P2K2,,,,,,3.0,0.315,190.0,60.3,1.0,,,,,,,,,,,,,,,60.47873694932519,,,,,,,,,,,,,,,,,Tomate ,Quindío,4.2,12.0,4.2,12.0
2024-12-04,127,T3_N0P2K0,,,,,,4.0,0.592,205.0,70.0,0.0,,,,,,,,,,,,,,,65.25337407690348,5.4,12.0,T3_N0P2K0,9.0,39.9,27.2,56.0,30.4,28.8,63.0,1.0,1.0,5.0,Si,0.056,304.0,Tomatoes,Quindio,5.4,12.0,5.4,12.0
2024-12-04,128,T3_N0P2K0,,,,,,1.0,0.064,154.0,50.3,0.0,,,,,,,,,,,,,,,49.01960784313726,,,,,,,,,,,,,,,,,Tomate ,Quindío,5.9,12.0,5.9,12.0
2024-12-04,129,T3_N0P2K0,,,,,,3.0,0.509,215.0,70.4,2.0,,,,,,,,,,,,,,,68.43646549528903,,,,,,,,,,,,,,,,,Tomate ,Quindío,6.4,12.0,6.4,12.0
2024-12-04,130,T7_N0P1K2,,,,,,2.0,0.355,225.0,70.3,0.0,,,,,,,,,,,,,,,71.61955691367456,7.6,12.0,T7_N0P1K2,9.0,34.9,27.6,50.0,62.8,28.7,62.7,1.0,1.0,5.0,Si,0.05,628.0,Tomatoes,Quindio,7.6,12.0,7.6,12.0
2024-12-04,131,T7_N0P1K2,,,,,,0.0,0.0,0.0,0.0,0.0,,,,,,,,,,,,,,,0.0,,,,,,,,,,,,,,,,,Tomate ,Quindío,8.1,12.0,8.1,12.0
2024-12-04,132,T7_N0P1K2,,,,,,0.0,0.0,0.0,0.0,5.0,,,,,,,,,,,,,,,0.0,,,,,,,,,,,,,,,,,Tomate ,Quindío,8.6,12.0,8.6,12.0
2024-12-04,133,T21_N2P2K0,,,,,,1.0,0.102,190.0,50.8,0.0,,,,,,,,,,,,,,,60.47873694932519,,,,,,,,,,,,,,,,,Tomate ,Quindío,8.6,13.2,8.6,13.2
2024-12-04,134,T21_N2P2K0,,,,,,0.0,0.0,0.0,0.0,0.0,,,,,,,,,,,,,,,0.0,,,,,,,,,,,,,,,,,Tomate ,Quindío,8.1,13.2,8.1,13.2
2024-12-04,135,T21_N2P2K0,,,,,,2.0,0.276,200.0,70.0,0.0,,,,,,,,,,,,,,,63.66182836771072,7.6,13.2,T21_N2P2K0,9.0,33.8,26.8,47.0,49.8,28.0,61.5,1.0,1.0,5.0,Si,0.047,498.0,Tomatoes,Quindio,7.6,13.2,7.6,13.2
2024-12-04,136,T23_N2P0K2,,,,,,1.0,0.194,230.0,60.7,0.0,,,,,,,,,,,,,,,73.21110262286733,,,,,,,,,,,,,,,,,Tomate ,Quindío,6.4,13.2,6.4,13.2
2024-12-04,137,T23_N2P0K2,,,,,,2.0,0.33,215.0,70.5,0.0,,,,,,,,,,,,,,,68.43646549528903,,,,,,,,,,,,,,,,,Tomate ,Quindío,5.9,13.2,5.9,13.2
2024-12-04,138,T23_N2P0K2,,,,,,3.0,0.262,190.0,70.3,1.0,,,,,,,,,,,,,,,60.47873694932519,5.4,13.2,T23_N2P0K2,6.42,35.1,28.0,50.0,62.5,27.9,60.4,1.0,1.0,5.0,Si,0.05,625.0,Tomatoes,Quindio,5.4,13.2,5.4,13.2
2024-12-04,139,T20_N2P1K0,,,,,,4.0,1.068,265.0,80.0,1.0,,,,,,,,,,,,,,,84.3519225872167,,,,,,,,,,,,,,,,,Tomate ,Quindío,4.2,13.2,4.2,13.2
2024-12-04,140,T20_N2P1K0,,,,,,10.0,1.253,200.0,70.2,0.0,,,,,,,,,,,,,,,63.66182836771072,,,,,,,,,,,,,,,,,Tomate ,Quindío,3.7,13.2,3.7,13.2
2024-12-04,141,T20_N2P1K0,,,,,,2.0,0.218,195.0,60.5,0.0,,,,,,,,,,,,,,,62.070282658517954,3.2,13.2,T20_N2P1K0,9.0,30.3,26.8,106.0,82.1,28.0,60.5,1.0,1.0,5.0,Si,0.106,821.0,Tomatoes,Quindio,3.2,13.2,3.2,13.2
2024-12-04,142,T18_N1P2K2,,,,,,1.0,0.181,210.0,70.3,0.0,,,,,,,,,,,,,,,66.84491978609626,,,,,,,,,,,,,,,,,Tomate ,Quindío,2.0,13.2,2.0,13.2
2024-12-04,143,T18_N1P2K2,,,,,,5.0,0.664,205.0,60.6,0.0,,,,,,,,,,,,,,,65.25337407690348,,,,,,,,,,,,,,,,,Tomate ,Quindío,1.5,13.2,1.5,13.2
2024-12-04,144,T18_N1P2K2,,,,,,1.0,0.188,240.0,60.8,0.0,,,,,,,,,,,,,,,76.39419404125286,1.0,13.2,T18_N1P2K2,6.24,51.6,26.0,57.0,80.6,27.6,67.6,1.0,1.0,5.0,Si,0.057,806.0,Tomatoes,Quindio,1.0,13.2,1.0,13.2
2024-12-04,145,T6_N0P1K1,,,,,,5.0,0.665,200.0,70.0,0.0,,,,,,,,,,,,,,,63.66182836771072,,,,,,,,,,,,,,,,,Tomate ,Quindío,1.0,14.4,1.0,14.4
2024-12-04,146,T6_N0P1K1,,,,,,5.0,0.555,195.0,60.3,0.0,,,,,,,,,,,,,,,62.070282658517954,1.5,14.4,T6_N0P1K1,6.17,36.5,26.4,40.0,68.7,28.1,63.2,1.0,1.0,5.0,Si,0.04,687.0,Tomatoes,Quindio,1.5,14.4,1.5,14.4
2024-12-04,147,T6_N0P1K1,,,,,,4.0,0.51,200.0,70.3,1.0,,,,,,,,,,,,,,,63.66182836771072,,,,,,,,,,,,,,,,,Tomate ,Quindío,2.0,14.4,2.0,14.4
2024-12-04,148,T17_N1P2K1,,,,,,2.0,0.217,200.0,50.5,0.0,,,,,,,,,,,,,,,63.66182836771072,3.2,14.4,T17_N1P2K1,9.0,39.8,26.4,64.0,38.6,28.1,59.8,1.0,1.0,5.0,Si,0.064,386.0,Tomatoes,Quindio,3.2,14.4,3.2,14.4
2024-12-04,149,T17_N1P2K1,,,,,,5.0,0.728,210.0,70.2,0.0,,,,,,,,,,,,,,,66.84491978609626,,,,,,,,,,,,,,,,,Tomate ,Quindío,3.7,14.4,3.7,14.4
2024-12-04,150,T17_N1P2K1,,,,,,3.0,0.46,215.0,70.2,0.0,,,,,,,,,,,,,,,68.43646549528903,,,,,,,,,,,,,,,,,Tomate ,Quindío,4.2,14.4,4.2,14.4
2024-12-04,151,T25_N2P1K2,,,,,,0.0,0.0,0.0,0.0,0.0,,,,,,,,,,,,,,,0.0,5.4,14.4,T25_N2P1K2,7.43,31.4,28.8,58.0,26.7,28.1,59.6,1.0,1.0,5.0,Si,0.058,267.0,Tomatoes,Quindio,5.4,14.4,5.4,14.4
2024-12-04,152,T25_N2P1K2,,,,,,3.0,0.273,180.0,50.5,0.0,,,,,,,,,,,,,,,57.29564553093965,,,,,,,,,,,,,,,,,Tomate ,Quindío,5.9,14.4,5.9,14.4
2024-12-04,153,T25_N2P1K2,,,,,,0.0,0.0,0.0,0.0,0.0,,,,,,,,,,,,,,,0.0,,,,,,,,,,,,,,,,,Tomate ,Quindío,6.4,14.4,6.4,14.4
2024-12-04,154,T29_BIO N1P1K1,,,,,,0.0,0.0,0.0,0.0,1.0,,,,,,,,,,,,,,,0.0,7.6,14.4,T29_BIO N1P1K1,8.01,32.9,27.6,26.0,30.4,28.1,65.4,1.0,1.0,5.0,Si,0.026,304.0,Tomatoes,Quindio,7.6,14.4,7.6,14.4
2024-12-04,155,T29_BIO N1P1K1,,,,,,3.0,0.346,190.0,60.3,0.0,,,,,,,,,,,,,,,60.47873694932519,,,,,,,,,,,,,,,,,Tomate ,Quindío,8.1,14.4,8.1,14.4
2024-12-04,156,T29_BIO N1P1K1,,,,,,5.0,0.578,200.0,70.0,0.0,,,,,,,,,,,,,,,63.66182836771072,,,,,,,,,,,,,,,,,Tomate ,Quindío,8.6,14.4,8.6,14.4
2024-12-04,157,T2_N0P1K0,,,,,,2.0,0.437,230.0,70.7,0.0,,,,,,,,,,,,,,,73.21110262286733,,,,,,,,,,,,,,,,,Tomate ,Quindío,8.6,15.6,8.6,15.6
2024-12-04,158,T2_N0P1K0,,,,,,5.0,0.748,220.0,70.0,0.0,,,,,,,,,,,,,,,70.0280112044818,,,,,,,,,,,,,,,,,Tomate ,Quindío,8.1,15.6,8.1,15.6
2024-12-04,159,T2_N0P1K0,,,,,,1.0,0.155,205.0,70.1,4.0,,,,,,,,,,,,,,,65.25337407690348,7.6,15.6,T2_N0P1K0,6.39,31.5,27.6,49.0,15.3,27.6,62.3,1.0,1.0,5.0,Si,0.049,153.0,Tomatoes,Quindio,7.6,15.6,7.6,15.6
2024-12-04,160,T19_N2P0K0,,,,,,2.0,0.305,210.0,60.6,4.0,,,,,,,,,,,,,,,66.84491978609626,,,,,,,,,,,,,,,,,Tomate ,Quindío,6.4,15.6,6.4,15.6
2024-12-04,161,T19_N2P0K0,,,,,,0.0,0.0,0.0,0.0,0.0,,,,,,,,,,,,,,,0.0,,,,,,,,,,,,,,,,,Tomate ,Quindío,5.9,15.6,5.9,15.6
2024-12-04,162,T19_N2P0K0,,,,,,6.0,0.803,210.0,60.7,0.0,,,,,,,,,,,,,,,66.84491978609626,5.4,15.6,T19_N2P0K0,6.36,33.4,26.8,104.0,13.4,27.5,63.4,1.0,1.0,5.0,Si,0.104,134.0,Tomatoes,Quindio,5.4,15.6,5.4,15.6
2024-12-04,163,T8_N0P2K1,,,,,,3.0,0.377,195.0,60.7,0.0,,,,,,,,,,,,,,,62.070282658517954,,,,,,,,,,,,,,,,,Tomate ,Quindío,4.2,15.6,4.2,15.6
2024-12-04,164,T8_N0P2K1,,,,,,2.0,0.232,195.0,60.0,0.0,,,,,,,,,,,,,,,62.070282658517954,,,,,,,,,,,,,,,,,Tomate ,Quindío,3.7,15.6,3.7,15.6
2024-12-04,165,T8_N0P2K1,,,,,,5.0,0.773,210.0,70.5,0.0,,,,,,,,,,,,,,,66.84491978609626,3.2,15.6,T8_N0P2K1,6.38,25.0,26.4,102.0,9.3,26.4,66.7,1.0,1.0,5.0,Si,0.102,93.0,Tomatoes,Quindio,3.2,15.6,3.2,15.6
2024-12-04,166,T15_N1P1K1,,,,,,5.0,0.795,220.0,70.0,0.0,,,,,,,,,,,,,,,70.0280112044818,,,,,,,,,,,,,,,,,Tomate ,Quindío,2.0,15.6,2.0,15.6
2024-12-04,167,T15_N1P1K1,,,,,,4.0,0.581,215.0,60.8,0.0,,,,,,,,,,,,,,,68.43646549528903,,,,,,,,,,,,,,,,,Tomate ,Quindío,1.5,15.6,1.5,15.6
2024-12-04,168,T15_N1P1K1,,,,,,2.0,0.345,217.0,70.1,0.0,,,,,,,,,,,,,,,69.07308377896614,1.0,15.6,T15_N1P1K1,7.6,32.7,25.2,98.0,11.1,25.5,70.3,1.0,1.0,5.0,Si,0.098,111.0,Tomatoes,Quindio,1.0,15.6,1.0,15.6
2024-12-04,169,T24_N2P1K1,,,,,,1.0,0.14,195.0,70.2,2.0,,,,,,,,,,,,,,,62.070282658517954,1.0,16.8,T24_N2P1K1,6.45,20.3,25.6,44.0,9.8,25.9,67.2,1.0,1.0,5.0,Si,0.044,98.0,Tomatoes,Quindio,1.0,16.8,1.0,16.8
2024-12-04,170,T24_N2P1K1,,,,,,4.0,0.513,200.0,60.4,0.0,,,,,,,,,,,,,,,63.66182836771072,,,,,,,,,,,,,,,,,Tomate ,Quindío,1.5,16.8,1.5,16.8
2024-12-04,171,T24_N2P1K1,,,54.5,5.0,0.0,0.0,0.0,0.0,0.0,0.0,6.9,3200.0,650.0,38.0,230.0,8.21,,6.9,9.0,36.0,2.0,14.0,0.121,,0.0,2.0,16.8,T24_N2P1K1,6.19,24.9,26.0,105.0,9.1,26.2,68.2,1.0,1.0,5.0,Si,0.105,91.0,Tomatoes,Quindio,2.0,16.8,2.0,16.8
2024-12-04,172,T11_N1P1K0,,,,,,0.0,0.0,0.0,0.0,1.0,,,,,,,,,,,,,,,0.0,3.2,16.8,T11_N1P1K0,6.4,20.5,26.4,69.0,12.0,27.0,65.7,1.0,1.0,5.0,Si,0.069,120.0,Tomatoes,Quindio,3.2,16.8,3.2,16.8
2024-12-04,173,T11_N1P1K0,,,,,,0.0,0.0,0.0,0.0,0.0,,,,,,,,,,,,,,,0.0,,,,,,,,,,,,,,,,,Tomate ,Quindío,3.7,16.8,3.7,16.8
2024-12-04,174,T11_N1P1K0,,,,,,8.0,1.502,245.0,60.7,0.0,,,,,,,,,,,,,,,77.98573975044563,,,,,,,,,,,,,,,,,Tomate ,Quindío,4.2,16.8,4.2,16.8
2024-12-04,175,T27_N2P2K2,,,,,,1.0,0.096,190.0,60.2,0.0,,,,,,,,,,,,,,,60.47873694932519,5.4,16.8,T27_N2P2K2,6.21,21.1,26.4,60.0,10.9,27.3,60.2,1.0,1.0,5.0,,0.06,109.0,Tomatoes,Quindio,5.4,16.8,5.4,16.8
2024-12-04,176,T27_N2P2K2,,,,,,1.0,0.18,216.0,70.3,0.0,,,,,,,,,,,,,,,68.75477463712758,,,,,,,,,,,,,,,,,Tomate ,Quindío,5.9,16.8,5.9,16.8
2024-12-04,177,T27_N2P2K2,,,,,,7.0,0.706,210.0,60.7,0.0,,,,,,,,,,,,,,,66.84491978609626,,,,,,,,,,,,,,,,,Tomate ,Quindío,6.4,16.8,6.4,16.8
2024-12-04,178,T4_N0P0K1,,,,,,6.0,0.829,200.0,70.2,0.0,,,,,,,,,,,,,,,63.66182836771072,7.6,16.8,T4_N0P0K1,6.57,24.1,28.0,28.0,26.9,27.8,63.3,1.0,1.0,5.0,,0.028,269.0,Tomatoes,Quindio,7.6,16.8,7.6,16.8
2024-12-04,179,T4_N0P0K1,,,,,,2.0,0.174,172.0,50.7,0.0,,,,,,,,,,,,,,,54.749172396231224,,,,,,,,,,,,,,,,,Tomate ,Quindío,8.1,16.8,8.1,16.8
2024-12-04,180,T4_N0P0K1,,,,,,1.0,0.15,205.0,70.1,0.0,,,,,,,,,,,,,,,65.25337407690348,,,,,,,,,,,,,,,,,Tomate ,Quindío,8.6,16.8,8.6,16.8
2024-12-11,1,T27_N2P2K2,,,,,,16.0,1.688,,,1.0,,,,,,,,,,,,,,,,,,,,,,,,,,,,,,,,Tomate ,Quindío,1.0,0.0,1.0,0.0
2024-12-11,2,T27_N2P2K2,,,,,,0.0,0.0,,,11.0,,,,,,,,,,,,,,,,,,,,,,,,,,,,,,,,Tomate ,Quindío,1.5,0.0,1.5,0.0
2024-12-11,3,T27_N2P2K2,,,,,,5.0,0.579,,,3.0,,,,,,,,,,,,,,,,,,,,,,,,,,,,,,,,Tomate ,Quindío,2.0,0.0,2.0,0.0
2024-12-11,4,T24_N2P1K1,,,,,,22.0,2.408,,,11.0,,,,,,,,,,,,,,,,,,,,,,,,,,,,,,,,Tomate ,Quindío,3.2,0.0,3.2,0.0
2024-12-11,5,T24_N2P1K1,,,,,,7.0,0.834,,,3.0,,,,,,,,,,,,,,,,,,,,,,,,,,,,,,,,Tomate ,Quindío,3.7,0.0,3.7,0.0
2024-12-11,6,T24_N2P1K1,,,,,,9.0,1.06,,,6.0,,,,,,,,,,,,,,,,,,,,,,,,,,,,,,,,Tomate ,Quindío,4.2,0.0,4.2,0.0
2024-12-11,7,T4_N0P0K1,,,,,,0.0,0.0,,,0.0,,,,,,,,,,,,,,,,,,,,,,,,,,,,,,,,Tomate ,Quindío,5.4,0.0,5.4,0.0
2024-12-11,8,T4_N0P0K1,,,,,,9.0,1.124,,,7.0,,,,,,,,,,,,,,,,,,,,,,,,,,,,,,,,Tomate ,Quindío,5.9,0.0,5.9,0.0
2024-12-11,9,T4_N0P0K1,,,,,,3.0,0.32,,,4.0,,,,,,,,,,,,,,,,,,,,,,,,,,,,,,,,Tomate ,Quindío,6.4,0.0,6.4,0.0
2024-12-11,10,T15_N1P1K1,,,,,,5.0,0.593,,,1.0,,,,,,,,,,,,,,,,,,,,,,,,,,,,,,,,Tomate ,Quindío,7.6,0.0,7.6,0.0
2024-12-11,11,T15_N1P1K1,,,,,,2.0,0.184,,,,,,,,,,,,,,,,,,,,,,,,,,,,,,,,,,,Tomate ,Quindío,8.1,0.0,8.1,0.0
2024-12-11,12,T15_N1P1K1,,,,,,3.0,0.341,,,,,,,,,,,,,,,,,,,,,,,,,,,,,,,,,,,Tomate ,Quindío,8.6,0.0,8.6,0.0
2024-12-11,13,T9_N0P2K2,,,,,,6.0,0.918,,,3.0,,,,,,,,,,,,,,,,,,,,,,,,,,,,,,,,Tomate ,Quindío,8.6,1.2,8.6,1.2
2024-12-11,14,T9_N0P2K2,,,,,,6.0,0.599,,,1.0,,,,,,,,,,,,,,,,,,,,,,,,,,,,,,,,Tomate ,Quindío,8.1,1.2,8.1,1.2
2024-12-11,15,T9_N0P2K2,,,,,,4.0,0.56,,,0.0,,,,,,,,,,,,,,,,,,,,,,,,,,,,,,,,Tomate ,Quindío,7.6,1.2,7.6,1.2
2024-12-11,16,T13_N1P0K1,,,,,,10.0,1.001,,,10.0,,,,,,,,,,,,,,,,,,,,,,,,,,,,,,,,Tomate ,Quindío,6.4,1.2,6.4,1.2
2024-12-11,17,T13_N1P0K1,,,,,,2.0,0.23,,,5.0,,,,,,,,,,,,,,,,,,,,,,,,,,,,,,,,Tomate ,Quindío,5.9,1.2,5.9,1.2
2024-12-11,18,T13_N1P0K1,,,,,,0.0,0.0,,,2.0,,,,,,,,,,,,,,,,,,,,,,,,,,,,,,,,Tomate ,Quindío,5.4,1.2,5.4,1.2
2024-12-11,19,T22_N2P0K1,,,,,,0.0,0.0,,,3.0,,,,,,,,,,,,,,,,,,,,,,,,,,,,,,,,Tomate ,Quindío,4.2,1.2,4.2,1.2
2024-12-11,20,T22_N2P0K1,,,,,,6.0,0.705,,,6.0,,,,,,,,,,,,,,,,,,,,,,,,,,,,,,,,Tomate ,Quindío,3.7,1.2,3.7,1.2
2024-12-11,21,T22_N2P0K1,,,,,,0.0,0.0,,,4.0,,,,,,,,,,,,,,,,,,,,,,,,,,,,,,,,Tomate ,Quindío,3.2,1.2,3.2,1.2
2024-12-11,22,T10_N1P0K0,,,,,,8.0,0.93,,,8.0,,,,,,,,,,,,,,,,,,,,,,,,,,,,,,,,Tomate ,Quindío,2.0,1.2,2.0,1.2
2024-12-11,23,T10_N1P0K0,,,,,,1.0,0.118,,,2.0,,,,,,,,,,,,,,,,,,,,,,,,,,,,,,,,Tomate ,Quindío,1.5,1.2,1.5,1.2
2024-12-11,24,T10_N1P0K0,,,,,,0.0,0.0,,,10.0,,,,,,,,,,,,,,,,,,,,,,,,,,,,,,,,Tomate ,Quindío,1.0,1.2,1.0,1.2
2024-12-11,25,T28_BIO-N0P0K0,,,,,,7.0,0.544,,,1.0,,,,,,,,,,,,,,,,,,,,,,,,,,,,,,,,Tomate ,Quindío,1.0,2.4,1.0,2.4
2024-12-11,26,T28_BIO-N0P0K0,,,,,,6.0,0.601,,,5.0,,,,,,,,,,,,,,,,,,,,,,,,,,,,,,,,Tomate ,Quindío,1.5,2.4,1.5,2.4
2024-12-11,27,T28_BIO-N0P0K0,,,,,,3.0,0.333,,,,,,,,,,,,,,,,,,,,,,,,,,,,,,,,,,,Tomate ,Quindío,2.0,2.4,2.0,2.4
2024-12-11,28,T12_N1P2K0,,,,,,0.0,0.0,,,0.0,,,,,,,,,,,,,,,,,,,,,,,,,,,,,,,,Tomate ,Quindío,3.2,2.4,3.2,2.4
2024-12-11,29,T12_N1P2K0,,,,,,8.0,0.727,,,,,,,,,,,,,,,,,,,,,,,,,,,,,,,,,,,Tomate ,Quindío,3.7,2.4,3.7,2.4
2024-12-11,30,T12_N1P2K0,,,,,,3.0,0.4,,,2.0,,,,,,,,,,,,,,,,,,,,,,,,,,,,,,,,Tomate ,Quindío,4.2,2.4,4.2,2.4
2024-12-11,31,T26_N2P2K1,,,,,,5.0,0.518,,,2.0,,,,,,,,,,,,,,,,,,,,,,,,,,,,,,,,Tomate ,Quindío,5.4,2.4,5.4,2.4
2024-12-11,32,T26_N2P2K1,,,,,,0.0,0.0,,,0.0,,,,,,,,,,,,,,,,,,,,,,,,,,,,,,,,Tomate ,Quindío,5.9,2.4,5.9,2.4
2024-12-11,33,T26_N2P2K1,,,,,,5.0,0.594,,,4.0,,,,,,,,,,,,,,,,,,,,,,,,,,,,,,,,Tomate ,Quindío,6.4,2.4,6.4,2.4
2024-12-11,34,T16_N1P1K2,,,,,,4.0,0.47,,,1.0,,,,,,,,,,,,,,,,,,,,,,,,,,,,,,,,Tomate ,Quindío,7.6,2.4,7.6,2.4
2024-12-11,35,T16_N1P1K2,,,,,,0.0,0.0,,,0.0,,,,,,,,,,,,,,,,,,,,,,,,,,,,,,,,Tomate ,Quindío,8.1,2.4,8.1,2.4
2024-12-11,36,T16_N1P1K2,,,,,,0.0,0.0,,,0.0,,,,,,,,,,,,,,,,,,,,,,,,,,,,,,,,Tomate ,Quindío,8.6,2.4,8.6,2.4
2024-12-11,37,T1_N0P0K0,,,,,,0.0,0.0,,,0.0,,,,,,,,,,,,,,,,,,,,,,,,,,,,,,,,Tomate ,Quindío,8.6,3.6,8.6,3.6
2024-12-11,38,T1_N0P0K0,,,,,,0.0,0.0,,,0.0,,,,,,,,,,,,,,,,,,,,,,,,,,,,,,,,Tomate ,Quindío,8.1,3.6,8.1,3.6
2024-12-11,39,T1_N0P0K0,,,,,,3.0,0.298,,,,,,,,,,,,,,,,,,,,,,,,,,,,,,,,,,,Tomate ,Quindío,7.6,3.6,7.6,3.6
2024-12-11,40,T14_N1P0K2,,,,,,6.0,0.602,,,3.0,,,,,,,,,,,,,,,,,,,,,,,,,,,,,,,,Tomate ,Quindío,6.4,3.6,6.4,3.6
2024-12-11,41,T14_N1P0K2,,,,,,3.0,0.255,,,3.0,,,,,,,,,,,,,,,,,,,,,,,,,,,,,,,,Tomate ,Quindío,5.9,3.6,5.9,3.6
2024-12-11,42,T14_N1P0K2,,,,,,2.0,0.159,,,0.0,,,,,,,,,,,,,,,,,,,,,,,,,,,,,,,,Tomate ,Quindío,5.4,3.6,5.4,3.6
2024-12-11,43,T7_N0P1K2,,,,,,7.0,0.562,,,1.0,,,,,,,,,,,,,,,,,,,,,,,,,,,,,,,,Tomate ,Quindío,4.2,3.6,4.2,3.6
2024-12-11,44,T7_N0P1K2,,,,,,0.0,0.0,,,0.0,,,,,,,,,,,,,,,,,,,,,,,,,,,,,,,,Tomate ,Quindío,3.7,3.6,3.7,3.6
2024-12-11,45,T7_N0P1K2,,,,,,2.0,0.334,,,4.0,,,,,,,,,,,,,,,,,,,,,,,,,,,,,,,,Tomate ,Quindío,3.2,3.6,3.2,3.6
2024-12-11,46,T3_N0P2K0,,,,,,0.0,0.0,,,0.0,,,,,,,,,,,,,,,,,,,,,,,,,,,,,,,,Tomate ,Quindío,2.0,3.6,2.0,3.6
2024-12-11,47,T3_N0P2K0,,,,,,2.0,0.166,,,1.0,,,,,,,,,,,,,,,,,,,,,,,,,,,,,,,,Tomate ,Quindío,1.5,3.6,1.5,3.6
2024-12-11,48,T3_N0P2K0,,,,,,4.0,0.369,,,2.0,,,,,,,,,,,,,,,,,,,,,,,,,,,,,,,,Tomate ,Quindío,1.0,3.6,1.0,3.6
2024-12-11,49,T23_N2P0K2,,,,,,0.0,0.0,,,0.0,,,,,,,,,,,,,,,,,,,,,,,,,,,,,,,,Tomate ,Quindío,1.0,4.8,1.0,4.8
2024-12-11,50,T23_N2P0K2,,,,,,2.0,0.17,,,1.0,,,,,,,,,,,,,,,,,,,,,,,,,,,,,,,,Tomate ,Quindío,1.5,4.8,1.5,4.8
2024-12-11,51,T23_N2P0K2,,,,,,9.0,0.939,,,1.0,,,,,,,,,,,,,,,,,,,,,,,,,,,,,,,,Tomate ,Quindío,2.0,4.8,2.0,4.8
2024-12-11,52,T21_N2P2K0,,,,,,3.0,0.317,,,5.0,,,,,,,,,,,,,,,,,,,,,,,,,,,,,,,,Tomate ,Quindío,3.2,4.8,3.2,4.8
2024-12-11,53,T21_N2P2K0,,,,,,4.0,0.493,,,5.0,,,,,,,,,,,,,,,,,,,,,,,,,,,,,,,,Tomate ,Quindío,3.7,4.8,3.7,4.8
2024-12-11,54,T21_N2P2K0,,,,,,6.0,0.598,,,3.0,,,,,,,,,,,,,,,,,,,,,,,,,,,,,,,,Tomate ,Quindío,4.2,4.8,4.2,4.8
2024-12-11,55,T5_N0P0K2,,,,,,4.0,0.478,,,3.0,,,,,,,,,,,,,,,,,,,,,,,,,,,,,,,,Tomate ,Quindío,5.4,4.8,5.4,4.8
2024-12-11,56,T5_N0P0K2,,,,,,8.0,0.867,,,0.0,,,,,,,,,,,,,,,,,,,,,,,,,,,,,,,,Tomate ,Quindío,5.9,4.8,5.9,4.8
2024-12-11,57,T5_N0P0K2,,,,,,7.0,0.949,,,1.0,,,,,,,,,,,,,,,,,,,,,,,,,,,,,,,,Tomate ,Quindío,6.4,4.8,6.4,4.8
2024-12-11,58,T30_BIO N2P2K2,,,,,,7.0,0.861,,,5.0,,,,,,,,,,,,,,,,,,,,,,,,,,,,,,,,Tomate ,Quindío,7.6,4.8,7.6,4.8
2024-12-11,59,T30_BIO N2P2K2,,,,,,6.0,0.555,,,1.0,,,,,,,,,,,,,,,,,,,,,,,,,,,,,,,,Tomate ,Quindío,8.1,4.8,8.1,4.8
2024-12-11,60,T30_BIO N2P2K2,,,,,,8.0,0.745,,,1.0,,,,,,,,,,,,,,,,,,,,,,,,,,,,,,,,Tomate ,Quindío,8.6,4.8,8.6,4.8
2024-12-11,61,T20_N2P1K0,,,,,,1.0,0.113,,,1.0,,,,,,,,,,,,,,,,,,,,,,,,,,,,,,,,Tomate ,Quindío,8.6,6.0,8.6,6.0
2024-12-11,62,T20_N2P1K0,,,,,,0.0,0.0,,,0.0,,,,,,,,,,,,,,,,,,,,,,,,,,,,,,,,Tomate ,Quindío,8.1,6.0,8.1,6.0
2024-12-11,63,T20_N2P1K0,,,,,,2.0,0.202,,,1.0,,,,,,,,,,,,,,,,,,,,,,,,,,,,,,,,Tomate ,Quindío,7.6,6.0,7.6,6.0
2024-12-11,64,T18_N1P2K2,,,,,,4.0,0.45,,,0.0,,,,,,,,,,,,,,,,,,,,,,,,,,,,,,,,Tomate ,Quindío,6.4,6.0,6.4,6.0
2024-12-11,65,T18_N1P2K2,,,,,,2.0,0.276,,,0.0,,,,,,,,,,,,,,,,,,,,,,,,,,,,,,,,Tomate ,Quindío,5.9,6.0,5.9,6.0
2024-12-11,66,T18_N1P2K2,,,,,,2.0,0.21,,,0.0,,,,,,,,,,,,,,,,,,,,,,,,,,,,,,,,Tomate ,Quindío,5.4,6.0,5.4,6.0
2024-12-11,67,T29_BIO N1P1K1,,,,,,6.0,0.689,,,3.0,,,,,,,,,,,,,,,,,,,,,,,,,,,,,,,,Tomate ,Quindío,4.2,6.0,4.2,6.0
2024-12-11,68,T29_BIO N1P1K1,,,,,,4.0,0.437,,,2.0,,,,,,,,,,,,,,,,,,,,,,,,,,,,,,,,Tomate ,Quindío,3.7,6.0,3.7,6.0
2024-12-11,69,T29_BIO N1P1K1,,,,,,3.0,0.31,,,2.0,,,,,,,,,,,,,,,,,,,,,,,,,,,,,,,,Tomate ,Quindío,3.2,6.0,3.2,6.0
2024-12-11,70,T25_N2P1K2,,,,,,3.0,0.346,,,1.0,,,,,,,,,,,,,,,,,,,,,,,,,,,,,,,,Tomate ,Quindío,2.0,6.0,2.0,6.0
2024-12-11,71,T25_N2P1K2,,,,,,0.0,0.0,,,0.0,,,,,,,,,,,,,,,,,,,,,,,,,,,,,,,,Tomate ,Quindío,1.5,6.0,1.5,6.0
2024-12-11,72,T25_N2P1K2,,,,,,4.0,0.432,,,0.0,,,,,,,,,,,,,,,,,,,,,,,,,,,,,,,,Tomate ,Quindío,1.0,6.0,1.0,6.0
2024-12-11,73,T19_N2P0K0,,,,,,0.0,0.0,,,2.0,,,,,,,,,,,,,,,,,,,,,,,,,,,,,,,,Tomate ,Quindío,1.0,7.2,1.0,7.2
2024-12-11,74,T19_N2P0K0,,,,,,3.0,0.378,,,8.0,,,,,,,,,,,,,,,,,,,,,,,,,,,,,,,,Tomate ,Quindío,1.5,7.2,1.5,7.2
2024-12-11,75,T19_N2P0K0,,,,,,1.0,0.092,,,0.0,,,,,,,,,,,,,,,,,,,,,,,,,,,,,,,,Tomate ,Quindío,2.0,7.2,2.0,7.2
2024-12-11,76,T2_N0P1K0,,,,,,2.0,0.17,,,3.0,,,,,,,,,,,,,,,,,,,,,,,,,,,,,,,,Tomate ,Quindío,3.2,7.2,3.2,7.2
2024-12-11,77,T2_N0P1K0,,,,,,2.0,0.318,,,0.0,,,,,,,,,,,,,,,,,,,,,,,,,,,,,,,,Tomate ,Quindío,3.7,7.2,3.7,7.2
2024-12-11,78,T2_N0P1K0,,,,,,0.0,0.0,,,0.0,,,,,,,,,,,,,,,,,,,,,,,,,,,,,,,,Tomate ,Quindío,4.2,7.2,4.2,7.2
2024-12-11,79,T6_N0P1K1,,,,,,18.0,1.984,,,4.0,,,,,,,,,,,,,,,,,,,,,,,,,,,,,,,,Tomate ,Quindío,5.4,7.2,5.4,7.2
2024-12-11,80,T6_N0P1K1,,,,,,10.0,1.068,,,1.0,,,,,,,,,,,,,,,,,,,,,,,,,,,,,,,,Tomate ,Quindío,5.9,7.2,5.9,7.2
2024-12-11,81,T6_N0P1K1,,,,,,2.0,0.271,,,0.0,,,,,,,,,,,,,,,,,,,,,,,,,,,,,,,,Tomate ,Quindío,6.4,7.2,6.4,7.2
2024-12-11,82,T17_N1P2K1,,,,,,2.0,0.255,,,0.0,,,,,,,,,,,,,,,,,,,,,,,,,,,,,,,,Tomate ,Quindío,7.6,7.2,7.6,7.2
2024-12-11,83,T17_N1P2K1,,,,,,2.0,0.223,,,9.0,,,,,,,,,,,,,,,,,,,,,,,,,,,,,,,,Tomate ,Quindío,8.1,7.2,8.1,7.2
2024-12-11,84,T17_N1P2K1,,,,,,0.0,0.0,,,1.0,,,,,,,,,,,,,,,,,,,,,,,,,,,,,,,,Tomate ,Quindío,8.6,7.2,8.6,7.2
2024-12-11,85,T11_N1P1K0,,,,,,2.0,0.204,,,2.0,,,,,,,,,,,,,,,,,,,,,,,,,,,,,,,,Tomate ,Quindío,8.6,8.4,8.6,8.4
2024-12-11,86,T11_N1P1K0,,,,,,3.0,0.361,,,0.0,,,,,,,,,,,,,,,,,,,,,,,,,,,,,,,,Tomate ,Quindío,8.1,8.4,8.1,8.4
2024-12-11,87,T11_N1P1K0,,,,,,0.0,0.0,,,0.0,,,,,,,,,,,,,,,,,,,,,,,,,,,,,,,,Tomate ,Quindío,7.6,8.4,7.6,8.4
2024-12-11,88,T8_N0P2K1,,,,,,6.0,0.869,,,0.0,,,,,,,,,,,,,,,,,,,,,,,,,,,,,,,,Tomate ,Quindío,6.4,8.4,6.4,8.4
2024-12-11,89,T8_N0P2K1,,,,,,7.0,0.809,,,2.0,,,,,,,,,,,,,,,,,,,,,,,,,,,,,,,,Tomate ,Quindío,5.9,8.4,5.9,8.4
2024-12-11,90,T8_N0P2K1,,,,,,4.0,0.581,,,2.0,,,,,,,,,,,,,,,,,,,,,,,,,,,,,,,,Tomate ,Quindío,5.4,8.4,5.4,8.4
2024-12-11,91,T9_N0P2K2,,,,,,5.0,0.762,,,6.0,,,,,,,,,,,,,,,,,,,,,,,,,,,,,,,,Tomate ,Quindío,4.2,8.4,4.2,8.4
2024-12-11,92,T9_N0P2K2,,,,,,20.0,2.486,,,0.0,,,,,,,,,,,,,,,,,,,,,,,,,,,,,,,,Tomate ,Quindío,3.7,8.4,3.7,8.4
2024-12-11,93,T9_N0P2K2,,,,,,0.0,0.0,,,0.0,,,,,,,,,,,,,,,,,,,,,,,,,,,,,,,,Tomate ,Quindío,3.2,8.4,3.2,8.4
2024-12-11,94,T13_N1P0K1,,,,,,3.0,0.469,,,3.0,,,,,,,,,,,,,,,,,,,,,,,,,,,,,,,,Tomate ,Quindío,2.0,8.4,2.0,8.4
2024-12-11,95,T13_N1P0K1,,,,,,1.0,0.105,,,1.0,,,,,,,,,,,,,,,,,,,,,,,,,,,,,,,,Tomate ,Quindío,1.5,8.4,1.5,8.4
2024-12-11,96,T13_N1P0K1,,,,,,3.0,0.255,,,3.0,,,,,,,,,,,,,,,,,,,,,,,,,,,,,,,,Tomate ,Quindío,1.0,8.4,1.0,8.4
2024-12-11,97,T26_N2P2K1,,,,,,7.0,1.095,,,0.0,,,,,,,,,,,,,,,,,,,,,,,,,,,,,,,,Tomate ,Quindío,1.0,9.6,1.0,9.6
2024-12-11,98,T26_N2P2K1,,,,,,12.0,1.154,,,2.0,,,,,,,,,,,,,,,,,,,,,,,,,,,,,,,,Tomate ,Quindío,1.5,9.6,1.5,9.6
2024-12-11,99,T26_N2P2K1,,,,,,2.0,0.151,,,1.0,,,,,,,,,,,,,,,,,,,,,,,,,,,,,,,,Tomate ,Quindío,2.0,9.6,2.0,9.6
2024-12-11,100,T16_N1P1K2,,,,,,4.0,0.532,,,0.0,,,,,,,,,,,,,,,,,,,,,,,,,,,,,,,,Tomate ,Quindío,3.2,9.6,3.2,9.6
2024-12-11,101,T16_N1P1K2,,,,,,9.0,1.1,,,4.0,,,,,,,,,,,,,,,,,,,,,,,,,,,,,,,,Tomate ,Quindío,3.7,9.6,3.7,9.6
2024-12-11,102,T16_N1P1K2,,,,,,4.0,0.403,,,0.0,,,,,,,,,,,,,,,,,,,,,,,,,,,,,,,,Tomate ,Quindío,4.2,9.6,4.2,9.6
2024-12-11,103,T10_N1P0K0,,,,,,5.0,0.747,,,1.0,,,,,,,,,,,,,,,,,,,,,,,,,,,,,,,,Tomate ,Quindío,5.4,9.6,5.4,9.6
2024-12-11,104,T10_N1P0K0,,,,,,8.0,1.104,,,9.0,,,,,,,,,,,,,,,,,,,,,,,,,,,,,,,,Tomate ,Quindío,5.9,9.6,5.9,9.6
2024-12-11,105,T10_N1P0K0,,,,,,5.0,0.617,,,2.0,,,,,,,,,,,,,,,,,,,,,,,,,,,,,,,,Tomate ,Quindío,6.4,9.6,6.4,9.6
2024-12-11,106,T22_N2P0K1,,,,,,4.0,0.444,,,1.0,,,,,,,,,,,,,,,,,,,,,,,,,,,,,,,,Tomate ,Quindío,7.6,9.6,7.6,9.6
2024-12-11,107,T22_N2P0K1,,,,,,2.0,0.151,,,2.0,,,,,,,,,,,,,,,,,,,,,,,,,,,,,,,,Tomate ,Quindío,8.1,9.6,8.1,9.6
2024-12-11,108,T22_N2P0K1,,,,,,0.0,0.0,,,0.0,,,,,,,,,,,,,,,,,,,,,,,,,,,,,,,,Tomate ,Quindío,8.6,9.6,8.6,9.6
2024-12-11,109,T12_N1P2K0,,,,,,2.0,0.347,,,4.0,,,,,,,,,,,,,,,,,,,,,,,,,,,,,,,,Tomate ,Quindío,8.6,10.8,8.6,10.8
2024-12-11,110,T12_N1P2K0,,,,,,0.0,0.0,,,0.0,,,,,,,,,,,,,,,,,,,,,,,,,,,,,,,,Tomate ,Quindío,8.1,10.8,8.1,10.8
2024-12-11,111,T12_N1P2K0,,,,,,3.0,0.432,,,0.0,,,,,,,,,,,,,,,,,,,,,,,,,,,,,,,,Tomate ,Quindío,7.6,10.8,7.6,10.8
2024-12-11,112,T28_BIO-N0P0K0,,,,,,6.0,0.686,,,5.0,,,,,,,,,,,,,,,,,,,,,,,,,,,,,,,,Tomate ,Quindío,6.4,10.8,6.4,10.8
2024-12-11,113,T28_BIO-N0P0K0,,,,,,8.0,0.789,,,4.0,,,,,,,,,,,,,,,,,,,,,,,,,,,,,,,,Tomate ,Quindío,5.9,10.8,5.9,10.8
2024-12-11,114,T28_BIO-N0P0K0,,,,,,4.0,0.503,,,9.0,,,,,,,,,,,,,,,,,,,,,,,,,,,,,,,,Tomate ,Quindío,5.4,10.8,5.4,10.8
2024-12-11,115,T1_N0P0K0,,,,,,5.0,0.899,,,3.0,,,,,,,,,,,,,,,,,,,,,,,,,,,,,,,,Tomate ,Quindío,4.2,10.8,4.2,10.8
2024-12-11,116,T1_N0P0K0,,,,,,5.0,0.516,,,1.0,,,,,,,,,,,,,,,,,,,,,,,,,,,,,,,,Tomate ,Quindío,3.7,10.8,3.7,10.8
2024-12-11,117,T1_N0P0K0,,,,,,2.0,0.279,,,1.0,,,,,,,,,,,,,,,,,,,,,,,,,,,,,,,,Tomate ,Quindío,3.2,10.8,3.2,10.8
2024-12-11,118,T14_N1P0K2,,,,,,5.0,0.513,,,1.0,,,,,,,,,,,,,,,,,,,,,,,,,,,,,,,,Tomate ,Quindío,2.0,10.8,2.0,10.8
2024-12-11,119,T14_N1P0K2,,,,,,3.0,0.446,,,1.0,,,,,,,,,,,,,,,,,,,,,,,,,,,,,,,,Tomate ,Quindío,1.5,10.8,1.5,10.8
2024-12-11,120,T14_N1P0K2,,,,,,17.0,1.852,,,0.0,,,,,,,,,,,,,,,,,,,,,,,,,,,,,,,,Tomate ,Quindío,1.0,10.8,1.0,10.8
2024-12-11,121,T5_N0P0K2,,,,,,9.0,1.066,,,2.0,,,,,,,,,,,,,,,,,,,,,,,,,,,,,,,,Tomate ,Quindío,1.0,12.0,1.0,12.0
2024-12-11,122,T5_N0P0K2,,,,,,0.0,0.0,,,0.0,,,,,,,,,,,,,,,,,,,,,,,,,,,,,,,,Tomate ,Quindío,1.5,12.0,1.5,12.0
2024-12-11,123,T5_N0P0K2,,,,,,2.0,0.277,,,0.0,,,,,,,,,,,,,,,,,,,,,,,,,,,,,,,,Tomate ,Quindío,2.0,12.0,2.0,12.0
2024-12-11,124,T30_BIO N2P2K2,,,,,,2.0,0.21,,,2.0,,,,,,,,,,,,,,,,,,,,,,,,,,,,,,,,Tomate ,Quindío,3.2,12.0,3.2,12.0
2024-12-11,125,T30_BIO N2P2K2,,,,,,13.0,1.421,,,2.0,,,,,,,,,,,,,,,,,,,,,,,,,,,,,,,,Tomate ,Quindío,3.7,12.0,3.7,12.0
2024-12-11,126,T30_BIO N2P2K2,,,,,,0.0,0.0,,,2.0,,,,,,,,,,,,,,,,,,,,,,,,,,,,,,,,Tomate ,Quindío,4.2,12.0,4.2,12.0
2024-12-11,127,T3_N0P2K0,,,,,,3.0,0.387,,,2.0,,,,,,,,,,,,,,,,,,,,,,,,,,,,,,,,Tomate ,Quindío,5.4,12.0,5.4,12.0
2024-12-11,128,T3_N0P2K0,,,,,,5.0,0.579,,,3.0,,,,,,,,,,,,,,,,,,,,,,,,,,,,,,,,Tomate ,Quindío,5.9,12.0,5.9,12.0
2024-12-11,129,T3_N0P2K0,,,,,,3.0,0.357,,,5.0,,,,,,,,,,,,,,,,,,,,,,,,,,,,,,,,Tomate ,Quindío,6.4,12.0,6.4,12.0
2024-12-11,130,T7_N0P1K2,,,,,,3.0,0.33,,,0.0,,,,,,,,,,,,,,,,,,,,,,,,,,,,,,,,Tomate ,Quindío,7.6,12.0,7.6,12.0
2024-12-11,131,T7_N0P1K2,,,,,,3.0,0.383,,,3.0,,,,,,,,,,,,,,,,,,,,,,,,,,,,,,,,Tomate ,Quindío,8.1,12.0,8.1,12.0
2024-12-11,132,T7_N0P1K2,,,,,,0.0,0.0,,,0.0,,,,,,,,,,,,,,,,,,,,,,,,,,,,,,,,Tomate ,Quindío,8.6,12.0,8.6,12.0
2024-12-11,133,T21_N2P2K0,,,,,,5.0,0.483,,,1.0,,,,,,,,,,,,,,,,,,,,,,,,,,,,,,,,Tomate ,Quindío,8.6,13.2,8.6,13.2
2024-12-11,134,T21_N2P2K0,,,,,,4.0,0.389,,,0.0,,,,,,,,,,,,,,,,,,,,,,,,,,,,,,,,Tomate ,Quindío,8.1,13.2,8.1,13.2
2024-12-11,135,T21_N2P2K0,,,,,,8.0,0.94,,,3.0,,,,,,,,,,,,,,,,,,,,,,,,,,,,,,,,Tomate ,Quindío,7.6,13.2,7.6,13.2
2024-12-11,136,T23_N2P0K2,,,,,,1.0,0.16,,,3.0,,,,,,,,,,,,,,,,,,,,,,,,,,,,,,,,Tomate ,Quindío,6.4,13.2,6.4,13.2
2024-12-11,137,T23_N2P0K2,,,,,,7.0,0.825,,,1.0,,,,,,,,,,,,,,,,,,,,,,,,,,,,,,,,Tomate ,Quindío,5.9,13.2,5.9,13.2
2024-12-11,138,T23_N2P0K2,,,,,,1.0,0.132,,,0.0,,,,,,,,,,,,,,,,,,,,,,,,,,,,,,,,Tomate ,Quindío,5.4,13.2,5.4,13.2
2024-12-11,139,T20_N2P1K0,,,,,,4.0,0.39,,,11.0,,,,,,,,,,,,,,,,,,,,,,,,,,,,,,,,Tomate ,Quindío,4.2,13.2,4.2,13.2
2024-12-11,140,T20_N2P1K0,,,,,,4.0,0.489,,,0.0,,,,,,,,,,,,,,,,,,,,,,,,,,,,,,,,Tomate ,Quindío,3.7,13.2,3.7,13.2
2024-12-11,141,T20_N2P1K0,,,,,,0.0,0.0,,,0.0,,,,,,,,,,,,,,,,,,,,,,,,,,,,,,,,Tomate ,Quindío,3.2,13.2,3.2,13.2
2024-12-11,142,T18_N1P2K2,,,,,,2.0,0.229,,,0.0,,,,,,,,,,,,,,,,,,,,,,,,,,,,,,,,Tomate ,Quindío,2.0,13.2,2.0,13.2
2024-12-11,143,T18_N1P2K2,,,,,,5.0,0.528,,,0.0,,,,,,,,,,,,,,,,,,,,,,,,,,,,,,,,Tomate ,Quindío,1.5,13.2,1.5,13.2
2024-12-11,144,T18_N1P2K2,,,,,,4.0,0.469,,,0.0,,,,,,,,,,,,,,,,,,,,,,,,,,,,,,,,Tomate ,Quindío,1.0,13.2,1.0,13.2
2024-12-11,145,T6_N0P1K1,,,,,,6.0,0.972,,,0.0,,,,,,,,,,,,,,,,,,,,,,,,,,,,,,,,Tomate ,Quindío,1.0,14.4,1.0,14.4
2024-12-11,146,T6_N0P1K1,,,,,,11.0,1.37,,,0.0,,,,,,,,,,,,,,,,,,,,,,,,,,,,,,,,Tomate ,Quindío,1.5,14.4,1.5,14.4
2024-12-11,147,T6_N0P1K1,,,,,,5.0,0.509,,,1.0,,,,,,,,,,,,,,,,,,,,,,,,,,,,,,,,Tomate ,Quindío,2.0,14.4,2.0,14.4
2024-12-11,148,T17_N1P2K1,,,,,,2.0,0.336,,,2.0,,,,,,,,,,,,,,,,,,,,,,,,,,,,,,,,Tomate ,Quindío,3.2,14.4,3.2,14.4
2024-12-11,149,T17_N1P2K1,,,,,,4.0,0.359,,,2.0,,,,,,,,,,,,,,,,,,,,,,,,,,,,,,,,Tomate ,Quindío,3.7,14.4,3.7,14.4
2024-12-11,150,T17_N1P2K1,,,,,,2.0,0.314,,,1.0,,,,,,,,,,,,,,,,,,,,,,,,,,,,,,,,Tomate ,Quindío,4.2,14.4,4.2,14.4
2024-12-11,151,T25_N2P1K2,,,,,,11.0,1.363,,,0.0,,,,,,,,,,,,,,,,,,,,,,,,,,,,,,,,Tomate ,Quindío,5.4,14.4,5.4,14.4
2024-12-11,152,T25_N2P1K2,,,,,,6.0,0.634,,,2.0,,,,,,,,,,,,,,,,,,,,,,,,,,,,,,,,Tomate ,Quindío,5.9,14.4,5.9,14.4
2024-12-11,153,T25_N2P1K2,,,,,,0.0,0.0,,,0.0,,,,,,,,,,,,,,,,,,,,,,,,,,,,,,,,Tomate ,Quindío,6.4,14.4,6.4,14.4
2024-12-11,154,T29_BIO N1P1K1,,,,,,4.0,0.665,,,2.0,,,,,,,,,,,,,,,,,,,,,,,,,,,,,,,,Tomate ,Quindío,7.6,14.4,7.6,14.4
2024-12-11,155,T29_BIO N1P1K1,,,,,,8.0,0.862,,,0.0,,,,,,,,,,,,,,,,,,,,,,,,,,,,,,,,Tomate ,Quindío,8.1,14.4,8.1,14.4
2024-12-11,156,T29_BIO N1P1K1,,,,,,7.0,0.75,,,2.0,,,,,,,,,,,,,,,,,,,,,,,,,,,,,,,,Tomate ,Quindío,8.6,14.4,8.6,14.4
2024-12-11,157,T2_N0P1K0,,,,,,5.0,0.649,,,3.0,,,,,,,,,,,,,,,,,,,,,,,,,,,,,,,,Tomate ,Quindío,8.6,15.6,8.6,15.6
2024-12-11,158,T2_N0P1K0,,,,,,2.0,0.311,,,2.0,,,,,,,,,,,,,,,,,,,,,,,,,,,,,,,,Tomate ,Quindío,8.1,15.6,8.1,15.6
2024-12-11,159,T2_N0P1K0,,,,,,3.0,0.3,,,2.0,,,,,,,,,,,,,,,,,,,,,,,,,,,,,,,,Tomate ,Quindío,7.6,15.6,7.6,15.6
2024-12-11,160,T19_N2P0K0,,,,,,6.0,0.1,,,6.0,,,,,,,,,,,,,,,,,,,,,,,,,,,,,,,,Tomate ,Quindío,6.4,15.6,6.4,15.6
2024-12-11,161,T19_N2P0K0,,,,,,0.0,0.0,,,0.0,,,,,,,,,,,,,,,,,,,,,,,,,,,,,,,,Tomate ,Quindío,5.9,15.6,5.9,15.6
2024-12-11,162,T19_N2P0K0,,,,,,5.0,0.828,,,3.0,,,,,,,,,,,,,,,,,,,,,,,,,,,,,,,,Tomate ,Quindío,5.4,15.6,5.4,15.6
2024-12-11,163,T8_N0P2K1,,,,,,8.0,0.994,,,2.0,,,,,,,,,,,,,,,,,,,,,,,,,,,,,,,,Tomate ,Quindío,4.2,15.6,4.2,15.6
2024-12-11,164,T8_N0P2K1,,,,,,3.0,0.302,,,4.0,,,,,,,,,,,,,,,,,,,,,,,,,,,,,,,,Tomate ,Quindío,3.7,15.6,3.7,15.6
2024-12-11,165,T8_N0P2K1,,,,,,9.0,0.99,,,3.0,,,,,,,,,,,,,,,,,,,,,,,,,,,,,,,,Tomate ,Quindío,3.2,15.6,3.2,15.6
2024-12-11,166,T15_N1P1K1,,,,,,9.0,1.118,,,6.0,,,,,,,,,,,,,,,,,,,,,,,,,,,,,,,,Tomate ,Quindío,2.0,15.6,2.0,15.6
2024-12-11,167,T15_N1P1K1,,,,,,3.0,0.275,,,3.0,,,,,,,,,,,,,,,,,,,,,,,,,,,,,,,,Tomate ,Quindío,1.5,15.6,1.5,15.6
2024-12-11,168,T15_N1P1K1,,,,,,5.0,0.845,,,1.0,,,,,,,,,,,,,,,,,,,,,,,,,,,,,,,,Tomate ,Quindío,1.0,15.6,1.0,15.6
2024-12-11,169,T24_N2P1K1,,,,,,2.0,0.236,,,8.0,,,,,,,,,,,,,,,,,,,,,,,,,,,,,,,,Tomate ,Quindío,1.0,16.8,1.0,16.8
2024-12-11,170,T24_N2P1K1,,,,,,0.0,0.0,,,6.0,,,,,,,,,,,,,,,,,,,,,,,,,,,,,,,,Tomate ,Quindío,1.5,16.8,1.5,16.8
2024-12-11,171,T24_N2P1K1,,,,,,6.0,0.98,,,2.0,,,,,,,,,,,,,,,,,,,,,,,,,,,,,,,,Tomate ,Quindío,2.0,16.8,2.0,16.8
2024-12-11,172,T11_N1P1K0,,,,,,3.0,0.419,,,6.0,,,,,,,,,,,,,,,,,,,,,,,,,,,,,,,,Tomate ,Quindío,3.2,16.8,3.2,16.8
2024-12-11,173,T11_N1P1K0,,,,,,2.0,0.273,,,8.0,,,,,,,,,,,,,,,,,,,,,,,,,,,,,,,,Tomate ,Quindío,3.7,16.8,3.7,16.8
2024-12-11,174,T11_N1P1K0,,,,,,0.0,0.0,,,0.0,,,,,,,,,,,,,,,,,,,,,,,,,,,,,,,,Tomate ,Quindío,4.2,16.8,4.2,16.8
2024-12-11,175,T27_N2P2K2,,,,,,6.0,0.888,,,1.0,,,,,,,,,,,,,,,,,,,,,,,,,,,,,,,,Tomate ,Quindío,5.4,16.8,5.4,16.8
2024-12-11,176,T27_N2P2K2,,,,,,6.0,0.724,,,2.0,,,,,,,,,,,,,,,,,,,,,,,,,,,,,,,,Tomate ,Quindío,5.9,16.8,5.9,16.8
2024-12-11,177,T27_N2P2K2,,,,,,3.0,0.406,,,2.0,,,,,,,,,,,,,,,,,,,,,,,,,,,,,,,,Tomate ,Quindío,6.4,16.8,6.4,16.8
2024-12-11,178,T4_N0P0K1,,,,,,8.0,1.027,,,2.0,,,,,,,,,,,,,,,,,,,,,,,,,,,,,,,,Tomate ,Quindío,7.6,16.8,7.6,16.8
2024-12-11,179,T4_N0P0K1,,,,,,6.0,0.586,,,3.0,,,,,,,,,,,,,,,,,,,,,,,,,,,,,,,,Tomate ,Quindío,8.1,16.8,8.1,16.8
2024-12-11,180,T4_N0P0K1,,,,,,8.0,0.81,,,2.0,,,,,,,,,,,,,,,,,,,,,,,,,,,,,,,,Tomate ,Quindío,8.6,16.8,8.6,16.8
