Plant_Height (cm),Chlorophyll (SPAD),Number of Flowers,Number of Harvested Fruits,Weight of Harvested Fruits (Kg),Fruit Height (mm),Sap pH,Sap K (ppm),Sap Ca (ppm),Sap Na (ppm),Sap NO3 (ppm),Sap Conductivity (mS/cm),Soil pH Horiba,Soil K Horiba (ppm),Soil Ca Horiba (ppm),Soil Na Horiba (ppm),Soil NO3 Horiba (ppm),Soil Conductivity Horiba (mS/cm),Fruit Diameter (mm),7in1_Ph[pH],7in1_Moisture[%RH],7in1_S_Temperature[C],Air_sensor_Temperature[C],Air_sensor_Humidity[%RH],7in1_Conductivity[mS/cm],Pynamometer_Radiation[W/m2],Nitrogen,Phosphorus,Potassium,Year,Month,Day,Treatment_Num
21.5,34.8,13.0,0.0,0.0,0.0,5.5,3455.0,748.5,49.05,1962.0,12.7765,6.9,86.0,80.3,14.0,225.167,0.996,0.0,5.23,39.8,33.3,30.8,53.1,0.183,428.0,2.0,2.0,2.0,2024.0,7.0,30.0,27.0
22.0,37.5,9.9,0.0,0.0,0.0,5.486,3055.0,364.1,48.65,2020.0,11.243999999999998,7.4,63.0,124.5,6.5,159.5,0.823,0.0,5.28,27.1,33.3,30.7,51.6,0.309,295.0,2.0,1.0,1.0,2024.0,7.0,30.0,24.0
18.0,37.2,15.2,0.0,0.0,0.0,5.587999999999999,3170.0,283.6,42.4,1204.0,12.114999999999998,7.6,19.0,37.1,4.0,100.8,0.165,0.0,6.24,29.6,31.7,30.6,51.8,0.118,383.0,0.0,0.0,1.0,2024.0,7.0,30.0,4.0
18.5,39.5,13.6,0.0,0.0,0.0,5.434500000000001,3260.0,217.4,57.5,1609.4,11.27,7.4,220.0,58.2,55.0,138.8,1.433,0.0,6.1,26.8,31.3,30.6,53.8,0.278,464.0,1.0,1.0,1.0,2024.0,7.0,30.0,15.0
22.0,40.1,10.9,0.0,0.0,0.0,5.892,3080.0,326.0,50.2,1744.0,10.999,7.2,41.0,45.6,8.0,138.76,0.296,0.0,6.36,25.8,31.7,31.0,51.9,0.371,508.0,0.0,2.0,2.0,2024.0,7.0,30.0,9.0
18.5,43.3,20.0,0.0,0.0,0.0,5.55,4030.0,268.9,66.8,1858.0,11.937500000000002,7.5,130.0,124.3,32.0,240.9,1.018,0.0,6.34,23.2,32.1,31.3,51.6,0.394,404.0,1.0,0.0,1.0,2024.0,7.0,30.0,13.0
13.0,39.8,11.0,0.0,0.0,0.0,5.597500000000001,3455.0,310.0,45.3,1895.0,11.656,7.2,65.0,113.60000000000002,14.0,109.0,0.657,0.0,6.42,23.5,33.1,31.5,48.7,0.172,469.0,2.0,0.0,1.0,2024.0,7.0,30.0,22.0
15.0,37.2,16.9,0.0,0.0,0.0,5.6435,3710.0,398.0,37.25,1584.0,11.611999999999998,7.2,44.0,200.8,7.0,197.25,0.631,0.0,6.27,23.6,33.3,31.7,47.9,0.556,502.0,1.0,0.0,0.0,2024.0,7.0,30.0,10.0
17.5,36.5,19.2,0.0,0.0,0.0,5.6770000000000005,3040.0,547.75,43.0,817.8,11.621999999999998,7.7,45.0,89.7,6.0,160.8,0.319,0.0,6.38,22.4,32.5,30.9,50.2,0.317,470.0,0.0,0.0,0.0,2024.0,7.0,30.0,28.0
23.0,40.3,21.0,0.0,0.0,0.0,5.616,4145.0,429.1,59.4,462.4,12.56,7.9,180.0,181.2,54.0,258.5,1.197,0.0,6.3,21.6,33.3,31.7,48.5,0.386,412.0,1.0,2.0,0.0,2024.0,7.0,30.0,12.0
17.5,34.2,15.8,0.0,0.0,0.0,5.633999999999999,3620.0,256.3,56.4,690.6,13.151,7.3,86.0,118.6,21.0,89.9,0.935,0.0,6.29,32.6,32.9,31.6,48.0,0.564,374.0,2.0,2.0,1.0,2024.0,7.0,30.0,26.0
18.0,31.1,5.0,0.0,0.0,0.0,5.930999999999999,3240.0,474.55,41.9,880.9,10.876,7.4,240.0,101.6,62.0,163.4,1.301,0.0,6.45,31.3,32.5,31.3,49.5,0.71,428.0,1.0,1.0,2.0,2024.0,7.0,30.0,16.0
17.0,35.3,25.6,0.0,0.0,0.0,5.623500000000001,3250.0,411.3,42.65,1670.0,10.773,7.4,40.0,66.2,6.0,189.3,0.401,0.0,6.4,21.6,31.7,31.4,50.6,0.261,459.0,0.0,0.0,0.0,2024.0,7.0,30.0,1.0
18.5,38.8,9.2,0.0,0.0,0.0,5.66,3480.0,184.7,53.7,1578.0,10.6015,7.3,260.0,131.25,68.0,117.95,1.478,0.0,6.35,23.6,32.1,31.2,48.1,0.546,337.0,1.0,0.0,2.0,2024.0,7.0,30.0,14.0
17.5,37.0,9.8,0.0,0.0,0.0,5.666,3960.0,118.7,60.25,2186.0,11.376,7.4,88.0,99.8,26.0,156.7,0.725,0.0,6.45,18.8,32.9,31.0,48.7,0.555,353.0,0.0,1.0,2.0,2024.0,7.0,30.0,7.0
19.0,35.7,11.1,0.0,0.0,0.0,5.5600000000000005,3340.0,174.3,54.05,1230.0,10.078,7.4,100.0,77.0,10.0,164.85,1.591,0.0,6.36,29.6,32.9,31.0,49.4,0.569,285.0,0.0,2.0,0.0,2024.0,7.0,30.0,3.0
17.0,35.7,8.3,0.0,0.0,0.0,5.961,3300.0,214.5,48.0,2033.0,10.086,7.5,17.0,51.7,2.0,366.0,0.222,0.0,6.26,22.6,32.9,30.9,50.0,0.548,322.0,2.0,0.0,2.0,2024.0,7.0,30.0,23.0
23.0,37.0,10.6,0.0,0.0,0.0,5.467,3230.0,346.9,54.2,1640.0,11.109,7.5,92.0,110.4,18.0,395.2,1.165,0.0,6.52,22.8,32.9,30.9,51.9,0.345,296.0,2.0,2.0,0.0,2024.0,7.0,30.0,21.0
22.5,33.8,10.3,0.0,0.0,0.0,6.061999999999999,3670.0,233.2,48.4,1769.0,11.4135,7.5,54.0,75.75,11.0,104.85,0.352,0.0,6.439,21.130000000000003,29.47000000000001,30.5,52.99,0.8863,603.3,0.0,0.0,2.0,2024.0,7.0,30.0,5.0
22.0,32.3,7.3,0.0,0.0,0.0,5.664,3380.0,206.2,42.0,1990.0,11.109,7.4,150.0,121.7,17.0,230.8,1.056,0.0,6.32,24.1,32.7,30.9,50.0,0.768,787.0,2.0,2.0,2.0,2024.0,7.0,30.0,30.0
22.0,35.9,15.9,0.0,0.0,0.0,5.634000000000001,3245.0,215.0,39.7,1780.0,9.800999999999998,7.5,36.0,49.0,8.0,194.9,0.783,0.0,6.39,20.8,32.9,31.2,49.2,0.578,848.0,2.0,1.0,0.0,2024.0,7.0,30.0,20.0
20.5,36.0,8.6,0.0,0.0,0.0,5.785,3080.0,181.9,43.6,1930.0,9.831999999999995,7.5,110.0,112.7,27.0,154.7,1.162,0.0,6.4,23.1,32.9,31.3,48.9,0.577,469.0,1.0,2.0,2.0,2024.0,7.0,30.0,18.0
21.5,29.6,12.7,0.0,0.0,0.0,6.071,3510.0,160.0,43.8,2700.0,10.987000000000002,7.5,94.0,73.3,16.0,140.8,0.908,0.0,6.31,20.7,32.9,31.5,50.9,1.298,666.0,1.0,1.0,1.0,2024.0,7.0,30.0,29.0
23.5,36.2,7.7,0.0,0.0,0.0,5.571,3315.0,271.5,48.5,2350.0,12.082,7.4,200.0,157.0,48.0,251.0,1.965,0.0,6.34,24.3,32.9,31.8,50.5,0.586,630.0,2.0,1.0,2.0,2024.0,7.0,30.0,25.0
20.5,32.6,7.9,0.0,0.0,0.0,5.793000000000001,2825.0,188.0,40.5,2187.0,10.715,7.5,42.0,80.0,5.0,73.8,0.711,0.0,6.25,29.4,34.1,32.1,49.1,0.575,578.0,2.0,0.0,0.0,2024.0,7.0,30.0,19.0
16.0,34.5,8.6,0.0,0.0,0.0,5.753,3400.0,200.53333333333336,41.7,2376.0,10.855,7.5,49.0,115.3,7.0,129.45,0.541,0.0,6.36,28.3,34.5,32.2,50.8,0.566,282.0,0.0,1.0,0.0,2024.0,7.0,30.0,2.0
15.5,37.6,13.6,0.0,0.0,0.0,5.751999999999999,3455.0,348.5,40.8,2615.0,12.157999999999998,7.4,110.0,66.65,13.0,187.1,0.999,0.0,6.45,27.2,33.7,32.1,47.2,0.528,554.0,0.0,1.0,1.0,2024.0,7.0,30.0,6.0
20.0,36.9,14.4,0.0,0.0,0.0,5.660000000000001,3340.0,88.9,41.8,1922.0,10.764500000000002,7.4,280.0,126.6,52.0,272.0,2.02,0.0,6.41,21.2,34.1,32.3,47.8,0.695,816.0,1.0,2.0,1.0,2024.0,7.0,30.0,17.0
17.5,34.4,22.3,0.0,0.0,0.0,5.546,3460.0,261.0,54.7,2332.0,12.898,7.5,51.0,56.3,7.0,225.8,0.703,0.0,6.39,20.6,34.1,32.3,45.6,0.552,759.0,1.0,1.0,0.0,2024.0,7.0,30.0,11.0
14.0,37.2,8.1,0.0,0.0,0.0,5.647,3470.0,478.0,42.65,1705.0,11.7525,7.4,160.0,82.8,29.0,273.9,1.218,0.0,7.064,25.51,28.67,29.22,50.19,0.5536000000000001,626.5,0.0,2.0,1.0,2024.0,7.0,30.0,8.0
24.0,44.7,12.3,0.0,0.0,0.0,5.790000000000001,3030.0,486.5,40.6,2200.0,10.995,6.7,63.0,77.5,14.0,450.0,1.43,0.0,6.380000000000001,23.49,30.74,31.430000000000007,52.25,0.4748,698.0,2.0,2.0,2.0,2024.0,8.0,6.0,27.0
27.0,45.1,10.4,0.0,0.0,0.0,5.556,3075.0,312.65,48.75,1899.0,11.342499999999998,6.8,41.0,91.5,6.0,340.0,1.117,0.0,6.29,19.2,23.9,22.5,84.9,0.073,169.0,2.0,1.0,1.0,2024.0,8.0,6.0,24.0
26.0,41.8,12.5,0.0,0.0,0.0,5.865999999999999,3480.0,165.2,49.0,2120.0,10.565,6.9,170.0,126.4,93.0,440.0,1.81,0.0,6.34,13.7,23.9,23.3,81.3,0.0,389.0,0.0,0.0,1.0,2024.0,8.0,6.0,4.0
24.5,46.4,10.5,0.0,0.0,0.0,5.7685,3455.0,216.6,54.3,1362.4,11.54,6.6,74.0,73.0,32.0,290.0,1.217,0.0,6.36,19.2,24.3,23.8,78.2,0.008,411.0,1.0,1.0,1.0,2024.0,8.0,6.0,15.0
23.5,45.0,11.1,0.0,0.0,0.0,5.811999999999999,2840.0,248.0,50.1,1330.0,10.983499999999998,7.0,120.0,70.2,40.0,380.0,1.313,0.0,6.31,19.1,26.3,24.6,76.6,0.009,546.0,0.0,2.0,2.0,2024.0,8.0,6.0,9.0
23.0,42.3,15.8,0.0,0.0,0.0,5.700000000000001,3885.0,288.3,60.8,1437.0,10.769000000000002,6.5,85.0,102.6,36.0,430.0,1.39,0.0,6.49,23.1,26.7,25.5,73.0,0.052,551.0,1.0,0.0,1.0,2024.0,8.0,6.0,13.0
24.0,45.1,13.8,0.0,0.0,0.0,5.769500000000001,3480.0,196.0,42.5,1037.0,10.744500000000002,6.8,59.0,79.8,28.0,380.0,1.04,0.0,6.54,23.1,27.1,26.1,69.6,0.023,332.0,2.0,0.0,1.0,2024.0,8.0,6.0,22.0
24.0,43.9,15.8,0.0,0.0,0.0,5.783500000000001,3320.0,294.1,38.0,1612.0,10.547,7.0,10.0,87.9,6.0,68.0,0.16,0.0,6.42,21.0,26.7,26.4,67.9,0.055,176.0,1.0,0.0,0.0,2024.0,8.0,6.0,10.0
21.0,40.1,19.6,0.0,0.0,0.0,5.823,2980.0,560.15,37.8,368.7,11.403,6.7,41.0,133.6,11.0,410.0,1.06,0.0,6.46,13.4,26.7,26.4,68.9,0.328,311.0,0.0,0.0,0.0,2024.0,8.0,6.0,28.0
21.0,47.9,16.8,0.0,0.0,0.0,5.7525,3975.0,317.6,60.4,1114.6,10.878000000000002,6.6,53.0,100.9,18.0,530.0,1.21,0.0,6.33,21.9,26.3,26.4,66.3,0.104,285.0,1.0,2.0,0.0,2024.0,8.0,6.0,12.0
25.0,43.2,12.5,0.0,0.0,0.0,5.633999999999999,3690.0,268.6,51.3,1845.0,12.677,7.0,160.0,112.1,88.0,280.0,1.43,0.0,6.57,17.4,26.3,26.3,66.6,0.053,253.0,2.0,2.0,1.0,2024.0,8.0,6.0,26.0
23.0,46.5,7.5,0.0,0.0,0.0,5.914999999999999,3330.0,167.8,41.4,1308.0,9.591,6.7,11.0,67.25,5.0,410.0,0.64,0.0,6.54,20.1,26.7,26.2,67.6,0.008,239.0,1.0,1.0,2.0,2024.0,8.0,6.0,16.0
19.5,42.5,20.2,0.0,0.0,0.0,5.593500000000001,3380.0,205.5,41.2,1728.7,11.192000000000002,6.7,47.0,72.1,16.0,310.0,0.83,0.0,6.47,20.3,26.7,26.0,68.8,0.038,214.0,0.0,0.0,0.0,2024.0,8.0,6.0,1.0
21.0,45.8,7.7,0.0,0.0,0.0,5.779000000000001,3490.0,81.0,45.15,1589.5,10.296,6.9,47.0,84.5,20.0,330.0,1.14,0.0,6.41,21.1,26.7,25.8,69.0,0.075,238.0,1.0,0.0,2.0,2024.0,8.0,6.0,14.0
21.5,41.5,9.9,0.0,0.0,0.0,5.624499999999999,3990.0,120.3,61.3,1942.0,11.800999999999998,6.9,37.0,99.8,13.0,160.0,0.61,0.0,6.35,14.6,26.3,25.6,68.3,0.392,175.0,0.0,1.0,2.0,2024.0,8.0,6.0,7.0
22.0,41.7,11.2,0.0,0.0,0.0,5.669,3365.0,187.05,53.75,1177.0,9.947,6.6,8.0,68.45,5.0,370.0,0.62,0.0,6.39,14.5,26.3,25.4,68.8,0.263,185.0,0.0,2.0,0.0,2024.0,8.0,6.0,3.0
16.5,42.2,7.0,0.0,0.0,0.0,5.871,3290.0,419.5,45.35,1795.6,11.14,7.0,43.0,86.1,12.0,250.0,0.46,0.0,6.36,15.8,25.9,25.4,69.2,0.556,161.0,2.0,0.0,2.0,2024.0,8.0,6.0,23.0
20.5,43.4,14.5,0.0,0.0,0.0,5.553999999999999,3140.0,142.7,49.7,1380.0,9.697,6.6,60.0,109.55,21.0,540.0,1.44,0.0,6.4,17.8,25.9,25.2,68.7,0.338,192.0,2.0,2.0,0.0,2024.0,8.0,6.0,21.0
17.0,37.2,14.5,0.0,0.0,0.0,6.001000000000001,3670.0,130.2,46.6,1120.0,10.568499999999998,7.1,4.0,42.0,2.0,22.0,0.067,0.0,6.46,23.3,25.9,25.1,70.1,0.092,254.0,0.0,0.0,2.0,2024.0,8.0,6.0,5.0
15.5,36.6,9.6,0.0,0.0,0.0,5.601999999999999,3270.0,461.4,50.4,2135.8,12.721999999999998,6.7,130.0,116.0,20.0,740.0,2.01,0.0,6.49,14.9,26.3,25.0,68.1,0.575,274.0,2.0,2.0,2.0,2024.0,8.0,6.0,30.0
21.5,44.0,12.0,0.0,0.0,0.0,5.760000000000001,3330.0,192.5,38.4,1440.0,10.844,6.5,43.0,51.45,21.0,540.0,0.94,0.0,6.44,19.0,26.3,25.0,71.0,0.35,283.0,2.0,1.0,0.0,2024.0,8.0,6.0,20.0
21.0,43.7,9.5,0.0,0.0,0.0,5.825,3060.0,156.6,41.3,1780.0,10.015,6.4,14.0,65.6,6.0,150.0,0.34,0.0,6.38,16.2,26.3,25.1,69.4,0.299,513.0,1.0,2.0,2.0,2024.0,8.0,6.0,18.0
24.0,45.4,12.0,0.0,0.0,0.0,6.050000000000001,3450.0,172.6,39.3,2780.0,10.876,7.0,34.0,73.3,19.0,110.0,0.46,0.0,6.41,14.6,27.5,25.6,69.7,0.388,599.0,1.0,1.0,1.0,2024.0,8.0,6.0,29.0
21.0,41.5,8.9,0.0,0.0,0.0,5.589999999999999,3325.0,285.5,45.5,2040.0,11.699,6.6,31.0,142.6,10.0,190.0,0.67,0.0,6.31,19.3,27.5,26.5,68.1,0.322,620.0,2.0,1.0,2.0,2024.0,8.0,6.0,25.0
23.0,37.8,11.5,0.0,0.0,0.0,5.726000000000001,3120.0,169.7,44.1,1162.0,9.037,6.5,49.0,17.85,2.0,34.0,0.089,0.0,6.31,14.0,27.9,27.1,66.6,0.974,290.0,2.0,0.0,0.0,2024.0,8.0,6.0,19.0
24.0,39.3,9.4,0.0,0.0,0.0,5.587,3300.0,189.0,48.6,1691.0,10.198000000000002,6.7,670.0,92.1,10.0,650.0,1.36,0.0,6.37,16.5,28.3,27.2,62.4,0.332,199.0,0.0,1.0,0.0,2024.0,8.0,6.0,2.0
25.0,38.6,9.4,0.0,0.0,0.0,5.814,3475.0,276.0,40.0,2460.0,11.111,6.6,2200.0,88.05,26.0,666.0,1.38,0.0,6.43,19.5,28.3,27.1,64.6,0.278,199.0,0.0,1.0,1.0,2024.0,8.0,6.0,6.0
22.0,41.7,15.6,0.0,0.0,0.0,5.57,3520.0,424.0,42.2,1853.0,11.596,7.2,2800.0,87.4,40.0,620.0,1.51,0.0,6.45,15.2,27.9,26.8,61.3,0.537,243.0,1.0,2.0,1.0,2024.0,8.0,6.0,17.0
28.0,37.0,23.2,0.0,0.0,0.0,5.69,3575.0,218.0,56.5,2407.0,12.499,7.3,3400.0,55.1,59.0,786.0,1.95,0.0,6.44,20.1,27.5,26.0,67.8,0.348,282.0,1.0,1.0,0.0,2024.0,8.0,6.0,11.0
30.0,42.1,9.1,0.0,0.0,0.0,5.707000000000001,3580.0,467.0,43.8,1878.0,11.575,7.1,1700.0,84.7,29.0,720.0,1.77,0.0,6.45,16.2,27.5,26.0,64.9,0.293,307.0,0.0,2.0,1.0,2024.0,8.0,6.0,8.0
111.45,51.27,14.2,0.0,0.0,0.0,5.58,3465.0,228.0,52.5,1292.0,11.2075,6.67,175.95,73.5,37.4,267.36,1.3301,0.0,6.39,17.0,27.5,26.0,67.3,0.343,297.0,0.0,2.0,2.0,2024.0,8.0,6.0,9.0
172.1,58.08,11.1,0.0,0.0,0.0,5.6725,3580.0,259.0,60.2,1352.0,10.3785,6.48,68.3,68.5,7.05,29.3,0.5715999999999999,0.0,6.34,15.4,27.5,26.1,63.3,0.271,590.0,1.0,0.0,1.0,2024.0,8.0,6.0,13.0
63.75,47.830000000000005,15.9,0.0,0.0,0.0,5.622,3635.0,236.6,57.4,1475.4,12.386,7.046000000000001,63.6,58.6,30.7,122.2,0.4216999999999999,0.0,6.44,22.5,27.5,26.3,66.7,0.544,329.0,2.0,2.0,1.0,2024.0,8.0,6.0,26.0
69.1,46.28000000000001,14.1,0.0,0.0,0.0,5.905500000000001,3190.0,265.5,41.9,879.0,9.579,6.682,22.7,33.85,6.05,63.3,0.1481,0.0,6.43,22.5,27.9,26.4,62.6,0.201,336.0,1.0,1.0,2.0,2024.0,8.0,6.0,16.0
104.1,50.67,16.2,0.0,0.0,0.0,5.734000000000001,3385.0,342.0,38.3,1620.0,10.333,6.722999999999999,37.3,131.4,10.5,83.5,0.5137,0.0,6.54,17.0,28.3,26.6,65.7,0.383,263.0,1.0,0.0,0.0,2024.0,8.0,6.0,10.0
64.8,49.7,13.5,0.0,0.0,0.0,5.7620000000000005,3465.0,300.5,43.1,1723.0,11.565500000000002,6.9,56.7,70.18333333333335,13.65,65.0,0.484,0.0,6.46,16.8,28.7,26.6,63.2,0.378,510.0,2.0,0.0,1.0,2024.0,8.0,6.0,22.0
65.2,47.22,15.9,0.0,0.0,0.0,5.7895,4015.0,324.1,60.2,1506.8,11.058000000000002,6.939,21.8,46.4,3.2,29.6,0.2611,0.0,6.41,19.4,27.9,26.8,63.1,0.217,651.0,1.0,2.0,0.0,2024.0,8.0,6.0,12.0
42.2,50.62,15.8,0.0,0.0,0.0,5.824,2850.0,562.65,41.6,585.9,11.697,6.811,40.3,124.5,6.9,212.1,0.6894,0.0,6.54,19.1,27.9,27.0,65.2,0.344,633.0,0.0,0.0,0.0,2024.0,8.0,6.0,28.0
91.95,52.11,13.8,0.0,0.0,0.0,5.59,3330.0,134.0,38.25,1758.7,9.933000000000003,6.836,30.8,33.1,5.5,70.7,0.2352999999999999,0.0,6.44,21.8,29.5,27.4,58.9,0.284,672.0,0.0,0.0,0.0,2024.0,8.0,6.0,1.0
89.5,51.38,8.1,0.0,0.0,0.0,5.8100000000000005,3530.0,169.0,46.35,1790.0,11.021,6.514,74.65,68.15,6.6,162.2,0.7404,0.0,6.55,16.1,30.3,27.9,60.0,0.58,725.0,1.0,0.0,2.0,2024.0,8.0,6.0,14.0
89.75,51.54,12.1,0.0,0.0,0.0,5.709999999999999,3345.0,159.9,43.5,1975.0,11.7055,6.05,59.3,85.6,7.4,130.7,0.6043000000000001,0.0,6.6,17.0,31.5,28.5,56.0,0.574,725.0,0.0,0.0,2.0,2024.0,8.0,6.0,5.0
59.65,45.25000000000001,7.0,0.0,0.0,0.0,5.86,3330.0,197.5,42.7,1990.0,11.075,6.43,103.6,120.8,15.0,162.6,0.8549,0.0,6.46,18.6,31.5,28.8,55.9,0.377,664.0,2.0,2.0,2.0,2024.0,8.0,6.0,30.0
77.85,45.15,8.2,0.0,0.0,0.0,5.607,3120.0,192.85,52.4,1112.0,10.0685,6.029999999999999,63.2,76.25,5.6,90.15,0.4385999999999999,0.0,6.53,22.4,31.2,28.9,54.1,0.116,267.0,0.0,2.0,0.0,2024.0,8.0,6.0,3.0
57.95,47.99,8.0,0.0,0.0,0.0,5.399,3440.0,345.7,50.75,1448.0,11.763,6.638,66.0,90.2,13.3,148.8,0.3868999999999999,0.0,6.4,14.0,31.1,28.7,53.4,0.563,256.0,0.0,1.0,2.0,2024.0,8.0,6.0,7.0
46.35,49.53,13.3,0.0,0.0,0.0,5.627999999999999,3170.0,147.2,50.1,1351.0,9.9815,6.248,74.3,109.55,20.1,291.8,1.0738,0.0,6.43,16.4,31.1,28.5,58.7,0.852,239.0,2.0,2.0,0.0,2024.0,8.0,6.0,21.0
69.4,49.510000000000005,5.8,0.0,0.0,0.0,5.851000000000001,3330.0,169.0,45.9,1443.6,10.288,6.274,60.55,69.1,7.8,110.2,0.4006999999999999,0.0,6.48,16.8,29.9,28.2,60.0,0.566,199.0,2.0,0.0,2.0,2024.0,8.0,6.0,23.0
65.75,56.77,11.0,0.0,0.0,0.0,5.772500000000001,3260.0,211.9,36.8,1785.0,9.547999999999998,6.540000000000001,51.6,52.55,14.4,230.9,0.6978,0.0,6.56,24.9,29.1,27.9,57.8,0.548,252.0,2.0,1.0,0.0,2024.0,8.0,6.0,20.0
121.8,54.46,11.5,0.0,0.0,0.0,5.74,3360.0,115.9,46.8,1950.0,10.892,6.528000000000001,21.15,48.7,3.1,38.8,0.2564999999999999,0.0,6.52,20.7,29.1,27.5,61.2,0.368,168.0,1.0,2.0,2.0,2024.0,8.0,6.0,18.0
93.5,50.10000000000001,9.6,0.0,0.0,0.0,5.723999999999999,3475.0,182.1,40.5,2460.0,10.046,6.355,285.3999999999951,85.85,10.5,250.5,0.8799999999999999,0.0,6.52,17.1,28.7,26.9,60.9,0.528,160.0,0.0,1.0,1.0,2024.0,8.0,6.0,6.0
82.5,47.06,15.6,0.0,0.0,0.0,5.585,3500.0,306.0,42.5,1866.0,10.94,6.787000000000001,285.3999999999951,87.4,18.75,158.5,0.8210000000000001,0.0,6.39,19.1,28.7,26.3,61.9,0.362,132.0,1.0,2.0,1.0,2024.0,8.0,6.0,17.0
67.1,52.21,9.2,0.0,0.0,0.0,5.629999999999999,3365.0,257.0,39.8,2080.0,11.772,6.434,74.6,160.0,8.1,231.7,0.9726,0.0,6.45,23.4,27.5,25.8,66.0,0.191,113.0,2.0,1.0,2.0,2024.0,8.0,6.0,25.0
87.35,52.14,14.0,0.0,0.0,0.0,5.8,3380.0,205.4,42.4,2579.6,11.220000000000002,6.856999999999999,28.0,73.3,3.6,95.9,0.3154,0.0,6.43,19.7,27.5,25.5,64.9,0.531,110.0,1.0,1.0,1.0,2024.0,8.0,6.0,29.0
96.5,54.55999999999999,7.4,0.0,0.0,0.0,5.569999999999999,3210.0,168.26666666666668,47.2,1274.0,9.266000000000002,6.261000000000001,152.1,90.9,8.6,301.6,0.6170000000000002,0.0,6.56,16.6,27.1,25.3,66.9,0.827,110.0,0.0,1.0,0.0,2024.0,8.0,6.0,2.0
138.4,56.59,23.7,0.0,0.0,0.0,5.413,3180.0,182.4,36.8,2099.0,9.262000000000002,6.703999999999999,47.3,68.65,3.7,47.8,0.3676,0.0,6.59,16.8,27.1,25.1,67.7,0.998,117.0,2.0,0.0,0.0,2024.0,8.0,6.0,19.0
88.3,50.33,7.4,0.0,0.0,0.0,5.694000000000001,3550.0,467.0,45.9,1748.0,11.04,6.7170000000000005,237.5,86.0,11.4,128.25,1.9676999999999976,0.0,6.51,23.0,26.9,25.0,66.9,0.54,126.0,0.0,2.0,1.0,2024.0,8.0,6.0,8.0
125.15,57.510000000000005,16.4,0.0,0.0,0.0,5.446,3320.0,287.0,50.9,1225.0,11.637999999999998,6.289999999999999,63.35,60.6,4.8,70.35,0.3591,0.0,6.43,17.3,26.7,24.7,69.9,0.551,123.0,1.0,1.0,1.0,2024.0,8.0,6.0,15.0
75.7,53.120000000000005,9.5,0.0,0.0,0.0,5.539,3225.0,334.55,46.65,2570.0,10.645999999999995,6.759,74.1,78.4,11.75,141.65,0.6053,0.0,6.43,19.9,26.7,24.6,69.9,0.378,130.0,2.0,1.0,1.0,2024.0,8.0,6.0,24.0
74.7,50.88,23.4,0.0,0.0,0.0,5.631,3545.0,184.0,49.0,2152.0,11.618,6.972,285.3999999999951,63.25,20.2,65.25,0.6234,0.0,6.42,16.0,26.3,24.5,71.1,0.385,142.0,1.0,1.0,0.0,2024.0,8.0,6.0,11.0
153.25,58.96,21.4,0.0,0.0,0.0,5.422,3720.0,416.2,54.8,750.0,12.786,6.788999999999999,10.6,28.9,6.5,16.3,0.1381,0.0,6.45,16.9,26.3,24.4,71.7,0.125,168.0,2.0,2.0,2.0,2024.0,8.0,6.0,27.0
124.8,56.45000000000001,13.3,0.0,0.0,0.0,5.854000000000001,3740.0,375.9,44.0,1790.0,9.95,6.672,40.95,41.3,10.6,53.4,0.3576999999999999,0.0,6.68,21.5,24.4,23.1,78.7,0.406,132.0,2.0,2.0,2.0,2024.0,8.0,14.0,27.0
85.6,54.510000000000005,9.6,0.0,0.0,0.0,5.509,3140.0,281.2,47.25,2665.0,11.2125,6.682,142.1,189.9,38.6,405.7,1.3495,0.0,6.48,14.1,24.0,23.2,79.7,0.866,148.0,2.0,1.0,1.0,2024.0,8.0,14.0,24.0
70.7,48.69,14.3,0.0,0.0,0.0,6.024,3440.0,188.6,47.95,1696.0,10.191,6.884,21.46666666666667,59.7,4.95,57.9,0.3879,0.0,6.61,17.3,24.0,23.3,79.1,0.552,166.0,0.0,0.0,1.0,2024.0,8.0,14.0,4.0
135.1,57.55,14.0,0.0,0.0,0.0,5.5815,3705.0,185.3,45.4,1281.0,10.694,6.8340000000000005,55.8,60.9,5.9,120.3,0.4415,0.0,6.56,13.7,24.0,23.4,77.6,0.304,155.0,1.0,1.0,1.0,2024.0,8.0,14.0,15.0
142.15,58.610000000000014,12.9,0.0,0.0,0.0,5.615,3365.0,179.4,48.3,970.0,10.7605,6.910000000000001,18.15,17.2,4.2,23.1,0.1666,0.0,6.68,22.3,24.4,23.4,77.0,0.278,161.0,0.0,2.0,2.0,2024.0,8.0,14.0,9.0
53.1,53.45,16.0,0.0,0.0,0.0,5.465000000000001,3940.0,260.2,67.2,1477.0,10.809,6.2,77.0,112.6,9.4,87.4,0.5708,0.0,6.7,15.4,24.4,23.6,76.8,0.561,259.0,1.0,0.0,1.0,2024.0,8.0,14.0,13.0
105.6,56.760000000000005,18.9,0.0,0.0,0.0,5.535000000000001,3480.0,289.5,47.2,1504.0,11.5495,7.12,55.5,84.46666666666667,13.15,35.6,0.5454000000000001,0.0,6.08,15.3,24.5,23.9,74.8,0.741,264.0,2.0,0.0,1.0,2024.0,8.0,14.0,22.0
127.3,53.16,15.4,0.0,0.0,0.0,5.3905,3340.0,349.0,44.55,1574.0,10.337,6.677000000000001,36.2,66.0,4.0,93.1,0.2331,0.0,6.44,15.0,24.4,24.2,74.0,0.557,453.0,1.0,0.0,0.0,2024.0,8.0,14.0,10.0
39.15,48.900000000000006,20.4,0.0,0.0,0.0,5.554,3150.0,548.1,45.7,466.7,11.829,6.981,38.2,65.7,7.3,211.6,0.6417000000000002,0.0,6.56,14.5,25.2,24.8,75.3,0.578,471.0,0.0,0.0,0.0,2024.0,8.0,14.0,28.0
186.5,58.28000000000001,16.5,0.0,0.0,0.0,5.6065000000000005,3270.0,332.7,42.9,1045.0,9.800999999999998,7.208,31.3,58.0,3.6,34.9,0.1946,0.0,6.61,10.8,25.6,25.4,68.8,0.119,590.0,1.0,2.0,0.0,2024.0,8.0,14.0,12.0
107.15,43.13,18.9,0.0,0.0,0.0,5.581999999999999,3675.0,250.6,57.1,1523.0,12.495500000000002,7.296000000000001,66.3,114.6,30.7,119.6,0.5322,0.0,6.56,14.9,26.0,26.0,69.1,0.551,559.0,2.0,2.0,1.0,2024.0,8.0,14.0,26.0
80.8,45.64,6.1,0.0,0.0,0.0,5.8665,3190.0,173.15,40.6,2100.0,9.325,6.855,84.833,109.45,16.05,114.9,0.6145,0.0,6.61,16.6,27.0,26.7,66.4,0.982,612.0,1.0,1.0,2.0,2024.0,8.0,14.0,16.0
106.1,54.290000000000006,11.8,0.0,0.0,0.0,5.59,3470.0,131.6,41.65,2010.0,11.086,7.141000000000001,29.6,30.7,4.1,43.65,0.2608,0.0,6.62,23.9,26.8,27.4,64.1,0.133,435.0,0.0,0.0,0.0,2024.0,8.0,14.0,1.0
61.35,45.94,6.0,0.0,0.0,0.0,5.6930000000000005,3600.0,178.1,47.45,2119.0,10.7835,6.502,57.55,65.65,5.6,150.25,0.5973999999999999,0.0,6.56,10.5,26.8,27.3,59.3,0.374,282.0,1.0,0.0,2.0,2024.0,8.0,14.0,14.0
136.45,53.08,16.7,0.0,0.0,0.0,5.3985,3390.0,414.7,51.5,1162.0,11.58,6.648000000000001,35.8,78.2,2.8,45.3,0.1964,0.0,6.54,18.5,26.8,27.2,58.7,0.247,437.0,0.0,1.0,2.0,2024.0,8.0,14.0,7.0
102.1,48.11,13.5,0.0,0.0,0.0,5.456,2950.0,367.2,52.2,1040.0,10.568,5.970000000000001,60.5,72.75,6.2,95.9,0.4625,0.0,6.56,23.1,26.8,27.4,63.8,1.336,467.0,0.0,2.0,0.0,2024.0,8.0,14.0,3.0
60.9,48.25,5.9,0.0,0.0,0.0,5.861,3310.0,188.0,45.5,1433.6,10.277,6.354,56.15,66.0,5.5,264.3,0.3672,0.0,6.48,18.3,27.2,27.2,61.8,0.576,247.0,2.0,0.0,2.0,2024.0,8.0,14.0,23.0
42.1,48.28,13.3,0.0,0.0,0.0,5.613999999999999,3180.0,147.2,50.7,1300.0,10.330000000000002,6.44,75.1,113.45,22.05,256.8,1.0738,0.0,6.47,17.1,27.2,27.1,60.7,0.528,286.0,2.0,2.0,0.0,2024.0,8.0,14.0,21.0
88.85,50.370000000000005,13.1,0.0,0.0,0.0,5.48,3365.0,135.3,46.2,1513.0,10.792,6.127,67.2,80.5,7.2,83.4,0.5828,0.0,6.41,19.9,27.2,27.0,62.0,0.552,176.0,0.0,0.0,2.0,2024.0,8.0,14.0,5.0
70.3,50.260000000000005,7.6,0.0,0.0,0.0,5.3100000000000005,3260.0,515.0,62.7,2155.8,13.124,6.6,96.7,115.7,14.3,228.0,1.1431999999999998,0.0,6.51,14.3,27.2,26.7,62.0,0.557,153.0,2.0,2.0,2.0,2024.0,8.0,14.0,30.0
142.9,58.93000000000001,13.6,0.0,0.0,0.0,5.515000000000001,3275.0,245.6,45.1,1630.0,11.22,6.4510000000000005,31.4,41.1,2.05,45.8,0.2724999999999999,0.0,6.43,16.6,26.4,26.4,63.0,0.371,155.0,2.0,1.0,0.0,2024.0,8.0,14.0,20.0
103.0,50.96,21.0,0.0,0.0,0.0,5.481,3080.0,156.0,50.3,1870.0,11.143,6.436,25.8,54.3,5.9,85.4,0.5256000000000001,0.0,6.54,19.9,26.0,26.1,63.6,0.375,155.0,1.0,2.0,2.0,2024.0,8.0,14.0,18.0
134.0,53.06,14.2,0.0,0.0,0.0,5.545,3390.0,223.7,43.7,2480.0,11.445,6.861,20.0,61.4,3.8,94.3,0.2606,0.0,6.45,18.2,25.6,26.0,65.5,0.371,175.0,1.0,1.0,1.0,2024.0,8.0,14.0,29.0
74.35,52.33,8.8,0.0,0.0,0.0,5.569999999999999,3230.0,309.5,40.9,1890.0,11.413999999999998,6.249,71.8,167.85,8.5,217.6,1.0512,0.0,6.43,17.0,25.6,25.9,65.7,0.768,270.0,2.0,1.0,2.0,2024.0,8.0,14.0,25.0
163.0,57.45,23.8,0.0,0.0,0.0,5.43,3230.0,193.1,39.0,1801.0,9.357,6.664,41.4,54.25,3.1,44.8,0.2099,0.0,6.5,26.1,25.6,25.8,66.3,1.416,289.0,2.0,0.0,0.0,2024.0,8.0,14.0,19.0
105.8,44.690000000000005,7.6,0.0,0.0,0.0,5.786,3380.0,165.26666666666668,40.9,2116.0,9.85,6.686000000000002,32.0,121.0,7.3,70.7,0.3046,0.0,6.6,20.3,26.0,25.8,66.0,0.563,265.0,0.0,1.0,0.0,2024.0,8.0,14.0,2.0
108.75,53.06999999999999,8.1,0.0,0.0,0.0,5.587,3525.0,186.6,39.6,2460.0,11.1125,6.335,285.3999999999951,88.05,11.0,259.7,0.8805999999999999,0.0,6.47,15.9,26.4,26.1,66.8,0.562,427.0,0.0,1.0,1.0,2024.0,8.0,14.0,6.0
92.3,48.540000000000006,15.6,0.0,0.0,0.0,5.535,3530.0,381.0,42.8,1699.0,11.660000000000002,7.097,285.3999999999951,86.0,20.3,214.1,0.7996,0.0,6.5,14.0,26.8,26.3,65.1,0.548,240.0,1.0,2.0,1.0,2024.0,8.0,14.0,17.0
74.7,49.99,23.4,0.0,0.0,0.0,5.416,3410.0,250.0,54.5,2192.0,11.678999999999998,7.141,285.3999999999951,53.9,20.2,52.75,0.6162,0.0,6.4,18.6,26.5,26.5,63.9,0.364,351.0,1.0,1.0,0.0,2024.0,8.0,14.0,11.0
66.9,43.760000000000005,7.9,0.0,0.0,0.0,5.782,3595.0,494.0,44.3,1808.0,12.005,6.781999999999999,285.3999999999951,83.4,9.3,156.4,1.9676999999999976,0.0,6.52,16.8,27.1,26.8,62.3,0.572,900.0,0.0,2.0,1.0,2024.0,8.0,14.0,8.0
31.0,45.7,11.2,0.0,0.0,0.0,5.811999999999999,3200.0,281.0,48.7,1322.0,10.935999999999998,6.0,31.0,69.4,7.0,150.0,0.389,0.0,6.56,19.4,27.7,27.0,59.9,0.575,350.0,0.0,2.0,2.0,2024.0,8.0,14.0,9.0
38.0,44.9,13.5,0.0,0.0,0.0,5.58,3980.0,234.7,68.55,1765.5,11.233,6.0,22.0,57.5,3.0,120.0,0.186,0.0,6.22,14.7,27.3,27.0,63.1,0.562,639.0,1.0,0.0,1.0,2024.0,8.0,14.0,13.0
43.0,46.6,14.7,0.0,0.0,0.0,5.641999999999999,3520.0,241.3,57.05,1850.0,12.9965,6.8,7.0,53.2,3.0,14.0,0.046,0.0,6.53,19.2,27.4,27.1,61.5,0.715,214.0,2.0,2.0,1.0,2024.0,8.0,14.0,26.0
36.0,44.3,12.2,0.0,0.0,0.0,5.823,3270.0,265.5,42.2,926.0,9.689,6.9,39.0,46.9,6.0,63.0,0.157,0.0,6.43,20.8,27.4,27.4,59.4,0.561,267.0,1.0,1.0,2.0,2024.0,8.0,14.0,16.0
27.0,43.6,13.3,0.0,0.0,0.0,5.551500000000001,3365.0,346.0,39.8,1610.0,10.403,6.7,50.0,162.6,15.0,470.0,0.789,0.0,6.6,14.9,27.0,27.3,61.4,0.563,296.0,1.0,0.0,0.0,2024.0,8.0,14.0,10.0
34.0,46.1,14.3,0.0,0.0,0.0,5.801,3500.0,286.5,43.0,1621.0,11.895,6.9,7.0,22.0,3.0,59.0,0.115,0.0,6.6,17.4,27.0,27.2,61.8,0.53,319.0,2.0,0.0,1.0,2024.0,8.0,14.0,22.0
48.0,45.7,21.2,0.0,0.0,0.0,5.563,3960.0,402.55,58.95,477.6,12.055,7.1,4.0,61.0,2.0,25.0,0.065,0.0,6.51,20.7,27.4,27.3,63.6,0.394,286.0,1.0,2.0,0.0,2024.0,8.0,14.0,12.0
31.0,46.6,17.4,0.0,0.0,0.0,5.604,2890.0,553.65,45.3,766.8,11.816,7.0,44.0,64.5,7.0,240.0,0.62,0.0,6.6,16.0,27.4,27.4,59.5,0.582,256.0,0.0,0.0,0.0,2024.0,8.0,14.0,28.0
42.0,46.3,12.8,0.0,0.0,0.0,5.6690000000000005,3470.0,120.6,36.6,1960.0,9.841,7.0,23.0,36.3,6.0,320.0,0.226,0.0,6.65,21.4,27.4,27.1,61.8,0.558,261.0,0.0,0.0,0.0,2024.0,8.0,14.0,1.0
32.0,44.5,5.3,0.0,0.0,0.0,5.646,3580.0,139.5,50.0,1429.2,10.7035,7.3,23.0,35.35,4.0,120.0,0.218,0.0,6.54,24.5,27.4,27.0,63.5,0.554,261.0,1.0,0.0,2.0,2024.0,8.0,14.0,14.0
40.0,45.1,12.4,0.0,0.0,0.0,5.529999999999999,3310.0,133.6,45.1,1425.1,10.546,6.4,14.0,43.15,2.0,59.0,0.133,0.0,6.53,18.3,27.4,27.1,62.9,0.357,278.0,0.0,0.0,2.0,2024.0,8.0,14.0,5.0
36.5,46.2,7.2,0.0,0.0,0.0,5.502,3260.0,192.5,44.4,1177.0,11.206999999999995,6.9,11.0,33.6,5.0,57.0,0.058,0.0,6.49,22.8,27.0,27.1,60.9,0.578,271.0,2.0,2.0,2.0,2024.0,8.0,14.0,30.0
33.5,45.3,12.8,0.0,0.0,0.0,5.506,3125.0,213.0,52.45,1277.0,10.822,6.8,35.0,46.65,6.0,210.0,0.303,0.0,6.55,21.4,27.0,26.7,59.5,0.571,282.0,0.0,2.0,0.0,2024.0,8.0,14.0,3.0
38.0,46.2,9.7,0.0,0.0,0.0,5.5985,3460.0,236.1,51.05,1329.0,11.646,6.6,43.0,78.0,5.0,90.0,0.404,0.0,3.94,17.8,27.4,26.8,63.6,0.543,235.0,0.0,1.0,2.0,2024.0,8.0,14.0,7.0
42.0,46.7,10.7,0.0,0.0,0.0,5.476999999999999,3220.0,297.4,53.1,1340.0,11.029,6.7,68.0,100.8,14.0,590.0,0.847,0.0,6.47,15.6,27.8,27.2,58.0,0.547,320.0,2.0,2.0,0.0,2024.0,8.0,14.0,21.0
28.0,44.5,5.7,0.0,0.0,0.0,5.851000000000001,3230.0,150.5,46.4,1199.6,10.054,6.6,11.0,66.8,4.0,140.0,0.304,0.0,6.42,18.3,27.4,27.2,58.0,0.403,440.0,2.0,0.0,2.0,2024.0,8.0,14.0,23.0
40.0,42.0,11.7,0.0,0.0,0.0,5.570000000000001,3340.0,168.0,37.7,1625.0,10.896999999999998,6.3,67.0,53.5,18.0,400.0,0.739,0.0,6.37,15.9,27.4,27.2,58.0,0.551,329.0,2.0,1.0,0.0,2024.0,8.0,14.0,20.0
35.0,44.3,7.8,0.0,0.0,0.0,5.660000000000001,2980.0,203.6,48.0,2020.0,10.916,7.0,10.0,59.6,3.0,140.0,0.352,0.0,6.48,24.0,27.8,27.1,57.8,0.544,435.0,1.0,2.0,2.0,2024.0,8.0,14.0,18.0
34.5,42.3,14.2,0.0,0.0,0.0,5.842,3480.0,327.0,41.2,937.0,11.788499999999996,6.8,0.5,12.7,2.0,21.0,0.079,0.0,6.5,26.3,27.8,27.2,59.1,0.386,834.0,0.0,1.0,1.0,2024.0,8.0,14.0,6.0
37.0,45.1,13.1,0.0,0.0,0.0,5.665000000000001,3360.0,447.0,44.3,1798.0,11.54,6.8,6.0,65.5,2.0,45.0,0.103,0.0,6.56,20.7,27.8,27.3,59.0,0.551,374.0,1.0,2.0,1.0,2024.0,8.0,14.0,17.0
35.0,47.3,9.4,0.0,0.0,0.0,5.64,3330.0,257.7,40.75,1620.0,12.01,6.9,15.0,65.3,3.0,88.0,0.159,0.0,6.57,22.5,28.6,27.7,61.2,0.538,789.0,2.0,1.0,2.0,2024.0,8.0,14.0,25.0
38.0,44.1,11.5,0.0,0.0,0.0,6.0200000000000005,3510.0,225.8,46.4,2400.0,10.997000000000002,6.5,27.0,68.5,4.0,90.0,0.259,0.0,6.62,25.1,29.0,28.4,59.6,0.56,437.0,1.0,1.0,1.0,2024.0,8.0,14.0,29.0
42.0,44.9,10.4,0.0,0.0,0.0,5.646,3410.0,173.7,35.7,2436.0,10.418000000000005,6.4,6.0,60.0,2.0,42.0,0.1,0.0,6.53,26.2,29.4,29.1,58.0,0.321,538.0,0.0,1.0,0.0,2024.0,8.0,14.0,2.0
35.0,45.8,7.9,0.0,0.0,0.0,5.753000000000001,3175.0,225.8,37.1,1906.0,10.159,6.6,5.0,32.85,2.0,62.0,0.16,0.0,6.44,26.4,29.0,29.2,56.6,0.358,276.0,2.0,0.0,0.0,2024.0,8.0,14.0,19.0
33.0,46.8,8.2,0.0,0.0,0.0,5.619,3530.0,317.0,43.2,1869.0,10.648,6.6,0.5,31.9,0.5,34.0,0.074,0.0,6.65,29.8,29.0,28.8,53.6,0.355,261.0,0.0,2.0,1.0,2024.0,8.0,14.0,8.0
44.5,45.4,15.4,0.0,0.0,0.0,5.4315,3280.0,246.7,52.8,1393.0,12.009,6.2,6.0,20.3,2.0,50.0,0.098,0.0,6.57,28.7,28.6,28.2,56.0,0.555,263.0,1.0,1.0,1.0,2024.0,8.0,14.0,15.0
43.0,45.2,9.2,0.0,0.0,0.0,5.534000000000001,3095.0,376.05,48.1,2042.8,11.124,6.8,4.0,77.2,2.0,48.0,0.135,0.0,6.56,25.7,28.2,28.1,56.1,0.553,254.0,2.0,1.0,1.0,2024.0,8.0,14.0,24.0
43.0,45.7,19.7,0.0,0.0,0.0,5.585,3460.0,458.0,56.55,2050.0,11.026000000000002,7.2,9.0,33.4,4.0,68.0,0.133,0.0,6.49,26.1,27.4,28.0,56.5,0.393,273.0,1.0,1.0,0.0,2024.0,8.0,14.0,11.0
39.0,43.2,12.3,0.0,0.0,0.0,5.799,3000.0,449.4,41.3,2140.0,11.07,7.5,120.0,76.6,37.0,180.0,0.723,0.0,6.54,25.3,27.4,28.1,54.4,0.579,797.0,2.0,2.0,2.0,2024.0,8.0,14.0,27.0
37.0,42.2,15.0,0.0,0.0,0.0,5.915,3540.0,240.6,55.5,1360.0,12.428,7.0,14.0,50.9,3.0,81.0,0.156,0.0,6.63,22.1,28.2,28.2,57.4,0.541,831.0,0.0,0.0,1.0,2024.0,8.0,14.0,4.0
162.0,56.42999999999999,15.4,0.0,0.0,0.0,5.854,3765.0,266.4,49.9,1443.0,10.491,6.572,22.75,21.8,2.9,21.0,0.1369,0.0,6.45,22.6,25.1,24.5,68.5,0.051,152.0,2.0,2.0,2.0,2024.0,8.0,21.0,27.0
75.2,52.63000000000001,10.0,0.0,0.0,0.0,5.459,3210.0,341.5,49.7,2580.0,11.4065,6.761999999999999,58.6,143.2,11.35,210.05,0.6476,0.0,6.67,17.4,24.3,24.6,68.0,0.554,152.0,2.0,1.0,1.0,2024.0,8.0,21.0,24.0
84.9,49.3,10.8,0.0,0.0,0.0,5.666,3450.0,219.6,51.65,1773.0,10.451,6.32,22.133333333333333,102.5,13.65,161.7,0.4025,0.0,6.61,13.8,23.9,24.7,67.5,0.271,145.0,0.0,0.0,1.0,2024.0,8.0,21.0,4.0
106.85,49.650000000000006,12.0,0.0,0.0,0.0,5.590000000000001,3700.0,188.4,55.0,1620.0,11.875,6.395999999999999,47.2,56.1,4.6,111.65,0.3215,0.0,6.43,21.9,23.9,24.9,67.4,0.068,152.0,1.0,1.0,1.0,2024.0,8.0,21.0,15.0
115.25,54.39000000000001,14.6,0.0,0.0,0.0,5.615,3360.0,236.0,49.4,1112.0,11.086,6.540000000000001,76.4,75.1,13.2,120.83,0.4744999999999999,0.0,6.61,26.6,23.5,24.9,66.7,0.565,164.0,0.0,2.0,2.0,2024.0,8.0,21.0,9.0
66.0,53.09,15.1,0.0,0.0,0.0,5.455,3940.0,326.7,67.0,1357.0,11.267,6.209999999999999,71.95,112.8,6.3,87.66600000000001,0.5565,0.0,6.48,25.4,23.9,24.8,68.8,0.145,166.0,1.0,0.0,1.0,2024.0,8.0,21.0,13.0
70.0,55.56,19.0,0.0,0.0,0.0,5.555000000000001,3560.0,275.5,46.7,1709.0,11.5445,7.129,52.4,107.91666666666669,14.1,49.45,0.5856,0.0,6.43,24.1,23.5,24.8,68.0,0.23,239.0,2.0,0.0,1.0,2024.0,8.0,21.0,22.0
150.1,56.81,18.6,0.0,0.0,0.0,5.462000000000001,3090.0,221.05,44.25,967.0,10.373,6.8420000000000005,12.1,48.8,4.5,16.6,0.2212999999999999,0.0,6.5,20.5,23.9,25.0,67.5,0.057,238.0,1.0,0.0,0.0,2024.0,8.0,21.0,10.0
39.15,48.900000000000006,21.2,0.0,0.0,0.0,5.549,3170.0,574.7,44.1,682.8,11.533,7.029999999999999,36.9,76.9,7.35,167.4,0.6417000000000002,0.0,6.38,18.8,24.3,25.5,68.8,0.563,259.0,0.0,0.0,0.0,2024.0,8.0,21.0,28.0
89.5,53.53,23.4,0.0,0.0,0.0,5.506499999999999,3350.0,432.0,49.1,531.0,11.972000000000005,6.638,10.0,6.7,2.2,28.6,0.0737,0.0,6.4,31.9,24.3,25.5,67.3,0.142,253.0,1.0,2.0,0.0,2024.0,8.0,21.0,12.0
165.8,48.86000000000001,19.3,0.0,0.0,0.0,5.529999999999999,3625.0,279.0,49.75,753.2,12.377,7.210000000000001,46.5,27.1,22.3,86.3,0.2811,0.0,6.3,26.9,24.3,25.5,65.7,0.228,246.0,2.0,2.0,1.0,2024.0,8.0,21.0,26.0
148.0,55.84,18.8,0.0,0.0,0.0,5.5165,3090.0,300.55,44.1,198.5,11.044,7.026000000000001,46.6,51.4,9.5,32.9,0.2526,0.0,6.55,26.9,24.3,25.5,65.6,0.084,155.0,1.0,1.0,2.0,2024.0,8.0,21.0,16.0
105.5,53.09000000000001,14.9,0.0,0.0,0.0,5.609,3350.0,140.1,43.8,1645.7,11.576,7.244,38.9,31.7,4.4,47.05,0.2472,0.0,6.4,26.0,24.3,25.5,66.5,0.063,139.0,0.0,0.0,0.0,2024.0,8.0,21.0,1.0
150.4,53.63,13.0,0.0,0.0,0.0,5.636000000000001,3360.0,208.4,46.6,1089.0,11.093999999999998,7.25,15.1,28.0,2.9,116.0,0.0785,0.0,6.46,19.0,24.3,25.4,64.2,0.101,139.0,1.0,0.0,2.0,2024.0,8.0,21.0,14.0
137.9,56.0,19.2,0.0,0.0,0.0,5.540000000000001,3900.0,104.3,50.6,1571.0,10.959,7.090000000000001,22.8,13.1,3.4,32.1,0.1306999999999999,0.0,6.45,27.4,24.3,25.2,65.0,0.11,148.0,0.0,1.0,2.0,2024.0,8.0,21.0,7.0
164.9,52.36999999999999,14.0,0.0,0.0,0.0,5.698,2985.0,172.7,36.25,977.4,9.2975,6.738,9.6,39.45,3.6,16.2,0.2452,0.0,6.35,23.3,23.9,25.3,67.3,0.093,606.0,0.0,2.0,0.0,2024.0,8.0,21.0,3.0
81.7,48.620000000000005,7.5,0.0,0.0,0.0,5.821,3410.0,238.0,45.8,2260.0,9.743,6.004,34.5,83.7,4.5,328.5,0.4570999999999999,0.0,6.36,25.2,24.7,25.7,65.8,0.181,630.0,2.0,0.0,2.0,2024.0,8.0,21.0,23.0
70.65,49.3,11.2,0.0,0.0,0.0,5.539999999999999,3155.0,142.7,50.8,1470.0,10.592,6.55,49.0,101.75,5.9,132.3,0.7298,0.0,6.41,20.9,25.9,26.5,66.4,0.209,615.0,2.0,2.0,0.0,2024.0,8.0,21.0,21.0
84.2,53.92999999999999,10.8,0.0,0.0,0.0,5.55,3330.0,134.0,42.0,1738.0,10.186,6.377,36.85,60.5,6.6,79.8,0.3324,0.0,6.47,18.7,27.1,27.3,60.6,0.025,507.0,0.0,0.0,2.0,2024.0,8.0,21.0,5.0
54.55,47.41000000000001,5.6,0.0,0.0,0.0,5.682,3380.0,323.5,45.7,1843.8,11.932,6.372,85.15,109.1,13.1,114.6,0.7827,0.0,6.42,20.5,26.7,27.7,59.2,0.302,525.0,2.0,2.0,2.0,2024.0,8.0,21.0,30.0
148.9,55.33,10.9,0.0,0.0,0.0,5.537000000000001,3180.0,114.1,39.2,1770.0,9.831,6.7010000000000005,31.0,29.0,3.2,23.8,0.3046,0.0,6.43,23.8,27.5,28.4,57.4,0.027,514.0,2.0,1.0,0.0,2024.0,8.0,21.0,20.0
144.7,59.64,15.0,0.0,0.0,0.0,5.474,3385.0,117.1,50.0,1366.0,11.120499999999998,6.364000000000001,26.8,45.9,2.9,18.2,0.2141,0.0,6.34,29.8,26.3,28.8,56.0,0.139,579.0,1.0,2.0,2.0,2024.0,8.0,21.0,18.0
74.6,50.83,11.9,0.0,0.0,0.0,5.722,3490.0,190.6,46.0,2360.0,11.17,6.81,18.3,60.4,3.4,97.5,0.1862,0.0,6.31,24.7,26.7,29.2,56.4,0.288,745.0,1.0,1.0,1.0,2024.0,8.0,21.0,29.0
93.65,54.74000000000001,11.0,0.0,0.0,0.0,5.489999999999999,3320.0,212.0,49.85,990.0,11.3,6.344,35.2,35.0,3.4,40.7,0.3584,0.0,6.18,33.9,26.7,29.2,55.3,0.056,261.0,2.0,1.0,2.0,2024.0,8.0,21.0,25.0
62.6,48.46,9.8,0.0,0.0,0.0,5.706000000000001,3105.0,147.7,36.95,2051.0,10.003999999999998,6.801,13.3,81.85,3.3,58.9,0.2419,0.0,6.38,26.7,26.3,28.9,55.6,0.062,238.0,2.0,0.0,0.0,2024.0,8.0,21.0,19.0
131.5,47.67,16.4,0.0,0.0,0.0,5.428,3340.0,319.0,50.1,1066.0,10.82,6.8,42.9,57.4,6.8,68.95,0.4226000000000001,0.0,6.33,24.6,25.9,28.6,57.7,0.038,257.0,0.0,1.0,0.0,2024.0,8.0,21.0,2.0
135.2,56.84,8.5,0.0,0.0,0.0,5.537,3420.0,267.5,39.1,1077.0,10.658,6.606,19.0,22.0,2.4,39.0,0.1597,0.0,6.4,23.6,25.5,28.1,57.1,0.209,261.0,0.0,1.0,1.0,2024.0,8.0,21.0,6.0
141.6,51.55000000000001,16.2,0.0,0.0,0.0,5.4735,3400.0,153.9,41.6,658.0,10.119,6.587000000000001,42.2,58.5,5.85,87.3,0.4291999999999999,0.0,6.31,23.4,25.1,27.8,56.4,0.067,278.0,1.0,2.0,1.0,2024.0,8.0,21.0,17.0
98.55,56.24,21.8,0.0,0.0,0.0,5.586,3090.0,484.0,56.6,1555.4,10.696000000000002,6.8,29.2,43.4,4.5,52.25,0.2764999999999999,0.0,6.45,22.6,24.3,27.4,58.6,0.038,245.0,1.0,1.0,0.0,2024.0,8.0,21.0,11.0
75.6,43.620000000000005,7.8,0.0,0.0,0.0,5.647,3530.0,494.0,44.1,1669.0,11.8115,6.853999999999999,48.6,75.7,7.35,136.65,1.9676999999999976,0.0,6.45,29.2,24.3,27.2,60.5,0.064,573.0,0.0,2.0,1.0,2024.0,8.0,21.0,8.0
71.0,45.9,9.4,0.0,0.0,0.0,5.9,4000.0,204.0,46.0,2000.0,13.99,6.9,17.0,110.1,4.0,24.0,0.151,0.0,6.45,23.8,24.7,27.3,61.4,0.06,615.0,0.0,2.0,2.0,2024.0,8.0,21.0,9.0
72.0,41.6,19.1,0.0,0.0,0.0,5.8,4100.0,314.7,72.0,2000.0,12.25,6.8,14.0,35.9,3.0,16.0,0.117,0.0,6.39,29.0,25.5,27.6,62.9,0.114,800.0,1.0,0.0,1.0,2024.0,8.0,21.0,13.0
72.0,47.5,12.8,0.0,0.0,0.0,5.8,3600.0,223.0,54.0,2000.0,14.44,7.0,21.0,42.1,2.0,56.0,0.353,0.0,6.49,21.9,25.9,28.0,56.3,0.284,287.0,2.0,2.0,1.0,2024.0,8.0,21.0,26.0
73.0,48.3,12.7,0.0,0.0,0.0,6.0,3700.0,169.95,43.0,2000.0,11.79,7.1,16.0,30.1,3.0,19.0,0.054,0.0,6.57,27.5,25.5,28.4,58.2,0.386,761.0,1.0,1.0,2.0,2024.0,8.0,21.0,16.0
68.0,50.0,17.0,0.0,0.0,0.0,6.1,3400.0,354.15,39.0,1900.0,13.66,6.8,43.0,171.1,11.0,210.0,0.541,0.0,6.34,19.5,28.5,31.7,47.6,0.025,345.0,1.0,0.0,0.0,2024.0,8.0,21.0,10.0
57.0,48.8,14.8,0.0,0.0,0.0,6.0,3600.0,349.0,41.0,1900.0,13.36,7.0,11.0,23.4,2.0,25.0,0.15,0.0,6.4,27.6,26.7,29.5,53.9,0.159,805.0,2.0,0.0,1.0,2024.0,8.0,21.0,22.0
73.0,49.9,17.9,0.0,0.0,0.0,5.8,3400.0,405.1,52.0,1300.0,12.87,7.2,18.0,91.0,3.0,42.0,0.229,0.0,6.46,22.1,27.1,29.8,53.3,0.325,815.0,1.0,2.0,0.0,2024.0,8.0,21.0,12.0
64.5,48.7,17.1,0.0,0.0,0.0,5.9,3400.0,519.7,41.0,1500.0,13.35,6.8,7.0,47.8,0.5,20.0,0.078,0.0,6.31,23.9,27.4,29.6,51.4,0.052,250.0,0.0,0.0,0.0,2024.0,8.0,21.0,28.0
70.0,45.1,11.4,0.0,0.0,0.0,5.8,3600.0,161.2,40.0,2100.0,13.59,6.8,5.0,17.1,0.5,18.0,0.047,0.0,6.48,30.9,26.6,29.3,52.2,0.108,235.0,0.0,0.0,0.0,2024.0,8.0,21.0,1.0
62.0,45.6,9.2,0.0,0.0,0.0,5.9,3600.0,274.4,50.0,2600.0,11.87,6.8,15.0,37.2,3.0,20.0,0.086,0.0,6.44,27.8,26.2,28.9,51.7,0.191,176.0,1.0,0.0,2.0,2024.0,8.0,21.0,14.0
71.0,48.0,11.0,0.0,0.0,0.0,5.8,3400.0,173.1,42.0,2400.0,12.9,6.0,44.0,83.75,9.0,340.0,0.868,0.0,6.45,20.6,25.8,28.6,54.6,0.398,265.0,0.0,0.0,2.0,2024.0,8.0,21.0,5.0
73.0,49.0,7.3,0.0,0.0,0.0,5.9,3500.0,331.8,39.0,2700.0,13.19,6.6,98.0,109.9,9.0,190.0,0.846,0.0,6.49,20.7,25.8,28.6,54.3,0.109,823.0,2.0,2.0,2.0,2024.0,8.0,21.0,30.0
63.0,50.9,8.9,0.0,0.0,0.0,5.9,2300.0,212.4,34.0,1100.0,10.48,7.2,33.0,44.85,5.0,51.0,0.312,0.0,6.49,24.7,25.8,28.7,54.6,0.135,643.0,0.0,2.0,0.0,2024.0,8.0,21.0,3.0
58.5,50.4,10.6,0.0,0.0,0.0,5.8,3600.0,199.3,48.0,2700.0,12.5,6.7,41.0,93.6,7.0,200.0,0.333,0.0,6.41,22.4,26.5,29.0,56.3,0.083,809.0,0.0,1.0,2.0,2024.0,8.0,21.0,7.0
68.0,48.1,9.8,0.0,0.0,0.0,5.9,3300.0,309.3,44.0,1800.0,12.17,6.9,14.0,81.4,4.0,33.0,0.148,0.0,6.5,21.6,27.0,29.4,55.4,0.05,742.0,2.0,2.0,0.0,2024.0,8.0,21.0,21.0
75.0,48.6,1.0,0.0,0.0,0.0,5.7,3600.0,561.5,43.0,2300.0,13.22,6.0,47.0,143.4,10.0,320.0,0.938,0.0,6.58,21.3,27.4,29.7,50.0,0.116,676.0,2.0,0.0,2.0,2024.0,8.0,21.0,23.0
66.5,51.3,11.4,0.0,0.0,0.0,5.7,3200.0,194.9,37.0,2300.0,13.58,6.7,28.0,48.7,7.0,140.0,0.328,0.0,6.44,18.8,27.4,29.9,52.8,0.198,761.0,2.0,1.0,0.0,2024.0,8.0,21.0,20.0
70.0,50.9,8.0,0.0,0.0,0.0,6.0,3300.0,176.2,41.0,1400.0,11.43,6.4,51.0,104.9,8.0,280.0,0.809,0.0,6.52,19.9,27.8,30.1,49.6,0.155,770.0,1.0,2.0,2.0,2024.0,8.0,21.0,18.0
71.0,47.1,7.2,0.0,0.0,0.0,5.8,3300.0,379.1,37.0,2700.0,13.6,6.7,26.0,60.45,7.0,130.0,0.358,0.0,6.32,23.1,27.8,30.5,52.9,0.102,783.0,0.0,1.0,1.0,2024.0,8.0,21.0,6.0
65.0,49.4,10.6,0.0,0.0,0.0,5.7,3400.0,376.4,42.0,2100.0,14.21,7.3,36.0,85.7,10.0,63.0,0.303,0.0,6.47,16.9,27.8,30.9,50.9,0.146,754.0,1.0,2.0,1.0,2024.0,8.0,21.0,17.0
53.0,48.6,8.2,0.0,0.0,0.0,5.8,3000.0,234.5,32.0,1700.0,12.94,6.7,48.0,112.8,10.0,86.0,0.382,0.0,6.43,18.7,29.0,31.4,47.2,0.533,729.0,2.0,1.0,2.0,2024.0,8.0,21.0,25.0
60.0,48.8,12.8,0.0,0.0,0.0,6.0,3300.0,219.0,36.0,2100.0,11.25,6.9,10.0,52.1,2.0,54.0,0.161,0.0,6.37,23.2,29.4,31.6,45.3,0.542,868.0,1.0,1.0,1.0,2024.0,8.0,21.0,29.0
67.0,47.7,9.9,0.0,0.0,0.0,5.9,3500.0,214.7,39.0,3000.0,14.32,7.0,8.0,59.4,2.0,38.0,0.091,0.0,6.34,19.5,29.1,31.6,45.0,0.328,631.0,0.0,1.0,0.0,2024.0,8.0,21.0,2.0
54.0,49.4,7.4,0.0,0.0,0.0,6.0,3300.0,218.0,38.0,2600.0,13.3,6.8,21.0,80.9,4.0,110.0,0.271,0.0,6.29,23.4,29.0,31.1,46.2,0.171,783.0,2.0,0.0,0.0,2024.0,8.0,21.0,19.0
67.0,44.7,7.6,0.0,0.0,0.0,6.0,3600.0,531.0,43.0,2900.0,13.9,6.4,25.0,68.0,8.0,150.0,0.44,0.0,6.4,21.2,29.4,30.8,47.9,0.328,787.0,0.0,2.0,1.0,2024.0,8.0,21.0,8.0
61.0,49.3,11.9,0.0,0.0,0.0,5.8,3300.0,200.4,42.0,2300.0,13.96,6.4,18.0,54.7,5.0,170.0,0.722,0.0,6.34,16.2,29.4,30.7,48.3,0.283,787.0,1.0,1.0,1.0,2024.0,8.0,21.0,15.0
65.0,47.0,11.1,0.0,0.0,0.0,5.8,3400.0,358.55,41.0,2300.0,14.56,5.5,56.0,110.0,8.0,230.0,0.653,0.0,6.41,22.7,29.4,30.9,45.7,0.401,823.0,2.0,1.0,1.0,2024.0,8.0,21.0,24.0
71.0,46.7,15.8,0.0,0.0,0.0,5.8,3300.0,233.0,45.0,3000.0,13.71,6.6,58.0,68.75,20.0,160.0,0.59,0.0,6.16,24.9,29.6,31.6,44.5,0.222,829.0,1.0,1.0,0.0,2024.0,8.0,21.0,11.0
65.0,48.8,12.6,0.0,0.0,0.0,6.0,2900.0,384.1,32.0,2500.0,11.09,6.8,27.0,38.0,6.0,70.0,0.258,0.0,6.34,21.1,29.6,31.8,43.9,0.275,693.0,2.0,2.0,2.0,2024.0,8.0,21.0,27.0
65.0,51.2,13.7,0.0,0.0,0.0,5.9,3200.0,227.6,32.0,2400.0,13.19,6.7,49.0,96.5,8.0,110.0,0.494,0.0,6.3,17.8,28.8,31.8,46.5,0.122,633.0,0.0,0.0,1.0,2024.0,8.0,21.0,4.0
89.0,51.3,0.0,0.0,0.0,0.0,5.75,3550.0,565.0,38.5,2000.0,10.65,6.4,99.33333333333331,130.0,20.67,236.67,0.785,0.0,6.46,14.2,24.8,26.1,61.4,0.08,315.0,2.0,2.0,2.0,2024.0,8.0,27.0,27.0
85.0,54.0,2.0,0.0,0.0,0.0,5.99,4350.0,220.5,60.5,2850.0,13.68,6.5,26.5,370.0,3.0,83.0,0.285,0.0,6.46,13.4,24.8,26.6,63.6,0.0,398.0,2.0,1.0,1.0,2024.0,8.0,27.0,24.0
73.0,51.0,2.0,0.0,0.0,0.0,6.01,3600.0,260.0,57.5,2000.0,11.0,6.2,24.666666666666668,120.0,6.5,130.0,0.298,0.0,6.49,18.1,25.6,27.0,62.3,0.0,377.0,0.0,0.0,1.0,2024.0,8.0,27.0,4.0
92.0,52.2,2.0,0.0,0.0,0.0,6.07,4050.0,78.0,47.0,3600.0,11.82,6.1,50.5,105.0,16.0,205.0,0.561,0.0,6.45,17.3,26.4,27.6,56.7,0.0,346.0,1.0,1.0,1.0,2024.0,8.0,27.0,15.0
73.0,50.2,0.0,0.0,0.0,0.0,5.91,3800.0,230.0,43.0,3000.0,12.32,6.68,70.5,155.0,6.67,163.3,0.553,0.0,6.53,16.7,26.4,28.1,54.4,0.013,396.0,0.0,2.0,2.0,2024.0,8.0,27.0,9.0
83.5,48.9,2.0,0.0,0.0,0.0,5.9,4050.0,130.0,42.5,3000.0,13.01,6.7,23.5,255.0,7.5,61.33,0.117,0.0,6.53,12.1,26.4,28.5,50.3,0.0,117.0,1.0,0.0,1.0,2024.0,8.0,27.0,13.0
102.0,50.6,2.0,0.0,0.0,0.0,5.91,3650.0,180.0,42.0,2350.0,11.65,7.23,62.0,93.66666666666669,16.0,135.0,0.524,0.0,6.71,16.2,26.0,28.7,44.9,0.038,510.0,2.0,0.0,1.0,2024.0,8.0,27.0,22.0
89.0,49.5,0.0,0.0,0.0,0.0,6.23,3550.0,190.5,33.0,2700.0,11.75,6.66,13.0,150.0,4.0,60.5,0.25,0.0,6.47,19.4,26.0,29.0,46.3,0.009,527.0,1.0,0.0,0.0,2024.0,8.0,27.0,10.0
87.0,49.8,0.0,0.0,0.0,0.0,6.04,3500.0,370.5,36.0,3000.0,11.13,6.51,19.5,110.0,7.5,205.0,0.432,0.0,6.45,25.3,26.8,28.9,43.3,0.066,161.0,0.0,0.0,0.0,2024.0,8.0,27.0,28.0
80.0,51.6,0.0,0.0,0.0,0.0,6.03,4050.0,320.5,56.5,2450.0,12.76,6.85,96.0,155.0,31.5,220.0,0.823,0.0,6.47,16.1,26.4,28.9,46.9,0.043,566.0,1.0,2.0,0.0,2024.0,8.0,27.0,12.0
79.0,49.6,1.0,0.0,0.0,0.0,6.02,3500.0,360.0,40.5,2250.0,10.69,7.04,97.0,170.0,36.0,245.0,0.999,0.0,6.4,20.3,26.4,28.9,39.9,0.0,106.0,2.0,2.0,1.0,2024.0,8.0,27.0,26.0
85.0,49.1,5.0,0.0,0.0,0.0,5.91,4000.0,150.5,50.5,3000.0,12.42,7.19,31.33,140.0,9.5,77.0,0.254,0.0,6.43,24.0,26.4,28.8,45.8,0.0,513.0,1.0,1.0,2.0,2024.0,8.0,27.0,16.0
84.0,52.3,1.0,0.0,0.0,0.0,6.09,3700.0,120.0,41.0,2200.0,11.29,7.22,47.0,64.0,18.0,73.0,0.334,0.0,6.35,22.2,26.4,28.7,42.8,0.021,476.0,0.0,0.0,0.0,2024.0,8.0,27.0,1.0
73.0,51.3,0.0,0.0,0.0,0.0,6.03,3700.0,230.0,43.0,3000.0,11.12,6.3,21.0,77.5,4.5,87.5,0.295,0.0,6.52,23.3,26.4,28.6,46.7,0.149,494.0,1.0,0.0,2.0,2024.0,8.0,27.0,14.0
68.0,47.0,0.0,0.0,0.0,0.0,5.83,4350.0,58.0,65.5,2250.0,14.47,6.86,14.0,260.0,3.0,27.0,0.118,0.0,6.36,22.6,26.8,28.5,40.3,0.045,549.0,0.0,1.0,2.0,2024.0,8.0,27.0,7.0
92.0,45.1,1.0,0.0,0.0,0.0,5.9,3750.0,48.5,37.5,2200.0,11.71,6.89,5.0,44.5,3.0,22.5,0.083,0.0,6.37,18.4,27.2,28.5,46.7,0.009,427.0,0.0,2.0,0.0,2024.0,8.0,27.0,3.0
82.0,50.6,0.0,0.0,0.0,0.0,6.11,3900.0,560.0,43.0,3600.0,11.86,5.54,98.0,110.0,12.0,675.0,1.55,0.0,6.24,27.5,28.0,28.6,48.2,0.137,633.0,2.0,0.0,2.0,2024.0,8.0,27.0,23.0
82.0,47.1,1.0,0.0,0.0,0.0,6.04,4000.0,205.0,46.0,3500.0,12.38,6.49,26.5,120.0,7.5,145.0,0.274,0.0,6.31,24.6,27.6,28.6,49.3,0.207,566.0,2.0,2.0,0.0,2024.0,8.0,27.0,21.0
82.5,52.3,3.0,0.0,0.0,0.0,6.12,3850.0,160.0,46.0,3000.0,12.91,6.3,0.5,235.0,2.0,84.0,0.165,0.0,6.39,20.7,26.8,28.6,50.2,0.162,555.0,0.0,0.0,2.0,2024.0,8.0,27.0,5.0
83.0,46.9,0.0,0.0,0.0,0.0,5.86,3900.0,340.0,46.0,3300.0,12.72,6.01,62.5,170.0,7.5,265.0,0.623,0.0,6.4,28.5,26.8,29.0,49.2,0.18,533.0,2.0,2.0,2.0,2024.0,8.0,27.0,30.0
93.0,55.1,4.0,0.0,0.0,0.0,5.92,3850.0,32.0,41.0,2800.0,11.63,6.88,0.5,110.0,0.5,10.5,0.017,0.0,6.35,22.0,26.8,29.5,50.4,0.023,554.0,2.0,1.0,0.0,2024.0,8.0,27.0,20.0
83.0,52.1,0.0,0.0,0.0,0.0,5.95,3300.0,16.0,42.0,1800.0,11.06,7.06,0.5,265.0,0.5,11.0,0.02,0.0,6.38,20.5,27.2,29.7,50.0,0.055,566.0,1.0,2.0,2.0,2024.0,8.0,27.0,18.0
91.0,49.9,1.0,0.0,0.0,0.0,6.01,3900.0,44.0,40.0,2600.0,11.62,7.11,5.0,135.0,3.0,18.5,0.049,0.0,6.34,36.1,28.0,30.0,50.9,0.11,593.0,1.0,1.0,1.0,2024.0,8.0,27.0,29.0
82.0,52.0,2.0,0.0,0.0,0.0,6.01,3800.0,130.0,45.0,3500.0,11.96,7.14,140.0,120.0,53.0,275.0,0.871,0.0,6.34,33.1,28.4,30.3,52.7,0.288,638.0,2.0,1.0,2.0,2024.0,8.0,27.0,25.0
83.0,52.6,2.0,0.0,0.0,0.0,6.03,3250.0,155.0,33.5,3000.0,10.74,6.41,4.5,96.0,3.0,44.0,0.237,0.0,6.24,35.3,29.2,30.7,53.5,0.197,578.0,2.0,0.0,0.0,2024.0,8.0,27.0,19.0
87.0,51.7,1.0,0.0,0.0,0.0,6.27,3700.0,82.66666666666667,36.5,3200.0,11.32,6.66,0.5,335.0,0.5,27.0,0.116,0.0,6.42,31.0,29.6,31.1,53.0,0.539,585.0,0.0,1.0,0.0,2024.0,8.0,27.0,2.0
92.0,50.5,3.0,0.0,0.0,0.0,6.02,3800.0,215.0,37.0,3500.0,11.53,6.45,12.5,72.5,3.0,175.0,0.356,0.0,6.33,22.6,29.2,31.1,49.4,0.108,549.0,0.0,1.0,1.0,2024.0,8.0,27.0,6.0
87.0,48.4,0.0,0.0,0.0,0.0,5.95,3600.0,280.0,37.0,2400.0,10.91,6.57,110.0,150.0,18.0,315.0,0.877,0.0,6.55,20.6,28.4,30.6,48.1,0.199,620.0,1.0,2.0,1.0,2024.0,8.0,27.0,17.0
84.0,49.3,2.0,0.0,0.0,0.0,6.04,4250.0,120.0,40.5,3550.0,13.14,6.7,9.0,79.5,3.0,84.5,0.218,0.0,6.36,33.4,28.0,29.9,53.4,0.254,154.0,1.0,1.0,0.0,2024.0,8.0,27.0,11.0
96.0,50.8,2.0,0.0,0.0,0.0,5.87,4100.0,100.0,38.0,2400.0,12.78,6.72,12.5,140.0,4.5,125.0,282.0,0.0,6.28,22.2,27.6,29.5,54.6,0.065,271.0,0.0,2.0,1.0,2024.0,8.0,27.0,8.0
106.25,51.31,12.0,0.0,0.0,0.0,5.6375,3600.0,226.0,52.9,1528.0,11.547,6.718000000000001,185.1,97.3,39.5,260.73,1.3301,0.0,6.35,26.2,28.4,29.4,55.7,0.393,676.0,0.0,2.0,2.0,2024.0,8.0,27.0,9.0
59.45,43.55,20.0,0.0,0.0,0.0,5.5600000000000005,3960.0,335.9,67.2,1752.0,12.093,6.900999999999999,104.0,96.2,16.3,131.166,0.9994,0.0,6.39,32.1,30.0,29.5,57.2,0.282,731.0,1.0,0.0,1.0,2024.0,8.0,27.0,13.0
70.15,45.45,16.7,0.0,0.0,0.0,5.459999999999999,3635.0,311.3,56.9,778.2,13.020999999999995,7.27,56.1,51.2,27.9,114.5,0.3972,0.0,6.41,33.5,29.2,29.9,53.6,0.287,697.0,2.0,2.0,1.0,2024.0,8.0,27.0,26.0
94.5,46.7,14.4,0.0,0.0,0.0,5.868,3160.0,253.7,43.4,1750.0,10.665,6.94,26.5,22.7,4.35,33.7,0.1756,0.0,6.32,31.5,28.8,30.0,54.9,0.196,697.0,1.0,1.0,2.0,2024.0,8.0,27.0,16.0
58.7,48.57,12.9,0.0,0.0,0.0,5.5555,3180.0,432.0,39.3,1885.0,10.334,6.686,19.2,174.2,11.0,117.2,0.6467,0.0,6.6,29.3,28.8,30.3,53.5,0.537,703.0,1.0,0.0,0.0,2024.0,8.0,27.0,10.0
77.6,49.13,12.8,0.0,0.0,0.0,5.822000000000001,3415.0,328.0,42.7,1699.0,11.747000000000002,6.972999999999999,38.7,69.6,4.7,28.6,0.3403,0.0,6.38,24.3,28.8,30.4,51.9,0.149,684.0,2.0,0.0,1.0,2024.0,8.0,27.0,22.0
71.8,50.66,19.3,0.0,0.0,0.0,5.643,3355.0,412.1,52.55,651.0,12.212,6.815,68.1,93.9,12.05,80.0,0.6861,0.0,6.42,29.0,28.8,30.4,54.6,0.241,671.0,1.0,2.0,0.0,2024.0,8.0,27.0,12.0
55.3,50.68000000000001,14.8,0.0,0.0,0.0,5.787000000000001,2860.0,578.7,39.7,1132.9,11.755999999999997,6.702,30.2,93.7,5.4,189.3,0.5206999999999999,0.0,6.37,18.8,28.8,30.4,51.1,0.193,666.0,0.0,0.0,0.0,2024.0,8.0,27.0,28.0
98.8,49.14,10.9,0.0,0.0,0.0,5.659,3280.0,134.3,42.15,1595.7,11.508,7.244,33.6,34.5,5.15,75.9,0.252,0.0,6.39,30.4,29.2,30.2,54.2,0.223,666.0,0.0,0.0,0.0,2024.0,8.0,27.0,1.0
62.45,45.49,7.0,0.0,0.0,0.0,5.6965,3560.0,206.8,45.6,1860.0,10.8535,6.5200000000000005,63.7,79.25,5.35,101.3,0.7116,0.0,6.52,28.7,29.2,30.4,53.6,0.532,664.0,1.0,0.0,2.0,2024.0,8.0,27.0,14.0
92.1,50.11,11.2,0.0,0.0,0.0,5.773999999999999,3400.0,208.1,41.9,1489.1,11.0905,6.487,35.9,78.75,7.9,52.85,0.3974,0.0,6.36,22.6,30.0,30.5,51.3,0.173,709.0,0.0,0.0,2.0,2024.0,8.0,27.0,5.0
63.95,45.970000000000006,6.1,0.0,0.0,0.0,5.728,3250.0,230.2,42.3,1990.0,10.909999999999998,6.49,89.6,94.8,10.0,137.3,0.8214,0.0,6.36,33.1,30.3,30.5,54.4,0.172,716.0,2.0,2.0,2.0,2024.0,8.0,27.0,30.0
86.25,49.18,8.9,0.0,0.0,0.0,5.7,3005.0,262.2,52.7,1120.0,9.845,6.43,40.5,52.2,4.6,109.15,0.3419,0.0,6.33,26.6,29.2,30.8,55.5,0.279,702.0,0.0,2.0,0.0,2024.0,8.0,27.0,3.0
65.2,48.60999999999999,8.5,0.0,0.0,0.0,5.622999999999999,3995.0,268.1,59.3,1991.0,11.989999999999998,6.57,35.7,118.8,17.3,100.5,0.5696000000000001,0.0,6.25,22.0,30.8,31.3,52.8,0.164,691.0,0.0,1.0,2.0,2024.0,8.0,27.0,7.0
59.1,50.260000000000005,10.6,0.0,0.0,0.0,5.593999999999999,3160.0,151.7,51.2,1499.0,10.416999999999998,6.357000000000001,48.75,89.35,6.15,230.8,0.6791,0.0,6.32,24.9,29.2,31.6,49.0,0.166,693.0,2.0,2.0,0.0,2024.0,8.0,27.0,21.0
122.9,54.03000000000001,9.1,0.0,0.0,0.0,5.5200000000000005,3300.0,285.0,47.9,2253.0,10.232,6.109,44.1,69.0,6.3,278.0,0.5283,0.0,6.37,32.7,28.8,31.5,51.1,0.181,732.0,2.0,0.0,2.0,2024.0,8.0,27.0,23.0
143.1,52.82000000000001,10.4,0.0,0.0,0.0,5.5395,3195.0,118.8,40.6,1384.0,9.752,6.336,36.1,27.85,4.6,30.5,0.3131,0.0,6.34,27.7,29.2,31.3,48.7,0.168,722.0,2.0,1.0,0.0,2024.0,8.0,27.0,20.0
48.2,48.3,6.9,0.0,0.0,0.0,5.835,3025.0,171.2,40.9,2020.0,11.155,6.5200000000000005,27.8,86.7,5.0,137.6,0.5467,0.0,6.45,24.4,29.2,30.8,51.8,0.548,807.0,1.0,2.0,2.0,2024.0,8.0,27.0,18.0
120.2,56.75,11.7,0.0,0.0,0.0,5.577,3400.0,284.5,40.9,907.0,11.204,6.672,20.3,9.0,2.1,39.3,0.1071999999999999,0.0,6.55,26.8,29.2,30.2,56.0,0.309,732.0,0.0,1.0,1.0,2024.0,8.0,27.0,6.0
71.8,50.010000000000005,16.1,0.0,0.0,0.0,5.665000000000001,3580.0,88.9,43.3,1848.0,10.77,7.023999999999999,285.3999999999951,95.6,16.3,161.2,0.9228,0.0,6.66,30.6,29.2,30.3,53.1,0.282,628.0,1.0,2.0,1.0,2024.0,8.0,27.0,17.0
54.05,48.540000000000006,7.7,0.0,0.0,0.0,5.592,3365.0,265.5,48.95,2090.0,11.9,6.832000000000001,92.2,154.0,8.6,232.4,0.8107999999999999,0.0,6.32,34.3,28.8,30.3,52.0,0.242,656.0,2.0,1.0,2.0,2024.0,8.0,27.0,25.0
62.5,51.8,11.7,0.0,0.0,0.0,5.732,3520.0,190.6,45.2,2800.0,10.881000000000002,6.731,77.3,66.0,6.6,112.8,0.728,0.0,6.34,25.6,28.4,30.2,44.9,0.236,686.0,1.0,1.0,1.0,2024.0,8.0,27.0,29.0
110.7,54.05999999999999,21.2,0.0,0.0,0.0,5.42,3210.0,258.2666666666667,48.45,1651.0,10.416,6.331,40.4,51.8,6.3,63.7,0.4196000000000001,0.0,6.39,27.3,28.4,30.3,50.8,0.174,743.0,0.0,1.0,0.0,2024.0,8.0,27.0,2.0
49.1,48.24,7.5,0.0,0.0,0.0,5.793000000000001,2870.0,195.6,40.25,1668.0,10.896,6.557,15.55,87.6,3.1,51.3,0.2583,0.0,6.35,29.7,29.6,30.1,48.3,0.228,764.0,2.0,0.0,0.0,2024.0,8.0,27.0,19.0
60.6,45.31,7.5,0.0,0.0,0.0,5.782,3605.0,531.0,42.0,2042.0,12.8845,6.505,217.95,102.1,8.65,153.25,1.9676999999999976,0.0,6.25,26.3,29.2,29.8,49.8,0.188,593.0,0.0,2.0,1.0,2024.0,8.0,27.0,8.0
73.95,49.71,13.8,0.0,0.0,0.0,5.503000000000001,3300.0,249.0,57.0,1731.4,11.898,6.295999999999999,31.45,51.7,6.1,72.0,0.5058999999999999,0.0,6.3,32.9,28.4,29.7,52.5,0.242,784.0,1.0,1.0,1.0,2024.0,8.0,27.0,15.0
51.2,50.32,9.7,0.0,0.0,0.0,5.459,3190.0,369.0,49.6,2330.0,11.523,7.0,98.4,148.1,11.15,246.0,0.6980999999999999,0.0,7.0,26.5,28.4,29.6,52.7,0.557,813.0,2.0,1.0,1.0,2024.0,8.0,27.0,24.0
72.75,45.63,16.6,0.0,0.0,0.0,5.6855,3295.0,233.0,44.3,2335.0,12.168,6.610000000000001,285.3999999999951,69.35,18.5,88.0,0.6658,0.0,6.28,28.5,30.0,29.8,52.4,0.224,631.0,1.0,1.0,0.0,2024.0,8.0,27.0,11.0
72.7,47.52,15.8,0.0,0.0,0.0,5.48,2960.0,594.8,47.65,1960.0,12.768,7.209,76.11666666666665,79.9,14.734,252.667,0.9513,0.0,6.51,22.4,30.8,29.9,51.1,0.555,796.0,2.0,2.0,2.0,2024.0,8.0,27.0,27.0
39.4,45.95,14.4,0.0,0.0,0.0,5.627999999999999,3360.0,275.0,44.6,1436.0,11.904,7.036,49.6,106.3,7.3,131.6,0.6119,0.0,6.4,32.6,30.4,30.0,52.4,0.234,807.0,0.0,0.0,1.0,2024.0,8.0,27.0,4.0
64.75,48.03,12.3,0.0,0.0,0.0,5.76,3030.0,486.5,40.6,2190.0,10.995,6.839999999999999,87.29999999999998,77.5,12.534,238.4,0.9736,0.0,6.31,25.7,30.0,31.8,51.2,0.383,695.0,2.0,2.0,2.0,2024.0,9.0,4.0,27.0
58.4,49.69,9.9,0.0,0.0,0.0,5.516,3085.0,380.0,46.5,1557.8,11.075,6.67,61.25,55.6,9.5,124.0,0.6163000000000001,0.0,6.33,24.8,30.0,32.1,47.6,0.282,431.0,2.0,1.0,1.0,2024.0,9.0,4.0,24.0
45.0,48.77,14.8,0.0,0.0,0.0,5.694,3350.0,272.0,43.45,1376.0,11.732,6.942,49.8,106.3,7.7,110.9,0.4988,0.0,6.15,29.6,30.8,32.3,53.0,0.363,261.0,0.0,0.0,1.0,2024.0,9.0,4.0,4.0
133.0,54.96999999999999,17.1,0.0,0.0,0.0,5.396,3250.0,278.9,58.2,1498.0,11.226,6.606,58.25,58.0,6.4,71.1,0.7052,0.0,6.4,29.4,30.0,31.9,54.2,0.254,895.0,1.0,1.0,1.0,2024.0,9.0,4.0,15.0
77.7,48.52,10.8,0.0,0.0,0.0,5.792,2790.0,252.0,51.3,1337.0,11.2375,6.739,181.15,88.2,42.5,240.73,1.3301,0.0,6.22,25.9,29.6,31.5,47.9,0.216,880.0,0.0,2.0,2.0,2024.0,9.0,4.0,9.0
70.6,45.3,11.5,0.0,0.0,0.0,5.720000000000001,3670.0,308.4,71.0,1948.0,10.388000000000002,6.409999999999999,94.9,96.2,16.3,129.499,0.9245,0.0,6.44,15.6,30.8,31.3,49.1,0.256,860.0,1.0,0.0,1.0,2024.0,9.0,4.0,13.0
81.5,50.48,14.7,0.0,0.0,0.0,5.812,3480.0,305.0,42.7,1680.0,11.740000000000002,6.816,54.3,75.18333333333335,7.9,63.85,0.3894,0.0,6.34,19.6,30.0,30.5,50.6,0.34,480.0,2.0,0.0,1.0,2024.0,9.0,4.0,22.0
108.7,50.760000000000005,9.2,0.0,0.0,0.0,5.7620000000000005,2905.0,585.0,35.15,1639.0,10.375,6.539,11.1,136.7,12.6,82.45,0.6602,0.0,6.29,28.3,30.0,31.4,53.2,0.273,900.0,1.0,0.0,0.0,2024.0,9.0,4.0,10.0
76.3,52.17,14.8,0.0,0.0,0.0,5.844,2910.0,511.65,41.6,1201.9,11.682999999999998,6.722,39.85,83.6,5.4,158.1,0.5755000000000001,0.0,6.35,27.0,29.6,31.0,53.2,0.234,886.0,0.0,0.0,0.0,2024.0,9.0,4.0,28.0
127.0,50.50000000000001,18.3,0.0,0.0,0.0,5.7065,3140.0,327.7,44.6,704.8,9.851,6.6930000000000005,14.4,63.0,3.4,36.5,0.1896,0.0,6.33,26.0,30.4,30.5,53.9,0.196,374.0,1.0,2.0,0.0,2024.0,9.0,4.0,12.0
68.7,46.06000000000001,15.3,0.0,0.0,0.0,5.5920000000000005,3705.0,516.0,72.4,1150.4,12.572500000000002,7.169999999999999,66.6,76.95,23.2,89.5,0.4955,0.0,6.4,30.6,30.8,30.9,47.7,0.332,853.0,2.0,2.0,1.0,2024.0,9.0,4.0,26.0
105.4,47.900000000000006,5.8,0.0,0.0,0.0,5.8475,3390.0,153.65,42.65,2081.0,9.461,6.875,48.333,119.45,10.35,107.9,0.4476000000000001,0.0,6.28,30.5,29.6,31.6,50.4,0.277,671.0,1.0,1.0,2.0,2024.0,9.0,4.0,16.0
136.2,52.83,13.8,0.0,0.0,0.0,5.579999999999999,3380.0,148.3,36.6,1748.7,10.395000000000003,6.845999999999999,30.8,33.5,5.5,71.8,0.2549,0.0,6.31,20.4,30.0,31.2,48.4,0.534,886.0,0.0,0.0,0.0,2024.0,9.0,4.0,1.0
82.85,50.4,5.9,0.0,0.0,0.0,5.8100000000000005,3580.0,106.4,47.2,1984.0,10.7175,6.504,74.65,77.2,6.6,112.7,0.7404,0.0,6.52,23.8,29.2,31.0,52.4,0.567,731.0,1.0,0.0,2.0,2024.0,9.0,4.0,14.0
81.0,47.81999999999999,7.6,0.0,0.0,0.0,5.619999999999999,3510.0,214.8,51.95,1877.0,11.228,6.5,36.4,67.3,16.5,96.5,0.5341,0.0,6.26,23.4,29.2,30.8,53.5,0.544,667.0,0.0,1.0,2.0,2024.0,9.0,4.0,7.0
95.9,45.42,9.0,0.0,0.0,0.0,5.718,3125.0,185.95,34.85,1164.0,9.3945,6.520999999999999,19.4,54.15,4.5,59.25,0.3016999999999999,0.0,6.28,23.2,29.6,30.1,56.7,0.301,843.0,0.0,2.0,0.0,2024.0,9.0,4.0,3.0
84.75,49.14,5.8,0.0,0.0,0.0,5.941000000000001,3440.0,329.5,42.1,2383.0,10.677,6.185,37.75,74.3,5.3,376.5,0.5362,0.0,6.2,37.2,30.0,30.4,54.6,0.215,287.0,2.0,0.0,2.0,2024.0,9.0,4.0,23.0
102.0,51.8,12.0,0.0,0.0,0.0,5.574,3215.0,147.2,50.1,1351.0,10.104500000000002,6.315,79.6,107.55,20.05,109.4,1.0418,0.0,6.34,21.4,29.2,30.6,53.2,0.327,467.0,2.0,2.0,0.0,2024.0,9.0,4.0,21.0
114.55,52.65000000000001,13.2,0.0,0.0,0.0,5.61,3525.0,199.2,62.2,1465.0,11.528,6.590000000000001,66.55,59.45,8.1,57.95,0.5168,0.0,6.27,24.4,29.6,31.4,54.6,0.531,886.0,0.0,0.0,2.0,2024.0,9.0,4.0,5.0
76.85,48.14,5.3,0.0,0.0,0.0,5.88,3380.0,216.5,42.7,1830.0,11.001,6.5920000000000005,67.95,101.7,13.5,160.4,0.7508999999999999,0.0,6.17,27.1,30.0,31.6,51.9,0.23,410.0,2.0,2.0,2.0,2024.0,9.0,4.0,30.0
51.65,55.790000000000006,11.3,0.0,0.0,0.0,5.7325,3260.0,229.6,34.6,1690.0,10.001,6.688000000000001,38.2,53.1,14.1,230.9,0.6677,0.0,6.37,20.2,28.0,29.3,56.6,0.554,365.0,2.0,1.0,0.0,2024.0,9.0,4.0,20.0
125.7,58.07000000000001,9.2,0.0,0.0,0.0,5.720000000000001,3470.0,208.6,44.6,831.0,10.1255,6.554,20.05,16.3,2.9,36.8,0.1883999999999999,0.0,6.42,33.5,28.0,29.1,58.5,0.331,310.0,1.0,2.0,2.0,2024.0,9.0,4.0,18.0
151.1,53.21,16.6,0.0,0.0,0.0,5.64,3720.0,171.6,58.7,845.6,11.486,6.909999999999999,12.3,23.4,2.8,22.65,0.1086,0.0,6.29,32.4,28.8,29.2,62.7,0.193,651.0,1.0,1.0,1.0,2024.0,9.0,4.0,29.0
155.8,52.34000000000001,8.5,0.0,0.0,0.0,5.66,3220.0,185.2,39.4,1472.0,8.9705,6.219,30.5,49.0,5.5,127.1,0.3963,0.0,6.42,30.5,29.6,29.8,54.0,0.396,828.0,2.0,1.0,2.0,2024.0,9.0,4.0,25.0
88.65,47.97,6.6,0.0,0.0,0.0,5.779000000000001,3105.0,176.0,39.95,695.0,10.547,6.691,14.75,32.15,2.6,41.9,0.1719,0.0,6.35,34.7,29.9,29.5,56.9,0.254,803.0,2.0,0.0,0.0,2024.0,9.0,4.0,19.0
126.0,54.52,22.8,0.0,0.0,0.0,5.479000000000001,3100.0,246.9666666666667,44.3,1777.0,8.977,6.510000000000001,4.4,32.7,1.6,29.4,0.1016999999999999,0.0,6.38,33.0,28.8,29.0,58.2,0.224,732.0,0.0,1.0,0.0,2024.0,9.0,4.0,2.0
86.05,48.52000000000001,9.0,0.0,0.0,0.0,5.754,3555.0,184.1,39.9,2460.0,11.216499999999998,6.21,285.3999999999951,88.05,11.25,250.5,0.8613,0.0,6.44,16.3,28.0,29.0,60.7,0.565,903.0,0.0,1.0,1.0,2024.0,9.0,4.0,6.0
111.2,50.82,9.1,0.0,0.0,0.0,5.583500000000001,3310.0,111.5,38.4,2052.0,9.7185,6.8870000000000005,285.3999999999951,89.1,17.1,144.4,0.8178000000000001,0.0,6.39,32.7,28.0,29.4,57.2,0.183,695.0,1.0,2.0,1.0,2024.0,9.0,4.0,17.0
161.1,50.15999999999999,15.7,0.0,0.0,0.0,5.6925,3140.0,201.0,43.2,1529.4,10.53,6.7700000000000005,33.55,64.45,4.4,61.55,0.3854,0.0,6.32,32.7,27.6,28.7,65.1,0.198,382.0,1.0,1.0,0.0,2024.0,9.0,4.0,11.0
71.1,43.55,8.1,0.0,0.0,0.0,5.742,3490.0,551.0,44.0,2048.0,12.4055,6.502,44.0,83.8,8.8,130.65,1.9676999999999976,0.0,6.33,31.3,27.2,27.7,62.7,0.268,841.0,0.0,2.0,1.0,2024.0,9.0,4.0,8.0
120.0,51.3,3.0,0.0,0.0,0.0,5.7,3800.0,160.0,52.0,1900.0,11.67,7.2,370.0,64.0,61.0,500.0,2.18,0.0,6.33,33.0,26.8,27.3,63.3,0.277,282.0,0.0,2.0,2.0,2024.0,9.0,4.0,9.0
118.0,50.8,7.0,0.0,0.0,0.0,5.2,3500.0,160.0,42.0,2100.0,10.95,6.4,20.0,49.0,3.0,78.0,0.311,0.0,6.24,31.3,27.2,27.5,58.3,0.312,284.0,1.0,0.0,1.0,2024.0,9.0,4.0,13.0
125.0,49.3,8.0,0.0,0.0,0.0,5.8,3800.0,280.0,49.0,1600.0,12.93,6.8,65.0,40.0,14.0,98.0,0.505,0.0,6.49,19.2,27.2,27.8,59.0,0.382,282.0,2.0,2.0,1.0,2024.0,9.0,4.0,26.0
123.0,49.6,5.0,0.0,0.0,0.0,5.8,3200.0,67.0,35.0,2600.0,8.66,6.2,110.0,140.0,15.0,190.0,1.184,0.0,6.43,22.8,26.4,27.1,61.6,0.313,844.0,1.0,1.0,2.0,2024.0,9.0,4.0,16.0
112.0,48.9,4.0,0.0,0.0,0.0,5.7,3200.0,110.0,35.0,2600.0,9.95,6.7,17.0,110.0,7.0,130.0,0.539,0.0,6.67,25.5,26.4,27.3,62.9,0.234,823.0,1.0,0.0,0.0,2024.0,9.0,4.0,10.0
122.0,52.4,8.0,0.0,0.0,0.0,5.7,3500.0,360.0,43.0,2300.0,12.4,6.3,26.0,28.0,2.0,65.0,0.35,0.0,6.43,22.0,27.6,28.2,60.3,0.212,548.0,2.0,0.0,1.0,2024.0,9.0,4.0,22.0
114.0,49.8,6.0,0.0,0.0,0.0,5.7,3100.0,61.0,35.0,1700.0,9.46,6.4,12.0,55.0,4.0,46.0,0.231,0.0,6.33,29.1,26.4,27.7,58.7,0.32,690.0,1.0,2.0,0.0,2024.0,9.0,4.0,12.0
116.0,53.1,6.0,0.0,0.0,0.0,5.7,3300.0,110.0,32.0,2100.0,9.05,6.8,11.0,26.0,3.0,23.0,0.149,0.0,6.35,29.0,27.2,27.8,60.0,0.537,345.0,0.0,0.0,0.0,2024.0,9.0,4.0,28.0
134.0,50.9,8.0,0.0,0.0,0.0,5.7,3300.0,66.0,32.0,1900.0,10.21,6.9,13.0,22.0,2.0,44.0,0.142,0.0,6.49,31.7,27.2,28.1,61.9,0.531,796.0,0.0,0.0,0.0,2024.0,9.0,4.0,1.0
115.0,51.4,2.0,0.0,0.0,0.0,5.7,3200.0,170.0,36.0,2400.0,11.2,6.4,14.0,13.0,2.0,36.0,0.12,0.0,6.41,28.3,27.6,28.0,57.8,0.373,362.0,1.0,0.0,2.0,2024.0,9.0,4.0,14.0
113.0,52.3,4.0,0.0,0.0,0.0,5.7,3300.0,84.0,37.0,2100.0,9.67,6.5,33.0,96.0,6.0,100.0,0.508,0.0,6.5,28.5,27.6,28.4,59.1,0.322,408.0,0.0,0.0,2.0,2024.0,9.0,4.0,5.0
132.0,51.1,7.0,0.0,0.0,0.0,5.7,3300.0,140.0,36.0,1100.0,10.29,6.9,19.0,31.0,3.0,46.0,0.255,0.0,6.41,28.0,26.8,27.9,61.7,0.338,796.0,2.0,2.0,2.0,2024.0,9.0,4.0,30.0
117.0,49.8,4.0,0.0,0.0,0.0,5.7,3200.0,140.0,36.0,1500.0,10.01,6.3,5.0,15.0,2.0,22.0,0.094,0.0,6.39,33.7,26.8,27.8,61.2,0.252,269.0,0.0,2.0,0.0,2024.0,9.0,4.0,3.0
90.0,52.4,1.0,0.0,0.0,0.0,5.6,3900.0,130.0,53.0,2700.0,11.47,6.7,23.0,21.0,4.0,48.0,0.152,0.0,6.33,26.8,26.0,27.3,66.6,0.304,691.0,0.0,1.0,2.0,2024.0,9.0,4.0,7.0
122.0,45.8,5.0,0.0,0.0,0.0,5.6,2900.0,120.0,39.0,2200.0,9.37,6.6,29.0,58.0,5.0,83.0,0.484,0.0,6.44,28.9,25.6,26.6,63.3,0.23,739.0,2.0,2.0,0.0,2024.0,9.0,4.0,21.0
104.0,52.3,0.0,0.0,0.0,0.0,5.6,3500.0,120.0,45.0,2200.0,10.34,6.6,38.0,57.0,8.0,120.0,0.454,0.0,6.66,24.4,25.6,26.0,64.9,0.566,787.0,2.0,0.0,2.0,2024.0,9.0,4.0,23.0
105.0,58.1,7.0,0.0,0.0,0.0,5.6,2900.0,270.0,31.0,1700.0,9.05,6.9,73.0,49.0,18.0,140.0,0.595,0.0,6.26,28.9,25.2,25.7,66.8,0.535,407.0,2.0,1.0,0.0,2024.0,9.0,4.0,20.0
113.0,54.2,7.0,0.0,0.0,0.0,5.8,2900.0,190.0,39.0,2300.0,1.97,6.5,40.0,82.0,6.0,220.0,0.675,0.0,6.42,16.6,24.8,25.4,67.6,0.72,522.0,1.0,2.0,2.0,2024.0,9.0,4.0,18.0
117.0,53.9,5.0,0.0,0.0,0.0,5.7,3500.0,240.0,36.0,2100.0,11.03,6.0,21.0,34.0,3.0,66.0,0.244,0.0,6.49,24.5,24.8,25.3,65.8,0.715,287.0,0.0,1.0,1.0,2024.0,9.0,4.0,6.0
124.0,52.6,3.0,0.0,0.0,0.0,5.6,3500.0,100.0,39.0,2300.0,9.54,6.3,58.0,57.0,4.0,180.0,0.516,0.0,6.48,25.0,25.2,25.6,66.0,1.032,247.0,1.0,2.0,1.0,2024.0,9.0,4.0,17.0
119.0,54.5,6.0,0.0,0.0,0.0,5.6,3100.0,180.0,32.0,1500.0,8.96,5.9,24.0,43.0,3.0,82.0,0.379,0.0,6.38,26.9,25.2,26.0,62.7,0.54,245.0,2.0,1.0,2.0,2024.0,9.0,4.0,25.0
127.0,55.4,8.0,0.0,0.0,0.0,5.6,3200.0,81.0,34.0,2600.0,9.45,6.5,93.0,66.0,7.0,290.0,0.84,0.0,6.57,26.2,24.8,26.2,65.9,0.332,240.0,1.0,1.0,1.0,2024.0,9.0,4.0,29.0
120.0,54.1,6.0,0.0,0.0,0.0,5.7,3000.0,110.0,36.0,2200.0,8.89,6.9,17.0,58.0,5.0,65.0,0.305,0.0,6.76,30.7,24.8,26.2,65.2,0.205,336.0,0.0,1.0,0.0,2024.0,9.0,4.0,2.0
119.0,54.1,8.0,0.0,0.0,0.0,5.7,3300.0,76.0,34.0,2400.0,9.37,7.0,26.0,83.0,6.0,100.0,0.453,0.0,6.61,29.4,24.8,26.2,65.7,0.529,383.0,2.0,0.0,0.0,2024.0,9.0,4.0,19.0
109.0,51.5,4.0,0.0,0.0,0.0,5.6,3600.0,250.0,46.0,2100.0,10.93,6.4,39.0,66.0,10.0,210.0,0.54,0.0,6.41,24.3,24.4,26.0,63.3,0.548,382.0,0.0,2.0,1.0,2024.0,9.0,4.0,8.0
110.0,48.8,3.0,0.0,0.0,0.0,5.6,3100.0,180.0,39.0,1800.0,9.65,6.8,13.0,56.0,5.0,62.0,0.219,0.0,6.24,31.1,23.6,25.4,65.5,0.152,731.0,1.0,1.0,1.0,2024.0,9.0,4.0,15.0
118.0,51.1,7.0,0.0,0.0,0.0,5.6,3300.0,310.0,37.0,2400.0,11.37,6.5,59.0,100.0,11.0,210.0,0.741,0.0,6.32,29.4,23.6,24.8,72.4,0.582,687.0,2.0,1.0,1.0,2024.0,9.0,4.0,24.0
109.0,46.7,4.0,0.0,0.0,0.0,5.7,3500.0,330.0,41.0,2200.0,10.81,6.5,18.0,38.0,3.0,46.0,0.244,0.0,6.53,34.5,23.6,24.1,72.1,0.348,634.0,1.0,1.0,0.0,2024.0,9.0,4.0,11.0
113.0,55.8,5.0,0.0,0.0,0.0,5.7,3100.0,330.0,39.0,2500.0,9.79,6.6,44.0,97.0,5.0,170.0,0.471,0.0,6.33,30.8,24.0,23.6,75.3,0.529,259.0,2.0,2.0,2.0,2024.0,9.0,4.0,27.0
102.0,51.4,8.0,0.0,0.0,0.0,5.8,3600.0,130.0,39.0,2000.0,10.38,6.4,69.0,70.0,6.0,150.0,0.679,0.0,6.49,31.9,25.6,23.6,74.8,0.219,244.0,0.0,0.0,1.0,2024.0,9.0,4.0,4.0
151.0,51.4,17.0,0.0,0.0,0.0,5.6,3100.0,160.0,51.0,700.0,11.01,5.9,8.0,25.0,3.0,18.0,0.128,0.0,6.26,18.4,30.0,30.4,52.1,0.959,257.0,2.0,2.0,2.0,2024.0,9.0,11.0,27.0
135.0,54.8,13.0,0.0,0.0,0.0,5.5,3100.0,59.0,43.0,740.0,9.59,5.9,11.0,40.0,3.0,41.0,0.137,0.0,7.63,15.8,26.0,27.6,62.5,0.0,451.0,2.0,1.0,1.0,2024.0,9.0,11.0,24.0
90.0,53.9,5.0,0.0,0.0,0.0,5.5,3800.0,190.0,55.0,1400.0,12.88,6.2,16.0,49.0,6.0,70.0,0.225,0.0,7.56,21.1,27.6,27.5,58.2,0.0,488.0,0.0,0.0,1.0,2024.0,9.0,11.0,4.0
126.0,49.3,12.0,0.0,0.0,0.0,5.6,3800.0,160.0,51.0,950.0,10.7,6.6,19.0,31.0,5.0,39.0,0.15,0.0,6.55,13.8,28.4,29.3,59.1,0.0,389.0,1.0,1.0,1.0,2024.0,9.0,11.0,15.0
79.95,48.32,11.0,0.0,0.0,0.0,5.824,3600.0,200.3,60.3,1855.0,12.006,6.331999999999999,45.1,65.2,6.3,123.9,0.6374,0.0,6.55,15.1,28.4,29.9,52.7,0.0,510.0,1.0,1.0,1.0,2024.0,9.0,11.0,15.0
152.0,57.5,11.0,0.0,0.0,0.0,5.5,3200.0,310.0,47.0,1100.0,11.1,6.7,120.0,110.0,24.0,180.0,0.825,0.0,6.87,18.2,27.6,28.7,61.3,0.006,467.0,0.0,2.0,2.0,2024.0,9.0,11.0,9.0
128.0,56.4,5.0,0.0,0.0,0.0,5.4,3500.0,94.0,49.0,1800.0,11.24,6.6,18.0,38.0,10.0,19.0,0.0193,0.0,7.48,16.9,27.6,28.1,66.4,0.0,528.0,1.0,0.0,1.0,2024.0,9.0,11.0,13.0
129.0,58.1,9.0,0.0,0.0,0.0,5.5,2900.0,150.0,41.0,740.0,9.86,6.7,17.0,58.0,4.0,30.0,0.242,0.0,7.63,14.7,26.0,27.7,58.5,0.0,258.0,2.0,0.0,1.0,2024.0,9.0,11.0,22.0
153.0,56.8,8.0,0.0,0.0,0.0,5.7,2600.0,130.0,30.0,750.0,8.84,6.2,8.0,120.0,9.0,23.0,0.401,0.0,7.61,16.9,26.0,27.8,60.5,0.0,192.0,1.0,0.0,0.0,2024.0,9.0,11.0,10.0
147.0,55.8,9.0,0.0,0.0,0.0,5.7,1700.0,200.0,21.0,550.0,6.11,6.6,6.0,36.0,3.0,16.0,0.112,0.0,6.52,18.2,29.2,29.9,53.1,0.0,617.0,0.0,0.0,0.0,2024.0,9.0,11.0,28.0
150.0,56.6,12.0,0.0,0.0,0.0,5.6,2700.0,400.0,43.0,310.0,10.05,6.9,47.0,150.0,14.0,51.0,0.771,0.0,6.59,14.3,29.6,29.9,53.1,0.017,598.0,1.0,2.0,0.0,2024.0,9.0,11.0,12.0
35.0,54.5,9.0,0.0,0.0,0.0,5.6,3700.0,130.0,52.0,2000.0,12.46,6.6,22.0,130.0,5.0,31.0,0.558,0.0,6.42,15.9,28.0,29.6,55.1,0.006,569.0,2.0,2.0,1.0,2024.0,9.0,11.0,26.0
129.0,57.8,5.0,0.0,0.0,0.0,5.6,2900.0,170.0,43.0,1300.0,10.44,7.1,33.0,42.0,4.0,34.0,0.288,0.0,6.5,14.5,28.0,29.6,54.4,0.0,422.0,1.0,1.0,2.0,2024.0,9.0,11.0,16.0
147.0,59.6,5.0,0.0,0.0,0.0,5.6,3200.0,99.0,43.0,1500.0,10.31,6.5,29.0,40.0,7.0,48.0,0.324,0.0,7.62,17.0,28.4,29.7,55.8,0.0,455.0,0.0,0.0,0.0,2024.0,9.0,11.0,1.0
143.0,57.4,11.0,0.0,0.0,0.0,5.6,3600.0,87.0,52.0,950.0,10.44,6.8,120.0,146.0,19.0,200.0,0.97,0.0,6.45,19.7,29.6,29.6,55.6,0.007,579.0,1.0,0.0,2.0,2024.0,9.0,11.0,14.0
74.75,48.14999999999999,8.8,0.0,0.0,0.0,5.5985,3540.0,205.4,52.35,1230.0,11.763,6.659000000000001,39.5,138.8,6.8,100.5,0.3726,0.0,6.28,21.6,28.4,29.1,52.8,0.026,152.0,0.0,1.0,2.0,2024.0,9.0,11.0,7.0
150.0,53.3,14.0,0.0,0.0,0.0,5.4,3500.0,310.0,53.0,620.0,11.61,6.0,270.0,210.0,29.0,440.0,2.2,0.0,6.59,14.1,30.0,29.8,55.0,0.006,656.0,0.0,1.0,2.0,2024.0,9.0,11.0,7.0
127.0,49.5,8.0,0.0,0.0,0.0,5.6,2800.0,110.0,34.0,1000.0,10.22,5.5,10.0,52.0,5.0,20.0,0.243,0.0,6.54,19.3,29.2,29.8,52.9,0.0,500.0,0.0,2.0,0.0,2024.0,9.0,11.0,3.0
145.0,54.7,13.0,0.0,0.0,0.0,5.7,2600.0,200.0,38.0,1000.0,9.31,5.8,27.0,68.0,5.0,28.0,0.381,0.0,7.62,20.4,28.8,29.9,50.4,0.038,522.0,2.0,0.0,2.0,2024.0,9.0,11.0,23.0
147.0,56.0,10.0,0.0,0.0,0.0,5.5,3200.0,160.0,45.0,790.0,10.29,5.4,26.0,130.0,5.0,42.0,0.592,0.0,7.63,16.8,28.4,30.0,51.4,0.007,560.0,2.0,2.0,0.0,2024.0,9.0,11.0,21.0
111.7,52.220000000000006,12.4,0.0,0.0,0.0,5.64,3220.0,154.3,44.8,871.0,10.017,5.71,36.95,89.35,4.8,46.3,0.5037999999999999,0.0,7.71,18.5,28.4,30.5,54.8,0.033,554.0,2.0,2.0,0.0,2024.0,9.0,11.0,21.0
147.0,56.8,10.0,0.0,0.0,0.0,5.6,3000.0,87.0,36.0,1400.0,10.02,5.9,13.0,84.0,15.0,30.0,0.378,0.0,7.64,14.8,28.8,29.7,58.9,0.043,766.0,0.0,0.0,2.0,2024.0,9.0,11.0,5.0
113.8,50.83,10.1,0.0,0.0,0.0,5.711999999999999,3275.0,177.5,40.8,1132.0,10.951000000000002,6.480000000000001,36.65,61.9,7.9,69.05,0.3313,0.0,6.34,17.3,29.6,31.6,52.8,0.0,257.0,0.0,0.0,2.0,2024.0,9.0,11.0,5.0
132.0,56.1,4.0,0.0,0.0,0.0,5.5,3500.0,97.0,49.0,1300.0,10.93,5.7,20.0,41.0,6.0,34.0,0.258,0.0,7.62,21.2,29.2,31.4,53.2,0.0,495.0,2.0,2.0,2.0,2024.0,9.0,11.0,30.0
157.0,52.6,13.0,0.0,0.0,0.0,5.4,3300.0,79.0,39.0,1500.0,10.14,6.5,23.0,28.0,8.0,3.0,0.212,0.0,7.53,23.3,29.2,30.6,54.9,0.006,615.0,2.0,1.0,0.0,2024.0,9.0,11.0,20.0
145.0,58.1,6.0,0.0,0.0,0.0,5.6,3500.0,160.0,52.0,1600.0,11.16,6.5,13.0,29.0,4.0,20.0,0.168,0.0,6.24,24.2,29.6,30.1,55.5,0.0,769.0,1.0,2.0,2.0,2024.0,9.0,11.0,18.0
156.0,55.1,17.0,0.0,0.0,0.0,5.5,3900.0,240.0,71.0,1800.0,13.43,6.3,4.0,22.0,4.0,14.0,0.106,0.0,7.62,22.0,28.0,30.0,56.8,0.006,561.0,1.0,1.0,1.0,2024.0,9.0,11.0,29.0
119.0,58.3,10.0,0.0,0.0,0.0,5.5,3300.0,190.0,49.0,1100.0,11.31,6.2,26.0,160.0,7.0,49.0,0.721,0.0,6.46,19.5,29.2,29.8,54.1,0.0,387.0,2.0,1.0,2.0,2024.0,9.0,11.0,25.0
127.0,56.4,14.0,0.0,0.0,0.0,5.5,2900.0,77.0,35.0,1600.0,9.4,6.3,15.0,100.0,4.0,39.0,0.405,0.0,6.39,22.7,27.6,28.7,55.4,0.02,864.0,2.0,0.0,0.0,2024.0,9.0,11.0,19.0
139.0,60.7,15.0,0.0,0.0,0.0,5.3,2600.0,59.0,30.0,1000.0,8.66,6.4,4.0,30.0,3.0,18.0,0.115,0.0,6.77,24.3,28.8,29.8,49.6,0.011,159.0,0.0,1.0,0.0,2024.0,9.0,11.0,2.0
139.0,59.1,7.0,0.0,0.0,0.0,5.4,2900.0,66.0,35.0,1500.0,9.94,6.4,13.0,25.0,4.0,26.0,0.163,0.0,7.45,21.6,29.2,30.7,50.9,0.0,176.0,0.0,1.0,1.0,2024.0,9.0,11.0,6.0
141.0,57.6,14.0,0.0,0.0,0.0,5.3,3300.0,27.0,36.0,1200.0,10.25,6.4,120.0,180.0,23.0,260.0,1.092,0.0,6.23,17.4,29.6,31.4,49.5,0.0,261.0,1.0,2.0,1.0,2024.0,9.0,11.0,17.0
149.0,53.2,9.0,0.0,0.0,0.0,5.5,2900.0,200.0,37.0,880.0,9.62,6.3,16.0,54.0,7.0,41.0,0.288,0.0,6.37,34.53,25.59,27.61,63.38000000000001,0.0972,579.5,1.0,1.0,0.0,2024.0,9.0,11.0,11.0
145.0,50.3,10.0,0.0,0.0,0.0,5.4,3200.0,90.0,35.0,610.0,9.88,6.8,9.0,34.0,5.0,30.0,0.152,0.0,6.82,19.6,29.2,30.4,52.9,0.0,154.0,0.0,2.0,1.0,2024.0,9.0,11.0,8.0
157.8,55.79,9.5,0.0,0.0,0.0,5.5725,3665.0,201.0,45.1,1753.0,10.5595,6.95,18.6,30.1,6.267,34.9,0.1552,0.0,6.49,20.2,28.0,29.5,53.8,0.0,176.0,0.0,2.0,2.0,2024.0,9.0,11.0,9.0
62.6,57.15,9.4,0.0,0.0,0.0,5.505,3770.0,298.7,57.75,1818.0,11.1995,6.279999999999999,83.9,111.7,17.0,94.299,0.8757999999999999,0.0,6.38,20.5,27.6,28.9,53.6,0.008,165.0,1.0,0.0,1.0,2024.0,9.0,11.0,13.0
65.6,45.45,12.7,0.0,0.0,0.0,5.572,3665.0,266.3,53.1,1335.2,12.286,7.130000000000001,60.4,52.2,23.7,93.0,0.4276,0.0,6.33,23.4,28.4,28.8,53.0,0.011,746.0,2.0,2.0,1.0,2024.0,9.0,11.0,26.0
98.0,48.39000000000001,5.8,0.0,0.0,0.0,5.839,3300.0,152.0,40.5,1848.9,10.145,6.902000000000001,18.8,32.0,5.55,33.5,0.1897,0.0,6.44,22.6,28.4,29.6,55.3,0.006,895.0,1.0,1.0,2.0,2024.0,9.0,11.0,16.0
121.5,50.81,11.0,0.0,0.0,0.0,5.672000000000001,2935.0,375.0,39.9,1700.0,10.213,6.266,9.1,127.4,12.2,73.25,0.552,0.0,7.54,22.3,28.8,29.7,53.8,0.008,283.0,1.0,0.0,0.0,2024.0,9.0,11.0,10.0
57.9,49.93000000000001,11.4,0.0,0.0,0.0,5.8420000000000005,3365.0,305.0,41.9,1296.0,11.5215,6.960000000000001,55.0,89.55000000000003,14.9,59.8,0.6859999999999999,0.0,6.41,19.1,29.2,30.5,53.1,0.0,269.0,2.0,0.0,1.0,2024.0,9.0,11.0,22.0
153.2,58.13000000000001,11.5,0.0,0.0,0.0,5.66,3150.0,250.4,42.0,1226.0,9.986999999999998,6.805,43.4,72.9,9.45,56.5,0.3845,0.0,6.43,22.0,30.0,30.0,58.3,0.007,843.0,1.0,2.0,0.0,2024.0,9.0,11.0,12.0
68.0,50.650000000000006,9.9,0.0,0.0,0.0,5.820000000000001,2700.0,509.65,32.3,833.9,10.669999999999998,6.661,38.55,57.6,6.1,117.6,0.5943,0.0,6.5,20.6,28.8,29.5,58.6,0.007,494.0,0.0,0.0,0.0,2024.0,9.0,11.0,28.0
143.7,54.71,9.9,0.0,0.0,0.0,5.59,3370.0,124.7,41.9,1748.7,11.621,7.100999999999999,33.2,33.4,8.3,77.2,0.2678,0.0,6.45,20.1,28.8,29.9,51.6,0.008,888.0,0.0,0.0,0.0,2024.0,9.0,11.0,1.0
92.0,53.78,9.3,0.0,0.0,0.0,5.69,3470.0,183.0,42.65,1595.0,11.187,6.372,28.5,56.5,3.85,112.35,0.3007,0.0,6.38,24.2,28.8,29.1,58.7,0.025,489.0,1.0,0.0,2.0,2024.0,9.0,11.0,14.0
108.65,51.31,13.3,0.0,0.0,0.0,5.521999999999999,3425.0,220.8,60.0,1180.0,11.912000000000004,6.23,57.0,60.75,7.6,125.2,0.6258,0.0,6.3,36.9,27.6,29.0,52.5,6.441,246.0,0.0,0.0,2.0,2024.0,9.0,11.0,5.0
107.35,48.35000000000001,4.9,0.0,0.0,0.0,5.385999999999999,3260.0,328.8,45.8,1821.6,12.242,6.452,80.95,91.4,11.7,121.4,0.7955,0.0,6.46,17.9,28.0,29.6,52.1,0.067,245.0,2.0,2.0,2.0,2024.0,9.0,11.0,30.0
102.8,48.16,8.6,0.0,0.0,0.0,5.674999999999999,3195.0,174.45,35.1,1194.0,9.476,6.631,13.5,37.8,4.2,56.15,0.2096999999999999,0.0,6.43,23.5,28.4,30.0,54.3,0.565,252.0,0.0,2.0,0.0,2024.0,9.0,11.0,3.0
70.25,50.6,10.1,0.0,0.0,0.0,5.531499999999999,3940.0,229.4,59.95,1688.0,11.95,6.62,77.7,130.2,10.6,174.8,0.7242000000000001,0.0,6.47,26.5,28.4,30.4,52.5,0.006,257.0,0.0,1.0,2.0,2024.0,9.0,11.0,7.0
110.6,52.7,12.4,0.0,0.0,0.0,5.58,3225.0,155.9,45.8,955.0,9.924999999999995,5.975,28.8,89.35,5.5,46.3,0.493,0.0,6.41,19.2,28.8,30.2,53.6,0.008,897.0,2.0,2.0,0.0,2024.0,9.0,11.0,21.0
80.35,48.5,5.9,0.0,0.0,0.0,5.891,3040.0,381.5,43.0,2035.0,10.669,6.404999999999999,49.95,85.3,6.5,315.5,0.5054,0.0,6.65,19.4,28.8,30.3,51.3,0.008,259.0,2.0,0.0,2.0,2024.0,9.0,11.0,23.0
159.3,57.39,16.6,0.0,0.0,0.0,5.444999999999999,3330.0,91.5,44.0,1660.0,11.111999999999998,6.631000000000002,17.45,27.95,3.25,19.9,0.1814,0.0,6.45,16.3,27.6,29.4,52.4,0.027,270.0,2.0,1.0,0.0,2024.0,9.0,11.0,20.0
146.15,51.94,14.6,0.0,0.0,0.0,5.507,3470.0,176.7,42.6,2340.0,10.7,6.390000000000001,60.75,57.05,6.85,128.8,0.3975999999999999,0.0,9.0,29.6,27.2,28.7,52.9,3.663,282.0,0.0,1.0,1.0,2024.0,9.0,11.0,6.0
97.0,49.67,11.6,0.0,0.0,0.0,5.6000000000000005,3320.0,138.1,39.2,1916.0,9.6765,6.909999999999999,285.3999999999951,113.8,19.95,185.5,0.8637,0.0,6.26,17.6,27.2,28.5,56.1,0.554,289.0,1.0,2.0,1.0,2024.0,9.0,11.0,17.0
79.05,47.64,9.0,0.0,0.0,0.0,5.519999999999999,3315.0,300.5,42.55,1830.0,11.375,6.434,68.6,157.0,8.5,233.4,0.8471,0.0,6.2,16.8,27.1,28.1,57.5,0.205,243.0,2.0,1.0,2.0,2024.0,9.0,11.0,25.0
167.7,53.38000000000001,18.9,0.0,0.0,0.0,5.531,3650.0,197.3,58.9,1426.0,11.519000000000002,6.909999999999999,10.9,16.5,2.6,40.05,0.1061,0.0,6.2,24.7,28.0,28.3,58.7,0.101,304.0,1.0,1.0,1.0,2024.0,9.0,11.0,29.0
108.6,47.64,16.8,0.0,0.0,0.0,5.438,3270.0,202.26666666666668,43.5,1492.0,10.284,6.87,142.4,92.0,8.6,238.95,0.6810000000000002,0.0,6.23,15.6,28.8,28.2,61.4,0.531,847.0,0.0,1.0,0.0,2024.0,9.0,11.0,2.0
92.0,47.92,7.7,0.0,0.0,0.0,5.742,3180.0,159.1,39.1,2370.0,10.201,6.720999999999999,16.85,77.45,3.9,61.2,0.311,0.0,6.26,21.4,29.2,27.9,62.0,0.135,343.0,2.0,0.0,0.0,2024.0,9.0,11.0,19.0
78.3,47.190000000000005,9.1,0.0,0.0,0.0,5.707000000000001,3435.0,474.0,42.4,1878.0,11.18,6.534000000000001,210.9,81.5,9.65,142.65,1.9676999999999976,0.0,6.33,20.4,27.2,28.5,56.5,2.224,261.0,0.0,2.0,1.0,2024.0,9.0,11.0,8.0
133.6,55.7,17.9,0.0,0.0,0.0,5.473000000000001,3240.0,324.3,58.3,1080.0,11.634999999999998,6.287999999999999,58.65,41.3,5.8,50.8,0.4286,0.0,6.19,14.8,27.2,28.5,55.2,0.39,176.0,1.0,1.0,1.0,2024.0,9.0,11.0,15.0
73.4,53.82000000000001,10.9,0.0,0.0,0.0,5.599000000000001,3095.0,288.05,47.6,2030.0,9.316999999999998,6.564,84.75,78.6,14.8,153.7,0.6578,0.0,6.05,10.7,28.8,29.2,52.9,0.112,276.0,2.0,1.0,1.0,2024.0,9.0,11.0,24.0
73.4,51.64,10.0,0.0,0.0,0.0,5.539000000000001,3070.0,334.15,47.0,1689.8,11.207,6.734999999999999,61.25,55.6,13.95,139.4,0.5932999999999999,0.0,6.35,12.7,28.4,29.5,51.4,0.256,273.0,2.0,1.0,1.0,2024.0,9.0,11.0,24.0
127.4,52.13,23.4,0.0,0.0,0.0,5.4145,3295.0,516.0,55.75,1389.4,11.984,7.1,45.15,45.6,5.2,73.5,0.3215999999999999,0.0,6.4,23.0,28.4,29.7,52.6,2.035,304.0,1.0,1.0,0.0,2024.0,9.0,11.0,11.0
59.1,47.31,12.3,0.0,0.0,0.0,5.755000000000001,3020.0,457.4,41.25,2190.0,11.081,6.789999999999999,85.39999999999998,77.0,13.434,221.134,0.8573999999999999,0.0,6.36,16.9,28.4,30.0,54.0,0.207,829.0,2.0,2.0,2.0,2024.0,9.0,11.0,27.0
59.7,47.370000000000005,13.7,0.0,0.0,0.0,5.944,3480.0,225.0,53.65,1760.0,12.140999999999998,6.74,47.5,60.0,5.3,90.6,0.5119,0.0,6.47,19.2,29.6,30.4,50.2,0.576,691.0,0.0,0.0,1.0,2024.0,9.0,11.0,4.0
173.0,55.2,18.0,0.0,0.0,0.0,5.2,3400.0,430.0,71.0,1800.0,14.52,6.6,10.0,42.0,3.0,31.0,0.182,0.0,6.293999999999999,28.140000000000004,23.64,24.95,66.24,0.2068,484.5,1.0,1.0,1.0,2024.0,9.0,17.0,15.0
172.0,58.8,5.0,0.0,0.0,0.0,5.3,3100.0,490.0,58.0,1300.0,12.8,7.0,18.0,54.0,7.0,20.0,0.276,0.0,6.931,25.8,26.05,26.28,65.38999999999999,0.1376,506.8,2.0,2.0,0.0,2024.0,9.0,17.0,21.0
168.0,63.4,13.0,0.0,0.0,0.0,5.5,3100.0,330.0,58.0,2100.0,12.08,6.5,19.0,22.0,3.0,13.0,0.231,0.0,6.454000000000001,28.72,27.04,27.64,60.99000000000001,0.3718,343.0,0.0,2.0,2.0,2024.0,9.0,17.0,9.0
174.0,66.4,15.0,0.0,0.0,0.0,5.6,2800.0,99.0,38.0,2800.0,9.51,6.4,6.0,8.0,2.0,7.0,0.064,0.0,6.821000000000001,14.43,27.01,27.96,63.01000000000001,0.0973,375.5,1.0,0.0,1.0,2024.0,9.0,17.0,13.0
172.0,58.9,13.0,0.0,0.0,0.0,5.6,3100.0,220.0,47.0,1600.0,10.91,6.8,4.0,9.0,0.5,8.0,0.055,0.0,6.43,16.35,24.3,24.73,72.10999999999999,0.2821,323.5,2.0,2.0,1.0,2024.0,9.0,17.0,26.0
168.0,55.5,16.0,0.0,0.0,0.0,5.6,3000.0,320.0,43.0,2000.0,10.94,7.0,31.0,21.0,7.0,33.0,0.238,0.0,6.537999999999999,18.5,26.95,26.82,62.760000000000005,0.1820999999999999,627.5,1.0,1.0,2.0,2024.0,9.0,17.0,16.0
158.0,58.0,10.0,0.0,0.0,0.0,5.5,2800.0,230.0,48.0,2800.0,10.46,5.8,9.0,67.0,5.0,17.0,0.322,0.0,7.558,19.04,25.880000000000003,27.660000000000004,60.06,0.0718999999999999,291.7,1.0,0.0,0.0,2024.0,9.0,17.0,10.0
162.0,62.9,19.0,0.0,0.0,0.0,5.6,2600.0,260.0,43.0,810.0,10.39,6.9,12.0,14.0,3.0,17.0,0.113,0.0,6.432,24.19,26.51,27.46,63.46,0.0943,234.7,2.0,0.0,1.0,2024.0,9.0,17.0,22.0
181.0,65.4,21.0,0.0,0.0,0.0,5.7,2700.0,330.0,44.0,1700.0,10.36,6.4,15.0,33.0,3.0,29.0,0.205,0.0,6.305,28.91,25.72,25.890000000000004,67.25999999999999,0.1435,528.4,1.0,2.0,0.0,2024.0,9.0,17.0,12.0
179.0,54.4,16.0,0.0,0.0,0.0,5.6,2800.0,270.0,45.0,1900.0,9.98,6.4,31.0,150.0,5.0,110.0,0.713,0.0,6.453999999999999,30.07,27.9,29.6,52.77,0.178,632.8,0.0,0.0,0.0,2024.0,9.0,17.0,28.0
183.0,56.6,17.0,0.0,0.0,0.0,5.5,3300.0,120.0,44.0,2500.0,10.64,7.2,21.0,36.0,3.0,27.0,0.233,0.0,6.502000000000001,25.93,26.65,26.74,62.94,0.1738,433.8,0.0,0.0,0.0,2024.0,9.0,17.0,1.0
166.0,55.7,6.0,0.0,0.0,0.0,5.6,2900.0,120.0,45.0,1900.0,9.65,7.3,15.0,24.0,2.0,13.0,0.157,0.0,6.497999999999999,31.74,24.340000000000003,25.020000000000003,69.70000000000002,0.3113,283.1,1.0,0.0,2.0,2024.0,9.0,17.0,14.0
177.0,68.7,15.0,0.0,0.0,0.0,5.4,3900.0,600.0,76.0,2000.0,14.92,5.9,63.0,83.0,5.0,120.0,0.576,0.0,6.378,31.57,29.070000000000004,30.410000000000004,53.85,0.9816000000000004,678.3,0.0,0.0,2.0,2024.0,9.0,17.0,5.0
178.0,62.7,14.0,0.0,0.0,0.0,5.3,3100.0,680.0,72.0,1800.0,13.8,6.6,83.0,150.0,21.0,68.0,1.007,0.0,6.496,27.68,24.3,25.18,68.15,0.3189999999999999,264.8,2.0,2.0,2.0,2024.0,9.0,17.0,30.0
163.0,67.8,16.0,0.0,0.0,0.0,5.3,2800.0,720.0,58.0,1100.0,12.31,7.1,10.0,27.0,3.0,25.0,0.136,0.0,6.455000000000001,30.8,25.26,26.12,67.34,0.1823999999999999,360.3,0.0,2.0,0.0,2024.0,9.0,17.0,3.0
174.0,53.3,21.0,0.0,0.0,0.0,5.6,3000.0,55.0,49.0,2800.0,9.75,7.4,6.0,21.0,2.0,10.0,0.102,0.0,6.728999999999999,33.73,23.96,24.07,77.47000000000001,0.1645,285.7,0.0,1.0,2.0,2024.0,9.0,17.0,7.0
176.0,56.8,13.0,0.0,0.0,0.0,5.4,3000.0,160.0,50.0,1800.0,10.72,6.6,89.0,190.0,28.0,190.0,1.114,0.0,6.871,20.79,25.26,26.1,64.09,0.4025,512.0,2.0,2.0,0.0,2024.0,9.0,17.0,21.0
171.0,55.2,16.0,0.0,0.0,0.0,5.6,3000.0,210.0,51.0,1700.0,9.53,5.9,41.0,46.0,4.0,41.0,0.375,0.0,6.424,26.94,28.140000000000004,28.36,54.7,0.093,522.5,2.0,0.0,2.0,2024.0,9.0,17.0,23.0
169.0,60.0,13.0,0.0,0.0,0.0,5.3,3000.0,690.0,59.0,2600.0,14.02,6.4,17.0,31.0,2.0,28.0,0.181,0.0,6.63,18.04,25.84,26.73,64.14999999999999,0.0982,300.4,2.0,1.0,0.0,2024.0,9.0,17.0,20.0
163.0,51.4,15.0,0.0,0.0,0.0,5.4,3000.0,170.0,54.0,2100.0,11.32,6.2,29.0,35.0,3.0,39.0,0.297,0.0,6.658,21.51,26.1,26.35,62.970000000000006,0.3999,305.2,1.0,2.0,2.0,2024.0,9.0,17.0,18.0
174.0,54.4,15.0,0.0,0.0,0.0,5.4,2900.0,140.0,41.0,1800.0,9.41,6.1,57.0,42.0,4.0,83.0,0.518,0.0,6.942000000000002,27.84,24.38,24.22,70.6,0.3212,198.1,0.0,1.0,1.0,2024.0,9.0,17.0,6.0
148.0,54.5,18.0,0.0,0.0,0.0,5.4,2600.0,350.0,43.0,910.0,8.67,5.9,34.0,85.0,4.0,91.0,0.467,0.0,6.353000000000001,25.33,27.93,28.910000000000004,56.42,0.127,424.3,1.0,2.0,1.0,2024.0,9.0,17.0,17.0
168.0,54.6,16.0,0.0,0.0,0.0,5.4,3100.0,360.0,43.0,2400.0,11.54,5.7,95.0,190.0,8.0,290.0,1.238,0.0,6.399,22.35,25.880000000000003,26.28,66.28,0.6679000000000002,294.0,2.0,1.0,2.0,2024.0,9.0,17.0,25.0
166.0,63.6,14.0,0.0,0.0,0.0,5.3,3300.0,270.0,45.0,2900.0,11.95,6.4,15.0,91.0,3.0,57.0,0.369,0.0,7.535999999999999,22.2,25.2,25.91,65.35000000000001,0.3999,189.7,1.0,1.0,1.0,2024.0,9.0,17.0,29.0
162.0,54.3,20.0,0.0,0.0,0.0,5.4,3100.0,540.0,55.0,2400.0,12.59,6.1,10.0,27.0,3.0,19.0,0.145,0.0,6.537000000000001,30.94,24.98,26.2,65.25000000000001,0.2317,223.0,0.0,1.0,0.0,2024.0,9.0,17.0,2.0
147.0,59.3,14.0,0.0,0.0,0.0,5.4,3200.0,210.0,50.0,3300.0,10.61,6.8,56.0,79.0,5.0,80.0,0.544,0.0,6.327,22.33,29.58,29.09,50.81,0.9405,525.6,2.0,0.0,0.0,2024.0,9.0,17.0,19.0
159.0,54.1,20.0,0.0,0.0,0.0,5.5,3000.0,250.0,46.0,2000.0,9.86,7.2,12.0,37.0,3.0,26.0,0.179,0.0,6.629,17.880000000000003,25.080000000000005,26.279999999999998,65.92,0.2464,250.4,0.0,2.0,1.0,2024.0,9.0,17.0,8.0
179.0,56.2,24.0,0.0,0.0,0.0,5.4,2900.0,500.0,54.0,1400.0,11.99,7.1,34.0,43.0,5.0,52.0,0.31,0.0,6.36,28.51,23.93,23.630000000000003,77.98,0.1375,208.6,1.0,1.0,1.0,2024.0,9.0,17.0,15.0
170.0,55.2,15.0,0.0,0.0,0.0,5.3,3200.0,360.0,55.0,2000.0,12.7,5.7,110.0,250.0,25.0,500.0,1.391,0.0,6.727000000000001,20.11,25.340000000000003,26.01,67.08,0.594,451.5,2.0,1.0,1.0,2024.0,9.0,17.0,24.0
162.0,56.7,16.0,0.0,0.0,0.0,5.3,2500.0,230.0,36.0,2700.0,10.66,6.6,280.0,340.0,66.0,840.0,2.66,0.0,6.2,19.9,25.450000000000003,25.630000000000003,67.53999999999999,0.6965,320.9,2.0,1.0,1.0,2024.0,9.0,17.0,24.0
176.0,57.6,19.0,0.0,0.0,0.0,5.2,3200.0,830.0,58.0,2400.0,14.63,7.1,49.0,60.0,10.0,81.0,0.426,0.0,6.432,21.16,23.65,23.39,70.59,0.2864999999999999,264.8,1.0,1.0,0.0,2024.0,9.0,17.0,11.0
162.0,53.7,17.0,0.0,0.0,0.0,5.1,3000.0,950.0,66.0,1900.0,14.89,7.1,73.0,73.0,14.0,120.0,0.595,0.0,5.9325,22.71,24.610000000000003,26.140000000000004,68.10999999999999,0.3912,368.3,2.0,2.0,2.0,2024.0,9.0,17.0,27.0
161.0,57.9,16.0,0.0,0.0,0.0,5.4,2900.0,440.0,42.0,1700.0,11.35,7.0,22.0,48.0,3.0,25.0,0.277,0.0,6.098000000000001,35.15,22.419999999999995,23.630000000000003,73.54999999999998,0.1841,164.3,0.0,0.0,1.0,2024.0,9.0,17.0,4.0
195.0,56.6,22.0,0.0,0.0,0.0,5.7,3400.0,67.0,50.0,2900.0,10.31,5.3,34.0,11.0,2.0,27.0,0.155,0.0,6.27,25.7,23.5,23.0,82.6,0.138,245.0,2.0,2.0,2.0,2024.0,9.0,25.0,27.0
192.0,59.4,22.0,0.0,0.0,0.0,5.6,3700.0,130.0,56.0,1600.0,9.57,6.0,91.0,31.0,4.0,100.0,0.413,0.0,6.31,21.8,24.5,26.0,69.7,0.355,533.0,2.0,1.0,1.0,2024.0,9.0,25.0,24.0
182.0,62.7,17.0,0.0,0.0,0.0,6.7,3500.0,140.0,58.0,1700.0,10.45,6.9,48.0,14.0,3.0,41.0,0.207,0.0,6.48,20.0,26.4,26.7,71.7,0.532,206.0,0.0,0.0,1.0,2024.0,9.0,25.0,4.0
182.0,61.2,19.0,0.0,0.0,0.0,5.3,3500.0,510.0,59.0,1300.0,11.89,6.1,26.0,18.0,3.0,44.0,0.156,0.0,6.27,32.9,26.5,26.8,62.5,0.211,286.0,1.0,1.0,1.0,2024.0,9.0,25.0,15.0
179.0,63.9,20.0,0.0,0.0,0.0,5.381500000000001,3190.0,299.2,45.5,1139.0,11.581999999999995,6.36,72.0,57.0,5.0,130.0,0.424,0.0,6.421999999999999,28.809999999999995,23.93,23.76,78.41,0.3026,160.6,1.0,1.0,1.0,2024.0,9.0,25.0,15.0
195.0,57.8,19.0,0.0,0.0,0.0,5.6,3200.0,130.0,49.0,2200.0,10.11,6.1,41.0,110.0,8.0,97.0,0.443,0.0,6.34,34.6,25.3,27.3,68.0,0.309,593.0,0.0,2.0,2.0,2024.0,9.0,25.0,9.0
193.0,64.0,20.0,0.0,0.0,0.0,5.5,3500.0,190.0,59.0,2200.0,10.34,6.7,180.0,43.0,11.0,230.0,0.42,0.0,6.47,20.5,26.5,28.2,61.2,0.261,531.0,1.0,0.0,1.0,2024.0,9.0,25.0,13.0
206.0,59.7,18.0,0.0,0.0,0.0,5.6,3100.0,88.0,45.0,2000.0,9.27,6.5,45.0,82.0,6.0,43.0,0.407,0.0,6.5,28.3,26.9,28.1,61.6,0.18,199.0,2.0,0.0,1.0,2024.0,9.0,25.0,22.0
209.0,55.3,19.0,0.0,0.0,0.0,5.4,3200.0,390.0,49.0,1800.0,10.91,6.3,37.0,24.0,3.0,35.0,0.207,0.0,6.44,25.6,25.3,26.6,61.3,0.37,245.0,1.0,0.0,0.0,2024.0,9.0,25.0,10.0
199.0,56.3,16.0,0.0,0.0,0.0,5.5,3100.0,566.0,54.0,960.0,11.45,7.0,19.0,20.0,3.0,21.0,0.118,0.0,6.52,27.4,25.3,27.0,63.6,0.118,241.0,0.0,0.0,0.0,2024.0,9.0,25.0,28.0
183.0,51.8,16.0,0.0,0.0,0.0,5.7,3400.0,140.0,47.0,1900.0,9.0,7.0,41.0,8.0,3.0,38.0,0.178,0.0,6.4,30.6,26.1,27.4,62.5,0.188,228.0,1.0,2.0,0.0,2024.0,9.0,25.0,12.0
175.0,45.7,21.0,0.0,0.0,0.0,5.4,3600.0,590.0,80.0,1400.0,13.03,7.3,82.0,55.0,19.0,110.0,0.487,0.0,6.55,19.1,26.1,27.7,65.9,0.355,658.0,2.0,2.0,1.0,2024.0,9.0,25.0,26.0
177.0,62.4,19.0,0.0,0.0,0.0,5.6,3500.0,92.0,50.0,2900.0,10.27,6.4,73.0,7.0,3.0,70.0,0.302,0.0,6.41,26.1,25.7,26.9,70.0,0.332,476.0,1.0,1.0,2.0,2024.0,9.0,25.0,16.0
184.0,55.8,11.0,0.0,0.0,0.0,5.5,3300.0,130.0,53.0,2100.0,9.52,6.5,15.0,21.0,3.0,31.0,0.118,0.0,6.34,19.2,24.5,25.6,68.3,0.322,279.0,0.0,0.0,0.0,2024.0,9.0,25.0,1.0
198.0,56.6,19.0,0.0,0.0,0.0,5.6,3800.0,98.0,50.0,2400.0,10.42,6.5,110.0,45.0,7.0,130.0,0.518,0.0,6.4,17.7,24.9,25.5,66.8,0.578,245.0,1.0,0.0,2.0,2024.0,9.0,25.0,14.0
183.0,54.9,20.0,0.0,0.0,0.0,5.7,4100.0,140.0,77.0,2800.0,11.27,6.6,24.0,42.0,3.0,85.0,0.219,0.0,6.54,24.7,24.9,25.4,65.2,0.28,257.0,0.0,1.0,2.0,2024.0,9.0,25.0,7.0
204.0,57.9,20.0,0.0,0.0,0.0,5.5,3400.0,160.0,56.0,1300.0,9.67,5.5,21.0,12.0,3.0,28.0,0.121,0.0,6.42,35.2,24.9,26.0,67.3,0.136,257.0,0.0,2.0,0.0,2024.0,9.0,25.0,3.0
204.0,56.8,17.0,0.0,0.0,0.0,5.4,3500.0,380.0,62.0,2900.0,12.27,5.9,260.0,260.0,15.0,370.0,1.675,0.0,6.53,28.8,25.3,25.7,64.6,0.396,235.0,2.0,0.0,2.0,2024.0,9.0,25.0,23.0
190.0,61.4,20.0,0.0,0.0,0.0,5.6,2800.0,81.0,42.0,700.0,8.05,6.1,18.0,33.0,6.0,35.0,0.172,0.0,6.58,26.5,24.9,25.8,64.6,0.073,235.0,2.0,2.0,0.0,2024.0,9.0,25.0,21.0
190.0,58.9,21.0,0.0,0.0,0.0,5.526999999999999,3045.0,76.8,49.1,477.0,9.5065,6.45,9.0,42.0,5.0,30.0,0.163,0.0,6.6,30.6,24.9,25.4,69.6,0.116,245.0,2.0,2.0,0.0,2024.0,9.0,25.0,21.0
168.0,56.8,10.0,0.0,0.0,0.0,5.7,3500.0,96.0,47.0,2200.0,9.54,6.9,120.0,54.0,8.0,200.0,0.643,0.0,6.46,27.5,24.9,25.5,66.8,0.573,265.0,0.0,0.0,2.0,2024.0,9.0,25.0,5.0
173.0,57.9,16.0,0.0,0.0,0.0,5.6,3600.0,290.0,66.0,1100.0,10.66,5.9,18.0,17.0,3.0,29.0,0.121,0.0,6.37,28.3,24.5,25.9,69.0,0.207,384.0,2.0,2.0,2.0,2024.0,9.0,25.0,30.0
185.0,60.2,18.0,0.0,0.0,0.0,5.5,3000.0,220.0,59.0,1200.0,9.85,5.7,39.0,38.0,3.0,75.0,0.235,0.0,6.4,22.1,24.9,26.6,67.5,0.528,238.0,2.0,1.0,0.0,2024.0,9.0,25.0,20.0
201.0,61.0,24.0,0.0,0.0,0.0,5.5,3300.0,680.0,60.0,1100.0,12.15,5.6,130.0,14.0,3.0,150.0,0.536,0.0,6.36,16.2,24.9,26.5,62.5,1.058,155.0,1.0,2.0,2.0,2024.0,9.0,25.0,18.0
197.0,55.4,21.0,0.0,0.0,0.0,5.5,3000.0,390.0,78.0,1800.0,12.25,7.0,36.0,13.0,2.0,42.0,0.159,0.0,6.36,26.4,24.9,26.1,66.6,0.242,145.0,1.0,1.0,1.0,2024.0,9.0,25.0,29.0
199.0,50.0,15.0,0.0,0.0,0.0,5.4,3300.0,470.0,65.0,1300.0,11.7,6.4,110.0,40.0,6.0,210.0,0.5,0.0,6.38,21.8,24.9,25.7,65.6,0.914,803.0,2.0,1.0,2.0,2024.0,9.0,25.0,25.0
201.0,55.7,18.0,0.0,0.0,0.0,5.5,3200.0,360.0,57.0,1800.0,10.31,6.4,21.0,6.0,2.0,25.0,0.098,0.0,6.36,23.3,24.9,25.8,68.4,0.544,247.0,2.0,0.0,0.0,2024.0,9.0,25.0,19.0
191.0,53.4,12.0,0.0,0.0,0.0,5.6,3400.0,230.0,63.0,1800.0,10.05,5.7,150.0,96.0,6.0,260.0,0.778,0.0,6.36,24.1,25.3,26.3,63.9,0.299,130.0,0.0,1.0,0.0,2024.0,9.0,25.0,2.0
198.0,60.3,21.0,0.0,0.0,0.0,5.6,3400.0,170.0,46.0,1300.0,9.73,6.2,31.0,10.0,2.0,47.0,0.137,0.0,6.45,30.5,24.9,26.4,66.5,0.383,154.0,0.0,1.0,1.0,2024.0,9.0,25.0,6.0
190.0,53.7,17.0,0.0,0.0,0.0,5.6,3500.0,61.0,41.0,1900.0,8.1,5.8,49.0,28.0,3.0,94.0,0.249,0.0,6.46,24.4,24.9,26.3,70.4,0.216,597.0,1.0,2.0,1.0,2024.0,9.0,25.0,17.0
185.0,58.2,17.0,0.0,0.0,0.0,5.45,3400.0,120.0,52.0,2200.0,9.32,6.9,17.0,7.0,2.0,19.0,0.09,0.0,6.71,26.8,25.7,27.2,62.2,0.3,269.0,1.0,1.0,0.0,2024.0,9.0,25.0,11.0
189.0,54.6,17.0,0.0,0.0,0.0,5.6,3300.0,130.0,45.0,1600.0,9.47,6.1,100.0,21.0,4.0,94.0,0.534,0.0,6.39,20.4,25.3,27.7,62.4,0.582,166.0,0.0,2.0,1.0,2024.0,9.0,25.0,8.0
156.05,57.81,12.6,0.0,0.0,0.0,5.625,3420.0,221.0,49.1,1401.0,10.79,6.9300000000000015,34.6,43.9,8.267,125.06,0.2986,0.0,6.41,26.7,25.7,27.8,59.1,0.268,250.0,0.0,2.0,2.0,2024.0,9.0,25.0,9.0
69.5,45.03,23.7,0.0,0.0,0.0,5.57,3875.0,305.8,66.8,1534.0,11.9355,7.101999999999999,104.0,102.85,15.85,118.666,0.9131,0.0,6.54,32.5,25.7,26.8,67.5,0.257,844.0,1.0,0.0,1.0,2024.0,9.0,25.0,13.0
97.45,46.11000000000001,19.9,0.0,0.0,0.0,5.449999999999999,3685.0,281.6,56.4,1048.4,12.8085,7.442000000000002,52.0,42.7,21.35,87.4,0.3442,0.0,6.52,25.5,25.3,26.2,72.4,0.292,725.0,2.0,2.0,1.0,2024.0,9.0,25.0,26.0
105.0,47.16,15.0,0.0,0.0,0.0,5.759,3310.0,136.5,42.5,1856.0,10.486999999999998,6.964,17.7,29.5,3.0,32.1,0.1106,0.0,6.5,26.8,26.1,27.7,60.6,0.267,805.0,1.0,1.0,2.0,2024.0,9.0,25.0,16.0
194.4,57.33,19.0,0.0,0.0,0.0,5.381500000000001,3405.0,221.0,43.05,1298.0,9.462,6.726999999999999,32.05,90.5,5.2,55.65,0.2584,0.0,6.66,25.6,25.3,27.5,62.2,0.292,175.0,1.0,0.0,0.0,2024.0,9.0,25.0,10.0
63.7,54.56999999999999,15.5,0.0,0.0,0.0,5.555000000000001,3390.0,355.5,44.4,1739.0,11.902,7.0760000000000005,52.3,86.86666666666667,14.15,47.8,0.5723,0.0,6.59,26.3,25.7,27.4,67.0,0.245,252.0,2.0,0.0,1.0,2024.0,9.0,25.0,22.0
86.75,49.03,8.7,0.0,0.0,0.0,5.4945,3420.0,282.4,50.15,998.0,11.616,6.658,29.3,80.7,3.3,45.6,0.1591,0.0,6.36,24.6,25.9,29.3,54.2,0.181,278.0,0.0,1.0,2.0,2024.0,9.0,25.0,7.0
208.0,58.7,23.0,0.0,0.0,0.0,5.307,3255.0,241.05,50.8,2395.0,11.408,6.41,250.0,160.0,15.0,400.0,1.349,0.0,6.516,21.54,25.080000000000005,26.07,67.72999999999999,0.6253,489.0,2.0,1.0,1.0,2024.0,9.0,25.0,24.0
176.5,56.78,17.6,0.0,0.0,0.0,5.699,3745.0,373.0,48.95,773.0,10.8025,6.861,10.6,19.3,5.65,21.3,0.1207999999999999,0.0,6.285,26.22,23.62,24.91,68.45,0.0697,118.7,2.0,2.0,2.0,2024.0,10.0,2.0,27.0
170.6,56.63,17.0,0.0,0.0,0.0,5.709,3745.0,427.0,48.75,552.0,10.93,6.792,6.0,14.2,4.9,22.9,0.106,0.0,6.37,27.7,23.8,25.2,67.2,0.111,90.0,2.0,2.0,2.0,2024.0,10.0,2.0,27.0
176.5,56.78,17.6,0.0,0.0,0.0,5.699,3745.0,373.0,48.95,773.0,10.8025,6.861,10.6,19.3,5.65,21.3,0.1207999999999999,0.0,6.285,26.22,23.62,24.91,68.45,0.0697,118.7,2.0,2.0,2.0,2024.0,10.0,2.0,27.0
192.8,56.17,19.5,1.0,0.1455,68.0,5.447,3125.0,250.1,43.15,511.6,10.181500000000002,6.687,40.15,32.8,3.5,13.0,0.1902,63.66182836771072,6.5,30.68,25.47,26.17,70.34000000000002,0.1596,240.1,2.0,1.0,1.0,2024.0,10.0,2.0,24.0
85.3,53.290000000000006,8.5,2.1,0.3343,61.27,5.906000000000001,3380.0,338.8,46.0,304.8,9.5755,6.726000000000001,38.75,31.0,3.5,22.4,0.1834999999999999,64.61675579322639,6.58,28.3,23.8,24.5,73.1,0.13,70.0,2.0,1.0,1.0,2024.0,10.0,2.0,24.0
200.0,57.96,21.7,2.0,0.2785,71.8,5.407,3415.0,235.5,46.55,1418.0,10.0005,6.780999999999999,82.95,39.2,7.45,97.5,0.4772999999999999,62.547746371275785,6.571,24.680000000000003,25.430000000000003,26.059999999999995,67.77000000000001,0.2014,232.3,2.0,1.0,1.0,2024.0,10.0,2.0,24.0
165.8,59.15999999999999,16.8,2.0,0.2772,69.0,5.568,3300.0,206.6,50.8,636.0,10.1465,6.644,35.766666666666666,68.2,14.95,86.1,0.3726,63.184364654952894,6.72,22.1,23.8,24.3,72.5,0.204,76.0,0.0,0.0,1.0,2024.0,10.0,2.0,4.0
170.0,59.19000000000001,16.4,2.0,0.288,71.25,5.603999999999999,3300.0,206.6,49.95,604.0,10.2415,6.68,36.266666666666666,77.7,14.95,86.1,0.3934,63.184364654952894,6.640000000000001,24.35,23.830000000000005,24.12,74.28,0.1189,169.6,0.0,0.0,1.0,2024.0,10.0,2.0,4.0
170.55,61.3,24.0,2.0,0.2175,64.5,5.393,3100.0,366.3,44.4,1334.0,11.129,7.109999999999999,62.0,60.0,4.65,103.85,0.4759,112.99974535268652,6.539,25.74,23.410000000000004,23.59,79.13000000000001,0.1982,164.5,1.0,1.0,1.0,2024.0,10.0,2.0,15.0
186.9,62.99,21.9,0.0,0.0,0.0,5.4245,3030.0,324.2,43.8,861.0,10.5165,6.982000000000001,47.35,38.7,3.2,26.9,0.2887,0.0,6.52,25.7,23.8,24.1,73.7,0.07,82.0,1.0,1.0,1.0,2024.0,10.0,2.0,15.0
189.8,57.7,21.5,0.0,0.0,0.0,5.364499999999999,2800.0,336.6,45.3,536.0,9.864,6.8,12.0,6.0,0.5,6.0,0.065,0.0,6.8,34.879999999999995,23.27,23.620000000000005,76.49000000000001,0.1206,202.3,1.0,1.0,1.0,2024.0,10.0,2.0,15.0
191.55,57.69000000000001,17.0,0.0,0.0,0.0,5.6515,2895.0,137.8,47.3,969.0,10.361999999999998,6.9430000000000005,16.75,19.9,3.1670000000000003,23.2,0.1333,0.0,6.404000000000001,31.9,26.22,26.31,65.63,0.0970999999999999,367.6,0.0,2.0,2.0,2024.0,10.0,2.0,9.0
197.05,59.33999999999999,17.8,0.0,0.0,0.0,5.6865000000000006,2870.0,182.8,48.2,582.0,10.3995,7.043000000000001,21.95,17.8,2.8,22.1,0.1257,0.0,6.52,32.0,23.8,24.2,72.3,0.069,70.0,0.0,2.0,2.0,2024.0,10.0,2.0,9.0
191.55,57.69000000000001,17.0,0.0,0.0,0.0,5.6515,2895.0,137.8,47.3,969.0,10.361999999999998,6.9430000000000005,16.75,19.9,3.1670000000000003,23.2,0.1333,0.0,6.404000000000001,31.9,26.22,26.31,65.63,0.0970999999999999,367.6,0.0,2.0,2.0,2024.0,10.0,2.0,9.0
179.5,58.96,13.0,0.0,0.0,0.0,5.5845,3380.0,189.1,65.5,714.0,10.605,6.51,61.9,65.9,6.9,24.8,0.5715999999999999,0.0,6.597,19.13,26.61,26.559999999999995,65.03,0.2289,622.8,1.0,0.0,1.0,2024.0,10.0,2.0,13.0
189.5,58.38,21.3,0.0,0.0,0.0,5.507499999999999,3125.0,427.9,54.25,516.5,10.3975,6.950999999999999,64.0,82.8,6.7,27.8,0.6409,0.0,6.6,25.2,23.8,24.3,74.1,0.086,75.0,1.0,0.0,1.0,2024.0,10.0,2.0,13.0
179.5,58.96,13.0,0.0,0.0,0.0,5.5845,3380.0,189.1,65.5,714.0,10.605,6.51,61.9,65.9,6.9,24.8,0.5715999999999999,0.0,6.597,19.13,26.61,26.559999999999995,65.03,0.2289,622.8,1.0,0.0,1.0,2024.0,10.0,2.0,13.0
123.7,53.69999999999999,13.4,2.0,0.254,74.0,5.414,3505.0,324.5,46.1,759.0,11.587,6.742999999999999,45.5,64.06666666666668,6.55,30.45,0.3972999999999999,57.77310924369748,6.419,26.93,26.610000000000003,27.57,63.84,0.096,420.9,2.0,0.0,1.0,2024.0,10.0,2.0,22.0
151.9,59.870000000000005,22.1,4.0,0.618,71.0,5.565,3280.0,298.0,45.0,675.0,11.1195,6.927000000000001,44.5,66.91666666666667,4.95,27.45,0.3449999999999999,65.25337407690348,6.5,25.0,23.8,24.6,72.6,0.082,76.0,2.0,0.0,1.0,2024.0,10.0,2.0,22.0
192.2,58.89,19.0,0.0,0.0,0.0,5.564000000000001,3330.0,220.7,52.9,736.0,10.0105,6.863000000000001,39.1,64.85,5.3,29.35,0.3852,0.0,6.511999999999999,30.8,26.05,26.450000000000006,66.15,0.0997,218.6,2.0,0.0,1.0,2024.0,10.0,2.0,22.0
162.7,56.36,17.9,0.0,0.0,0.0,5.562500000000001,3370.0,349.0,40.4,1260.0,10.738,6.8100000000000005,38.8,96.9,9.3,61.0,0.5189000000000001,0.0,6.529999999999999,24.11,25.9,26.68,64.28999999999999,0.2122,240.2,1.0,0.0,0.0,2024.0,10.0,2.0,10.0
192.1,56.010000000000005,24.3,0.0,0.0,0.0,5.542,3310.0,324.0,42.35,913.0,10.379,6.8340000000000005,39.7,65.9,4.4,44.05,0.2357,0.0,6.58,23.7,23.8,24.9,66.5,0.093,86.0,1.0,0.0,0.0,2024.0,10.0,2.0,10.0
98.6,50.11,14.2,1.0,0.1404,70.0,5.721500000000001,3120.0,440.0,37.65,1360.0,10.883,6.726000000000001,15.15,152.2,11.4,81.7,0.6684,63.34351922587217,6.386000000000001,27.97000000000001,27.25,27.53000000000001,63.56,0.1447999999999999,392.6,1.0,0.0,0.0,2024.0,10.0,2.0,10.0
116.6,55.31,9.8,1.0,0.1284,65.5,5.926,2680.0,269.8,32.0,928.0,8.520999999999999,6.651999999999999,17.6,39.4,2.5,23.6,0.166,62.38859180035651,6.456,33.14,28.59,29.940000000000005,54.15,0.0288,650.3,0.0,0.0,0.0,2024.0,10.0,2.0,28.0
112.55,53.96,20.0,2.0,0.3538,71.5,5.672,3240.0,122.4,43.7,701.9,9.312,6.784000000000001,10.0,19.4,2.4,25.5,0.1095,68.75477463712758,6.63,24.9,25.0,26.6,64.8,0.148,240.0,0.0,0.0,0.0,2024.0,10.0,2.0,28.0
208.2,55.92999999999999,17.7,0.0,0.0,0.0,5.726000000000001,3140.0,127.2,39.9,808.0,9.121999999999998,6.744,18.9,41.6,8.6,16.5,0.2999,0.0,6.715000000000001,28.55,27.02,27.85,60.63,0.0596,257.1,0.0,0.0,0.0,2024.0,10.0,2.0,28.0
202.3,56.750000000000014,12.5,0.0,0.0,0.0,5.595999999999999,3430.0,355.9,42.9,916.0,9.81,7.016000000000001,25.5,27.2,3.5,17.1,0.1759,0.0,6.470000000000001,24.44,25.2,25.98,66.63,0.1181,461.0,1.0,2.0,0.0,2024.0,10.0,2.0,12.0
181.4,56.11,16.9,1.0,0.0857,57.0,5.559,3380.0,321.9,42.9,779.0,9.779,7.0550000000000015,25.6,31.6,3.7,22.5,0.1419,54.11255411255412,6.53,24.3,25.4,26.7,63.9,0.135,265.0,1.0,2.0,0.0,2024.0,10.0,2.0,12.0
202.3,56.750000000000014,12.5,0.0,0.0,0.0,5.595999999999999,3430.0,355.9,42.9,916.0,9.81,7.016000000000001,25.5,27.2,3.5,17.1,0.1759,0.0,6.470000000000001,24.44,25.2,25.98,66.63,0.1181,461.0,1.0,2.0,0.0,2024.0,10.0,2.0,12.0
193.8,57.68000000000001,16.0,1.0,0.1189,67.5,5.585,3485.0,160.6,50.05,750.0,10.853,7.01,15.5,32.2,4.25,11.8,0.044,61.433664374840845,6.597,33.27,24.19,25.47,71.65,0.2922999999999999,229.8,2.0,2.0,1.0,2024.0,10.0,2.0,26.0
190.2,56.66,20.2,0.0,0.0,0.0,5.462000000000001,3810.0,199.3,51.65,1185.2,11.3635,7.352000000000001,25.9,25.55,3.3,27.8,0.2379,0.0,6.61,27.5,25.8,26.9,63.0,0.15,265.0,2.0,2.0,1.0,2024.0,10.0,2.0,26.0
177.9,57.55,15.2,1.0,0.1749,70.0,5.6770000000000005,3485.0,135.9,51.55,800.0,10.862,7.029999999999999,4.8,10.4,2.05,13.0,0.0445,69.70970206264325,6.412000000000001,33.08,24.11,25.46,71.8,0.1869,228.0,2.0,2.0,1.0,2024.0,10.0,2.0,26.0
122.0,45.77,6.7,0.0,0.0,0.0,5.863,3170.0,214.25,41.1,1155.9,9.337,6.813999999999998,44.433,104.3,10.45,107.5,0.5527,0.0,6.561,19.33,26.78,26.52,63.8,0.2432,297.8,1.0,1.0,2.0,2024.0,10.0,2.0,16.0
113.0,47.120000000000005,5.6,0.0,0.0,0.0,5.843,3200.0,214.25,40.7,1155.9,9.337,6.813999999999998,44.433,104.3,9.7,107.7,0.5075999999999999,0.0,6.57,18.7,25.8,26.9,58.5,0.26,298.0,1.0,1.0,2.0,2024.0,10.0,2.0,16.0
192.6,59.73,17.9,2.0,0.2508,65.5,5.582,3220.0,132.7,40.6,2038.9,10.160999999999998,6.776999999999999,27.7,25.8,3.8,25.9,0.2098,59.6829640947288,6.414999999999999,23.270000000000003,26.029999999999998,26.58,64.79,0.1626,521.9,1.0,1.0,2.0,2024.0,10.0,2.0,16.0
178.3,57.81999999999999,24.2,1.0,0.1597,76.0,5.4990000000000006,3710.0,241.0,56.85,259.4,11.611,7.126,30.0,29.9,3.25,33.95,0.2242999999999999,63.98013750954927,6.426,31.05,24.42,25.36,66.38000000000001,0.1373,208.8,0.0,0.0,0.0,2024.0,10.0,2.0,1.0
188.1,55.830000000000005,22.1,0.0,0.0,0.0,5.509,3950.0,399.0,58.65,510.4,10.726,6.904000000000001,36.6,60.6,5.5,37.2,0.36,0.0,6.67,18.0,24.3,26.3,69.2,0.071,247.0,0.0,0.0,0.0,2024.0,10.0,2.0,1.0
173.6,56.27,19.7,1.0,0.1012,66.5,5.492000000000001,3220.0,289.0,52.5,403.7,11.098,6.846000000000001,29.8,33.9,3.35,34.65,0.2589,54.43086325439267,6.431,31.17,25.87,27.410000000000004,63.45,0.1274999999999999,357.9,0.0,0.0,0.0,2024.0,10.0,2.0,1.0
80.9,47.42,11.5,2.0,0.2741,41.0,5.8565000000000005,3590.0,170.0,51.0,1081.0,11.108,6.626,88.05,71.85,8.05,81.1,0.7787,73.68856633562515,6.449000000000001,30.12,29.52,29.94,52.28000000000001,0.2986999999999999,619.6,1.0,0.0,2.0,2024.0,10.0,2.0,14.0
164.7,56.720000000000006,18.0,1.0,0.0411,71.5,5.7535,3550.0,202.1,47.25,1079.5,11.2245,6.568,81.15,67.25,8.1,56.9,0.7026000000000001,46.79144385026738,6.62,26.4,26.2,26.9,63.7,0.152,164.0,1.0,0.0,2.0,2024.0,10.0,2.0,14.0
175.1,55.470000000000006,12.8,0.0,0.0,0.0,5.79,3660.0,99.0,51.1,692.5,9.9045,6.579999999999998,78.5,73.1,8.8,80.3,0.5736999999999999,0.0,6.488000000000001,35.9,24.01,24.770000000000003,72.31,0.1606,382.9,1.0,0.0,2.0,2024.0,10.0,2.0,14.0
100.0,48.95,12.5,0.0,0.0,0.0,5.597,3570.0,212.6,51.4,945.0,11.375,6.679,40.0,92.1,8.0,103.05,0.3652,0.0,6.357,21.219999999999995,27.35,28.870000000000005,56.44000000000001,0.1925,213.1,0.0,1.0,2.0,2024.0,10.0,2.0,7.0
145.2,50.48,14.6,1.0,0.1001,54.0,5.577,3530.0,205.4,51.6,945.0,11.248,6.687,43.4,67.3,9.1,102.55,0.3876,60.47873694932519,6.52,22.7,25.8,26.9,62.7,0.167,156.0,0.0,1.0,2.0,2024.0,10.0,2.0,7.0
100.0,48.95,12.5,0.0,0.0,0.0,5.597,3570.0,212.6,51.4,945.0,11.375,6.679,40.0,92.1,8.0,103.05,0.3652,0.0,6.357,21.219999999999995,27.35,28.870000000000005,56.44000000000001,0.1925,213.1,0.0,1.0,2.0,2024.0,10.0,2.0,7.0
192.0,51.92999999999999,13.9,2.0,0.3214,75.25,5.578,3100.0,136.8,38.05,570.4,9.834,6.792,19.7,46.65,3.2,19.7,0.2222,67.48153806977336,6.414999999999999,28.94,25.09,25.86,65.75000000000001,0.1427999999999999,220.4,0.0,2.0,0.0,2024.0,10.0,2.0,3.0
186.4,52.8,17.5,0.0,0.0,0.0,5.534000000000001,3240.0,167.7,41.8,588.5,9.444,6.739999999999999,10.7,39.45,3.6,18.1,0.1832,0.0,6.43,26.0,24.6,25.9,65.1,0.153,94.0,0.0,2.0,0.0,2024.0,10.0,2.0,3.0
180.35,54.05999999999999,16.7,2.0,0.3919,71.75,5.605,3215.0,136.2,39.2,584.0,10.1835,6.18,12.8,40.35,2.7,39.3,0.1983,81.16883116883118,6.662999999999999,34.52,24.81,25.71,67.36,0.4986,212.9,0.0,2.0,0.0,2024.0,10.0,2.0,3.0
168.1,56.9,13.7,1.0,0.1493,69.0,5.459999999999999,3290.0,195.0,48.3,682.6,10.175,6.790000000000001,32.3,38.8,3.8,18.3,0.2061,65.57168321874204,6.4350000000000005,33.2,27.8,28.02,59.42,0.0754,539.2,2.0,0.0,2.0,2024.0,10.0,2.0,23.0
172.45,53.31,18.4,1.0,0.1367,63.0,5.42,3320.0,204.0,42.6,1023.0,9.889,6.75,42.55,55.9,5.7,28.0,0.341,65.25337407690348,6.58,18.4,24.6,25.9,70.4,0.529,296.0,2.0,0.0,2.0,2024.0,10.0,2.0,23.0
161.0,55.71,15.9,0.0,0.0,0.0,5.505,3370.0,139.0,44.9,741.5,9.819,6.790000000000001,17.1,49.5,4.1,14.8,0.2554,0.0,6.465000000000001,30.26,28.27,28.559999999999995,58.29,0.1434,548.2,2.0,0.0,2.0,2024.0,10.0,2.0,23.0
163.1,56.42,17.0,2.0,0.2664,62.0,5.414,3280.0,115.9,49.0,240.5,9.2465,6.836999999999999,6.6,15.1,1.2,13.95,0.073,65.41252864782277,6.609,36.870000000000005,24.79,25.68,67.04999999999998,0.1002,205.2,2.0,2.0,0.0,2024.0,10.0,2.0,21.0
122.15,52.65,11.9,0.0,0.0,0.0,5.454999999999999,3170.0,145.7,52.5,941.0,10.4365,6.58,80.7,84.05,7.25,97.0,0.9198,0.0,6.42,20.0,25.1,26.5,61.4,0.204,240.0,2.0,2.0,0.0,2024.0,10.0,2.0,21.0
175.3,57.95,20.4,2.0,0.3358,74.0,5.4,3260.0,189.1,49.6,185.0,9.2125,7.4,4.0,27.0,2.0,0.5,0.066,70.34632034632035,7.402000000000001,33.34,25.25,25.77,66.27,0.1393,255.9,2.0,2.0,0.0,2024.0,10.0,2.0,21.0
159.7,54.24,10.6,0.0,0.0,0.0,5.491,3400.0,130.9,45.3,1136.1,10.759,6.686,29.75,5.6,2.4,35.95,0.1771,0.0,6.457000000000001,23.1,27.55,29.35,56.42,0.0541,410.7,0.0,0.0,2.0,2024.0,10.0,2.0,5.0
147.0,52.53000000000001,13.1,0.0,0.0,0.0,5.529999999999999,3465.0,112.9,47.3,1124.0,9.9805,6.459999999999999,30.5,42.45,7.75,42.6,0.4855999999999999,0.0,6.61,21.2,25.1,26.4,63.1,0.353,235.0,0.0,0.0,2.0,2024.0,10.0,2.0,5.0
159.7,54.24,10.6,0.0,0.0,0.0,5.491,3400.0,130.9,45.3,1136.1,10.759,6.686,29.75,5.6,2.4,35.95,0.1771,0.0,6.457000000000001,23.1,27.55,29.35,56.42,0.0541,410.7,0.0,0.0,2.0,2024.0,10.0,2.0,5.0
73.95,50.540000000000006,8.7,0.0,0.0,0.0,5.65,3080.0,220.8,40.6,1830.0,10.557,6.769000000000001,67.95,90.4,15.1,141.7,0.7468999999999999,0.0,6.486999999999999,22.980000000000004,27.87,27.02,61.13000000000001,0.3133,260.8,2.0,2.0,2.0,2024.0,10.0,2.0,30.0
107.4,53.2,11.0,0.0,0.0,0.0,5.606,3110.0,220.1,40.5,1328.0,10.587,6.815,82.7,62.1,13.8,102.9,0.8496,0.0,6.61,24.5,24.7,26.3,58.5,0.256,176.0,2.0,2.0,2.0,2024.0,10.0,2.0,30.0
72.05,49.790000000000006,7.4,1.0,0.0478,43.0,5.642,3050.0,243.8,40.0,1830.0,10.587,6.625,66.45,102.9,13.6,141.7,0.763,49.65622612681436,6.425,24.31,28.03,26.99,61.1,0.296,279.2,2.0,2.0,2.0,2024.0,10.0,2.0,30.0
171.4,60.870000000000005,21.7,1.0,0.1289,60.5,5.6425,3500.0,186.6,50.3,285.1,9.761,6.837999999999999,16.8,21.95,1.75,38.6,0.1064,64.93506493506493,7.091000000000001,30.21,23.69,24.18,76.36,0.1225,237.5,2.0,1.0,0.0,2024.0,10.0,2.0,20.0
148.55,59.96,16.8,1.0,0.1756,71.5,5.6850000000000005,3180.0,205.4,45.75,952.1,9.157,6.596000000000001,14.05,19.65,1.15,17.5,0.1408999999999999,70.0280112044818,6.57,23.2,24.7,26.3,67.0,0.087,243.0,2.0,1.0,0.0,2024.0,10.0,2.0,20.0
195.65,60.120000000000005,19.2,0.0,0.0,0.0,5.59,3420.0,197.9,49.7,343.0,9.105,6.784000000000001,16.2,20.35,1.8,36.2,0.1119,0.0,7.121,30.53,23.58,23.87,78.67,0.1367,230.8,2.0,1.0,0.0,2024.0,10.0,2.0,20.0
120.6,58.55,7.3,0.0,0.0,0.0,5.720000000000001,3380.0,212.5,47.1,1620.0,10.479,6.304,18.9,26.7,2.7,16.7,0.1709,0.0,6.314000000000001,24.18,29.58,31.15,53.04,0.1242,695.5,1.0,2.0,2.0,2024.0,10.0,2.0,18.0
154.8,57.5,11.2,0.0,0.0,0.0,5.6850000000000005,3495.0,168.2,48.1,1516.0,10.432999999999998,6.48,19.8,25.7,2.7,22.9,0.1452,0.0,6.51,24.9,25.1,26.4,66.3,0.211,240.0,1.0,2.0,2.0,2024.0,10.0,2.0,18.0
120.6,58.55,7.3,0.0,0.0,0.0,5.720000000000001,3380.0,212.5,47.1,1620.0,10.479,6.304,18.9,26.7,2.7,16.7,0.1709,0.0,6.314000000000001,24.18,29.58,31.15,53.04,0.1242,695.5,1.0,2.0,2.0,2024.0,10.0,2.0,18.0
85.55,58.44,10.1,0.0,0.0,0.0,5.831,3550.0,175.4,39.8,2104.6,10.56,6.675999999999999,118.6,56.3,35.7,128.95,0.8113999999999999,0.0,7.840999999999999,29.29,27.95,30.079999999999995,57.63,0.3634999999999999,647.7,1.0,1.0,1.0,2024.0,10.0,2.0,29.0
175.6,55.05,23.6,0.0,0.0,0.0,5.685,3400.0,144.4,46.6,2616.0,10.501,7.0,119.3,60.4,35.0,105.6,0.8292999999999999,0.0,6.34,21.5,25.1,26.7,60.1,0.195,252.0,1.0,1.0,1.0,2024.0,10.0,2.0,29.0
85.55,58.44,10.1,0.0,0.0,0.0,5.831,3550.0,175.4,39.8,2104.6,10.56,6.675999999999999,118.6,56.3,35.7,128.95,0.8113999999999999,0.0,7.840999999999999,29.29,27.95,30.079999999999995,57.63,0.3634999999999999,647.7,1.0,1.0,1.0,2024.0,10.0,2.0,29.0
157.6,55.470000000000006,9.2,1.0,0.2106,71.0,5.6995000000000005,3525.0,197.5,46.1,1101.0,9.4355,6.488000000000001,44.4,83.35,9.0,85.3,0.4521,75.43926661573721,6.332,29.9,26.28,26.01,68.44,0.1052,335.8,2.0,1.0,2.0,2024.0,10.0,2.0,25.0
151.4,57.580000000000005,9.2,0.0,0.0,0.0,5.66,3220.0,185.7,38.3,478.0,8.498,6.125,29.1,46.6,2.9,26.5,0.2502,0.0,6.46,20.8,24.6,25.7,69.8,0.201,283.0,2.0,1.0,2.0,2024.0,10.0,2.0,25.0
151.4,57.51000000000001,9.5,0.0,0.0,0.0,5.6485,3265.0,96.7,45.0,502.0,8.526,6.2,27.6,35.9,3.1,10.8,0.2344,0.0,6.359,26.24,24.5,25.67,70.25,0.1545,259.8,2.0,1.0,2.0,2024.0,10.0,2.0,25.0
92.25,47.92,6.5,0.0,0.0,0.0,5.873000000000001,3255.0,196.5,40.0,2161.0,10.555,6.821,8.65,81.85,3.8,46.9,0.2261,0.0,6.329,23.9,29.099999999999994,29.619999999999997,54.88000000000001,0.1730999999999999,333.7,2.0,0.0,0.0,2024.0,10.0,2.0,19.0
150.6,53.64,14.4,0.0,0.0,0.0,5.416,3255.0,149.9,42.75,1792.0,9.499,6.734999999999999,14.85,57.55,2.7,31.3,0.2012999999999999,0.0,6.34,21.9,25.0,25.7,65.9,0.284,269.0,2.0,0.0,0.0,2024.0,10.0,2.0,19.0
92.25,47.92,6.5,0.0,0.0,0.0,5.873000000000001,3255.0,196.5,40.0,2161.0,10.555,6.821,8.65,81.85,3.8,46.9,0.2261,0.0,6.329,23.9,29.099999999999994,29.619999999999997,54.88000000000001,0.1730999999999999,333.7,2.0,0.0,0.0,2024.0,10.0,2.0,19.0
157.0,48.41,19.4,0.0,0.0,0.0,5.47,3450.0,212.2666666666667,45.2,1464.4,10.032999999999998,7.039999999999999,39.2,63.3,9.0,61.8,0.4313,0.0,6.526999999999999,25.520000000000003,23.62,25.04,74.49999999999999,0.1684,317.2,0.0,1.0,0.0,2024.0,10.0,2.0,2.0
157.0,48.41,18.3,0.0,0.0,0.0,5.496,3460.0,203.26666666666668,46.0,1320.4,10.159,7.08,44.4,60.9,9.0,64.05,0.6014,0.0,6.37,25.1,24.2,25.5,71.3,0.118,298.0,0.0,1.0,0.0,2024.0,10.0,2.0,2.0
157.0,48.41,19.4,0.0,0.0,0.0,5.47,3450.0,212.2666666666667,45.2,1464.4,10.032999999999998,7.039999999999999,39.2,63.3,9.0,61.8,0.4313,0.0,6.526999999999999,25.520000000000003,23.62,25.04,74.49999999999999,0.1684,317.2,0.0,1.0,0.0,2024.0,10.0,2.0,2.0
63.85,50.64,9.0,0.0,0.0,0.0,5.744,3510.0,291.0,40.4,2520.0,11.5395,6.626,285.3999999999951,88.05,11.4,250.5,0.8613,0.0,6.4670000000000005,18.770000000000003,27.81,28.5,60.71,0.7507,728.0,0.0,1.0,1.0,2024.0,10.0,2.0,6.0
191.4,53.99,21.3,0.0,0.0,0.0,5.5825000000000005,3485.0,196.8,48.8,2415.0,11.09,6.305000000000001,285.3999999999951,84.0,11.0,133.5,0.6949,0.0,6.37,23.9,23.8,25.4,67.3,0.171,290.0,0.0,1.0,1.0,2024.0,10.0,2.0,6.0
63.85,50.64,9.0,0.0,0.0,0.0,5.744,3510.0,291.0,40.4,2520.0,11.5395,6.626,285.3999999999951,88.05,11.4,250.5,0.8613,0.0,6.4670000000000005,18.770000000000003,27.81,28.5,60.71,0.7507,728.0,0.0,1.0,1.0,2024.0,10.0,2.0,6.0
177.4,53.25,24.2,0.0,0.0,0.0,5.476999999999999,3580.0,111.3,42.9,1131.0,10.4165,6.768000000000001,121.0,66.4,17.85,174.5,0.7309999999999999,0.0,6.897,23.590000000000003,28.89,29.46,57.21,0.2065999999999999,451.0,1.0,2.0,1.0,2024.0,10.0,2.0,17.0
158.8,55.23,10.5,1.0,0.1517,64.0,5.446999999999999,3520.0,214.4,37.8,695.0,10.043,6.683999999999999,39.25,24.8,4.45,69.7,0.2061,66.84491978609626,6.42,25.9,23.8,25.5,66.4,0.138,269.0,1.0,2.0,1.0,2024.0,10.0,2.0,17.0
177.4,53.25,24.2,0.0,0.0,0.0,5.476999999999999,3580.0,111.3,42.9,1131.0,10.4165,6.768000000000001,121.0,66.4,17.85,174.5,0.7309999999999999,0.0,6.897,23.590000000000003,28.89,29.46,57.21,0.2065999999999999,451.0,1.0,2.0,1.0,2024.0,10.0,2.0,17.0
209.2,52.08,21.8,0.0,0.0,0.0,5.6735,3380.0,238.0,45.55,1402.4,10.086,6.814,36.0,75.25,11.9,59.55,0.4173,0.0,6.566,27.920000000000005,24.33,25.13,69.44000000000001,0.1439,197.1,1.0,1.0,0.0,2024.0,10.0,2.0,11.0
202.5,53.9,21.6,0.0,0.0,0.0,5.591,3160.0,302.0,46.65,1253.4,10.36,6.975000000000001,34.45,63.65,11.9,56.45,0.4236,0.0,6.43,31.6,23.8,24.2,74.2,0.07,81.0,1.0,1.0,0.0,2024.0,10.0,2.0,11.0
196.8,50.82999999999999,20.8,1.0,0.1115,61.0,5.673,3260.0,232.0,43.95,1686.0,10.547,6.754,37.2,69.2,12.6,53.95,0.4216999999999999,57.93226381461675,6.633,29.74,24.87,25.26,70.23,0.2397,226.7,1.0,1.0,0.0,2024.0,10.0,2.0,11.0
160.5,57.2,21.2,1.0,0.1419,65.0,5.396000000000001,3165.0,567.0,52.7,718.0,11.3245,6.683,22.4,40.8,8.15,57.6,0.3538,66.20830150241915,6.425999999999999,29.65,23.43,23.83,74.67999999999999,0.1462999999999999,331.3,0.0,2.0,1.0,2024.0,10.0,2.0,8.0
169.5,58.83,20.8,0.0,0.0,0.0,5.352,3430.0,415.0,53.1,854.0,11.0045,6.832999999999998,38.8,89.8,10.75,96.1,1.9676999999999976,0.0,6.48,22.4,23.8,25.5,69.4,0.254,276.0,0.0,2.0,1.0,2024.0,10.0,2.0,8.0
168.3,58.73,20.9,0.0,0.0,0.0,5.332000000000001,3345.0,458.0,53.55,854.0,11.589,6.568,44.2,89.8,8.95,105.1,1.9676999999999976,0.0,6.371999999999999,28.01,24.360000000000007,25.15,72.0,0.2596,304.3,0.0,2.0,1.0,2024.0,10.0,2.0,8.0
191.55,57.69000000000001,17.0,0.0,0.0,0.0,5.6515,2895.0,137.8,47.3,969.0,10.361999999999998,6.9430000000000005,16.75,19.9,3.1670000000000003,23.2,0.1333,0.0,6.404000000000001,31.9,26.22,26.31,65.63,0.0970999999999999,367.6,0.0,2.0,2.0,2024.0,10.0,2.0,9.0
223.0,60.2,19.0,0.0,0.0,0.0,5.475,3650.0,145.0,46.0,1600.0,10.255,7.01,25.5,20.0,6.0,17.0,0.182,0.0,6.26,26.0,24.6,25.6,68.3,0.245,244.0,0.0,2.0,2.0,2024.0,10.0,2.0,9.0
191.55,57.69000000000001,17.0,0.0,0.0,0.0,5.6515,2895.0,137.8,47.3,969.0,10.361999999999998,6.9430000000000005,16.75,19.9,3.1670000000000003,23.2,0.1333,0.0,6.404000000000001,31.9,26.22,26.31,65.63,0.0970999999999999,367.6,0.0,2.0,2.0,2024.0,10.0,2.0,9.0
179.5,58.96,13.0,0.0,0.0,0.0,5.5845,3380.0,189.1,65.5,714.0,10.605,6.51,61.9,65.9,6.9,24.8,0.5715999999999999,0.0,6.597,19.13,26.61,26.559999999999995,65.03,0.2289,622.8,1.0,0.0,1.0,2024.0,10.0,2.0,13.0
185.0,59.9,23.0,0.0,0.0,0.0,5.425,3150.0,540.0,67.0,535.0,10.465,7.11,46.0,40.5,8.0,28.0,0.311,0.0,6.15,23.2,25.0,25.6,69.3,0.303,245.0,1.0,0.0,1.0,2024.0,10.0,2.0,13.0
179.5,58.96,13.0,0.0,0.0,0.0,5.5845,3380.0,189.1,65.5,714.0,10.605,6.51,61.9,65.9,6.9,24.8,0.5715999999999999,0.0,6.597,19.13,26.61,26.559999999999995,65.03,0.2289,622.8,1.0,0.0,1.0,2024.0,10.0,2.0,13.0
176.0,56.19,19.2,0.0,0.0,0.0,5.649,3585.0,162.3,52.5,760.0,11.1905,7.08,4.9,8.5,2.05,10.4,0.0513,0.0,6.601999999999999,32.96,24.290000000000003,25.4,70.78,0.2727,236.9,2.0,2.0,1.0,2024.0,10.0,2.0,26.0
213.0,57.1,26.0,0.0,0.0,0.0,5.57,3750.0,220.0,49.0,1100.0,10.325,6.96,165.0,82.5,37.5,165.0,0.951,0.0,6.49,28.1,24.6,25.4,70.3,0.208,303.0,2.0,2.0,1.0,2024.0,10.0,2.0,26.0
176.0,56.19,19.2,0.0,0.0,0.0,5.649,3585.0,162.3,52.5,760.0,11.1905,7.08,4.9,8.5,2.05,10.4,0.0513,0.0,6.601999999999999,32.96,24.290000000000003,25.4,70.78,0.2727,236.9,2.0,2.0,1.0,2024.0,10.0,2.0,26.0
122.0,45.77,6.7,0.0,0.0,0.0,5.863,3170.0,214.25,41.1,1155.9,9.337,6.813999999999998,44.433,104.3,10.45,107.5,0.5527,0.0,6.561,19.33,26.78,26.52,63.8,0.2432,297.8,1.0,1.0,2.0,2024.0,10.0,2.0,16.0
210.0,57.5,22.0,0.0,0.0,0.0,5.565,3300.0,265.0,40.0,55.0,9.34,6.93,57.0,93.5,11.5,71.0,0.535,0.0,6.38,24.1,24.6,25.9,68.8,0.344,247.0,1.0,1.0,2.0,2024.0,10.0,2.0,16.0
122.0,45.77,6.7,0.0,0.0,0.0,5.863,3170.0,214.25,41.1,1155.9,9.337,6.813999999999998,44.433,104.3,10.45,107.5,0.5527,0.0,6.561,19.33,26.78,26.52,63.8,0.2432,297.8,1.0,1.0,2.0,2024.0,10.0,2.0,16.0
162.7,56.36,17.9,0.0,0.0,0.0,5.562500000000001,3370.0,349.0,40.4,1260.0,10.738,6.8100000000000005,38.8,96.9,9.3,61.0,0.5189000000000001,0.0,6.529999999999999,24.11,25.9,26.68,64.28999999999999,0.2122,240.2,1.0,0.0,0.0,2024.0,10.0,2.0,10.0
206.0,58.2,23.0,0.0,0.0,0.0,5.405,3400.0,400.0,41.5,850.0,9.25,6.67,22.5,130.0,11.0,53.0,0.483,0.0,6.4,21.7,24.2,25.6,69.3,0.257,243.0,1.0,0.0,0.0,2024.0,10.0,2.0,10.0
162.7,56.36,17.9,0.0,0.0,0.0,5.562500000000001,3370.0,349.0,40.4,1260.0,10.738,6.8100000000000005,38.8,96.9,9.3,61.0,0.5189000000000001,0.0,6.529999999999999,24.11,25.9,26.68,64.28999999999999,0.2122,240.2,1.0,0.0,0.0,2024.0,10.0,2.0,10.0
192.2,58.89,19.0,0.0,0.0,0.0,5.564000000000001,3330.0,220.7,52.9,736.0,10.0105,6.863000000000001,39.1,64.85,5.3,29.35,0.3852,0.0,6.511999999999999,30.8,26.05,26.450000000000006,66.15,0.0997,218.6,2.0,0.0,1.0,2024.0,10.0,2.0,22.0
164.0,56.1,20.0,0.0,0.0,0.0,5.575,3700.0,205.0,50.0,1850.0,10.195,6.63,46.0,96.5,13.5,81.5,0.533,0.0,6.47,24.0,24.2,25.5,66.5,0.205,235.0,2.0,0.0,1.0,2024.0,10.0,2.0,22.0
192.2,58.89,19.0,0.0,0.0,0.0,5.564000000000001,3330.0,220.7,52.9,736.0,10.0105,6.863000000000001,39.1,64.85,5.3,29.35,0.3852,0.0,6.511999999999999,30.8,26.05,26.450000000000006,66.15,0.0997,218.6,2.0,0.0,1.0,2024.0,10.0,2.0,22.0
202.3,56.750000000000014,12.5,0.0,0.0,0.0,5.595999999999999,3430.0,355.9,42.9,916.0,9.81,7.016000000000001,25.5,27.2,3.5,17.1,0.1759,0.0,6.470000000000001,24.44,25.2,25.98,66.63,0.1181,461.0,1.0,2.0,0.0,2024.0,10.0,2.0,12.0
203.0,56.5,21.0,0.0,0.0,0.0,5.465,3100.0,455.0,44.0,730.0,9.82,6.79,15.0,40.0,4.0,25.0,0.169,0.0,6.49,23.4,24.2,25.6,70.8,0.125,237.0,1.0,2.0,0.0,2024.0,10.0,2.0,12.0
202.3,56.750000000000014,12.5,0.0,0.0,0.0,5.595999999999999,3430.0,355.9,42.9,916.0,9.81,7.016000000000001,25.5,27.2,3.5,17.1,0.1759,0.0,6.470000000000001,24.44,25.2,25.98,66.63,0.1181,461.0,1.0,2.0,0.0,2024.0,10.0,2.0,12.0
208.2,55.92999999999999,17.7,0.0,0.0,0.0,5.726000000000001,3140.0,127.2,39.9,808.0,9.121999999999998,6.744,18.9,41.6,8.6,16.5,0.2999,0.0,6.715000000000001,28.55,27.02,27.85,60.63,0.0596,257.1,0.0,0.0,0.0,2024.0,10.0,2.0,28.0
199.0,56.2,25.0,0.0,0.0,0.0,5.36,3100.0,110.0,43.0,750.0,9.27,6.99,10.0,7.0,3.0,6.0,0.066,0.0,6.47,25.0,24.2,25.6,68.3,0.168,247.0,0.0,0.0,0.0,2024.0,10.0,2.0,28.0
208.2,55.92999999999999,17.7,0.0,0.0,0.0,5.726000000000001,3140.0,127.2,39.9,808.0,9.121999999999998,6.744,18.9,41.6,8.6,16.5,0.2999,0.0,6.715000000000001,28.55,27.02,27.85,60.63,0.0596,257.1,0.0,0.0,0.0,2024.0,10.0,2.0,28.0
191.7,53.96,22.1,0.0,0.0,0.0,5.524,3310.0,298.9,51.25,491.7,10.573,6.901999999999999,36.5,31.1,5.8,38.7,0.2744,0.0,6.468000000000001,23.83,26.6,27.05,65.2,0.1094,290.4,0.0,0.0,0.0,2024.0,10.0,2.0,1.0
204.0,52.1,30.0,0.0,0.0,0.0,5.545,3400.0,420.0,49.5,490.0,10.42,6.66,42.0,86.0,7.0,45.5,0.41,0.0,6.43,26.6,25.0,25.8,69.9,0.21,267.0,0.0,0.0,0.0,2024.0,10.0,2.0,1.0
191.7,53.96,22.1,0.0,0.0,0.0,5.524,3310.0,298.9,51.25,491.7,10.573,6.901999999999999,36.5,31.1,5.8,38.7,0.2744,0.0,6.468000000000001,23.83,26.6,27.05,65.2,0.1094,290.4,0.0,0.0,0.0,2024.0,10.0,2.0,1.0
175.1,55.470000000000006,12.8,0.0,0.0,0.0,5.79,3660.0,99.0,51.1,692.5,9.9045,6.579999999999998,78.5,73.1,8.8,80.3,0.5736999999999999,0.0,6.488000000000001,35.9,24.01,24.770000000000003,72.31,0.1606,382.9,1.0,0.0,2.0,2024.0,10.0,2.0,14.0
242.0,56.3,20.0,0.0,0.0,0.0,5.635,3800.0,87.0,44.5,795.0,9.865,6.52,61.5,110.0,14.0,100.0,0.555,0.0,6.46,30.7,24.6,24.9,73.9,0.147,736.0,1.0,0.0,2.0,2024.0,10.0,2.0,14.0
175.1,55.470000000000006,12.8,0.0,0.0,0.0,5.79,3660.0,99.0,51.1,692.5,9.9045,6.579999999999998,78.5,73.1,8.8,80.3,0.5736999999999999,0.0,6.488000000000001,35.9,24.01,24.770000000000003,72.31,0.1606,382.9,1.0,0.0,2.0,2024.0,10.0,2.0,14.0
159.7,54.24,10.6,0.0,0.0,0.0,5.491,3400.0,130.9,45.3,1136.1,10.759,6.686,29.75,5.6,2.4,35.95,0.1771,0.0,6.457000000000001,23.1,27.55,29.35,56.42,0.0541,410.7,0.0,0.0,2.0,2024.0,10.0,2.0,5.0
202.0,51.6,25.0,0.0,0.0,0.0,5.505,3450.0,150.0,45.0,2050.0,9.925,6.96,8.5,16.5,3.5,14.5,0.083,0.0,6.35,26.2,23.0,23.3,77.6,0.144,634.0,0.0,0.0,2.0,2024.0,10.0,2.0,5.0
159.7,54.24,10.6,0.0,0.0,0.0,5.491,3400.0,130.9,45.3,1136.1,10.759,6.686,29.75,5.6,2.4,35.95,0.1771,0.0,6.457000000000001,23.1,27.55,29.35,56.42,0.0541,410.7,0.0,0.0,2.0,2024.0,10.0,2.0,5.0
73.95,50.540000000000006,8.7,0.0,0.0,0.0,5.65,3080.0,220.8,40.6,1830.0,10.557,6.769000000000001,67.95,90.4,15.1,141.7,0.7468999999999999,0.0,6.486999999999999,22.980000000000004,27.87,27.02,61.13000000000001,0.3133,260.8,2.0,2.0,2.0,2024.0,10.0,2.0,30.0
227.0,55.4,20.0,0.0,0.0,0.0,5.54,3100.0,120.0,42.0,840.0,9.95,6.82,53.0,15.0,17.0,12.0,0.304,0.0,6.51,23.6,22.6,22.6,77.4,0.263,258.0,2.0,2.0,2.0,2024.0,10.0,2.0,30.0
73.95,50.540000000000006,8.7,0.0,0.0,0.0,5.65,3080.0,220.8,40.6,1830.0,10.557,6.769000000000001,67.95,90.4,15.1,141.7,0.7468999999999999,0.0,6.486999999999999,22.980000000000004,27.87,27.02,61.13000000000001,0.3133,260.8,2.0,2.0,2.0,2024.0,10.0,2.0,30.0
179.2,54.13,23.6,0.0,0.0,0.0,5.414000000000001,2875.0,495.5,40.6,349.9,10.9035,6.892999999999999,10.0,31.1,1.6,17.4,0.1288999999999999,0.0,7.192,30.630000000000003,23.39,24.19,76.32000000000002,0.1566,283.2,0.0,2.0,0.0,2024.0,10.0,2.0,3.0
202.0,53.1,27.0,0.0,0.0,0.0,5.48,3250.0,555.0,52.0,505.0,10.005,6.92,9.0,34.5,4.0,22.0,0.142,0.0,6.42,23.8,22.6,22.7,80.1,0.214,148.0,0.0,2.0,0.0,2024.0,10.0,2.0,3.0
179.2,54.13,23.6,0.0,0.0,0.0,5.414000000000001,2875.0,495.5,40.6,349.9,10.9035,6.892999999999999,10.0,31.1,1.6,17.4,0.1288999999999999,0.0,7.192,30.630000000000003,23.39,24.19,76.32000000000002,0.1566,283.2,0.0,2.0,0.0,2024.0,10.0,2.0,3.0
100.0,48.95,12.5,0.0,0.0,0.0,5.597,3570.0,212.6,51.4,945.0,11.375,6.679,40.0,92.1,8.0,103.05,0.3652,0.0,6.357,21.219999999999995,27.35,28.870000000000005,56.44000000000001,0.1925,213.1,0.0,1.0,2.0,2024.0,10.0,2.0,7.0
183.0,52.1,19.0,0.0,0.0,0.0,5.485,3500.0,435.0,49.5,1300.0,10.87,6.69,45.0,103.0,19.0,95.5,0.515,0.0,6.58,24.1,22.6,22.7,79.2,0.189,112.0,0.0,1.0,2.0,2024.0,10.0,2.0,7.0
100.0,48.95,12.5,0.0,0.0,0.0,5.597,3570.0,212.6,51.4,945.0,11.375,6.679,40.0,92.1,8.0,103.05,0.3652,0.0,6.357,21.219999999999995,27.35,28.870000000000005,56.44000000000001,0.1925,213.1,0.0,1.0,2.0,2024.0,10.0,2.0,7.0
121.35,52.65,13.6,0.0,0.0,0.0,5.518999999999999,3200.0,145.7,52.5,1068.0,10.6115,6.507,80.4,111.0,22.15,107.7,1.0111,0.0,6.429,18.5,25.34,26.12,63.46,0.414,251.1,2.0,2.0,0.0,2024.0,10.0,2.0,21.0
210.0,57.6,16.0,0.0,0.0,0.0,5.64,3050.0,190.0,49.0,530.0,7.555,7.17,78.5,38.5,27.5,61.0,0.527,0.0,6.45,26.0,22.6,22.7,76.8,0.263,126.0,2.0,2.0,0.0,2024.0,10.0,2.0,21.0
121.35,52.65,13.6,0.0,0.0,0.0,5.518999999999999,3200.0,145.7,52.5,1068.0,10.6115,6.507,80.4,111.0,22.15,107.7,1.0111,0.0,6.429,18.5,25.34,26.12,63.46,0.414,251.1,2.0,2.0,0.0,2024.0,10.0,2.0,21.0
161.0,55.71,15.9,0.0,0.0,0.0,5.505,3370.0,139.0,44.9,741.5,9.819,6.790000000000001,17.1,49.5,4.1,14.8,0.2554,0.0,6.465000000000001,30.26,28.27,28.559999999999995,58.29,0.1434,548.2,2.0,0.0,2.0,2024.0,10.0,2.0,23.0
208.0,53.9,36.0,0.0,0.0,0.0,5.3,3050.0,825.0,43.5,975.0,10.94,6.92,12.5,74.0,7.0,25.0,0.267,0.0,6.44,21.9,22.6,22.7,77.3,0.234,140.0,2.0,0.0,2.0,2024.0,10.0,2.0,23.0
114.8,52.0,7.6,1.0,0.1853,67.0,5.68,3260.0,137.5,43.9,1103.1,9.874,6.602000000000001,17.95,57.3,4.8,152.6,0.2695,73.21110262286733,6.507000000000001,22.93,28.23,28.249999999999996,59.03,0.1111,472.0,2.0,0.0,2.0,2024.0,10.0,2.0,23.0
195.65,60.120000000000005,19.2,0.0,0.0,0.0,5.59,3420.0,197.9,49.7,343.0,9.105,6.784000000000001,16.2,20.35,1.8,36.2,0.1119,0.0,7.121,30.53,23.58,23.87,78.67,0.1367,230.8,2.0,1.0,0.0,2024.0,10.0,2.0,20.0
206.0,59.5,20.0,0.0,0.0,0.0,5.625,3400.0,305.0,45.5,1550.0,9.6,6.88,7.5,32.5,2.5,15.0,0.116,0.0,6.42,22.6,22.6,22.7,79.6,0.159,339.0,2.0,1.0,0.0,2024.0,10.0,2.0,20.0
195.65,60.120000000000005,19.2,0.0,0.0,0.0,5.59,3420.0,197.9,49.7,343.0,9.105,6.784000000000001,16.2,20.35,1.8,36.2,0.1119,0.0,7.121,30.53,23.58,23.87,78.67,0.1367,230.8,2.0,1.0,0.0,2024.0,10.0,2.0,20.0
120.6,58.55,7.3,0.0,0.0,0.0,5.720000000000001,3380.0,212.5,47.1,1620.0,10.479,6.304,18.9,26.7,2.7,16.7,0.1709,0.0,6.314000000000001,24.18,29.58,31.15,53.04,0.1242,695.5,1.0,2.0,2.0,2024.0,10.0,2.0,18.0
129.0,56.2,21.0,0.0,0.0,0.0,5.45,3050.0,730.0,55.0,1300.0,10.915,6.86,13.5,22.0,3.0,12.0,0.129,0.0,6.38,32.8,23.8,23.9,78.6,0.231,794.0,1.0,2.0,2.0,2024.0,10.0,2.0,18.0
120.6,58.55,7.3,0.0,0.0,0.0,5.720000000000001,3380.0,212.5,47.1,1620.0,10.479,6.304,18.9,26.7,2.7,16.7,0.1709,0.0,6.314000000000001,24.18,29.58,31.15,53.04,0.1242,695.5,1.0,2.0,2.0,2024.0,10.0,2.0,18.0
63.85,50.64,9.0,0.0,0.0,0.0,5.744,3510.0,291.0,40.4,2520.0,11.5395,6.626,285.3999999999951,88.05,11.4,250.5,0.8613,0.0,6.4670000000000005,18.770000000000003,27.81,28.5,60.71,0.7507,728.0,0.0,1.0,1.0,2024.0,10.0,2.0,6.0
220.0,54.7,29.0,0.0,0.0,0.0,5.525,3350.0,345.0,46.0,2150.0,9.745,6.96,61.5,50.5,6.5,77.0,0.364,0.0,6.57,35.7,23.0,23.8,69.8,0.178,270.0,0.0,1.0,1.0,2024.0,10.0,2.0,6.0
63.85,50.64,9.0,0.0,0.0,0.0,5.744,3510.0,291.0,40.4,2520.0,11.5395,6.626,285.3999999999951,88.05,11.4,250.5,0.8613,0.0,6.4670000000000005,18.770000000000003,27.81,28.5,60.71,0.7507,728.0,0.0,1.0,1.0,2024.0,10.0,2.0,6.0
177.4,53.25,24.2,0.0,0.0,0.0,5.476999999999999,3580.0,111.3,42.9,1131.0,10.4165,6.768000000000001,121.0,66.4,17.85,174.5,0.7309999999999999,0.0,6.897,23.590000000000003,28.89,29.46,57.21,0.2065999999999999,451.0,1.0,2.0,1.0,2024.0,10.0,2.0,17.0
200.0,54.0,27.0,0.0,0.0,0.0,5.435,3500.0,130.0,52.0,450.0,9.555,6.97,82.5,51.0,24.5,84.5,0.493,0.0,6.44,23.9,23.0,23.7,72.5,0.181,263.0,1.0,2.0,1.0,2024.0,10.0,2.0,17.0
177.4,53.25,24.2,0.0,0.0,0.0,5.476999999999999,3580.0,111.3,42.9,1131.0,10.4165,6.768000000000001,121.0,66.4,17.85,174.5,0.7309999999999999,0.0,6.897,23.590000000000003,28.89,29.46,57.21,0.2065999999999999,451.0,1.0,2.0,1.0,2024.0,10.0,2.0,17.0
204.6,56.54,16.3,1.0,0.1413,65.0,5.628500000000001,3305.0,142.2,49.3,551.0,8.642499999999998,6.305000000000001,29.5,40.8,3.1,23.1,0.2446,65.57168321874204,6.278,25.910000000000004,24.31,25.7,71.45,0.0935,333.9,2.0,1.0,2.0,2024.0,10.0,2.0,25.0
201.0,52.2,24.0,1.0,0.1902,77.5,5.685,3550.0,165.0,49.5,2000.0,9.525,6.84,63.0,98.5,8.0,150.0,0.492,73.84772090654444,6.34,35.4,23.8,23.7,72.4,0.102,258.0,2.0,1.0,2.0,2024.0,10.0,2.0,25.0
151.4,57.51000000000001,9.5,0.0,0.0,0.0,5.6485,3265.0,96.7,45.0,502.0,8.526,6.2,27.6,35.9,3.1,10.8,0.2344,0.0,6.359,26.24,24.5,25.67,70.25,0.1545,259.8,2.0,1.0,2.0,2024.0,10.0,2.0,25.0
85.55,58.44,10.1,0.0,0.0,0.0,5.831,3550.0,175.4,39.8,2104.6,10.56,6.675999999999999,118.6,56.3,35.7,128.95,0.8113999999999999,0.0,7.840999999999999,29.29,27.95,30.079999999999995,57.63,0.3634999999999999,647.7,1.0,1.0,1.0,2024.0,10.0,2.0,29.0
204.0,54.6,21.0,0.0,0.0,0.0,5.35,3600.0,82.0,46.0,3600.0,10.32,7.0,190.0,60.0,63.0,58.0,1.091,0.0,6.34,25.4,22.6,23.1,74.3,0.236,102.0,1.0,1.0,1.0,2024.0,10.0,2.0,29.0
188.1,54.19,24.2,2.0,0.3989,72.5,5.515,3250.0,449.1,54.5,1507.0,11.907,6.9,30.5,15.9,14.9,57.6,0.2032999999999999,71.93786605551311,6.398,23.499999999999996,25.53,25.860000000000003,66.13,0.1288,204.3,1.0,1.0,1.0,2024.0,10.0,2.0,29.0
157.0,48.41,19.4,0.0,0.0,0.0,5.47,3450.0,212.2666666666667,45.2,1464.4,10.032999999999998,7.039999999999999,39.2,63.3,9.0,61.8,0.4313,0.0,6.526999999999999,25.520000000000003,23.62,25.04,74.49999999999999,0.1684,317.2,0.0,1.0,0.0,2024.0,10.0,2.0,2.0
209.0,48.4,20.0,0.0,0.0,0.0,5.44,3500.0,290.0,44.0,1400.0,9.88,6.8,27.0,77.0,12.0,67.5,0.399,0.0,6.42,21.4,22.6,23.4,73.8,0.061,112.0,0.0,1.0,0.0,2024.0,10.0,2.0,2.0
184.0,54.25999999999999,19.1,1.0,0.272,79.0,5.433999999999999,3320.0,244.0,53.6,1200.4,10.051999999999998,6.636999999999999,101.6,55.2,8.2,160.55,0.5984000000000002,80.85052202699262,6.621,25.899999999999995,25.399999999999995,25.59,70.25999999999999,0.1613,200.7,0.0,1.0,0.0,2024.0,10.0,2.0,2.0
92.25,47.92,6.5,0.0,0.0,0.0,5.873000000000001,3255.0,196.5,40.0,2161.0,10.555,6.821,8.65,81.85,3.8,46.9,0.2261,0.0,6.329,23.9,29.099999999999994,29.619999999999997,54.88000000000001,0.1730999999999999,333.7,2.0,0.0,0.0,2024.0,10.0,2.0,19.0
175.0,49.8,16.0,0.0,0.0,0.0,5.43,3350.0,110.0,47.5,2350.0,8.98,7.0,8.0,29.5,4.0,21.0,0.112,0.0,6.14,24.1,23.0,23.7,71.8,0.085,149.0,2.0,0.0,0.0,2024.0,10.0,2.0,19.0
168.3,53.7,21.1,1.0,0.187,70.5,5.416,3265.0,219.5,39.4,1951.0,10.479,6.730000000000001,16.4,72.45,3.4,56.1,0.2696999999999999,70.0280112044818,6.369999999999999,24.08,27.360000000000003,27.91,60.11,0.1751,245.5,2.0,0.0,0.0,2024.0,10.0,2.0,19.0
168.3,58.73,20.9,0.0,0.0,0.0,5.332000000000001,3345.0,458.0,53.55,854.0,11.589,6.568,44.2,89.8,8.95,105.1,1.9676999999999976,0.0,6.371999999999999,28.01,24.360000000000007,25.15,72.0,0.2596,304.3,0.0,2.0,1.0,2024.0,10.0,2.0,8.0
198.0,59.5,18.0,0.0,0.0,0.0,5.28,3250.0,920.0,54.5,980.0,12.735,6.84,31.0,140.0,16.5,72.5,0.557,0.0,6.29,28.0,23.4,23.5,74.3,0.087,247.0,0.0,2.0,1.0,2024.0,10.0,2.0,8.0
168.3,58.73,20.9,0.0,0.0,0.0,5.332000000000001,3345.0,458.0,53.55,854.0,11.589,6.568,44.2,89.8,8.95,105.1,1.9676999999999976,0.0,6.371999999999999,28.01,24.360000000000007,25.15,72.0,0.2596,304.3,0.0,2.0,1.0,2024.0,10.0,2.0,8.0
182.5,62.06999999999999,24.0,0.0,0.0,0.0,5.4245,2900.0,324.2,45.8,824.0,10.6215,6.916,48.25,38.0,2.6,21.7,0.2969,0.0,6.530999999999999,28.99,23.630000000000003,23.84,77.50000000000001,0.0867,178.3,1.0,1.0,1.0,2024.0,10.0,2.0,15.0
204.0,58.7,25.0,1.0,0.0787,58.0,5.415,3100.0,615.0,43.0,630.0,10.645,6.86,18.5,66.0,6.0,70.5,0.261,54.74917239623122,6.48,27.1,23.0,24.0,71.7,0.083,259.0,1.0,1.0,1.0,2024.0,10.0,2.0,15.0
182.5,62.06999999999999,24.0,0.0,0.0,0.0,5.4245,2900.0,324.2,45.8,824.0,10.6215,6.916,48.25,38.0,2.6,21.7,0.2969,0.0,6.530999999999999,28.99,23.630000000000003,23.84,77.50000000000001,0.0867,178.3,1.0,1.0,1.0,2024.0,10.0,2.0,15.0
102.8,54.56,8.7,0.0,0.0,0.0,5.66,3270.0,334.9,40.25,1864.8,9.6945,6.720000000000001,73.15,49.2,9.9,106.1,0.483,0.0,6.343999999999999,23.110000000000003,25.81,25.68,67.74,0.2285999999999999,171.1,2.0,1.0,1.0,2024.0,10.0,2.0,24.0
207.0,58.0,18.0,0.0,0.0,0.0,5.4,3250.0,245.0,41.5,3000.0,9.985,6.84,17.5,49.0,9.5,53.5,0.231,0.0,6.41,22.7,23.4,24.3,66.0,0.332,243.0,2.0,1.0,1.0,2024.0,10.0,2.0,24.0
109.0,54.15,8.0,0.0,0.0,0.0,5.64,3260.0,352.0,42.25,1812.8,9.893999999999998,6.9,92.0,56.0,17.0,100.0,0.598,0.0,6.321999999999999,22.95,25.35,25.660000000000004,69.30000000000001,0.2789,217.5,2.0,1.0,1.0,2024.0,10.0,2.0,24.0
209.2,52.08,21.8,0.0,0.0,0.0,5.6735,3380.0,238.0,45.55,1402.4,10.086,6.814,36.0,75.25,11.9,59.55,0.4173,0.0,6.566,27.920000000000005,24.33,25.13,69.44000000000001,0.1439,197.1,1.0,1.0,0.0,2024.0,10.0,2.0,11.0
209.0,55.8,33.0,0.0,0.0,0.0,5.655,3300.0,410.0,52.5,1700.0,10.22,6.81,23.5,115.0,14.0,75.0,0.451,0.0,6.59,25.7,23.4,24.7,67.7,0.124,199.0,1.0,1.0,0.0,2024.0,10.0,2.0,11.0
209.2,52.08,21.8,0.0,0.0,0.0,5.6735,3380.0,238.0,45.55,1402.4,10.086,6.814,36.0,75.25,11.9,59.55,0.4173,0.0,6.566,27.920000000000005,24.33,25.13,69.44000000000001,0.1439,197.1,1.0,1.0,0.0,2024.0,10.0,2.0,11.0
176.5,56.78,17.6,0.0,0.0,0.0,5.699,3745.0,373.0,48.95,773.0,10.8025,6.861,10.6,19.3,5.65,21.3,0.1207999999999999,0.0,6.285,26.22,23.62,24.91,68.45,0.0697,118.7,2.0,2.0,2.0,2024.0,10.0,2.0,27.0
210.0,58.2,27.0,0.0,0.0,0.0,5.44,3400.0,595.0,54.0,760.0,10.625,7.09,40.5,41.0,10.5,35.0,0.3,0.0,6.55,26.1,23.4,24.8,69.8,0.06,176.0,2.0,2.0,2.0,2024.0,10.0,2.0,27.0
176.5,56.78,17.6,0.0,0.0,0.0,5.699,3745.0,373.0,48.95,773.0,10.8025,6.861,10.6,19.3,5.65,21.3,0.1207999999999999,0.0,6.285,26.22,23.62,24.91,68.45,0.0697,118.7,2.0,2.0,2.0,2024.0,10.0,2.0,27.0
110.2,49.11,16.0,0.0,0.0,0.0,5.734,3360.0,196.6,49.5,1219.6,10.6085,6.784000000000001,58.6,109.9,17.95,141.3,0.625,0.0,6.292999999999999,24.71,24.85,23.880000000000003,74.88,0.1907,241.9,0.0,0.0,1.0,2024.0,10.0,2.0,4.0
203.0,57.8,19.0,2.0,0.255,71.5,5.52,3200.0,210.0,49.5,600.0,9.105,6.66,51.0,215.0,26.5,150.0,0.849,57.93226381461675,6.59,26.7,24.2,24.8,67.9,0.06,244.0,0.0,0.0,1.0,2024.0,10.0,2.0,4.0
166.6,60.330000000000005,19.4,1.0,0.1677,71.5,5.644,3340.0,203.6,50.3,928.0,11.517500000000002,6.8740000000000006,49.7,67.4,14.85,100.1,0.488,68.43646549528903,6.508000000000001,25.12,27.01,27.53,64.57000000000001,0.1109999999999999,205.5,0.0,0.0,1.0,2024.0,10.0,2.0,4.0
175.5,57.57000000000001,18.5,5.0,1.005,70.0,5.408999999999999,2870.0,496.5,48.1,279.8,11.928,6.840999999999999,7.5,12.0,5.2,25.9,0.0862,70.0280112044818,6.256,32.27,24.410000000000004,25.28,69.41,0.1326,321.8,2.0,2.0,2.0,2024.0,10.0,9.0,27.0
160.45,56.65,20.4,4.0,0.713,70.4,5.494999999999999,3300.0,415.3,54.3,1221.8,12.604000000000005,6.88,13.1,25.2,5.95,17.5,0.1111,71.61955691367456,6.341,23.26,24.520000000000003,25.270000000000003,68.68000000000002,0.1389,255.1,2.0,2.0,2.0,2024.0,10.0,9.0,27.0
210.0,61.7,29.0,2.0,0.341,70.0,5.5,3500.0,39.0,38.0,110.0,9.56,7.5,30.0,21.0,11.0,22.0,0.169,63.66182836771072,6.83,26.4,22.0,22.5,86.2,0.054,435.0,2.0,2.0,2.0,2024.0,10.0,9.0,27.0
179.5,57.64,20.5,2.0,0.249,60.6,5.44,3005.0,300.6,44.7,588.8,9.925,6.656000000000001,35.8,17.5,2.0,9.7,0.1911,62.070282658517954,6.1610000000000005,30.200000000000006,24.1,24.87,71.27000000000001,0.1071,193.6,2.0,1.0,1.0,2024.0,10.0,9.0,24.0
179.5,58.79999999999999,20.9,4.0,0.571,60.9,5.459999999999999,3075.0,301.6,46.25,638.8,10.6665,6.790000000000001,34.1,17.3,2.0,10.3,0.1941999999999999,57.29564553093965,6.292999999999999,31.52,23.03,22.67,80.16,0.1140999999999999,261.6,2.0,1.0,1.0,2024.0,10.0,9.0,24.0
217.0,63.6,24.0,2.0,0.214,70.0,5.5,3800.0,46.0,44.0,910.0,10.91,6.8,41.0,8.0,2.0,15.0,0.179,57.29564553093965,6.66,28.3,22.0,23.3,82.9,0.035,601.0,2.0,1.0,1.0,2024.0,10.0,9.0,24.0
109.4,50.8,15.7,0.0,0.0,0.0,5.672,3370.0,228.6,53.45,1086.0,10.961,6.824,56.5,83.6,7.0,148.5,0.6132000000000001,0.0,6.287999999999999,25.880000000000003,26.24,27.2,63.48,0.1441999999999999,234.5,0.0,0.0,1.0,2024.0,10.0,9.0,4.0
193.7,58.46,19.5,1.0,0.152,70.3,5.602,3420.0,155.8,47.85,1115.0,10.166,7.0200000000000005,45.4,22.3,2.7,20.1,0.2492,59.523809523809526,6.518000000000001,24.7,24.000000000000004,24.21,71.65,0.0755,187.5,0.0,0.0,1.0,2024.0,10.0,9.0,4.0
205.0,58.2,20.0,1.0,0.152,70.9,5.5,3500.0,66.0,49.0,1200.0,11.47,7.4,50.0,9.0,2.0,14.0,0.192,59.523809523809526,6.61,25.5,22.8,24.2,74.5,0.055,659.0,0.0,0.0,1.0,2024.0,10.0,9.0,4.0
180.6,59.35999999999999,24.2,3.0,0.261,60.5,5.391499999999999,3050.0,430.9,51.5,667.0,11.517,6.904000000000001,17.3,9.5,1.8,31.05,0.0965999999999999,60.16042780748664,6.417999999999999,35.730000000000004,23.69,23.840000000000003,77.2,0.0865999999999999,150.7,1.0,1.0,1.0,2024.0,10.0,9.0,15.0
181.5,60.03999999999999,20.8,3.0,0.446,60.7,5.413,3140.0,345.8,51.8,799.0,11.625999999999998,6.726000000000001,47.6,28.7,3.4,39.05,0.2867,68.43646549528903,6.555999999999999,34.510000000000005,23.81,23.95,77.48,0.0687,137.7,1.0,1.0,1.0,2024.0,10.0,9.0,15.0
211.0,63.8,22.0,2.0,0.392,70.5,5.6,3300.0,39.0,36.0,1700.0,9.09,7.2,25.0,15.0,2.0,14.0,0.139,73.21110262286733,6.76,29.0,23.2,24.5,71.4,0.112,365.0,1.0,1.0,1.0,2024.0,10.0,9.0,15.0
208.0,54.2,18.0,2.0,0.355,70.0,5.7,3500.0,64.0,47.0,1700.0,9.94,7.2,29.0,8.0,2.0,12.0,0.123,66.84491978609626,6.53,30.0,24.0,26.1,66.6,0.048,559.0,0.0,2.0,2.0,2024.0,10.0,9.0,9.0
195.6,56.05,16.1,3.0,0.443,70.6,5.5475,3625.0,128.0,45.2,1420.0,10.8145,7.181,33.65,11.7,4.1,16.5,0.2766,66.84491978609626,6.922,25.779999999999998,26.58,26.26,66.8,0.1082,314.8,0.0,2.0,2.0,2024.0,10.0,9.0,9.0
188.45,56.98,19.6,2.0,0.387,60.7,5.5125,3425.0,125.0,45.5,885.2,10.5155,7.13,26.1,15.9,6.667,109.33,0.1987,73.21110262286733,6.5600000000000005,22.74,25.860000000000003,26.02,66.95,0.1152,225.2,0.0,2.0,2.0,2024.0,10.0,9.0,9.0
213.0,53.9,26.0,0.0,0.0,0.0,5.4,3400.0,300.0,45.0,700.0,10.2,6.9,83.0,200.0,17.0,58.0,0.959,0.0,6.61,17.4,25.2,26.1,67.7,0.111,513.0,1.0,0.0,1.0,2024.0,10.0,9.0,13.0
81.5,56.120000000000005,13.6,4.0,0.634,70.0,5.5625,3660.0,238.1,68.8,754.3,10.6995,6.369999999999999,70.8,92.4,6.45,88.833,0.5565,60.47873694932519,6.415000000000001,24.02,27.01,26.7,63.02,0.2004999999999999,519.0,1.0,0.0,1.0,2024.0,10.0,9.0,13.0
82.5,59.85,12.8,3.0,0.263,70.2,5.5625,3615.0,310.1,69.5,815.3,10.6495,6.38,61.0,49.7,5.25,29.7,0.5421,54.74917239623122,6.328,23.13,27.44,26.83,63.35,0.1826,507.8,1.0,0.0,1.0,2024.0,10.0,9.0,13.0
260.0,66.6,27.0,1.0,0.153,60.4,5.4,3600.0,320.0,58.0,1700.0,12.35,7.9,62.0,19.0,3.0,18.0,0.256,64.29844665138783,6.77,21.4,25.6,26.2,64.8,0.105,541.0,2.0,0.0,1.0,2024.0,10.0,9.0,22.0
147.3,55.27999999999999,15.7,3.0,0.515,70.4,5.5015,3495.0,331.5,47.4,749.0,11.587,6.863,42.6,55.5,5.4,25.2,0.3898999999999999,67.48153806977336,6.39,27.75,26.42,26.93,64.11999999999999,0.0988,387.2,2.0,0.0,1.0,2024.0,10.0,9.0,22.0
147.3,57.02,15.7,4.0,0.461,70.7,5.431500000000001,3445.0,339.5,47.6,673.0,11.587,6.803,42.6,54.7,5.4,24.0,0.3875999999999999,60.47873694932519,6.446,26.910000000000004,26.43,27.05,64.19999999999999,0.0994,374.5,2.0,0.0,1.0,2024.0,10.0,9.0,22.0
220.0,64.6,33.0,0.0,0.0,0.0,5.4,3900.0,110.0,42.0,1000.0,11.83,7.5,51.0,15.0,3.0,21.0,0.245,0.0,6.76,20.3,25.2,26.5,65.3,0.032,434.0,1.0,0.0,0.0,2024.0,10.0,9.0,10.0
167.4,56.6,21.0,1.0,0.183,70.3,5.4625,3160.0,279.05,46.55,809.0,9.822999999999997,6.730000000000001,13.85,51.4,4.1,15.0,0.2101,58.88719124013242,6.486,23.0,23.71,24.96,72.05999999999999,0.092,318.2,1.0,0.0,0.0,2024.0,10.0,9.0,10.0
181.6,56.16,21.9,2.0,0.184,50.8,5.411499999999999,3260.0,355.0,43.15,710.0,10.395,6.794,9.55,28.3,2.1,17.9,0.153,57.93226381461675,6.468999999999999,25.35,23.4,24.37,76.45,0.0921,301.4,1.0,0.0,0.0,2024.0,10.0,9.0,10.0
77.6,50.1,19.7,2.0,0.497,80.0,5.429,3240.0,389.05,45.4,498.9,11.087,6.935,31.55,68.4,4.3,51.7,0.6569,78.62235803412274,6.3870000000000005,24.6,24.9,25.75,67.69000000000001,0.1914,359.2,0.0,0.0,0.0,2024.0,10.0,9.0,28.0
94.65,51.63000000000001,20.7,2.0,0.464,70.7,5.41,3350.0,369.0,48.9,426.0,11.015999999999998,7.06,12.0,24.5,2.15,21.8,0.118,77.98573975044563,6.538999999999999,29.48,24.85,25.44,69.84,0.1158,311.9,0.0,0.0,0.0,2024.0,10.0,9.0,28.0
240.0,55.1,26.0,0.0,0.0,0.0,5.4,3400.0,180.0,38.0,200.0,10.37,7.4,31.0,34.0,5.0,12.0,0.219,0.0,6.78,27.3,25.2,26.3,63.4,0.068,438.0,0.0,0.0,0.0,2024.0,10.0,9.0,28.0
156.5,60.79,18.8,3.0,0.31,60.5,5.4495,3390.0,146.2,42.5,736.0,9.547999999999998,7.058,15.1,25.3,3.9,20.8,0.127,59.523809523809526,6.487,25.950000000000006,25.39,25.84,67.05,0.161,211.5,1.0,2.0,0.0,2024.0,10.0,9.0,12.0
188.5,59.18000000000001,20.7,2.0,0.08,40.8,5.4395,3280.0,351.8,42.7,912.0,9.778,7.258,26.9,24.8,3.8,26.6,0.1251,47.428062133944486,6.558,24.98,25.37,25.78,67.67,0.1248999999999999,309.4,1.0,2.0,0.0,2024.0,10.0,9.0,12.0
230.0,63.6,27.0,0.0,0.0,0.0,5.4,3500.0,71.0,40.0,1100.0,9.57,7.7,31.0,14.0,3.0,18.0,0.15,0.0,6.88,27.5,25.6,26.2,68.5,0.083,545.0,1.0,2.0,0.0,2024.0,10.0,9.0,12.0
169.7,56.760000000000005,15.7,2.0,0.323,70.0,5.557,3485.0,131.6,53.05,638.0,10.921,7.08,16.0,35.4,4.3,10.5,0.0467999999999999,66.84491978609626,6.418000000000001,34.87,24.19,25.47,73.35999999999999,0.3013,251.7,2.0,2.0,1.0,2024.0,10.0,9.0,26.0
154.8,49.85,18.6,3.0,0.324,80.0,5.497999999999999,3750.0,524.0,62.1,1418.0,12.629,7.442,51.6,35.7,27.55,107.6,0.4137,55.70409982174688,6.571,10.865000000000002,26.4,26.81,69.94,0.1268,722.2,2.0,2.0,1.0,2024.0,10.0,9.0,26.0
232.0,59.1,23.0,1.0,0.198,70.6,5.5,3900.0,63.0,53.0,1300.0,11.42,7.9,37.0,41.0,4.0,17.0,0.232,71.93786605551311,6.84,28.0,26.0,26.3,66.1,0.077,533.0,2.0,2.0,1.0,2024.0,10.0,9.0,26.0
122.5,47.49,7.5,0.0,0.0,0.0,5.863,3330.0,172.45,41.1,1155.9,9.549,6.843999999999999,38.533,102.0,10.1,106.6,0.4851999999999999,0.0,6.488,19.22,26.78,26.69,62.95,0.2125,309.7,1.0,1.0,2.0,2024.0,10.0,9.0,16.0
188.4,58.55999999999999,17.3,3.0,0.429,70.3,5.5655,3250.0,115.2,40.6,1857.9,10.254,6.797,26.4,21.6,4.1,24.9,0.1705999999999999,62.070282658517954,6.436,23.660000000000004,25.77,26.79,64.68,0.1682,550.0,1.0,1.0,2.0,2024.0,10.0,9.0,16.0
218.0,61.6,24.0,4.0,0.667,60.9,5.5,4300.0,110.0,60.0,2100.0,12.86,7.9,15.0,28.0,4.0,14.0,0.164,74.8026483320601,6.72,20.7,23.2,25.1,67.8,0.053,467.0,1.0,1.0,2.0,2024.0,10.0,9.0,16.0
196.0,60.3,20.0,3.0,0.283,90.0,5.5,4000.0,130.0,65.0,1000.0,12.02,7.3,38.0,23.0,4.0,45.0,0.215,63.66182836771072,6.85,23.2,24.0,25.5,66.0,0.246,245.0,0.0,0.0,0.0,2024.0,10.0,9.0,1.0
173.6,53.99000000000001,18.4,2.0,0.322,70.0,5.567500000000001,3280.0,136.9,50.6,327.7,10.470999999999998,6.706999999999999,24.9,30.8,2.85,34.6,0.2029,66.84491978609626,6.458000000000001,33.87,26.77,27.72000000000001,62.48,0.1448999999999999,381.0,0.0,0.0,0.0,2024.0,10.0,9.0,1.0
163.8,53.52,14.8,3.0,0.358,60.4,5.5920000000000005,3380.0,167.9,51.55,497.7,10.324,6.516,27.6,29.2,3.05,35.25,0.2214,50.92946269416858,6.44,30.25,26.44,27.690000000000005,61.720000000000006,0.1095,366.6,0.0,0.0,0.0,2024.0,10.0,9.0,1.0
208.0,59.0,20.0,4.0,0.454,65.0,5.6,3500.0,150.0,46.0,1400.0,11.16,7.6,9.0,21.0,2.0,9.0,0.095,60.47873694932519,6.61,26.0,24.8,26.0,67.9,0.073,176.0,1.0,0.0,2.0,2024.0,10.0,9.0,14.0
190.3,54.92999999999999,18.0,2.0,0.263,65.0,5.6195,3730.0,171.4,46.75,827.0,10.802,6.51,22.7,60.8,4.3,49.2,0.2351,62.070282658517954,6.68,28.35,24.12,24.49,74.50999999999999,0.1281999999999999,233.9,1.0,0.0,2.0,2024.0,10.0,9.0,14.0
153.75,53.36,20.9,2.0,0.283,90.0,5.5955,3730.0,175.4,46.15,621.0,10.802,6.547999999999999,23.8,64.95,3.7,49.2,0.2413,63.66182836771072,6.668000000000001,30.04,23.82,24.49,74.35999999999999,0.1319,230.9,1.0,0.0,2.0,2024.0,10.0,9.0,14.0
230.0,57.2,15.0,5.0,0.822,60.7,5.5,3900.0,78.0,59.0,850.0,11.19,7.2,51.0,33.0,5.0,70.0,0.369,68.43646549528903,6.62,20.6,26.8,26.1,64.8,0.068,513.0,0.0,1.0,2.0,2024.0,10.0,9.0,7.0
148.2,53.830000000000005,19.5,4.0,0.563,68.0,5.381500000000001,3340.0,425.0,50.7,636.0,11.183,6.619,23.7,14.0,2.8,25.4,0.1208999999999999,70.0280112044818,6.461,35.85,23.7,24.06,77.04999999999998,0.1541,222.0,0.0,1.0,2.0,2024.0,10.0,9.0,7.0
79.7,48.14999999999999,8.7,0.0,0.0,0.0,5.443499999999999,3540.0,301.0,51.15,854.0,11.753,6.578999999999999,43.5,107.6,6.8,103.05,0.3834000000000001,0.0,6.33,20.61,28.25,28.95,53.78,0.1571,263.3,0.0,1.0,2.0,2024.0,10.0,9.0,7.0
229.0,60.2,21.0,2.0,0.349,80.5,5.5,3400.0,66.0,44.0,710.0,8.4,7.1,100.0,27.0,4.0,76.0,0.441,62.070282658517954,6.66,25.6,26.0,26.4,65.0,0.181,411.0,0.0,2.0,0.0,2024.0,10.0,9.0,3.0
188.7,58.4,15.1,3.0,0.601,70.7,5.639000000000001,3150.0,231.8,54.1,674.0,10.5935,5.89,12.7,44.75,3.1,21.2,0.1672,74.8026483320601,6.673,33.77,25.28,25.89,67.14999999999999,0.1535,226.0,0.0,2.0,0.0,2024.0,10.0,9.0,3.0
186.4,53.5,13.3,1.0,0.144,60.7,5.618,3110.0,164.3,39.15,412.4,9.1415,6.58,11.7,14.7,2.1,16.3,0.1166999999999999,62.070282658517954,6.309,34.209999999999994,23.9,24.12,78.01,0.1364,187.7,0.0,2.0,0.0,2024.0,10.0,9.0,3.0
171.4,58.790000000000006,13.4,2.0,0.415,70.3,5.49,3380.0,114.5,51.1,811.1,10.59,6.830000000000001,19.5,33.5,3.3,95.7,0.2112,73.21110262286733,6.432,33.35,27.72,28.04,59.98,0.1277,640.5,2.0,0.0,2.0,2024.0,10.0,9.0,23.0
165.25,57.25,24.9,0.0,0.0,0.0,5.334999999999999,3330.0,192.5,47.6,515.5,10.211,6.7620000000000005,11.0,14.9,2.9,12.9,0.1819,0.0,6.408,34.61999999999999,24.630000000000003,25.630000000000003,73.41,0.2196,358.4,2.0,0.0,2.0,2024.0,10.0,9.0,23.0
220.0,61.2,24.0,3.0,0.468,70.0,5.3,3300.0,85.0,46.0,630.0,10.01,7.1,10.0,26.0,3.0,9.0,0.113,70.0280112044818,6.69,32.7,26.4,26.5,67.5,0.137,582.0,2.0,0.0,2.0,2024.0,10.0,9.0,23.0
177.3,57.66,16.0,2.0,0.274,65.0,5.414,3270.0,134.5,49.0,240.5,9.326,7.209999999999999,6.6,15.0,1.2,12.65,0.0759,66.84491978609626,6.726999999999999,36.870000000000005,24.79,25.57,67.55,0.0973,206.2,2.0,2.0,0.0,2024.0,10.0,9.0,21.0
160.0,58.82000000000001,17.3,1.0,0.143,65.0,5.3870000000000005,3260.0,156.3,50.9,245.5,9.468,7.229999999999999,5.4,16.5,1.3,10.55,0.0721,66.84491978609626,6.536,36.010000000000005,24.79,25.649999999999995,67.50999999999999,0.0873,208.0,2.0,2.0,0.0,2024.0,10.0,9.0,21.0
229.0,55.5,29.0,1.0,0.343,70.4,5.3,3200.0,83.0,42.0,680.0,8.35,7.3,11.0,23.0,2.0,11.0,0.103,66.84491978609626,6.74,27.8,26.0,26.1,67.7,0.067,420.0,2.0,2.0,0.0,2024.0,10.0,9.0,21.0
95.6,50.900000000000006,11.5,5.0,0.7,65.0,5.922,3480.0,259.5,61.1,1466.0,12.106,6.609999999999999,51.4,53.05,8.2,92.3,0.5964,69.2322383498854,6.833,27.6,29.309999999999995,30.69,54.52,0.9816000000000004,586.8,0.0,0.0,2.0,2024.0,10.0,9.0,5.0
151.3,53.86,12.7,0.0,0.0,0.0,5.461499999999999,3255.0,154.2,44.4,828.1,10.9105,6.676,8.75,5.05,1.6,32.6,0.0703999999999999,0.0,6.412000000000001,25.879999999999995,27.590000000000003,29.37,56.710000000000015,0.081,423.7,0.0,0.0,2.0,2024.0,10.0,9.0,5.0
119.0,56.2,11.0,2.0,0.411,70.2,5.4,3600.0,44.0,45.0,1800.0,10.9,6.9,53.0,5.0,2.0,48.0,0.195,75.75757575757576,6.59,28.0,24.4,25.8,66.6,0.039,244.0,0.0,0.0,2.0,2024.0,10.0,9.0,5.0
143.55,52.75,7.3,1.0,0.174,70.3,5.31,3300.0,518.0,60.4,1279.6,12.523,6.51,60.55,52.0,7.3,83.0,0.5491999999999999,66.84491978609626,6.439,29.34,26.75,27.329999999999995,60.58,0.0950999999999999,236.2,2.0,2.0,2.0,2024.0,10.0,9.0,30.0
104.15,49.88,6.6,1.0,0.109,50.7,5.3,3280.0,505.7,57.7,1973.8,12.736999999999998,6.472999999999999,82.55,89.4,10.75,117.9,0.9846,62.070282658517954,6.368,24.76,26.67,27.07,61.39,0.1289,205.1,2.0,2.0,2.0,2024.0,10.0,9.0,30.0
217.0,58.8,25.0,2.0,0.418,70.1,5.3,3900.0,180.0,54.0,1000.0,12.35,6.8,28.0,19.0,5.0,12.0,0.169,68.43646549528903,6.88,33.4,23.6,25.2,69.5,0.233,245.0,2.0,2.0,2.0,2024.0,10.0,9.0,30.0
224.0,61.1,31.0,9.0,1.406,65.5,5.4,3600.0,83.0,46.0,1300.0,10.19,7.1,23.0,26.0,2.0,16.0,0.151,63.66182836771072,6.74,21.3,23.6,24.8,70.3,0.125,245.0,2.0,1.0,0.0,2024.0,10.0,9.0,20.0
185.85,59.15,18.2,1.0,0.176,70.5,5.4175,3230.0,160.8,44.3,334.1,9.746,6.5680000000000005,13.7,16.7,1.8,37.2,0.0934,66.84491978609626,6.706,32.88,24.75,25.550000000000004,69.39000000000001,0.0941,239.9,2.0,1.0,0.0,2024.0,10.0,9.0,20.0
214.9,59.19000000000001,20.1,5.0,0.727,65.0,5.369999999999999,3290.0,118.8,46.55,288.1,10.132,6.73,13.4,21.85,1.7,16.45,0.0955999999999999,60.47873694932519,6.912000000000001,36.21,24.91,25.37,69.92,0.1156,260.9,2.0,1.0,0.0,2024.0,10.0,9.0,20.0
212.0,52.3,22.0,2.0,0.303,70.4,5.4,3500.0,120.0,52.0,1800.0,11.08,6.7,100.0,66.0,5.0,170.0,0.523,71.61955691367456,6.71,22.6,23.4,24.3,70.9,0.265,267.0,1.0,2.0,2.0,2024.0,10.0,9.0,18.0
153.9,58.53,16.0,3.0,0.438,64.0,5.479999999999999,3475.0,127.2,50.0,1710.0,11.132,6.394,24.7,26.4,2.8,20.5,0.1790999999999999,62.070282658517954,6.454000000000001,23.76,27.68,28.57,56.99,0.1787,567.5,1.0,2.0,2.0,2024.0,10.0,9.0,18.0
139.9,59.15,17.8,1.0,0.045,40.3,5.47,3440.0,325.9,59.2,1646.0,11.6825,6.362,28.6,30.1,2.6,19.1,0.1830999999999999,46.15482556659028,6.594000000000001,25.23,26.860000000000003,27.270000000000003,59.79,0.1547,543.5,1.0,2.0,2.0,2024.0,10.0,9.0,18.0
229.0,59.3,27.0,4.0,0.418,60.8,5.5,3800.0,140.0,55.0,1600.0,11.51,7.4,17.0,18.0,3.0,110.0,0.117,66.84491978609626,6.71,22.6,23.4,24.3,70.9,0.265,267.0,1.0,1.0,1.0,2024.0,10.0,9.0,29.0
187.4,54.25,21.4,4.0,0.504,60.5,5.465,3310.0,325.1,62.9,1956.0,11.89,6.83,19.7,25.0,4.5,90.3,0.2444,6.047873694932519,6.348000000000001,24.619999999999997,25.22,25.79,64.25000000000001,0.1727999999999999,218.5,1.0,1.0,1.0,2024.0,10.0,9.0,29.0
184.3,58.16,23.0,3.0,0.419,70.2,5.340000000000001,3490.0,458.1,59.4,1413.6,12.744,6.789999999999999,11.5,16.3,2.8,18.25,0.1058,65.25337407690348,7.209999999999999,25.91,25.55,26.059999999999995,65.31,0.0666,224.7,1.0,1.0,1.0,2024.0,10.0,9.0,29.0
215.0,56.4,22.0,4.0,0.689,70.0,5.3,3600.0,120.0,51.0,720.0,10.86,6.5,59.0,23.0,3.0,21.0,0.28,70.0280112044818,6.31,0.0,26.8,25.9,70.6,0.035,895.0,2.0,1.0,2.0,2024.0,10.0,9.0,25.0
188.4,56.67,17.9,4.0,0.739,70.2,5.429999999999999,3425.0,226.0,50.65,678.0,10.909,6.285,40.8,36.2,3.2,34.2,0.3157,7.48026483320601,6.267,29.000000000000007,24.58,25.5,70.22,0.07,400.1,2.0,1.0,2.0,2024.0,10.0,9.0,25.0
185.2,57.010000000000005,19.0,3.0,0.555,70.5,5.528499999999999,3500.0,229.0,51.5,362.0,10.636,6.44,35.8,24.1,3.2,25.2,0.2715000000000001,70.0280112044818,6.405000000000001,25.87,24.230000000000004,25.65,70.85,0.072,345.9,2.0,1.0,2.0,2024.0,10.0,9.0,25.0
170.4,55.720000000000006,23.8,3.0,0.435,70.0,5.452999999999999,3230.0,199.1,37.3,1149.0,10.099999999999998,6.564,15.9,27.45,2.5,36.0,0.1598,76.39419404125286,6.487,25.72,28.27,27.32,60.65999999999999,0.1159,292.6,2.0,0.0,0.0,2024.0,10.0,9.0,19.0
170.4,54.0,20.8,1.0,0.151,70.6,5.433000000000001,3265.0,219.3,38.65,1951.0,10.36,6.74,16.1,72.45,3.4,42.4,0.2744999999999999,73.84772090654444,6.407000000000001,23.46,27.42,27.11,61.40999999999999,0.1577,284.4,2.0,0.0,0.0,2024.0,10.0,9.0,19.0
213.0,58.0,32.0,3.0,0.463,70.2,5.4,3100.0,170.0,42.0,280.0,9.62,7.3,44.0,14.0,3.0,42.0,0.188,75.12095747389866,6.493,41.25000000000001,25.130000000000003,25.34,66.04999999999998,0.9816000000000004,268.0,2.0,0.0,0.0,2024.0,10.0,9.0,19.0
158.4,54.06999999999999,16.8,3.0,0.318,70.2,5.44,3350.0,204.0,47.4,899.2,9.865,6.862,47.2,57.6,6.8,63.65,0.4480000000000001,70.0280112044818,6.384,30.99,23.9,24.53,75.63,0.0843,191.4,0.0,1.0,0.0,2024.0,10.0,9.0,2.0
145.3,47.74,13.7,0.0,0.0,0.0,5.638000000000001,3410.0,262.26666666666665,51.8,399.8,10.063,7.045999999999999,7.3,17.3,2.9,10.0,0.07,0.0,7.135,36.99,22.94,24.03,72.53999999999999,0.1377,368.2,0.0,1.0,0.0,2024.0,10.0,9.0,2.0
209.0,49.6,31.0,4.0,0.473,60.5,5.4,3500.0,150.0,46.0,560.0,10.29,6.8,98.0,57.0,9.0,90.0,0.511,60.89253883371531,6.65,26.4,26.7,25.0,73.0,0.123,238.0,0.0,1.0,0.0,2024.0,10.0,9.0,2.0
84.95,53.11999999999999,8.5,0.0,0.0,0.0,5.597,3460.0,273.5,41.2,2460.0,11.3325,6.696,285.3999999999951,88.05,11.4,143.3,0.8399999999999999,0.0,6.445,22.67,27.64,28.28,59.90999999999999,0.6876999999999999,692.6,0.0,1.0,1.0,2024.0,10.0,9.0,6.0
188.55,56.64000000000001,28.6,4.0,0.477,70.3,5.449999999999998,3580.0,296.6,54.7,913.0,11.119000000000002,6.997999999999999,18.1,11.7,2.6,22.1,0.1265,64.61675579322639,6.530999999999999,35.09,23.18,24.45,74.99000000000001,0.1254999999999999,280.9,0.0,1.0,1.0,2024.0,10.0,9.0,6.0
236.0,54.6,26.0,4.0,0.566,70.0,5.5,3700.0,88.0,59.0,2400.0,11.45,6.4,180.0,130.0,9.0,130.0,1.024,64.93506493506493,6.79,22.3,23.2,24.5,71.0,0.072,267.0,0.0,1.0,1.0,2024.0,10.0,9.0,6.0
169.4,54.23,17.2,4.0,0.71,70.5,5.3935,3450.0,293.6,46.8,412.0,10.23,6.924,68.25,37.6,2.6,89.65,0.5340999999999999,70.6646294881589,6.416,27.390000000000004,24.15,25.27,66.34,0.1548,239.0,1.0,2.0,1.0,2024.0,10.0,9.0,17.0
159.4,52.11,18.9,3.0,0.514,70.6,5.443499999999999,3530.0,268.6,49.1,583.0,10.288499999999996,6.897,92.0,36.2,16.55,146.0,0.5736,71.61955691367456,6.329,26.31,26.21,27.40000000000001,62.79,0.0625,219.7,1.0,2.0,1.0,2024.0,10.0,9.0,17.0
224.0,50.7,28.0,0.0,0.0,0.0,5.5,4100.0,65.0,46.0,620.0,10.83,7.4,160.0,50.0,13.0,120.0,0.697,0.0,6.79,26.7,23.2,24.6,71.5,0.184,252.0,1.0,2.0,1.0,2024.0,10.0,9.0,17.0
216.0,52.2,24.0,2.0,0.233,70.4,5.3,3200.0,160.0,40.0,440.0,9.78,6.9,70.0,14.0,5.0,43.0,0.279,57.29564553093965,6.57,0.0,26.4,27.5,60.0,0.119,523.0,1.0,1.0,0.0,2024.0,10.0,9.0,11.0
193.4,52.64,19.0,2.0,0.18,60.5,5.5525,3170.0,308.0,46.65,740.0,10.323,6.610000000000001,23.6,60.15,4.3,54.4,0.3583,58.88719124013242,6.5840000000000005,32.68,23.98,24.19,73.77000000000001,0.1022,227.1,1.0,1.0,0.0,2024.0,10.0,9.0,11.0
206.8,53.2,16.8,6.0,0.576,55.15,5.515000000000001,3110.0,286.0,49.0,878.0,10.137,6.901000000000001,16.05,31.5,2.8,25.0,0.1861,55.70409982174688,6.891,34.620000000000005,23.93,24.02,72.28,0.1148,211.4,1.0,1.0,0.0,2024.0,10.0,9.0,11.0
235.0,58.7,36.0,4.0,0.652,70.7,5.3,3700.0,100.0,45.0,1500.0,11.13,7.3,53.0,40.0,5.0,51.0,0.284,70.0280112044818,6.63,0.0,26.8,27.9,59.9,0.165,297.0,0.0,2.0,1.0,2024.0,10.0,9.0,8.0
168.3,57.90999999999999,20.1,0.0,0.0,0.0,5.367000000000001,3425.0,545.0,53.55,680.0,11.598,6.803999999999999,40.1,77.7,10.05,97.95,0.5983000000000002,0.0,6.416,29.05,23.74,24.1,74.92999999999999,0.1757999999999999,283.1,0.0,2.0,1.0,2024.0,10.0,9.0,8.0
152.5,57.13000000000001,20.4,4.0,0.591,70.5,5.485000000000001,3500.0,197.0,47.45,1128.0,10.204,7.0120000000000005,20.5,33.8,3.5,37.8,0.1573,70.6646294881589,6.548,24.360000000000003,24.91,25.75,67.78999999999999,0.1565,266.4,0.0,2.0,1.0,2024.0,10.0,9.0,8.0
167.2,53.65,15.6,3.0,0.396,70.5,5.5200000000000005,3740.0,130.0,46.9,1513.0,10.996,7.111,42.4,37.0,7.2,121.89,0.4044999999999999,71.61955691367456,6.67,0.0,27.2,27.9,64.2,0.116,431.0,0.0,2.0,2.0,2024.0,10.0,9.0,9.0
161.5,54.61999999999999,15.9,4.0,0.717,70.0,5.500000000000001,3685.0,133.4,48.8,1199.0,11.078,7.100000000000001,100.5,53.7,16.2,119.8,0.6013,74.8026483320601,6.803,23.79,26.629999999999995,26.44,65.72,0.1159999999999999,329.7,0.0,2.0,2.0,2024.0,10.0,9.0,9.0
161.5,54.67,20.1,1.0,0.24,70.7,5.5575,3705.0,138.4,49.4,934.0,10.992,7.010000000000001,104.2,49.1,16.7,107.3,0.5902999999999999,78.62235803412274,6.488000000000001,26.910000000000004,26.630000000000003,26.32,66.34,0.1295,312.5,0.0,2.0,2.0,2024.0,10.0,9.0,9.0
192.3,56.85,21.8,0.0,0.0,0.0,5.475,3415.0,225.1,63.2,716.5,10.4925,6.992,71.4,87.6,7.7,26.9,0.624,0.0,6.73,0.0,26.8,26.8,70.3,0.193,895.0,1.0,0.0,1.0,2024.0,10.0,9.0,13.0
140.95,59.03,11.1,5.0,0.693,60.5,5.6025,3605.0,250.8,68.8,1080.8,10.7655,6.530000000000001,65.8,96.0,7.5,98.233,0.5620999999999999,34.29781003310415,6.386000000000001,24.19,28.18,29.22000000000001,59.370000000000005,0.2133999999999999,400.2,1.0,0.0,1.0,2024.0,10.0,9.0,13.0
112.65,61.86999999999999,13.5,2.0,0.235,60.2,5.6025,3280.0,258.5,64.6,765.3,10.8355,6.5,59.0,48.05,5.35,29.2,0.5311999999999999,60.47873694932519,6.366,22.78,27.07,26.86,64.26,0.2059,394.4,1.0,0.0,1.0,2024.0,10.0,9.0,13.0
131.05,57.02,15.7,1.0,0.251,60.9,5.667,3495.0,157.3,53.05,587.2,11.6155,7.05,5.5,22.7,2.3,13.4,0.0445,79.5772854596384,6.622,35.190000000000005,23.79,24.56000000000001,74.78000000000002,0.1893,227.7,2.0,2.0,1.0,2024.0,10.0,9.0,26.0
171.2,45.150000000000006,18.6,4.0,0.564,70.4,5.517,3690.0,259.6,52.45,814.0,12.4145,7.19,8.7,25.9,2.65,36.1,0.1419,71.61955691367456,6.622,34.75,25.820000000000004,26.1,72.22,0.1724,315.1,2.0,2.0,1.0,2024.0,10.0,9.0,26.0
154.7,46.220000000000006,19.3,3.0,0.361,70.5,5.448,3740.0,523.0,63.75,1398.0,12.994,7.362,52.1,37.1,20.0,90.6,0.3901,64.61675579322639,6.64,0.0,26.8,27.4,70.9,0.147,792.0,2.0,2.0,1.0,2024.0,10.0,9.0,26.0
122.5,47.49,7.5,0.0,0.0,0.0,5.863,3330.0,172.45,41.1,1155.9,9.549,6.843999999999999,38.533,102.0,10.1,106.6,0.4851999999999999,0.0,6.488,19.22,26.78,26.69,62.95,0.2125,309.7,1.0,1.0,2.0,2024.0,10.0,9.0,16.0
169.4,56.75999999999999,19.6,2.0,0.365,70.5,5.558000000000001,3440.0,148.35,48.3,1980.0,10.858,6.752,20.2,22.7,4.1,18.2,0.149,73.21110262286733,6.553999999999999,16.81,25.630000000000003,26.95,64.29,0.1561,520.3,1.0,1.0,2.0,2024.0,10.0,9.0,16.0
129.0,51.45,16.5,1.0,0.172,70.6,5.609,3640.0,143.8,49.4,2030.0,10.832999999999998,6.812,17.2,26.2,5.25,23.5,0.1494,74.8026483320601,6.64,0.0,27.2,27.9,60.1,0.135,507.0,1.0,1.0,2.0,2024.0,10.0,9.0,16.0
130.6,50.92,11.6,1.0,0.196,80.0,5.5725,3090.0,395.0,40.2,1282.0,9.876,6.159999999999999,15.4,130.1,11.4,52.1,0.6469,73.21110262286733,7.173,22.49,27.620000000000005,28.01,60.98,0.0887,486.2,1.0,0.0,0.0,2024.0,10.0,9.0,10.0
157.4,53.64,10.5,2.0,0.383,70.0,5.542,2995.0,379.0,45.4,721.0,9.888,6.599000000000001,11.1,94.9,4.3,41.6,0.257,71.61955691367456,6.72,0.0,26.4,27.6,57.3,0.105,889.0,1.0,0.0,0.0,2024.0,10.0,9.0,10.0
201.6,58.04,19.0,0.0,0.0,0.0,5.5025,3320.0,301.7,53.8,888.0,11.2855,6.7700000000000005,39.3,55.1,4.4,24.1,0.3581,0.0,6.397999999999999,28.520000000000003,26.19,26.570000000000004,65.85999999999999,0.1143999999999999,389.5,2.0,0.0,1.0,2024.0,10.0,9.0,22.0
201.6,58.04,19.0,0.0,0.0,0.0,5.5025,3320.0,301.7,53.8,888.0,11.2855,6.7700000000000005,39.3,55.1,4.4,24.1,0.3581,0.0,6.397999999999999,28.520000000000003,26.19,26.570000000000004,65.85999999999999,0.1143999999999999,389.5,2.0,0.0,1.0,2024.0,10.0,9.0,22.0
136.1,56.13,16.8,2.0,0.205,70.2,5.5025,3435.0,342.5,47.4,775.0,11.549,6.813000000000001,41.0,54.7,5.8,25.0,0.3434,70.0280112044818,6.345,29.18,26.47,26.910000000000004,65.46,0.1037,367.3,2.0,0.0,1.0,2024.0,10.0,9.0,22.0
145.9,60.8,19.4,4.0,0.328,60.5,5.453,3230.0,229.5,44.5,577.0,9.627,6.877,13.6,20.0,3.5,17.5,0.1296,62.070282658517954,6.438999999999998,28.21,25.590000000000003,25.84,67.51,0.146,218.6,1.0,2.0,0.0,2024.0,10.0,9.0,12.0
181.4,60.96,21.1,1.0,0.127,60.7,5.4495,3310.0,347.9,42.6,714.0,10.087,7.147,23.7,24.8,3.9,22.0,0.127,58.88719124013242,6.475,25.020000000000003,25.270000000000003,25.790000000000003,67.28999999999999,0.1527,309.4,1.0,2.0,0.0,2024.0,10.0,9.0,12.0
97.3,58.320000000000014,23.8,2.0,0.325,70.5,5.412999999999999,3270.0,396.2,46.1,397.0,11.138,6.549,11.6,9.1,2.2,30.1,0.0878,65.25337407690348,6.389,32.58,25.080000000000005,25.99,66.92999999999999,0.0921,280.2,1.0,2.0,0.0,2024.0,10.0,9.0,12.0
152.0,54.90000000000001,18.0,1.0,0.023,50.4,5.630000000000001,3130.0,138.2,38.7,738.9,9.15,6.871,26.15,27.5,3.35,19.0,0.4040999999999999,54.11255411255412,6.73,28.380000000000003,27.04,28.07,60.58,0.0494,254.1,0.0,0.0,0.0,2024.0,10.0,9.0,28.0
207.2,54.42,22.8,0.0,0.0,0.0,5.586,3280.0,148.2,48.1,333.9,9.486,6.890000000000001,14.9,30.1,2.9,11.4,0.1626,0.0,6.547999999999999,28.85,24.78,25.96,65.03,0.1855,297.2,0.0,0.0,0.0,2024.0,10.0,9.0,28.0
112.55,53.91,22.8,1.0,0.046,70.6,5.518,3210.0,142.2,44.0,288.9,9.43,6.876,10.0,21.3,2.2,20.9,0.1125,63.66182836771072,6.878,31.92,24.15,25.02,70.17,0.113,259.2,0.0,0.0,0.0,2024.0,10.0,9.0,28.0
175.7,55.1,17.7,3.0,0.34,70.0,5.5535000000000005,3320.0,128.1,49.05,546.7,11.017,7.206999999999999,33.9,29.8,3.05,34.55,0.2211,68.43646549528903,6.51,30.559999999999995,26.660000000000004,27.32,62.7,0.1469999999999999,378.0,0.0,0.0,0.0,2024.0,10.0,9.0,1.0
181.9,55.370000000000005,18.0,4.0,0.437,70.6,5.5535000000000005,3360.0,128.1,50.9,546.7,11.118,7.222999999999999,34.5,29.4,3.1,34.75,0.2204,68.75477463712758,6.51,30.68,26.660000000000004,26.78,62.7,0.1433999999999999,312.7,0.0,0.0,0.0,2024.0,10.0,9.0,1.0
212.0,54.45,16.5,0.0,0.0,0.0,5.6165,3710.0,112.3,50.0,766.5,10.103,6.56,61.6,56.4,6.6,80.4,0.4939999999999999,0.0,6.656999999999999,32.230000000000004,24.010000000000005,24.440000000000005,74.13999999999999,0.2463,379.9,1.0,0.0,2.0,2024.0,10.0,9.0,14.0
122.9,48.63,30.7,3.0,0.582,70.6,5.566000000000001,3500.0,380.0,50.1,399.5,11.844,7.220000000000001,9.2,21.1,1.6,18.1,0.0805999999999999,76.39419404125286,6.428,30.54,24.380000000000003,25.07,69.19,0.2493,169.6,1.0,0.0,2.0,2024.0,10.0,9.0,14.0
212.0,54.45,16.5,0.0,0.0,0.0,5.6165,3710.0,112.3,50.0,766.5,10.103,6.56,61.6,56.4,6.6,80.4,0.4939999999999999,0.0,6.656999999999999,32.230000000000004,24.010000000000005,24.440000000000005,74.13999999999999,0.2463,379.9,1.0,0.0,2.0,2024.0,10.0,9.0,14.0
135.2,55.44,14.1,1.0,0.136,70.0,5.4705,3430.0,109.9,45.2,1236.0,10.285,6.786,9.6,9.7,1.8,27.9,0.0749,59.84211866564808,6.44,27.84,24.22,23.750000000000004,78.89,0.1183999999999999,214.7,0.0,0.0,2.0,2024.0,10.0,9.0,5.0
121.1,52.73,10.5,2.0,0.287,60.5,5.561999999999999,3350.0,139.3,41.6,857.1,11.06,6.36,37.0,43.8,7.6,39.1,0.283,66.84491978609626,6.389000000000001,22.23,27.07,28.99,53.55,0.1896,290.3,0.0,0.0,2.0,2024.0,10.0,9.0,5.0
121.1,54.64,11.2,3.0,0.383,60.7,5.581999999999999,3285.0,131.9,44.5,1141.1,10.906,6.587000000000001,35.5,13.3,2.45,32.35,0.1632,68.43646549528903,6.475,26.97,27.83,29.55,53.86,0.0479,425.0,0.0,0.0,2.0,2024.0,10.0,9.0,5.0
143.55,53.53,7.3,3.0,0.419,70.0,5.35,3300.0,521.0,60.4,1579.6,12.754,6.4,68.6,77.0,7.3,82.0,0.7373999999999999,66.84491978609626,6.416,31.08,26.71,27.37,60.21999999999999,0.0951,258.6,2.0,2.0,2.0,2024.0,10.0,9.0,30.0
143.55,53.81,6.6,3.0,0.4,60.7,5.3,3300.0,494.0,58.0,1579.6,12.923999999999998,6.38,68.3,77.0,7.1,82.0,0.699,70.0280112044818,6.414999999999999,30.76,26.660000000000004,27.42,60.50999999999999,0.0985,213.8,2.0,2.0,2.0,2024.0,10.0,9.0,30.0
152.05,58.04,11.0,4.0,0.42,70.5,5.279999999999999,3760.0,401.0,62.9,1136.8,12.648,6.711999999999999,65.8,46.9,7.3,79.3,0.5107999999999999,76.39419404125286,6.605,34.16,26.18,26.9,62.92,0.106,231.2,2.0,2.0,2.0,2024.0,10.0,9.0,30.0
197.9,54.80999999999999,16.0,1.0,0.17,80.0,5.675,3190.0,138.6,37.4,577.4,9.9755,6.19,50.2,37.25,3.0,71.1,0.2834,85.94346829640948,6.615,35.51,23.7,25.219999999999995,72.82000000000001,0.4999,265.9,0.0,2.0,0.0,2024.0,10.0,9.0,3.0
181.7,51.86,12.7,2.0,0.254,70.1,5.629,3035.0,151.2,36.85,603.4,9.694,6.24,6.3,17.7,2.2,21.15,0.0681999999999999,72.57448433919022,6.364,34.489999999999995,24.36,25.610000000000003,71.80000000000001,0.1167,257.0,0.0,2.0,0.0,2024.0,10.0,9.0,3.0
186.4,53.760000000000005,13.3,1.0,0.128,60.9,5.627999999999999,3150.0,164.3,39.25,393.4,9.1415,6.58,11.7,17.75,2.1,18.2,0.1166999999999999,61.7519735166794,6.324,34.209999999999994,24.09,24.12,78.01,0.1364,186.4,0.0,2.0,0.0,2024.0,10.0,9.0,3.0
189.8,55.05,19.5,3.0,0.354,70.5,5.2945,3100.0,429.2,49.2,449.0,11.195,6.559,21.3,33.7,1.8,33.6,0.0839,70.0280112044818,6.573,23.52,23.97,23.96,77.01000000000002,0.1725,331.9,0.0,1.0,2.0,2024.0,10.0,9.0,7.0
143.5,53.52,17.4,3.0,0.351,70.0,5.366,3280.0,373.8,51.3,401.0,10.968,6.409000000000001,34.5,34.4,3.7,32.9,0.3298,74.8026483320601,6.456,33.260000000000005,25.940000000000005,26.440000000000005,65.96000000000001,0.2232,645.5,0.0,1.0,2.0,2024.0,10.0,9.0,7.0
79.7,48.14999999999999,8.7,0.0,0.0,0.0,5.443499999999999,3540.0,301.0,51.15,854.0,11.753,6.578999999999999,43.5,107.6,6.8,103.05,0.3834000000000001,0.0,6.33,20.61,28.25,28.95,53.78,0.1571,263.3,0.0,1.0,2.0,2024.0,10.0,9.0,7.0
210.1,57.35,22.8,3.0,0.494,70.3,5.564,3050.0,123.3,44.9,316.0,8.936499999999999,6.37,19.05,17.9,3.5,39.65,0.1302,7.48026483320601,6.7620000000000005,30.7,25.48,26.05,65.17999999999999,0.0881999999999999,335.0,2.0,2.0,0.0,2024.0,10.0,9.0,21.0
129.9,53.970000000000006,14.4,0.0,0.0,0.0,5.513999999999999,3180.0,145.7,51.4,1068.0,10.3555,6.587000000000001,79.3,113.45,21.45,108.9,1.0412,0.0,6.425000000000002,19.4,25.44,26.06,63.92999999999999,0.417,286.1,2.0,2.0,0.0,2024.0,10.0,9.0,21.0
175.3,57.14,21.2,2.0,0.387,70.5,5.427,3300.0,182.4,49.6,198.0,9.063999999999998,7.279999999999999,7.0,19.0,1.5,9.85,0.0770999999999999,70.0280112044818,7.336999999999999,33.43,25.1,25.7,67.19,0.1363,252.4,2.0,2.0,0.0,2024.0,10.0,9.0,21.0
166.2,56.510000000000005,15.0,3.0,0.33,70.6,5.49,3370.0,115.5,49.9,738.1,9.944,6.790000000000001,20.9,32.9,3.1,96.5,0.2269,73.21110262286733,6.399000000000001,33.36,28.180000000000007,28.379999999999995,58.27,0.1254,532.2,2.0,0.0,2.0,2024.0,10.0,9.0,23.0
171.4,57.580000000000005,22.5,1.0,0.172,70.2,5.359999999999999,3360.0,176.5,48.6,702.5,10.287,6.8100000000000005,14.0,21.0,2.8,23.3,0.1387999999999999,71.301247771836,6.442,35.33,27.72,27.29,61.3,0.141,539.9,2.0,0.0,2.0,2024.0,10.0,9.0,23.0
165.25,57.25,24.9,0.0,0.0,0.0,5.334999999999999,3330.0,192.5,47.6,515.5,10.211,6.7620000000000005,11.0,14.9,2.9,12.9,0.1819,0.0,6.408,34.61999999999999,24.630000000000003,25.630000000000003,73.41,0.2196,358.4,2.0,0.0,2.0,2024.0,10.0,9.0,23.0
190.35,60.55000000000001,18.1,2.0,0.395,70.4,5.369999999999999,3270.0,134.4,46.5,318.1,10.143,6.82,12.75,16.1,1.65,37.0,0.0754,68.43646549528903,6.925999999999999,36.4,24.89,25.580000000000005,67.86,0.0795,234.7,2.0,1.0,0.0,2024.0,10.0,9.0,20.0
175.45,60.830000000000005,17.9,3.0,0.55,70.6,5.44,3100.0,195.7,42.3,324.0,10.103,6.717999999999999,5.25,13.3,1.0,19.9,0.0489,68.75477463712758,6.321999999999999,40.03,25.03,25.53,68.61000000000001,0.0871,243.2,2.0,1.0,0.0,2024.0,10.0,9.0,20.0
188.5,57.88,14.6,2.0,0.328,70.5,5.477500000000001,3130.0,85.5,44.1,305.2,9.837,6.496,12.3,17.1,1.7,34.5,0.0849,65.25337407690348,6.331999999999999,35.71,25.27,25.330000000000005,69.01,0.0877,221.8,2.0,1.0,0.0,2024.0,10.0,9.0,20.0
143.45,57.42,16.3,3.0,0.28,70.1,5.489999999999999,3435.0,127.2,47.2,1750.0,11.132,6.508,23.4,27.6,2.9,23.5,0.1660999999999999,77.03081232492997,6.48,24.82,27.9,27.35,59.36,0.1142,290.0,1.0,2.0,2.0,2024.0,10.0,9.0,18.0
163.55,54.93000000000001,19.6,2.0,0.432,70.4,5.489999999999999,3495.0,119.2,47.6,1720.0,11.087,6.428,21.6,25.1,2.8,24.6,0.1646999999999999,77.98573975044563,6.526999999999999,22.67,27.28,27.22,60.08999999999999,0.2218,171.0,1.0,2.0,2.0,2024.0,10.0,9.0,18.0
153.1,55.41,17.3,5.0,0.603,70.5,5.479999999999999,3195.0,290.5,56.9,1646.0,11.167,6.306,25.55,27.0,2.7,21.5,0.1790999999999999,67.48153806977336,6.501,22.15,27.64,28.660000000000004,58.71,0.1812,575.9,1.0,2.0,2.0,2024.0,10.0,9.0,18.0
186.95,56.64000000000001,23.4,1.0,0.085,70.1,5.437499999999999,3370.0,209.0,52.1,768.7,10.2005,6.48,15.8,12.0,1.9,32.2,0.0718,69.07308377896614,6.6370000000000005,30.12,24.1,23.840000000000003,69.21,0.1878,255.3,0.0,1.0,1.0,2024.0,10.0,9.0,6.0
190.75,56.91,28.7,4.0,0.52,70.7,5.402499999999999,3420.0,288.1,57.6,429.0,11.0705,6.973999999999999,16.35,10.9,2.15,22.5,0.0928999999999999,73.21110262286733,6.619,33.13000000000001,23.23,23.630000000000003,76.11000000000001,0.1233999999999999,227.5,0.0,1.0,1.0,2024.0,10.0,9.0,6.0
190.75,56.51000000000001,28.7,3.0,0.286,70.2,5.404999999999999,3435.0,289.8,58.4,422.0,11.1195,6.903999999999999,16.35,10.9,1.5,21.6,0.0767,68.43646549528903,6.536,34.31,23.82,23.670000000000005,76.84,0.1266999999999999,255.6,0.0,1.0,1.0,2024.0,10.0,9.0,6.0
126.6,55.94,16.5,3.0,0.368,70.1,5.31,3450.0,388.5,46.1,404.0,10.394,6.577,37.0,17.1,2.1,67.05,0.2098,73.21110262286733,6.427,28.07,25.12,25.74,66.39000000000001,0.101,200.9,1.0,2.0,1.0,2024.0,10.0,9.0,17.0
127.3,55.58,16.8,4.0,0.401,70.1,5.399999999999999,3450.0,348.5,41.8,477.0,10.388,6.587000000000001,33.8,20.6,2.9,67.05,0.1851,66.84491978609626,6.427000000000001,31.93,23.77,24.69,67.67,0.1183,251.6,1.0,2.0,1.0,2024.0,10.0,9.0,17.0
134.9,53.77,20.8,1.0,0.199,70.4,5.359999999999999,3670.0,370.5,47.2,598.0,11.328,6.6,32.6,20.6,2.9,69.4,0.2203,74.48433919022155,6.755,25.36,25.59,27.380000000000003,63.71,0.1088,197.0,1.0,2.0,1.0,2024.0,10.0,9.0,17.0
195.0,57.14000000000001,19.0,2.0,0.163,70.7,5.51,3430.0,163.0,47.6,305.0,8.705499999999999,6.245,38.1,32.55,3.1,20.9,0.3001,6.684491978609626,6.39,29.410000000000004,24.32,25.42,70.67000000000002,0.0886,333.9,2.0,1.0,2.0,2024.0,10.0,9.0,25.0
185.2,56.54,18.2,2.0,0.47,70.0,5.526999999999999,3495.0,232.0,53.65,361.0,10.493,6.43,33.8,24.3,2.7,23.7,0.2949,70.6646294881589,6.298,23.050000000000004,23.790000000000003,24.56,72.83000000000001,0.0736,349.6,2.0,1.0,2.0,2024.0,10.0,9.0,25.0
185.2,56.64,21.3,3.0,0.545,70.9,5.5085,3500.0,262.0,54.25,362.0,10.907999999999998,6.518000000000001,38.9,24.2,3.1,26.0,0.2715000000000001,74.8026483320601,6.3100000000000005,25.87,24.35,25.65,70.85,0.072,326.4,2.0,1.0,2.0,2024.0,10.0,9.0,25.0
126.5,58.44,10.1,0.0,0.0,0.0,5.641,3550.0,189.7,41.3,2830.0,10.777,6.675999999999999,76.1,63.7,14.1,108.1,0.7081,0.0,7.558,27.37,25.71,26.79,63.89999999999999,0.2593999999999999,300.5,1.0,1.0,1.0,2024.0,10.0,9.0,29.0
185.0,60.65,20.6,2.0,0.395,70.3,5.3100000000000005,3400.0,548.0,55.0,1309.0,12.52,6.8,12.9,12.9,2.6,25.95,0.1048,70.0280112044818,7.465000000000001,25.69,25.74,25.77,65.11,0.1011,195.3,1.0,1.0,1.0,2024.0,10.0,9.0,29.0
192.8,57.960000000000015,24.3,3.0,0.47,70.0,5.335000000000001,3670.0,522.1,57.9,568.0,12.905,6.909999999999999,8.3,17.2,3.3,11.8,0.0993999999999999,66.20830150241915,7.133999999999999,36.22,23.58,24.23,75.4,0.1136,207.0,1.0,1.0,1.0,2024.0,10.0,9.0,29.0
160.3,54.71,18.8,3.0,0.622,70.6,5.368999999999999,3250.0,246.0,54.7,992.2,9.696000000000002,6.567,45.7,58.5,7.9,69.05,0.4586000000000001,71.61955691367456,6.487,27.32,24.6,25.0,68.64,0.1652999999999999,195.0,0.0,1.0,0.0,2024.0,10.0,9.0,2.0
165.5,54.14,19.4,3.0,0.54,70.0,5.44,3340.0,199.0,46.1,907.2,9.365,6.497999999999999,38.1,61.2,7.0,64.3,0.3923,73.21110262286733,6.513,27.99,24.020000000000003,25.33,71.72,0.1301999999999999,176.1,0.0,1.0,0.0,2024.0,10.0,9.0,2.0
179.3,54.00999999999999,18.9,1.0,0.218,70.3,5.46,3270.0,175.0,47.1,1099.4,9.501,6.567,60.5,53.7,7.0,63.8,0.3842000000000001,76.39419404125286,6.569,26.0,25.489999999999995,25.5,68.6,0.1258,211.3,0.0,1.0,0.0,2024.0,10.0,9.0,2.0
172.4,57.92,23.0,1.0,0.261,70.3,5.430000000000001,3190.0,195.7,39.45,816.0,9.785,6.703999999999999,16.05,71.85,2.4,42.1,0.2507,82.76037687802393,6.73,38.2,28.27,28.48,57.10000000000001,0.1565,375.1,2.0,0.0,0.0,2024.0,10.0,9.0,19.0
89.35,47.76,6.8,0.0,0.0,0.0,5.840000000000002,3255.0,195.1,40.0,2206.0,10.273,6.859999999999999,10.85,86.8,4.3,58.6,0.2199,0.0,6.359999999999999,24.4,28.23,29.309999999999995,51.9,0.176,288.8,2.0,0.0,0.0,2024.0,10.0,9.0,19.0
167.4,55.27,20.9,2.0,0.622,70.0,5.423,3195.0,139.3,40.9,1662.0,10.064,6.739999999999999,15.15,73.05,3.4,43.4,0.2605999999999999,63.66182836771072,6.345999999999999,25.49,27.45,27.85,58.59,0.1271,276.5,2.0,0.0,0.0,2024.0,10.0,9.0,19.0
150.2,56.65,20.6,2.0,0.223,60.0,5.413,3130.0,444.0,52.65,338.0,10.811,7.139999999999999,7.75,12.9,2.4,18.2,0.0764,60.47873694932519,6.784999999999999,33.36,23.37,24.84,69.85,0.0942,318.7,0.0,2.0,1.0,2024.0,10.0,9.0,8.0
128.7,59.17999999999999,20.3,1.0,0.208,60.8,5.421,3230.0,399.0,51.8,1102.0,10.947499999999998,6.735000000000001,33.6,50.7,6.0,105.6,0.4285,78.9406671759613,6.431,30.049999999999997,24.02,25.16,69.81,0.3293,298.0,0.0,2.0,1.0,2024.0,10.0,9.0,8.0
168.3,57.90999999999999,20.1,0.0,0.0,0.0,5.367000000000001,3425.0,545.0,53.55,680.0,11.598,6.803999999999999,40.1,77.7,10.05,97.95,0.5983000000000002,0.0,6.416,29.05,23.74,24.1,74.92999999999999,0.1757999999999999,283.1,0.0,2.0,1.0,2024.0,10.0,9.0,8.0
174.3,60.92999999999999,21.2,4.0,0.664,70.0,5.4030000000000005,3170.0,411.4,55.7,711.4,11.172,6.316,44.6,35.0,3.4,35.15,0.3131,71.61955691367456,6.414,35.480000000000004,23.97,23.89,78.44,0.0894,144.0,1.0,1.0,1.0,2024.0,10.0,9.0,15.0
173.7,59.9,19.4,2.0,0.403,70.3,5.4615,3060.0,301.7,48.3,855.0,10.589,6.81,39.75,32.2,3.4,36.45,0.3012,71.61955691367456,6.4,34.260000000000005,23.79,23.660000000000004,79.99,0.0895,176.6,1.0,1.0,1.0,2024.0,10.0,9.0,15.0
177.2,60.92,19.4,3.0,0.663,70.4,5.5015,3150.0,385.9,54.0,1049.4,11.614,6.366,54.2,38.2,3.5,39.15,0.4397,74.8026483320601,6.436,27.340000000000003,24.13,23.76,79.17999999999999,0.0945999999999999,129.1,1.0,1.0,1.0,2024.0,10.0,9.0,15.0
190.3,56.71999999999999,18.9,4.0,0.803,70.3,5.394,3170.0,227.1,48.8,2480.0,10.866,6.697,94.0,77.7,16.45,131.05,0.6206999999999999,75.28011204481793,6.406999999999999,20.34,25.700000000000006,26.03,67.38,0.3526999999999999,269.8,2.0,1.0,1.0,2024.0,10.0,9.0,24.0
202.3,56.42999999999999,19.5,2.0,0.511,70.5,5.394,3330.0,234.0,47.25,2077.0,10.712,6.649999999999999,82.95,83.7,16.15,268.45,0.6769999999999999,81.16883116883118,6.58,20.25,25.840000000000003,26.12,66.78,0.2866,236.9,2.0,1.0,1.0,2024.0,10.0,9.0,24.0
196.9,56.46,22.3,2.0,0.371,70.2,5.581,3195.0,265.6,48.25,556.8,9.963,6.726999999999999,33.0,20.7,2.0,11.9,0.1863,73.21110262286733,6.411,33.31,25.21,25.46,69.62,0.2217,232.0,2.0,1.0,1.0,2024.0,10.0,9.0,24.0
194.8,53.10999999999999,19.5,0.0,0.0,0.0,5.487500000000001,3300.0,267.0,46.4,947.0,10.442000000000002,6.612,38.15,63.1,7.6,57.5,0.3827,0.0,6.596000000000001,30.450000000000006,26.33,27.51,62.75,0.0977,236.4,1.0,1.0,0.0,2024.0,10.0,9.0,11.0
167.65,49.28,20.0,2.0,0.515,70.5,5.476000000000001,3375.0,245.0,54.6,1166.0,10.813,7.07,18.6,15.5,2.5,25.5,0.1423,82.76037687802393,6.939,30.78,24.160000000000004,25.04,69.65,0.9816000000000004,302.6,1.0,1.0,0.0,2024.0,10.0,9.0,11.0
194.8,53.10999999999999,19.5,0.0,0.0,0.0,5.487500000000001,3300.0,267.0,46.4,947.0,10.442000000000002,6.612,38.15,63.1,7.6,57.5,0.3827,0.0,6.596000000000001,30.450000000000006,26.33,27.51,62.75,0.0977,236.4,1.0,1.0,0.0,2024.0,10.0,9.0,11.0
148.55,57.55,19.8,2.0,0.462,80.1,5.418,3520.0,512.8,49.25,1375.0,12.5475,6.88,36.65,46.6,10.55,24.1,0.285,74.8026483320601,6.44,22.89,24.51,25.12,68.44000000000001,0.1578999999999999,261.5,2.0,2.0,2.0,2024.0,10.0,9.0,27.0
165.8,57.23,20.4,2.0,0.374,60.7,5.539,3560.0,272.0,47.2,618.0,10.969,6.621999999999998,5.8,15.5,5.9,19.2,0.1031,70.0280112044818,6.311999999999999,25.590000000000003,24.44,25.32,68.43999999999998,0.1345,328.9,2.0,2.0,2.0,2024.0,10.0,9.0,27.0
175.95,58.02,18.3,4.0,0.66,70.5,5.4590000000000005,3200.0,530.5,52.1,253.6,12.695,6.802,9.1,13.4,5.4,22.7,0.0778,66.84491978609626,6.316,33.71,23.64,25.22,70.49000000000001,0.1217999999999999,269.3,2.0,2.0,2.0,2024.0,10.0,9.0,27.0
191.2,60.31,18.4,3.0,0.537,70.2,5.62,3430.0,232.0,54.4,705.0,11.831,6.965999999999999,16.7,15.4,2.6,50.2,0.127,71.61955691367456,6.533000000000001,25.19,26.65,27.2,63.720000000000006,0.0562,255.4,0.0,0.0,1.0,2024.0,10.0,9.0,4.0
172.5,58.95000000000001,20.7,1.0,0.204,70.5,5.65,3350.0,187.6,47.5,756.0,9.9175,6.892,47.6,36.2,2.5,21.4,0.2183,71.61955691367456,6.498,24.68,23.930000000000003,24.07,75.29999999999998,0.0889,175.4,0.0,0.0,1.0,2024.0,10.0,9.0,4.0
172.5,58.53000000000001,21.9,3.0,0.603,70.7,5.66,3420.0,208.0,49.7,816.0,10.337,6.837999999999999,17.1,39.8,2.5,20.8,0.121,76.39419404125286,6.652000000000001,24.45,23.360000000000003,24.000000000000004,78.1,0.0536,187.0,0.0,0.0,1.0,2024.0,10.0,9.0,4.0
167.3,57.760000000000005,20.6,4.0,0.511,60.4,5.546999999999999,3385.0,291.5,49.3,603.0,11.008,6.510999999999998,7.3,17.4,4.3,18.3,0.1177,58.88719124013242,6.303999999999999,23.280000000000005,25.520000000000003,25.35,66.37999999999998,0.1331999999999999,214.7,2.0,2.0,2.0,2024.0,10.0,16.0,27.0
165.8,55.48,13.7,6.0,0.813,60.9,5.714,2920.0,253.5,47.4,1416.0,11.053999999999998,6.501,11.5,18.1,4.4,18.6,0.1277,71.61955691367456,6.381,23.829999999999995,25.190000000000005,25.56,66.93,0.1654,338.2,2.0,2.0,2.0,2024.0,10.0,16.0,27.0
167.3,57.11,20.7,5.0,0.589,60.8,5.557999999999999,3385.0,291.5,49.3,685.0,10.969,6.442,5.6,18.8,3.9,19.0,0.1108,62.070282658517954,6.3,24.3,25.3,26.2,67.8,0.15,239.0,2.0,2.0,2.0,2024.0,10.0,16.0,27.0
173.0,53.96,23.0,4.0,0.528,60.8,5.54,3050.0,587.0,48.45,243.6,10.578499999999998,6.895999999999999,35.7,18.1,2.0,11.2,0.1911,70.0280112044818,6.364,33.959999999999994,23.1,23.48,78.94000000000001,0.1810999999999999,274.9,2.0,1.0,1.0,2024.0,10.0,16.0,24.0
173.2,53.85,22.6,5.0,0.637,60.9,5.607,3070.0,411.0,48.45,300.6,10.6385,6.836,31.3,17.4,2.0,10.7,0.1911,65.25337407690348,6.2780000000000005,33.620000000000005,23.0,22.66,79.24,0.1810999999999999,260.6,2.0,1.0,1.0,2024.0,10.0,16.0,24.0
200.0,56.29,20.8,2.0,0.318,70.8,5.3870000000000005,3390.0,227.65,48.0,1330.8,9.908,6.804,82.95,42.2,11.2,100.45,0.5489999999999999,71.61955691367456,6.54,22.9,26.1,26.4,67.6,0.114,247.0,2.0,1.0,1.0,2024.0,10.0,16.0,24.0
174.2,56.6,20.2,7.0,0.634,64.95,5.5840000000000005,3410.0,276.6,55.8,844.0,11.657000000000002,7.066,19.7,40.1,2.7,52.2,0.1887999999999999,57.29564553093965,6.491,32.33,25.96,26.829999999999995,64.84,0.0782,252.6,0.0,0.0,1.0,2024.0,10.0,16.0,4.0
110.2,49.74,16.7,0.0,0.0,0.0,5.712999999999999,3370.0,217.6,51.85,1086.0,10.5485,6.824,56.6,93.1,7.0,134.6,0.6132000000000001,0.0,6.286,25.880000000000003,25.34,24.950000000000003,66.21000000000001,0.1454,233.6,0.0,0.0,1.0,2024.0,10.0,16.0,4.0
191.0,60.580000000000005,19.7,7.0,0.936,70.4,5.61,3260.0,280.6,54.75,443.0,11.678,6.986,20.7,19.9,3.0,45.0,0.1643,70.0280112044818,6.46,26.6,25.7,26.3,64.8,0.112,244.0,0.0,0.0,1.0,2024.0,10.0,16.0,4.0
180.3,60.67999999999999,24.2,4.0,0.329,60.0,5.4515,3010.0,401.9,51.1,714.0,11.519999999999998,6.916000000000001,46.25,27.7,3.0,45.25,0.2774,55.70409982174688,6.534999999999999,33.89,23.6,23.93,77.25,0.0794,144.9,1.0,1.0,1.0,2024.0,10.0,16.0,15.0
184.1,60.78999999999999,22.1,4.0,0.453,68.0,5.4115,3290.0,342.2,55.6,615.0,11.575,6.409999999999999,40.7,31.7,3.4,44.45,0.2935999999999999,62.070282658517954,6.262,35.09,23.46,24.04,74.44000000000001,0.1169999999999999,196.9,1.0,1.0,1.0,2024.0,10.0,16.0,15.0
175.9,64.6,27.0,6.0,0.794,63.0,5.353,3410.0,281.3,54.7,1158.0,12.419999999999998,5.6,6.0,21.0,1.0,23.0,0.099,63.66182836771072,6.43,21.6,26.9,26.6,69.9,0.136,800.0,1.0,1.0,1.0,2024.0,10.0,16.0,15.0
177.45,56.99000000000001,17.6,3.0,0.575,66.0,5.5575,3390.0,110.8,46.7,1245.0,10.9,7.160000000000001,18.5,9.3,2.467,21.3,0.1152,63.66182836771072,7.98,27.9,26.5,26.4,64.6,0.063,161.0,0.0,2.0,2.0,2024.0,10.0,16.0,9.0
206.9,58.45,17.8,3.0,0.504,70.0,5.607500000000001,3460.0,160.0,46.3,1270.0,10.379499999999998,7.172,21.9,7.3,2.5,17.7,0.1261999999999999,62.070282658517954,6.643000000000001,26.64,23.88,23.86,77.57000000000001,0.0623999999999999,208.6,0.0,2.0,2.0,2024.0,10.0,16.0,9.0
198.1,56.64,16.1,3.0,0.52,70.1,5.5600000000000005,3550.0,114.8,45.3,1506.0,10.8055,7.110000000000001,26.6,11.2,3.0,19.0,0.1269,68.43646549528903,7.148000000000001,26.97,25.31,26.2,66.28,0.0956999999999999,315.2,0.0,2.0,2.0,2024.0,10.0,16.0,9.0
68.95,56.260000000000005,13.6,4.0,0.715,69.0,5.4775,3915.0,287.6,59.05,840.3,11.2915,6.04,70.8,92.65,6.55,90.133,0.5708,70.0280112044818,6.54,21.0,25.7,26.4,62.9,0.106,206.0,1.0,0.0,1.0,2024.0,10.0,16.0,13.0
79.45,58.53,12.8,3.0,0.553,69.0,5.545,3725.0,280.6,68.0,624.3,11.3065,6.33,63.6,64.5,5.35,57.2,0.5565,65.25337407690348,6.375000000000002,22.02,27.3,26.8,63.4,0.206,447.0,1.0,0.0,1.0,2024.0,10.0,16.0,13.0
68.65,56.02,12.1,5.0,0.914,68.0,5.5825,3770.0,264.7,68.0,1147.3,11.3065,6.4,88.7,90.5,15.9,119.833,0.8325999999999999,63.66182836771072,6.414,23.13,26.94,27.26,61.540000000000006,0.2177,631.3,1.0,0.0,1.0,2024.0,10.0,16.0,13.0
207.0,57.94,20.3,2.0,0.248,60.4,5.449000000000001,3330.0,307.3,52.0,1036.0,11.409499999999998,6.923,41.4,52.75,4.0,23.3,0.3588999999999999,57.29564553093965,6.8,29.0,26.5,26.3,66.8,0.142,173.0,2.0,0.0,1.0,2024.0,10.0,16.0,22.0
133.4,58.63,19.1,3.0,0.58,70.7,5.549,3180.0,362.5,47.4,790.0,11.4685,6.99,45.2,60.616666666666674,4.9,24.1,0.3854999999999999,71.61955691367456,6.292,29.140000000000004,26.42,26.910000000000004,66.49,0.1106,211.2,2.0,0.0,1.0,2024.0,10.0,16.0,22.0
148.9,57.85999999999999,19.8,2.0,0.305,71.0,5.509,3290.0,356.5,48.7,802.0,11.5065,6.962999999999999,45.2,64.51666666666668,5.05,28.95,0.3537999999999999,60.47873694932519,6.362,26.640000000000004,26.499999999999996,26.68,66.44,0.1187999999999999,202.3,2.0,0.0,1.0,2024.0,10.0,16.0,22.0
196.6,57.78000000000001,16.0,0.0,0.0,0.0,5.4215,3330.0,292.05,42.45,1134.0,10.052,6.7170000000000005,34.7,69.4,4.2,45.65,0.2094999999999999,0.0,6.39,27.9,26.1,26.2,66.8,0.045,161.0,1.0,0.0,0.0,2024.0,10.0,16.0,10.0
147.1,54.0,14.4,3.0,0.626,70.7,5.523000000000001,2965.0,483.0,44.3,964.0,9.853,6.699000000000001,9.9,85.0,9.2,49.3,0.5368,70.0280112044818,6.811,28.410000000000004,26.22000000000001,27.140000000000004,62.86,0.1099,318.1,1.0,0.0,0.0,2024.0,10.0,16.0,10.0
176.8,55.95,21.5,3.0,0.611,70.2,5.443,2980.0,409.0,44.6,539.0,9.609,6.737,10.6,40.4,3.7,15.3,0.1775,70.98293862999745,6.604000000000001,20.34,24.610000000000007,24.770000000000003,73.53,0.0762,280.6,1.0,0.0,0.0,2024.0,10.0,16.0,10.0
87.0,51.470000000000006,16.5,4.0,0.574,70.2,5.640000000000001,2800.0,566.6,40.3,850.9,11.81,6.612,22.8,50.8,3.35,22.0,0.4009999999999999,65.25337407690348,6.432,31.77,28.820000000000004,29.71,53.02,0.1763,625.0,0.0,0.0,0.0,2024.0,10.0,16.0,28.0
78.75,51.61,16.3,4.0,0.715,70.2,5.640000000000001,2910.0,504.6,41.0,850.9,11.81,6.612,20.5,47.7,3.65,22.5,0.366,73.21110262286733,6.419,32.86,28.58,29.71,53.02,0.1851,537.5,0.0,0.0,0.0,2024.0,10.0,16.0,28.0
87.25,53.120000000000005,20.8,3.0,0.268,70.9,5.419,3360.0,334.0,40.2,341.9,9.656,7.019999999999999,20.8,43.8,3.3,26.2,0.2235,76.39419404125286,6.34,32.7,25.4,26.1,66.2,0.101,254.0,0.0,0.0,0.0,2024.0,10.0,16.0,28.0
121.6,59.98,21.8,4.0,0.558,60.9,5.433,3170.0,403.2,45.4,303.8,10.605,6.747,11.8,10.5,3.1,30.0,0.1138,68.43646549528903,6.419,28.440000000000005,24.710000000000004,25.64,70.73,0.0952,200.5,1.0,2.0,0.0,2024.0,10.0,16.0,12.0
208.9,61.24,20.5,0.0,0.0,0.0,5.433,3340.0,262.6,42.4,721.0,9.845,7.226999999999999,25.6,16.2,3.5,22.5,0.1272,0.0,6.516,26.68,25.35,25.77,67.94,0.1248999999999999,303.9,1.0,2.0,0.0,2024.0,10.0,16.0,12.0
121.6,58.55999999999999,20.4,2.0,0.341,60.8,5.4395,3040.0,376.2,46.9,328.0,10.482000000000005,6.55,11.6,8.2,2.2,25.3,0.0863,66.84491978609626,6.32,34.3,25.8,26.1,68.9,0.062,235.0,1.0,2.0,0.0,2024.0,10.0,16.0,12.0
189.4,46.32000000000001,14.5,4.0,0.496,60.2,5.6000000000000005,3425.0,244.0,48.6,714.0,12.444,7.085999999999999,5.0,7.4,2.3,14.8,0.0626,55.70409982174688,6.619,34.95,23.980000000000004,25.110000000000003,74.22999999999999,0.1734,192.9,2.0,2.0,1.0,2024.0,10.0,16.0,26.0
204.5,57.44,15.5,2.0,0.191,70.2,5.588,3465.0,141.6,49.15,780.0,10.7435,7.08,12.4,32.3,3.8,11.2,0.044,50.92946269416858,6.616,33.46,24.340000000000003,25.48,72.3,0.3371,234.7,2.0,2.0,1.0,2024.0,10.0,16.0,26.0
142.7,46.37000000000001,20.0,4.0,0.661,70.4,5.54,3670.0,222.0,49.75,814.0,12.309,7.3,21.4,25.5,2.8,36.3,0.2379,71.61955691367456,6.45,32.7,26.2,26.4,64.3,0.217,139.0,2.0,2.0,1.0,2024.0,10.0,16.0,26.0
114.0,48.11,9.0,1.0,0.068,60.3,5.8765,3380.0,140.9,41.5,2008.9,9.511,6.792,27.333,32.9,5.7,45.7,0.1791,52.52100840336134,6.420999999999999,22.64,26.579999999999995,26.6,63.2,0.1807,655.3,1.0,1.0,2.0,2024.0,10.0,16.0,16.0
178.9,58.88,17.6,1.0,0.182,70.0,5.569,3180.0,96.9,40.6,1854.0,10.076,6.843999999999999,23.6,26.2,4.4,26.3,0.1329999999999999,65.25337407690348,6.4670000000000005,17.17,25.45,26.51,65.23,0.1899,554.4,1.0,1.0,2.0,2024.0,10.0,16.0,16.0
141.9,54.74,19.6,3.0,0.434,60.8,5.513,3240.0,151.45,41.1,287.9,10.541999999999998,6.847,37.4,40.7,9.3,27.4,0.1689,65.25337407690348,6.41,24.4,26.2,26.4,61.5,0.099,135.0,1.0,1.0,2.0,2024.0,10.0,16.0,16.0
189.3,57.25,19.1,0.0,0.0,0.0,5.487500000000001,3780.0,302.0,57.35,382.7,10.556,6.732000000000001,32.9,26.1,3.35,38.95,0.2398,0.0,6.39,26.4,26.2,26.7,64.3,0.051,151.0,0.0,0.0,0.0,2024.0,10.0,16.0,1.0
172.1,56.5,22.4,1.0,0.13,60.8,5.4935,3880.0,224.0,60.25,294.4,11.023,6.820000000000002,30.0,31.0,2.15,34.7,0.2004,62.070282658517954,6.344,34.00000000000001,24.380000000000003,25.51,66.43,0.1188999999999999,243.0,0.0,0.0,0.0,2024.0,10.0,16.0,1.0
163.0,53.59000000000001,15.0,3.0,0.48,60.45,5.5920000000000005,3340.0,129.6,50.45,383.4,10.239,6.723000000000001,27.8,28.8,2.65,36.95,0.204,66.84491978609626,6.4510000000000005,33.41,26.65,27.160000000000004,62.5,0.1330999999999999,259.8,0.0,0.0,0.0,2024.0,10.0,16.0,1.0
93.6,51.17,11.0,2.0,0.383,60.9,5.659000000000001,3650.0,261.8,50.45,921.5,11.418,6.639999999999999,77.35,59.2,7.6,67.5,0.6304,71.61955691367456,6.31,25.6,26.2,26.3,63.8,0.346,166.0,1.0,0.0,2.0,2024.0,10.0,16.0,14.0
137.2,55.06,14.8,2.0,0.303,60.8,5.606,3640.0,156.4,45.75,540.0,10.895,6.685999999999998,13.3,49.2,2.2,13.7,0.1076999999999999,68.43646549528903,6.464,31.14,23.89,24.600000000000005,74.49,0.0958,194.2,1.0,0.0,2.0,2024.0,10.0,16.0,14.0
126.9,51.42,13.0,1.0,0.189,70.2,5.6355,3700.0,208.0,48.45,1098.0,11.23,6.572,23.3,64.3,4.2,58.9,0.2251,70.0280112044818,6.486,28.19,23.98,24.580000000000005,74.39,0.1835,171.7,1.0,0.0,2.0,2024.0,10.0,16.0,14.0
123.45,53.470000000000006,17.8,3.0,0.387,60.9,5.362,3310.0,428.2,50.7,364.0,11.548,6.589,29.9,54.0,2.8,34.2,0.1586,65.25337407690348,6.29,24.0,25.8,26.0,68.4,0.074,243.0,0.0,1.0,2.0,2024.0,10.0,16.0,7.0
177.5,54.39,18.9,4.0,0.759,60.8,5.374499999999999,3380.0,480.0,51.7,543.0,11.123,6.619,31.4,15.2,2.9,23.9,0.1470999999999999,68.43646549528903,6.566,36.03,23.58,24.1,78.28999999999999,0.1278,190.8,0.0,1.0,2.0,2024.0,10.0,16.0,7.0
155.5,53.16000000000001,16.9,1.0,0.243,70.3,5.311999999999999,3080.0,522.0,50.05,430.0,10.877,6.379,19.7,34.4,3.5,47.4,0.2921999999999999,76.39419404125286,6.656999999999999,37.1,26.000000000000007,26.55,64.25999999999999,0.2198999999999999,653.4,0.0,1.0,2.0,2024.0,10.0,16.0,7.0
198.3,54.6,13.3,2.0,0.328,80.1,5.617,3040.0,154.5,38.65,598.0,9.831,6.801,43.1,39.0,3.2,43.9,0.2566,60.47873694932519,6.22,27.2,25.3,26.2,65.6,0.084,277.0,0.0,2.0,0.0,2024.0,10.0,16.0,3.0
168.2,58.48,21.6,3.0,0.472,60.6,5.3580000000000005,3270.0,415.0,57.3,348.0,10.974,6.769999999999999,10.1,13.3,1.4,15.2,0.1097999999999999,66.84491978609626,7.203,35.00000000000001,23.89,24.54,73.98,0.1491,274.7,0.0,2.0,0.0,2024.0,10.0,16.0,3.0
178.35,56.17,21.4,3.0,0.627,70.2,5.476000000000002,3140.0,482.5,53.6,513.0,10.682,5.97,12.8,27.3,2.2,37.9,0.1238,77.98573975044563,6.667,30.76,25.410000000000004,25.68,68.82,0.2603000000000001,204.6,0.0,2.0,0.0,2024.0,10.0,16.0,3.0
115.05,51.4,3.3,4.0,0.673,70.4,5.851999999999999,3210.0,275.0,44.3,1028.1,10.669,6.055,44.75,77.6,5.2,156.8,0.5115000000000001,73.21110262286733,6.458,25.74,28.28,28.34,52.830000000000005,0.0822,501.8,2.0,0.0,2.0,2024.0,10.0,16.0,23.0
208.5,57.38000000000001,23.9,2.0,0.355,70.8,5.395,3380.0,180.5,48.5,532.5,9.859999999999998,6.722,11.8,14.3,3.3,13.4,0.1502,68.43646549528903,6.538000000000001,35.64,24.76,25.59,71.49,0.1984,368.4,2.0,0.0,2.0,2024.0,10.0,16.0,23.0
165.65,56.370000000000005,17.4,3.0,0.356,60.2,5.42,3370.0,248.5,48.7,512.5,10.282,6.74,17.1,25.2,2.7,15.7,0.131,62.070282658517954,6.45,38.0,27.8,27.2,64.7,0.107,783.0,2.0,0.0,2.0,2024.0,10.0,16.0,23.0
128.35,54.13,9.2,0.0,0.0,0.0,5.441,3225.0,141.2,52.7,851.0,10.751,6.85,47.15,103.4,6.1,73.9,0.7814,0.0,6.593999999999999,20.16,25.9,26.53,65.29999999999998,0.194,499.6,2.0,2.0,0.0,2024.0,10.0,16.0,21.0
128.35,54.13,9.2,0.0,0.0,0.0,5.441,3225.0,141.2,52.7,851.0,10.751,6.85,47.15,103.4,6.1,73.9,0.7814,0.0,6.593999999999999,20.16,25.9,26.53,65.29999999999998,0.194,499.6,2.0,2.0,0.0,2024.0,10.0,16.0,21.0
111.65,58.3,22.0,0.0,0.0,0.0,5.516,3130.0,142.7,51.4,651.0,9.9875,5.5,20.0,33.0,2.0,59.0,0.175,0.0,6.27,25.0,27.8,28.3,58.5,0.06,176.0,2.0,2.0,0.0,2024.0,10.0,16.0,21.0
120.8,52.79,10.6,1.0,0.14,60.9,5.569999999999999,3320.0,137.9,44.6,843.1,9.855,6.603,9.2,7.5,1.4,32.0,0.0775,65.25337407690348,6.45,38.03,27.590000000000003,28.79,60.35999999999999,0.0763,274.2,0.0,0.0,2.0,2024.0,10.0,16.0,5.0
151.3,53.81,12.3,0.0,0.0,0.0,5.5725,3250.0,161.2,43.0,855.1,10.723,6.536,9.65,5.45,1.5,41.75,0.1226,0.0,6.343000000000001,38.02,27.55,29.37,54.41,0.075,377.1,0.0,0.0,2.0,2024.0,10.0,16.0,5.0
157.2,51.64000000000001,13.9,0.0,0.0,0.0,5.43,3395.0,136.6,47.3,621.2,10.268,6.686,37.0,10.4,1.95,40.0,0.1892,0.0,6.36,21.0,27.0,27.5,61.8,0.262,174.0,0.0,0.0,2.0,2024.0,10.0,16.0,5.0
139.65,53.74,6.6,2.0,0.29,60.8,5.319999999999999,3300.0,554.0,63.2,1259.6,12.618,6.51,62.45,51.7,7.1,82.0,0.5107999999999999,63.66182836771072,6.386,31.01,26.590000000000003,27.32,60.02,0.117,264.1,2.0,2.0,2.0,2024.0,10.0,16.0,30.0
139.65,53.6,6.6,2.0,0.258,60.2,5.389999999999999,3300.0,554.0,63.7,1259.6,12.618,6.51,62.45,51.7,7.1,82.0,0.5107999999999999,63.66182836771072,6.37,31.04,26.630000000000003,27.32,60.17,0.1264,264.1,2.0,2.0,2.0,2024.0,10.0,16.0,30.0
143.55,53.45,6.6,2.0,0.324,60.7,5.3,3300.0,538.0,62.3,1419.6,12.715,6.63,60.85,56.3,9.9,82.0,0.5619999999999999,66.84491978609626,6.32,27.7,26.6,27.2,60.3,0.052,161.0,2.0,2.0,2.0,2024.0,10.0,16.0,30.0
153.35,57.95,16.0,0.0,0.0,0.0,5.48,3330.0,135.6,49.1,1141.1,10.114999999999998,6.44,19.25,26.65,2.05,36.4,0.1372999999999999,0.0,6.45,20.3,26.2,26.9,65.0,0.046,156.0,2.0,1.0,0.0,2024.0,10.0,16.0,20.0
151.25,57.17,14.6,5.0,0.786,70.5,5.505000000000001,3180.0,115.5,42.9,1785.0,9.916,6.671000000000001,31.6,34.5,3.9,12.9,0.2166999999999999,73.21110262286733,6.432,22.37,28.19,30.390000000000004,54.56999999999999,0.0703,391.6,2.0,1.0,0.0,2024.0,10.0,16.0,20.0
171.75,60.69000000000001,12.9,4.0,0.75,70.5,5.477500000000001,3180.0,167.1,41.7,449.0,10.02,6.717999999999999,5.2,16.3,0.95,37.5,0.0489,68.43646549528903,6.311,40.39,24.65,25.620000000000005,66.63000000000001,0.0738,240.1,2.0,1.0,0.0,2024.0,10.0,16.0,20.0
158.0,57.45,20.1,3.0,0.437,60.9,5.439,3385.0,161.2,49.2,1382.0,11.101,6.5840000000000005,21.3,22.3,2.8,22.7,0.1387999999999999,68.43646549528903,6.58,29.4,27.4,27.8,59.9,0.048,175.0,1.0,2.0,2.0,2024.0,10.0,16.0,18.0
153.9,58.720000000000006,15.7,3.0,0.303,64.0,5.457,3475.0,126.2,49.0,1770.0,11.132,6.362,27.1,25.8,2.9,20.4,0.1805999999999999,60.47873694932519,6.5840000000000005,26.24,27.92,28.47,56.85,0.1143,518.7,1.0,2.0,2.0,2024.0,10.0,16.0,18.0
132.2,54.11999999999999,16.9,6.0,0.871,68.0,5.523999999999999,3200.0,142.6,52.0,1960.0,11.146,6.3580000000000005,28.35,27.6,2.7,36.6,0.2368999999999999,66.84491978609626,6.473000000000001,21.660000000000004,27.8,28.94,58.67,0.3762999999999999,645.4,1.0,2.0,2.0,2024.0,10.0,16.0,18.0
179.2,52.9,25.6,3.0,0.55,70.6,5.36,3660.0,533.0,60.0,820.0,12.872,6.93,9.2,17.2,3.5,13.6,0.1139,73.21110262286733,6.3,40.1,28.6,28.2,60.5,0.08,267.0,1.0,1.0,1.0,2024.0,10.0,16.0,29.0
186.5,53.620000000000005,24.5,4.0,0.46,60.9,5.44,3490.0,332.3,64.2,1328.0,12.079,6.890000000000001,11.7,19.4,3.1,16.15,0.1076999999999999,58.88719124013242,6.299,27.18999999999999,25.660000000000004,25.85,64.61,0.1530999999999999,201.7,1.0,1.0,1.0,2024.0,10.0,16.0,29.0
193.8,52.91,24.8,3.0,0.542,70.5,5.285000000000001,3520.0,522.0,54.7,511.6,12.892,6.95,9.6,17.1,3.4,11.4,0.1129,70.0280112044818,6.372999999999999,34.45,23.82,24.5,75.68,0.1417,191.3,1.0,1.0,1.0,2024.0,10.0,16.0,29.0
136.4,55.21,9.5,0.0,0.0,0.0,5.630000000000001,3290.0,148.7,42.25,469.0,8.7695,6.074999999999999,32.1,33.95,3.1,17.9,0.2946000000000001,0.0,6.42,32.8,29.4,27.8,65.7,0.185,828.0,2.0,1.0,2.0,2024.0,10.0,16.0,25.0
151.2,57.920000000000016,9.5,0.0,0.0,0.0,5.578500000000001,3265.0,126.4,43.45,350.0,8.466,6.18,26.5,27.15,2.9,16.2,0.2344,0.0,6.343,23.940000000000005,24.25,25.26,69.52000000000001,0.1377999999999999,259.4,2.0,1.0,2.0,2024.0,10.0,16.0,25.0
186.6,56.8,16.7,2.0,0.349,60.6,5.529999999999999,3415.0,179.0,49.7,331.0,9.2055,6.339,29.4,24.2,3.1,18.9,0.2424,73.21110262286733,6.447,26.77,24.24,25.51,69.33000000000001,0.0684,330.5,2.0,1.0,2.0,2024.0,10.0,16.0,25.0
174.2,56.24000000000001,20.8,1.0,0.247,80.2,5.430000000000001,3150.0,209.3,40.5,620.0,9.934,6.664,16.1,19.95,2.0,32.3,0.1464,74.8026483320601,6.435,38.02,27.110000000000003,26.87,62.53,0.1682,271.5,2.0,0.0,0.0,2024.0,10.0,16.0,19.0
133.2,55.16,15.9,3.0,0.32,50.7,5.430000000000001,3165.0,177.7,52.0,556.0,10.56,6.650999999999999,7.65,12.7,1.4,17.7,0.0983999999999999,52.52100840336134,6.364000000000001,37.010000000000005,28.4,27.3,59.92,0.1334,249.5,2.0,0.0,0.0,2024.0,10.0,16.0,19.0
172.4,56.75,21.0,3.0,0.473,70.1,5.430000000000001,3160.0,156.8,41.2,597.0,10.114,6.73,15.3,72.65,2.8,43.0,0.2737999999999999,68.43646549528903,6.36,38.1,27.8,26.9,58.5,0.151,244.0,2.0,0.0,0.0,2024.0,10.0,16.0,19.0
165.5,53.96999999999999,17.8,4.0,0.768,70.4,5.46,3370.0,186.0,46.6,920.2,9.961000000000002,6.725999999999999,37.6,54.7,7.6,68.95,0.334,65.25337407690348,6.486,26.880000000000003,25.69,25.610000000000003,65.99000000000001,0.0972,192.8,0.0,1.0,0.0,2024.0,10.0,16.0,2.0
184.0,54.14,18.6,1.0,0.2,70.6,5.470000000000001,3310.0,242.0,53.2,855.4,9.928999999999998,6.706999999999999,39.1,57.6,7.1,58.65,0.3635,71.61955691367456,6.597,27.85,24.58,25.04,69.19,0.1238,238.3,0.0,1.0,0.0,2024.0,10.0,16.0,2.0
120.1,55.21999999999999,20.8,4.0,0.548,70.6,5.339999999999999,3170.0,461.0,52.8,719.0,10.504,6.68,6.3,21.0,1.5,26.5,0.0935,65.25337407690348,6.31,37.7,27.4,27.1,63.7,0.168,243.0,0.0,1.0,0.0,2024.0,10.0,16.0,2.0
167.45,54.24,27.8,3.0,0.45,60.9,5.369999999999999,3405.0,302.8,57.2,499.0,11.371,6.897999999999999,17.6,11.0,1.6,23.9,0.0772,68.43646549528903,6.506,34.040000000000006,23.55,24.01,77.13000000000001,0.1465,300.3,0.0,1.0,1.0,2024.0,10.0,16.0,6.0
188.55,56.330000000000005,26.0,4.0,0.572,70.1,5.4025,3310.0,171.7,54.8,426.0,10.37,6.516,17.1,10.9,1.6,23.9,0.0762999999999999,65.25337407690348,6.395999999999999,34.38,23.700000000000003,23.75,77.46000000000001,0.092,256.5,0.0,1.0,1.0,2024.0,10.0,16.0,6.0
137.8,53.33,20.5,2.0,0.276,60.9,5.487,3415.0,294.5,46.7,842.0,11.285,6.736,20.15,8.6,2.35,33.2,0.0951999999999999,63.66182836771072,6.43,26.8,25.8,26.4,66.2,0.212,613.0,0.0,1.0,1.0,2024.0,10.0,16.0,6.0
159.4,54.03,20.7,2.0,0.392,70.5,5.373499999999999,3690.0,292.6,50.4,510.0,10.5835,6.860999999999999,68.05,38.4,2.9,88.7,0.5893999999999999,65.25337407690348,7.218999999999999,25.21,24.76,25.68,65.25,0.1016,230.8,1.0,2.0,1.0,2024.0,10.0,16.0,17.0
144.2,56.11,15.7,3.0,0.612,70.25,5.379999999999999,3100.0,340.4,51.1,432.0,10.0875,6.800999999999999,9.5,17.0,2.3,33.8,0.1152,68.43646549528903,6.403999999999999,29.81,22.98,23.73,72.66000000000001,0.0917999999999999,283.4,1.0,2.0,1.0,2024.0,10.0,16.0,17.0
156.0,54.28,20.8,3.0,0.498,70.25,5.369999999999999,3650.0,294.5,46.6,476.0,10.508,6.644,39.55,23.9,3.2,77.8,0.2512,68.43646549528903,7.0,24.4,25.4,25.4,64.7,0.082,152.0,1.0,2.0,1.0,2024.0,10.0,16.0,17.0
184.8,51.96,13.1,3.0,0.548,70.7,5.58,3140.0,210.0,45.2,778.0,9.581,6.779999999999999,14.3,33.85,2.4,23.4,0.1381,71.61955691367456,7.56,33.6,25.4,25.7,69.6,0.07,534.0,1.0,1.0,0.0,2024.0,10.0,16.0,11.0
184.5,50.91,10.8,2.0,0.382,70.3,5.58,3250.0,195.0,40.75,1060.0,9.57,6.821000000000001,17.95,32.0,2.7,27.1,0.2138,70.0280112044818,6.8340000000000005,33.27,24.2,24.79,69.87,0.167,418.1,1.0,1.0,0.0,2024.0,10.0,16.0,11.0
187.4,53.24,20.8,0.0,0.0,0.0,5.499,3270.0,281.0,46.45,921.0,10.323,6.752000000000001,37.65,69.2,7.4,58.1,0.4046999999999999,0.0,6.6,32.64,24.300000000000004,24.74,71.97999999999999,0.0864,223.4,1.0,1.0,0.0,2024.0,10.0,16.0,11.0
87.9,46.68,8.3,4.0,0.948,70.8,5.7170000000000005,3580.0,504.0,48.4,1587.0,11.944000000000004,6.910000000000001,40.3,70.7,6.9,113.35,1.9676999999999976,77.98573975044563,6.46,35.6,25.4,26.0,68.6,0.087,717.0,0.0,2.0,1.0,2024.0,10.0,16.0,8.0
162.9,56.92,21.3,2.0,0.273,60.8,5.503,3410.0,267.0,52.7,744.0,10.343,7.034999999999999,7.4,18.5,1.5,21.7,0.0782,70.0280112044818,6.555,33.64,23.83,25.39,69.27000000000001,0.1525,303.6,0.0,2.0,1.0,2024.0,10.0,16.0,8.0
122.2,56.66,21.0,6.0,1.014,70.6,5.455,3100.0,334.0,47.75,1285.0,11.005999999999998,6.742,8.65,28.2,2.7,26.0,0.1242,70.0280112044818,6.528999999999999,27.910000000000004,25.16,25.67,67.14,0.1782999999999999,282.0,0.0,2.0,1.0,2024.0,10.0,16.0,8.0
179.1,54.1,23.0,3.0,0.458,70.1,5.5,3600.0,120.0,66.0,640.0,11.5,7.3,15.0,7.0,10.0,41.0,0.121,65.25337407690348,7.22,31.0,26.9,27.0,64.1,0.172,269.0,0.0,2.0,2.0,2024.0,10.0,16.0,9.0
186.95,58.14,18.4,2.0,0.277,60.7,5.595000000000001,3320.0,160.0,48.8,586.0,10.27,7.080999999999999,16.2,8.2,2.5,21.6,0.1233999999999999,60.47873694932519,6.476000000000001,34.34,24.03,23.860000000000003,77.78999999999999,0.0824,187.5,0.0,2.0,2.0,2024.0,10.0,16.0,9.0
187.3,56.63000000000001,19.1,2.0,0.247,70.3,5.545,3625.0,122.0,53.8,1071.0,10.846,7.100000000000001,38.8,18.9,6.267,28.5,0.3517999999999999,66.84491978609626,6.662000000000001,25.81,25.91,26.05,66.33,0.1101,314.9,0.0,2.0,2.0,2024.0,10.0,16.0,9.0
85.9,56.8,28.0,3.0,0.523,70.9,5.5,3000.0,520.0,92.0,110.0,10.91,7.2,1.0,13.0,1.0,1.0,0.115,70.0280112044818,6.42,31.5,27.4,26.8,62.3,0.18,356.0,1.0,0.0,1.0,2024.0,10.0,16.0,13.0
84.0,56.79,11.2,4.0,0.523,69.0,5.5525,3625.0,238.1,68.0,958.3,11.0815,6.369999999999999,66.0,73.6,7.4,43.7,0.5565,62.070282658517954,6.364,24.19,27.58,28.41,63.31999999999999,0.1982999999999999,531.7,1.0,0.0,1.0,2024.0,10.0,16.0,13.0
79.6,56.02,13.5,4.0,0.599,70.15,5.565,3870.0,280.1,68.0,750.3,11.061,6.15,78.1,92.4,8.45,79.533,0.5882,71.61955691367456,6.442000000000002,22.44,26.559999999999995,26.68,63.05,0.3222,487.3,1.0,0.0,1.0,2024.0,10.0,16.0,13.0
79.85,45.53000000000001,16.9,6.0,1.33,70.8,5.68,3690.0,241.6,55.4,1418.0,12.334499999999998,7.296000000000001,62.1,61.5,24.9,73.4,0.5055,73.21110262286733,6.503,12.66,27.360000000000003,26.610000000000003,67.46000000000001,0.4926999999999999,492.7,2.0,2.0,1.0,2024.0,10.0,16.0,26.0
158.0,46.81000000000001,18.6,4.0,0.687,70.1,5.53,3600.0,255.3,50.85,814.0,12.067999999999998,7.25,5.6,22.6,2.15,36.1,0.1332,70.0280112044818,6.458,35.62,25.84,26.22,71.67999999999999,0.2131999999999999,227.7,2.0,2.0,1.0,2024.0,10.0,16.0,26.0
199.8,51.5,23.0,3.0,1.2,80.1,5.6,3700.0,120.0,50.0,260.0,11.0,7.4,5.0,17.0,1.0,1.0,0.108,70.0280112044818,6.4,33.8,25.4,25.6,63.1,0.285,173.0,2.0,2.0,1.0,2024.0,10.0,16.0,26.0
169.0,59.6,23.8,4.0,0.764,70.1,5.5565,3660.0,139.05,49.0,814.0,10.472,6.875,27.8,13.2,4.1,13.1,0.1429999999999999,71.61955691367456,6.638,10.865000000000002,24.380000000000003,25.1,69.5,0.2075,248.3,1.0,1.0,2.0,2024.0,10.0,16.0,16.0
143.2,53.57000000000001,8.1,0.0,0.0,0.0,5.6295,3360.0,149.6,41.4,2235.5,9.478,6.756,46.133,114.1,10.05,107.9,0.3813,0.0,6.428999999999999,23.02,26.25,26.69,63.470000000000006,0.3035,677.5,1.0,1.0,2.0,2024.0,10.0,16.0,16.0
159.8,51.9,38.0,4.0,0.763,70.7,5.6,3500.0,140.0,48.0,640.0,10.69,6.7,1.0,8.0,1.0,1.0,0.039,71.61955691367456,6.36,39.7,25.4,25.0,69.8,0.153,417.0,1.0,1.0,2.0,2024.0,10.0,16.0,16.0
177.1,53.8,21.9,2.0,0.448,70.3,5.432,2920.0,519.0,46.6,469.0,9.804999999999998,6.699,8.7,23.4,2.6,15.1,0.1452,73.21110262286733,6.419,33.040000000000006,24.050000000000004,24.47,76.72000000000001,0.0643,229.4,1.0,0.0,0.0,2024.0,10.0,16.0,10.0
138.8,57.04,12.1,5.0,1.147,80.3,5.512500000000001,2985.0,349.0,42.6,770.0,9.53,6.119999999999999,8.5,90.8,9.3,37.5,0.5181000000000001,71.61955691367456,7.561999999999999,24.03,26.0,27.78,59.55000000000001,0.0329,232.9,1.0,0.0,0.0,2024.0,10.0,16.0,10.0
169.0,53.0,25.0,2.0,0.314,70.3,5.5,3000.0,610.0,50.0,330.0,12.0,7.0,10.0,31.0,3.0,18.0,0.185,65.25337407690348,6.47,28.1,25.4,25.2,70.7,0.125,466.0,1.0,0.0,0.0,2024.0,10.0,16.0,10.0
150.0,56.88,16.8,4.0,0.666,70.5,5.5725,3375.0,331.5,45.0,790.0,11.554,7.013000000000001,41.4,54.7,4.2,24.9,0.3420999999999999,68.43646549528903,6.351,29.75,26.279999999999998,26.99,64.99,0.1282,255.9,2.0,0.0,1.0,2024.0,10.0,16.0,22.0
207.2,56.98999999999999,18.6,4.0,0.593,60.9,5.5215000000000005,3425.0,333.3,47.7,933.0,11.648,6.903000000000001,41.4,54.7,4.1,24.0,0.3159,68.43646549528903,6.424999999999999,28.58,26.37,26.99,65.15,0.1349,261.5,2.0,0.0,1.0,2024.0,10.0,16.0,22.0
158.7,60.8,28.0,5.0,0.742,70.2,5.6,3500.0,100.0,54.0,1000.0,10.46,7.4,1.0,10.0,1.0,10.0,0.05,68.43646549528903,6.43,34.9,25.8,25.6,65.6,0.124,130.0,2.0,0.0,1.0,2024.0,10.0,16.0,22.0
79.8,57.4,25.0,5.0,0.898,70.1,5.5,3500.0,440.0,55.0,330.0,12.07,7.4,4.0,4.0,1.0,11.0,0.047,71.61955691367456,6.55,26.3,26.2,25.6,63.2,0.09,147.0,1.0,2.0,0.0,2024.0,10.0,16.0,12.0
147.9,58.75,24.9,5.0,0.714,70.3,5.433,3250.0,403.7,45.5,303.0,10.869,6.986999999999999,15.4,13.0,3.2,30.0,0.1271,62.070282658517954,6.45,32.150000000000006,25.110000000000003,25.65,69.41,0.0972,213.6,1.0,2.0,0.0,2024.0,10.0,16.0,12.0
83.8,55.010000000000005,24.2,3.0,0.682,70.9,5.412999999999999,3200.0,501.0,53.25,243.0,12.145,6.598000000000001,9.6,5.7,1.4,27.5,0.0622,76.39419404125286,6.395999999999999,37.1,23.930000000000003,24.23,74.98,0.0870999999999999,208.8,1.0,2.0,0.0,2024.0,10.0,16.0,12.0
175.2,51.7,26.0,4.0,0.651,60.5,5.6,3400.0,230.0,54.0,240.0,11.98,7.3,6.0,6.0,1.0,11.0,0.058,6.207028265851795,6.33,43.4,25.8,25.6,69.1,0.195,453.0,0.0,0.0,0.0,2024.0,10.0,16.0,28.0
101.0,52.3,14.7,6.0,0.991,60.8,5.748,2740.0,427.65,38.0,835.9,11.446,6.657000000000001,41.0,95.2,5.4,158.1,0.5862,71.61955691367456,6.438,38.81,28.26,30.62,51.61999999999999,0.1302,708.8,0.0,0.0,0.0,2024.0,10.0,16.0,28.0
74.3,51.040000000000006,15.6,4.0,0.781,80.0,5.619000000000001,3100.0,507.65,45.4,1072.0,11.877,6.831,24.95,62.2,3.15,44.6,0.4235999999999998,66.84491978609626,6.428,33.35,27.070000000000004,28.03,62.21,0.1417,313.5,0.0,0.0,0.0,2024.0,10.0,16.0,28.0
171.7,56.5,28.0,5.0,0.875,70.9,5.5,3800.0,280.0,55.0,210.0,11.72,7.5,1.0,6.0,1.0,10.0,0.068,68.43646549528903,6.28,38.9,25.4,25.2,66.6,0.132,166.0,0.0,0.0,0.0,2024.0,10.0,16.0,1.0
141.9,54.080000000000005,13.5,4.0,0.706,703.0,5.55,3320.0,104.3,42.15,1338.7,10.257,7.005999999999999,33.2,36.6,5.5,68.75,0.2577,74.8026483320601,6.467000000000001,23.219999999999995,28.590000000000003,27.57,61.71999999999999,0.3043,648.5,0.0,0.0,0.0,2024.0,10.0,16.0,1.0
156.4,56.21,17.3,4.0,0.866,70.9,5.549,3130.0,168.1,45.95,249.4,11.64,7.32,31.8,22.7,2.4,41.8,0.2131,77.98573975044563,6.393,36.150000000000006,24.56,25.36,66.65,0.0784,188.7,0.0,0.0,0.0,2024.0,10.0,16.0,1.0
140.6,56.7,36.0,2.0,0.601,80.2,5.5,3700.0,410.0,57.0,340.0,12.62,7.2,9.0,4.0,1.0,12.0,0.061,77.98573975044563,6.36,36.9,25.8,25.8,65.8,0.163,166.0,1.0,0.0,2.0,2024.0,10.0,16.0,14.0
106.6,49.03,15.5,2.0,0.405,60.7,5.640000000000001,3610.0,298.8,54.5,994.0,11.671,6.962000000000001,87.4,76.25,5.5,72.2,0.7298,77.98573975044563,6.404999999999999,27.36,29.81,29.7,53.11,0.1839,546.0,1.0,0.0,2.0,2024.0,10.0,16.0,14.0
122.9,50.7,20.9,2.0,0.473,70.3,5.596000000000001,3500.0,289.0,49.6,641.5,11.698,7.219999999999999,9.3,27.3,1.6,19.9,0.0805999999999999,77.98573975044563,6.425999999999999,32.370000000000005,24.250000000000004,25.09,69.16999999999999,0.2661,169.6,1.0,0.0,2.0,2024.0,10.0,16.0,14.0
116.85,52.24000000000001,12.6,2.0,0.364,70.7,5.701999999999999,3455.0,236.2,50.9,1415.0,11.5315,6.57,53.5,54.85,7.9,92.5,0.5607,76.39419404125286,6.360000000000001,25.53,29.25,31.270000000000003,52.23,0.9816000000000004,610.2,0.0,0.0,2.0,2024.0,10.0,16.0,5.0
116.85,52.80000000000001,14.7,3.0,0.668,70.9,5.671999999999999,3465.0,251.2,61.6,1420.0,12.162,6.720000000000001,59.7,54.75,8.1,89.7,0.5605999999999999,81.16883116883118,6.324999999999998,29.340000000000003,29.59,31.319999999999997,53.080000000000005,0.9816000000000004,625.2,0.0,0.0,2.0,2024.0,10.0,16.0,5.0
154.8,55.5,21.0,0.0,0.0,0.0,5.4,3300.0,320.0,52.0,230.0,11.27,6.9,60.0,18.0,4.0,51.0,0.207,0.0,6.41,20.1,25.8,26.7,61.7,0.06,305.0,0.0,0.0,2.0,2024.0,10.0,16.0,5.0
122.45,51.21999999999999,5.6,1.0,0.129,60.7,5.444000000000001,3280.0,341.1,50.8,1198.0,11.203,6.566,61.2,52.1,10.2,82.6,0.5619999999999999,60.47873694932519,6.364,26.51,26.770000000000003,27.41,60.45000000000001,0.1917,282.3,2.0,2.0,2.0,2024.0,10.0,16.0,30.0
143.55,53.6,7.3,2.0,0.308,70.0,5.29,3300.0,541.0,64.6,1259.6,12.438999999999998,6.51,63.55,52.4,7.3,82.1,0.5491999999999999,68.43646549528903,6.389,31.23,26.66,27.11,62.17,0.122,227.3,2.0,2.0,2.0,2024.0,10.0,16.0,30.0
152.25,58.6,24.0,2.0,0.426,70.5,5.3,3500.0,570.0,68.0,320.0,12.75,7.0,5.0,8.0,1.0,9.0,0.062,74.8026483320601,6.83,32.6,26.2,27.0,63.1,0.274,345.0,2.0,2.0,2.0,2024.0,10.0,16.0,30.0
175.9,52.42,13.8,2.0,0.374,70.9,5.649000000000001,3035.0,151.2,37.55,436.4,10.0315,6.540000000000001,8.8,15.25,2.4,22.8,0.1159,70.0280112044818,6.362,30.31,25.330000000000005,25.65,69.53,0.1049,285.7,0.0,2.0,0.0,2024.0,10.0,16.0,3.0
182.6,57.60999999999999,22.1,1.0,0.127,60.2,5.368,3380.0,529.5,44.75,336.5,10.877,6.799999999999999,10.3,13.35,1.1,18.1,0.116,62.070282658517954,7.197,34.60000000000001,23.28,24.21,77.21000000000001,0.1223,231.2,0.0,2.0,0.0,2024.0,10.0,16.0,3.0
165.0,54.5,31.0,4.0,0.547,70.2,5.4,3500.0,370.0,56.0,220.0,11.25,7.2,6.0,12.0,1.0,14.0,0.07,70.0280112044818,7.53,23.8,25.8,26.1,68.1,0.108,391.0,0.0,2.0,0.0,2024.0,10.0,16.0,3.0
79.7,48.14999999999999,8.7,0.0,0.0,0.0,5.444999999999999,3510.0,349.5,51.15,735.0,11.753,6.598000000000001,43.5,107.6,5.6,68.95,0.4016,0.0,6.325000000000001,20.33,28.17,29.160000000000004,53.24,0.1571,248.1,0.0,1.0,2.0,2024.0,10.0,16.0,7.0
172.8,54.510000000000005,18.0,1.0,0.197,60.2,5.316000000000001,3190.0,457.7,49.9,306.0,10.956,6.598000000000001,28.3,15.7,2.4,26.3,0.1634999999999999,68.43646549528903,6.549,32.05,26.130000000000003,26.309999999999995,65.45,0.1238,300.4,0.0,1.0,2.0,2024.0,10.0,16.0,7.0
171.9,52.3,18.0,3.0,0.362,60.4,5.2,3100.0,580.0,48.0,290.0,11.03,6.5,22.0,7.0,1.0,24.0,0.099,62.070282658517954,7.54,40.2,24.6,25.8,63.9,0.148,455.0,0.0,1.0,2.0,2024.0,10.0,16.0,7.0
168.0,58.6,19.0,1.0,0.238,70.2,5.5,3500.0,190.0,58.0,230.0,10.79,7.3,8.0,13.0,2.0,12.0,0.072,73.21110262286733,7.48,29.1,24.2,25.7,63.9,0.113,330.0,2.0,2.0,0.0,2024.0,10.0,16.0,21.0
160.7,58.71,18.0,2.0,0.556,60.8,5.427,3320.0,103.9,53.8,261.5,9.711000000000002,7.164999999999999,6.5,13.5,1.2,9.75,0.0717,89.12655971479501,6.558,34.980000000000004,24.77,25.62,66.10999999999999,0.1316999999999999,251.2,2.0,2.0,0.0,2024.0,10.0,16.0,21.0
128.35,54.13,9.2,0.0,0.0,0.0,5.441,3225.0,141.2,52.7,851.0,10.751,6.85,47.15,103.4,6.1,73.9,0.7814,0.0,6.593999999999999,20.16,25.9,26.53,65.29999999999998,0.194,499.6,2.0,2.0,0.0,2024.0,10.0,16.0,21.0
171.55,54.9,28.0,0.0,0.0,0.0,5.4,3500.0,370.0,52.0,450.0,11.75,7.7,7.0,6.0,1.0,20.0,0.049,0.0,7.5,28.8,26.6,26.4,65.5,0.157,476.0,2.0,0.0,2.0,2024.0,10.0,16.0,23.0
189.7,58.11,24.0,3.0,0.425,70.0,5.34,3315.0,178.5,52.6,424.1,10.433000000000002,6.700000000000001,17.5,11.6,2.6,13.3,0.1444,68.43646549528903,6.462999999999999,35.2,23.67,23.9,75.02,0.2644000000000001,404.8,2.0,0.0,2.0,2024.0,10.0,16.0,23.0
185.6,57.73,22.2,1.0,0.113,60.8,5.34,3320.0,178.5,50.0,439.1,10.019,6.640000000000001,16.8,12.4,2.9,13.2,0.1819,70.0280112044818,6.426,35.1,24.68,25.42,72.28,0.2681,339.5,2.0,0.0,2.0,2024.0,10.0,16.0,23.0
167.75,60.1,28.0,1.0,0.215,80.3,5.4,3400.0,260.0,54.0,210.0,10.14,7.2,4.0,11.0,1.0,11.0,0.043,71.61955691367456,7.52,38.2,26.6,26.9,61.5,0.099,561.0,2.0,1.0,0.0,2024.0,10.0,16.0,20.0
186.15,58.31,18.9,0.0,0.0,0.0,5.4175,3410.0,153.3,47.2,364.0,9.272,6.574,18.5,20.45,1.75,34.7,0.1049,0.0,7.628,32.03000000000001,23.48,23.800000000000004,78.6,0.1446,201.4,2.0,1.0,0.0,2024.0,10.0,16.0,20.0
180.35,58.06,15.7,1.0,0.187,70.3,5.4225,3230.0,171.1,44.1,313.2,9.746,6.546000000000001,16.7,18.1,1.75,37.2,0.0964999999999999,70.0280112044818,6.747,32.28,24.85,25.330000000000005,69.33000000000001,0.1321,200.8,2.0,1.0,0.0,2024.0,10.0,16.0,20.0
154.8,57.6,27.0,0.0,0.0,0.0,5.5,3900.0,330.0,68.0,2200.0,13.97,7.4,36.0,4.0,2.0,32.0,0.12,0.0,7.59,19.7,25.4,26.3,59.7,0.594,259.0,1.0,2.0,2.0,2024.0,10.0,16.0,18.0
135.35,55.65,16.3,1.0,0.271,70.5,5.497,3405.0,128.2,48.9,1710.0,11.142,6.396,24.0,26.4,2.9,21.5,0.1965999999999999,82.76037687802393,6.498,21.87,27.83,29.27,57.620000000000005,0.1856,469.6,1.0,2.0,2.0,2024.0,10.0,16.0,18.0
133.55,57.470000000000006,16.0,2.0,0.476,70.3,5.487,3385.0,127.2,48.7,1730.0,11.1015,6.516,18.5,25.8,2.8,21.5,0.1599,76.39419404125286,6.410000000000001,24.020000000000003,27.96,28.630000000000003,55.31,0.1541,485.3,1.0,2.0,2.0,2024.0,10.0,16.0,18.0
190.75,56.49000000000001,28.8,2.0,0.364,70.7,5.4125,3370.0,297.8,54.3,482.0,11.1135,6.851999999999999,16.35,11.0,1.6,21.5,0.0786999999999999,68.43646549528903,6.494,34.040000000000006,23.5,23.97000000000001,76.55000000000001,0.1706,277.3,0.0,1.0,1.0,2024.0,10.0,16.0,6.0
193.15,56.73,26.0,1.0,0.191,70.6,5.477499999999999,3340.0,181.5,56.0,469.0,10.082,6.465999999999999,33.7,11.0,1.7,24.1,0.0844999999999999,70.0280112044818,6.44,34.11000000000001,23.74,23.540000000000003,76.92999999999999,0.1878,238.5,0.0,1.0,1.0,2024.0,10.0,16.0,6.0
146.95,53.2,27.0,3.0,0.379,60.1,5.4,3400.0,340.0,54.0,850.0,11.77,7.1,10.0,11.0,2.0,29.0,0.072,68.43646549528903,7.46,29.2,22.6,24.7,64.7,0.173,359.0,0.0,1.0,1.0,2024.0,10.0,16.0,6.0
144.2,56.28000000000001,16.5,4.0,0.664,70.0,5.359999999999999,3090.0,327.5,46.7,444.0,10.0875,6.653999999999999,26.9,18.6,2.4,58.8,0.1236999999999999,70.0280112044818,6.434,29.82,23.35,24.33,74.86,0.1538,303.6,1.0,2.0,1.0,2024.0,10.0,16.0,17.0
145.3,56.34000000000001,10.2,2.0,0.296,60.7,5.42,3500.0,176.4,38.1,512.0,9.725,6.494,41.5,25.9,3.6,72.3,0.2356,63.66182836771072,6.42,26.44,24.4,25.31,66.67,0.124,257.7,1.0,2.0,1.0,2024.0,10.0,16.0,17.0
134.1,56.3,26.0,2.0,0.601,80.2,5.4,3700.0,360.0,65.0,460.0,11.96,6.4,34.0,16.0,4.0,47.0,0.165,84.3519225872167,7.52,22.2,23.0,24.8,69.6,0.069,282.0,1.0,2.0,1.0,2024.0,10.0,16.0,17.0
188.2,56.64,20.7,3.0,0.551,70.3,5.4885,3500.0,258.0,53.3,398.0,10.907999999999998,6.484,44.2,24.3,3.2,25.5,0.2893,71.61955691367456,6.331,23.06,24.35,25.790000000000003,69.92,0.0662,334.9,2.0,1.0,2.0,2024.0,10.0,16.0,25.0
167.0,57.040000000000006,15.9,3.0,0.485,60.7,5.4,3320.0,225.0,50.7,348.0,10.583,6.305,25.3,23.0,3.1,25.1,0.2254,63.66182836771072,6.377000000000001,22.380000000000003,24.630000000000003,25.58,68.45000000000002,0.0771,276.8,2.0,1.0,2.0,2024.0,10.0,16.0,25.0
171.2,55.4,24.0,2.0,0.444,70.9,5.5,3600.0,390.0,54.0,240.0,11.89,6.5,12.0,24.0,3.0,27.0,0.123,71.61955691367456,7.49,28.1,23.8,25.4,65.4,0.093,336.0,2.0,1.0,2.0,2024.0,10.0,16.0,25.0
181.8,59.48,23.9,1.0,0.244,70.6,5.33,3390.0,442.0,55.0,1595.0,12.6,6.859999999999999,11.1,20.0,3.2,25.05,0.1105,77.98573975044563,7.271000000000001,25.18,25.73,25.77,65.24,0.1031,226.2,1.0,1.0,1.0,2024.0,10.0,16.0,29.0
182.3,53.4,25.3,2.0,0.266,60.9,5.511,3700.0,237.0,59.8,819.0,11.874,6.909999999999999,10.0,18.3,2.7,15.55,0.1097999999999999,62.070282658517954,6.303,27.64,26.51,26.39,64.57000000000001,0.1348999999999999,274.2,1.0,1.0,1.0,2024.0,10.0,16.0,29.0
186.5,58.1,30.0,5.0,0.99,80.2,5.2,3200.0,640.0,51.0,430.0,12.8,6.9,8.0,14.0,5.0,16.0,0.101,74.8026483320601,7.36,28.7,24.2,25.4,64.2,0.092,240.0,1.0,1.0,1.0,2024.0,10.0,16.0,29.0
151.5,55.4,23.0,2.0,0.376,70.7,5.4,3600.0,230.0,60.0,300.0,10.22,6.8,5.0,21.0,1.0,17.0,0.084,76.39419404125286,7.44,29.1,24.2,25.3,63.8,0.232,366.0,0.0,1.0,0.0,2024.0,10.0,16.0,2.0
165.5,54.19,19.4,2.0,0.358,65.5,5.43,3360.0,271.0,53.6,903.2,9.782999999999998,6.6370000000000005,40.1,62.4,7.9,60.6,0.4635000000000001,72.41532976827095,6.519,24.62,24.05,24.92,73.71000000000001,0.121,211.5,0.0,1.0,0.0,2024.0,10.0,16.0,2.0
167.3,54.04,17.5,2.0,0.335,70.2,5.470000000000001,3380.0,265.0,52.6,903.2,9.705000000000002,6.836,40.3,57.6,6.8,64.45,0.4065999999999999,70.0280112044818,6.494999999999999,27.99,24.05,24.99,71.36,0.0701,204.5,0.0,1.0,0.0,2024.0,10.0,16.0,2.0
144.6,61.7,25.0,0.0,0.0,0.0,5.4,3600.0,380.0,59.0,420.0,12.14,6.9,4.0,15.0,1.0,10.0,0.071,0.0,7.56,43.1,23.8,25.5,63.9,0.093,362.0,2.0,0.0,0.0,2024.0,10.0,16.0,19.0
116.2,56.74,15.6,5.0,0.722,60.5,5.494,2970.0,258.5,38.65,529.0,10.562,6.523999999999999,14.45,23.55,2.2,32.8,0.1512,71.61955691367456,6.35,36.58,28.76,29.149999999999995,58.03,0.1053,448.6,2.0,0.0,0.0,2024.0,10.0,16.0,19.0
175.0,51.41,14.9,3.0,0.406,70.3,5.563000000000001,3110.0,215.7,47.2,428.0,10.487,6.73,12.65,13.65,1.8,28.3,0.1297999999999999,65.25337407690348,6.322000000000001,35.58,28.569999999999997,27.96,59.35,0.2116,227.7,2.0,0.0,0.0,2024.0,10.0,16.0,19.0
157.8,56.7,29.0,1.0,0.134,60.7,5.5,2800.0,210.0,62.0,310.0,10.8,7.4,6.0,7.0,1.0,11.0,0.053,62.070282658517954,7.51,38.6,23.4,25.0,64.2,0.065,391.0,0.0,2.0,1.0,2024.0,10.0,16.0,8.0
122.2,55.59000000000001,18.9,3.0,0.613,70.5,5.570000000000001,3260.0,316.0,47.55,1133.0,10.477,6.896000000000001,20.5,43.2,4.55,62.2,0.1678,74.8026483320601,6.548,25.380000000000003,24.86,26.21,67.52,0.1612,202.1,0.0,2.0,1.0,2024.0,10.0,16.0,8.0
150.2,56.54,20.8,2.0,0.278,60.3,5.463,3110.0,477.0,52.65,258.0,10.845,7.139999999999999,8.25,12.9,2.4,19.5,0.0764,68.43646549528903,6.835999999999999,35.24999999999999,23.34,24.71,70.11999999999999,0.0883,299.9,0.0,2.0,1.0,2024.0,10.0,16.0,8.0
193.1,57.3,18.0,0.0,0.0,0.0,5.3,2200.0,590.0,40.0,150.0,8.73,7.4,1.0,5.0,1.0,13.0,0.033,0.0,7.53,41.8,22.6,24.5,67.4,0.168,376.0,1.0,1.0,1.0,2024.0,10.0,16.0,15.0
180.0,61.03999999999999,19.1,2.0,0.261,60.9,5.431500000000001,2990.0,299.7,45.6,861.0,10.441999999999998,7.016000000000001,48.55,31.0,2.7,29.5,0.2774,63.66182836771072,6.511,29.36,23.62,23.81,80.14000000000001,0.0713,148.4,1.0,1.0,1.0,2024.0,10.0,16.0,15.0
182.5,62.06999999999999,22.4,0.0,0.0,0.0,5.453,2910.0,294.6,45.8,861.0,10.6465,6.936,48.15,31.7,2.9,24.6,0.2811,0.0,6.556,29.53,23.630000000000003,23.69,77.83,0.0786,185.6,1.0,1.0,1.0,2024.0,10.0,16.0,15.0
179.5,58.74,22.0,2.0,0.258,60.3,5.45,3105.0,288.6,44.6,657.0,10.0125,6.736,33.9,15.1,2.0,9.7,0.1835999999999999,62.070282658517954,6.358,26.95,23.14,23.5,81.81000000000002,0.1061999999999999,223.6,2.0,1.0,1.0,2024.0,10.0,16.0,24.0
201.0,55.89,23.1,1.0,0.164,70.2,5.444000000000001,3375.0,296.2,47.05,488.8,9.841,6.817,29.55,24.7,1.9,11.8,0.1828,66.84491978609626,6.419999999999999,30.52,25.26,26.24,69.78000000000002,0.1461,231.3,2.0,1.0,1.0,2024.0,10.0,16.0,24.0
200.4,57.9,28.0,3.0,0.561,70.1,5.4,3600.0,170.0,51.0,910.0,10.77,7.0,24.0,28.0,2.0,14.0,0.194,70.0280112044818,7.52,23.6,22.6,24.3,66.4,0.089,287.0,2.0,1.0,1.0,2024.0,10.0,16.0,24.0
190.8,50.7,16.1,4.0,0.68,70.3,5.565,3140.0,221.0,47.45,954.0,9.768,6.840000000000001,13.9,36.4,2.5,24.6,0.1543,68.43646549528903,6.958,32.10000000000001,24.09,24.64,70.16,0.1286,214.2,1.0,1.0,0.0,2024.0,10.0,16.0,11.0
159.5,54.56,21.1,8.0,1.336,70.75,5.430000000000001,3275.0,677.0,56.3,963.4,10.774,7.159999999999999,17.1,20.9,2.3,23.6,0.1356,85.14769544181308,6.433000000000002,27.25,23.380000000000003,23.64,70.74000000000001,0.9816000000000004,259.6,1.0,1.0,0.0,2024.0,10.0,16.0,11.0
179.5,51.9,18.0,4.0,0.488,65.0,5.4,3200.0,400.0,75.0,940.0,11.15,7.2,7.0,15.0,1.0,32.0,0.081,55.70409982174688,7.45,21.5,23.4,24.0,65.3,0.164,286.0,1.0,1.0,0.0,2024.0,10.0,16.0,11.0
165.25,57.34,19.5,2.0,0.415,70.8,5.515,3520.0,442.3,54.6,1202.0,12.747000000000002,6.898999999999999,13.6,29.6,5.95,14.9,0.2647,73.21110262286733,6.341,24.62,23.920000000000005,25.140000000000004,68.69000000000001,0.133,252.6,2.0,2.0,2.0,2024.0,10.0,16.0,27.0
162.5,57.78000000000001,20.4,3.0,0.325,65.5,5.42,3440.0,272.0,50.7,744.0,11.1315,6.340999999999999,5.7,18.3,4.0,15.1,0.1218999999999999,67.64069264069265,6.372,24.1,24.440000000000005,25.21,66.86,0.1389999999999999,221.9,2.0,2.0,2.0,2024.0,10.0,16.0,27.0
154.4,61.5,25.0,2.0,0.33,65.5,5.4,3600.0,110.0,54.0,770.0,10.63,5.8,4.0,34.0,2.0,8.0,0.107,66.84491978609626,7.39,25.6,23.4,23.9,67.3,0.059,312.0,2.0,2.0,2.0,2024.0,10.0,16.0,27.0
191.4,58.78000000000001,17.7,1.0,0.12,70.2,5.65,3360.0,193.2,44.1,1011.0,10.119000000000002,7.0200000000000005,47.1,18.5,3.7,19.8,0.2512999999999999,58.88719124013242,6.372,25.85,24.23,24.21,71.45,0.0925,216.8,0.0,0.0,1.0,2024.0,10.0,16.0,4.0
184.5,57.59000000000001,19.2,2.0,0.408,70.5,5.5840000000000005,3340.0,300.0,47.8,453.0,10.711,7.036,21.7,13.3,2.8,17.9,0.1399999999999999,73.21110262286733,6.477000000000001,36.040000000000006,23.1,23.230000000000004,80.34,0.1071,189.2,0.0,0.0,1.0,2024.0,10.0,16.0,4.0
187.2,56.6,24.0,3.0,0.546,65.5,5.5,3800.0,260.0,59.0,470.0,11.84,7.0,20.0,11.0,3.0,15.0,0.118,66.84491978609626,7.59,24.8,23.0,23.6,68.2,0.03,263.0,0.0,0.0,1.0,2024.0,10.0,16.0,4.0
172.15,56.3,25.0,1.0,0.189,70.3,5.619,4200.0,500.0,70.0,120.0,14.68,6.9,24.0,20.0,2.0,33.0,0.152,70.0280112044818,6.45,37.8,22.8,24.2,79.3,0.154,175.0,2.0,2.0,2.0,2024.0,10.0,23.0,27.0
174.9,61.50999999999999,22.1,1.0,0.123,60.4,5.567,3530.0,355.2,43.15,255.8,9.5395,6.450999999999999,5.1,11.8,3.2,23.6,0.1057,60.47873694932519,6.277,33.55,23.79,23.54,79.82000000000001,0.075,322.1,2.0,2.0,2.0,2024.0,10.0,23.0,27.0
169.55,58.38,19.1,3.0,0.724,70.5,5.478999999999999,3350.0,405.8,51.9,211.8,12.695,6.841999999999999,9.6,13.7,3.8,19.8,0.0694999999999999,68.43646549528903,6.33,34.980000000000004,23.65,25.13,72.39000000000001,0.1461,268.3,2.0,2.0,2.0,2024.0,10.0,23.0,27.0
174.3,52.3,28.0,6.0,0.864,60.7,5.1,4600.0,350.0,64.0,340.0,13.78,6.3,52.0,15.0,2.0,36.0,0.225,66.84491978609626,7.7,23.1,23.2,24.3,78.6,0.092,161.0,2.0,1.0,1.0,2024.0,10.0,23.0,24.0
179.5,55.85999999999999,21.6,2.0,0.223,60.4,5.447,3110.0,318.6,44.4,529.8,10.054,6.85,32.3,19.4,2.0,11.4,0.1822,57.29564553093965,6.342999999999998,31.540000000000003,25.12,26.14,69.79,0.1259,217.6,2.0,1.0,1.0,2024.0,10.0,23.0,24.0
188.6,53.65,22.8,3.0,0.575,70.0,5.424,2950.0,589.0,48.4,191.4,10.83,6.901999999999999,34.25,23.1,2.0,11.0,0.1816999999999999,68.43646549528903,6.244,29.59,24.950000000000006,25.1,71.27000000000001,0.1909,283.5,2.0,1.0,1.0,2024.0,10.0,23.0,24.0
119.7,47.24,16.1,0.0,0.0,0.0,5.674,3300.0,231.0,45.8,865.6,10.459,7.106000000000002,63.0,14.0,4.0,88.9,0.4226,0.0,6.103,26.82,23.55,23.08,77.39999999999999,0.1927,154.1,0.0,0.0,1.0,2024.0,10.0,23.0,4.0
193.5,60.28000000000001,21.4,3.0,0.486,70.1,5.5920000000000005,3420.0,217.6,52.25,784.0,11.782,7.002,17.966666666666665,12.2,2.7,50.9,0.1377,65.25337407690348,6.543000000000001,25.35,26.47000000000001,26.92,64.12,0.0623,257.5,0.0,0.0,1.0,2024.0,10.0,23.0,4.0
119.3,48.8,16.4,1.0,0.112,60.7,5.644,3390.0,192.2,39.7,1014.0,10.2465,7.045999999999999,53.1,18.5,3.7,47.2,0.4281,57.29564553093965,6.343,26.24,24.85,23.48,76.0,0.1185,233.6,0.0,0.0,1.0,2024.0,10.0,23.0,4.0
169.95,55.3,27.0,1.0,0.08,50.8,5.4,4300.0,34.0,57.0,550.0,11.74,6.4,63.0,14.0,2.0,61.0,0.273,50.92946269416858,7.79,23.6,23.6,24.3,76.6,0.213,136.0,1.0,1.0,1.0,2024.0,10.0,23.0,15.0
173.1,61.78,18.1,2.0,0.231,60.5,5.4315,2990.0,251.6,44.9,821.0,10.5665,6.976000000000001,48.55,30.7,2.7,27.7,0.2774,55.70409982174688,6.514,27.78,23.62,23.79,79.34,0.0717999999999999,163.0,1.0,1.0,1.0,2024.0,10.0,23.0,15.0
170.7,59.6,26.0,1.0,0.172,70.8,5.4415,3170.0,228.0,48.2,740.4,10.049,6.4,16.0,9.0,1.0,22.0,0.094,66.84491978609626,7.77,44.7,23.6,24.2,76.3,0.184,142.0,1.0,1.0,1.0,2024.0,10.0,23.0,15.0
182.95,56.83,18.9,2.0,0.179,50.8,5.6075,3110.0,130.8,45.8,1138.0,10.4305,7.091000000000001,22.2,13.5,2.7670000000000003,18.9,0.1221,63.66182836771072,6.441000000000001,27.47,26.129999999999995,26.340000000000003,64.91,0.0867,264.1,0.0,2.0,2.0,2024.0,10.0,23.0,9.0
155.25,57.40000000000001,20.9,3.0,0.368,60.8,5.5,3455.0,149.5,56.2,618.0,11.484,7.0200000000000005,108.6,53.7,16.1,130.82999999999998,0.5885,74.8026483320601,6.9,19.92,25.97,25.82,65.05,0.1034,235.5,0.0,2.0,2.0,2024.0,10.0,23.0,9.0
186.0,64.5,29.0,3.0,0.615,70.5,5.3,4100.0,110.0,58.0,200.0,12.23,7.2,85.0,21.0,9.0,110.0,0.332,74.8026483320601,8.02,24.0,23.6,24.2,78.6,0.126,149.0,0.0,2.0,2.0,2024.0,10.0,23.0,9.0
186.3,58.36,13.2,0.0,0.0,0.0,5.3870000000000005,3460.0,270.6,50.05,785.5,11.5095,6.42,63.4,75.15,6.3,27.733,0.5991,0.0,6.471000000000001,19.71,26.92,27.0,66.84,0.0822,303.7,1.0,0.0,1.0,2024.0,10.0,23.0,13.0
85.0,55.1,11.1,4.0,0.545,70.6,5.55,3625.0,298.6,70.6,637.3,11.526,6.38,66.0,89.0,6.45,24.5,0.5565,62.070282658517954,6.33,28.83,27.39,26.89,64.07,0.2004,565.4,1.0,0.0,1.0,2024.0,10.0,23.0,13.0
83.6,63.7,26.0,1.0,0.144,70.0,5.3,4500.0,240.0,62.0,250.0,12.92,7.6,17.0,7.0,1.0,42.0,0.082,70.0280112044818,6.62,34.2,22.8,24.1,80.1,0.214,154.0,1.0,0.0,1.0,2024.0,10.0,23.0,13.0
140.2,53.13,14.1,6.0,0.779,70.3,5.65,3490.0,370.5,45.0,892.0,11.510000000000002,7.003,39.4,65.8,4.4,25.8,0.3039,66.84491978609626,6.526999999999999,29.96,26.35,27.65,62.89,0.1136,553.9,2.0,0.0,1.0,2024.0,10.0,23.0,22.0
146.8,57.48999999999999,16.6,3.0,0.518,70.0,5.5415,3180.0,400.5,47.6,728.0,11.393999999999998,7.01,45.2,60.616666666666674,5.1,22.3,0.3560999999999999,65.25337407690348,6.337999999999999,26.590000000000003,26.46,27.04,65.3,0.1198,210.1,2.0,0.0,1.0,2024.0,10.0,23.0,22.0
200.7,56.0,22.0,3.0,0.329,60.4,5.2,4200.0,410.0,60.0,460.0,12.98,7.4,21.0,15.0,1.0,25.0,0.121,54.11255411255412,6.16,28.4,23.2,24.1,80.3,0.199,159.0,2.0,0.0,1.0,2024.0,10.0,23.0,22.0
158.1,56.11,12.9,3.0,0.91,80.3,5.512500000000001,2965.0,472.0,42.9,540.0,9.838,6.118999999999999,10.2,43.5,4.0,20.3,0.2318,73.21110262286733,7.358999999999999,35.11000000000001,25.97000000000001,27.92,61.17,0.0527,243.5,1.0,0.0,0.0,2024.0,10.0,23.0,10.0
123.0,50.27,14.7,5.0,0.777,70.0,5.6530000000000005,2945.0,542.0,37.2,1009.0,10.395,6.702,10.1,144.6,12.0,52.1,0.6027000000000001,70.0280112044818,7.056,31.85,27.820000000000004,27.870000000000005,62.75999999999999,0.0804,237.8,1.0,0.0,0.0,2024.0,10.0,23.0,10.0
176.8,58.8,26.0,6.0,0.783,60.6,5.1,3900.0,440.0,48.0,310.0,12.39,7.1,18.0,19.0,1.0,33.0,0.131,63.66182836771072,8.02,26.0,23.6,24.3,74.4,0.23,243.0,1.0,0.0,0.0,2024.0,10.0,23.0,10.0
95.85,52.6,26.0,2.0,0.473,70.7,5.3,4300.0,160.0,58.0,210.0,12.01,7.6,16.0,17.0,2.0,26.0,0.122,73.21110262286733,8.34,29.0,23.6,24.1,78.2,0.314,168.0,0.0,0.0,0.0,2024.0,10.0,23.0,28.0
89.25,50.56,20.6,4.0,0.753,70.8,5.429,3340.0,549.65,50.4,427.0,11.746,6.988999999999999,16.8,39.3,2.05,24.6,0.2355999999999999,74.8026483320601,6.404000000000001,31.19,24.860000000000003,25.64,67.69000000000001,0.1704,278.4,0.0,0.0,0.0,2024.0,10.0,23.0,28.0
112.2,53.9,22.9,2.0,0.35,70.3,5.448,3210.0,148.0,46.2,289.9,9.114,6.95,10.8,21.3,1.9,28.9,0.1189,66.84491978609626,6.841000000000001,32.75,24.22,25.5,66.72,0.1496,242.9,0.0,0.0,0.0,2024.0,10.0,23.0,28.0
81.3,58.5,31.0,3.0,0.468,70.1,5.2,4600.0,420.0,76.0,300.0,14.44,7.3,72.0,35.0,4.0,95.0,0.391,70.0280112044818,6.79,18.9,23.2,24.0,78.6,0.075,145.0,1.0,2.0,0.0,2024.0,10.0,23.0,12.0
216.5,61.220000000000006,21.9,0.0,0.0,0.0,5.433,3330.0,354.8,42.8,757.0,9.821000000000002,7.343999999999999,37.1,15.6,3.5,21.2,0.1235,0.0,6.496,27.12,25.3,25.69,67.92999999999999,0.1259,294.5,1.0,2.0,0.0,2024.0,10.0,23.0,12.0
119.4,60.27,19.9,3.0,0.343,60.9,5.456,3260.0,372.7,45.9,474.0,10.698,7.178,26.8,28.0,3.7,21.3,0.1232,65.25337407690348,6.547999999999999,23.71,25.31,25.64,67.01,0.1387,232.7,1.0,2.0,0.0,2024.0,10.0,23.0,12.0
182.6,49.1,26.0,3.0,0.421,60.9,5.1,4100.0,450.0,74.0,390.0,13.87,7.4,33.0,9.0,3.0,42.0,0.135,63.66182836771072,8.18,39.6,23.2,24.1,79.6,0.175,140.0,2.0,2.0,1.0,2024.0,10.0,23.0,26.0
174.7,46.08,18.1,3.0,0.405,60.4,5.428000000000001,3385.0,250.0,50.9,654.0,12.458,7.31,10.6,8.8,2.4,14.0,0.0937,46.15482556659028,6.594999999999999,35.260000000000005,24.15,25.630000000000003,74.3,0.1843,165.4,2.0,2.0,1.0,2024.0,10.0,23.0,26.0
175.0,57.53,19.5,1.0,0.169,70.7,5.5200000000000005,3695.0,204.9,49.75,1127.2,11.717,7.13,21.2,14.7,3.45,19.4,0.1719,66.84491978609626,6.444,28.24,24.540000000000003,25.46,65.69,0.1592999999999999,242.8,2.0,2.0,1.0,2024.0,10.0,23.0,26.0
182.5,54.8,21.0,1.0,0.244,80.3,5.1,4800.0,350.0,74.0,390.0,14.69,7.5,29.0,16.0,3.0,41.0,0.159,73.21110262286733,7.91,35.2,23.3,24.0,78.4,0.303,161.0,1.0,1.0,2.0,2024.0,10.0,23.0,16.0
166.5,53.54,15.4,4.0,0.481,60.8,5.5965,3310.0,136.95,41.9,708.9,10.377,6.798,20.233,13.6,3.8,26.4,0.1208,54.11255411255412,6.422,23.22,25.77,26.7,64.84,0.1962,265.9,1.0,1.0,2.0,2024.0,10.0,23.0,16.0
174.8,55.96999999999999,16.0,3.0,0.521,70.1,5.568,3260.0,132.5,41.9,1731.0,10.499999999999998,6.745,21.533,15.5,2.9,25.6,0.1024,62.070282658517954,6.398000000000001,26.9,25.76,26.87,67.15,0.2155,630.8,1.0,1.0,2.0,2024.0,10.0,23.0,16.0
160.9,54.290000000000006,20.8,1.0,0.078,60.0,5.518,3300.0,253.0,56.1,306.4,11.038999999999998,6.8100000000000005,28.5,36.2,2.55,37.25,0.2037,50.92946269416858,6.389,34.260000000000005,24.46,25.43,67.16,0.0922999999999999,238.5,0.0,0.0,0.0,2024.0,10.0,23.0,1.0
168.0,52.370000000000005,16.4,4.0,0.611,70.3,5.5545,3330.0,239.0,52.6,371.7,10.840999999999998,6.912000000000001,38.2,33.9,3.65,33.4,0.2219,63.66182836771072,6.412000000000001,28.15,24.31,25.19,68.61,0.1389999999999999,239.0,0.0,0.0,0.0,2024.0,10.0,23.0,1.0
152.8,46.0,32.0,2.0,0.253,70.2,5.3,4500.0,220.0,71.0,360.0,11.38,7.6,8.0,11.0,1.0,25.0,0.071,57.29564553093965,8.02,29.6,24.0,24.3,81.0,0.205,199.0,0.0,0.0,0.0,2024.0,10.0,23.0,1.0
122.9,51.07,19.7,3.0,0.611,70.4,5.546,3320.0,315.0,47.6,280.5,11.547999999999998,7.26,9.3,14.95,1.5,20.9,0.091,74.8026483320601,6.433,32.370000000000005,23.96,24.71,70.34,0.1376,171.1,1.0,0.0,2.0,2024.0,10.0,23.0,14.0
161.7,52.59999999999999,19.7,3.0,0.473,70.6,5.5520000000000005,3430.0,174.4,45.1,509.2,10.962,7.409999999999999,10.7,34.55,1.6,18.8,0.0772,63.66182836771072,6.633,32.85,24.11,24.41,71.45,0.1386,172.3,1.0,0.0,2.0,2024.0,10.0,23.0,14.0
183.0,60.3,17.0,3.0,0.394,60.9,5.2,4400.0,280.0,74.0,580.0,10.94,6.6,88.0,49.0,7.0,100.0,0.451,62.070282658517954,8.05,23.7,23.6,24.2,78.0,0.217,244.0,1.0,0.0,2.0,2024.0,10.0,23.0,14.0
85.8,49.42,10.2,0.0,0.786,60.3,5.4405,3490.0,403.6,52.0,1079.0,11.557,6.5280000000000005,38.9,73.2,4.0,47.2,0.4040000000000001,74.8026483320601,6.356999999999999,21.270000000000003,26.170000000000005,27.19,63.6,0.2911,667.7,0.0,1.0,2.0,2024.0,10.0,23.0,7.0
131.05,53.74,19.7,4.0,0.546,70.5,5.53,3395.0,115.5,50.75,349.0,11.557,6.859,28.0,57.4,3.3,31.3,0.1380999999999999,63.66182836771072,6.391,24.32,23.910000000000004,24.07,77.63,0.1481,225.9,0.0,1.0,2.0,2024.0,10.0,23.0,7.0
183.7,59.9,21.0,2.0,0.331,70.3,5.374499999999999,3240.0,404.0,52.65,662.0,10.825,6.8,41.0,13.0,2.0,43.0,0.158,66.84491978609626,7.22,21.7,23.6,24.2,76.9,0.335,164.0,0.0,1.0,2.0,2024.0,10.0,23.0,7.0
176.2,55.8,22.5,0.0,0.0,0.0,5.248,2870.0,508.6,41.75,272.9,10.832,6.808999999999999,6.8,11.3,1.1,17.2,0.0672,0.0,7.303,33.95,23.92,24.0,77.75,0.1417,301.0,0.0,2.0,0.0,2024.0,10.0,23.0,3.0
167.5,55.42999999999999,14.3,7.0,0.953,80.3,5.6080000000000005,3160.0,251.3,54.0,598.0,10.046,6.45,50.9,41.05,3.8,78.6,0.2688,60.47873694932519,6.4,34.62,25.08,25.84,67.55,0.1258,252.4,0.0,2.0,0.0,2024.0,10.0,23.0,3.0
163.0,56.8,25.0,3.0,0.455,60.8,5.2,3700.0,360.0,58.0,430.0,11.66,6.8,13.0,9.0,1.0,14.0,0.092,66.84491978609626,7.92,33.1,23.6,24.0,75.7,0.269,245.0,0.0,2.0,0.0,2024.0,10.0,23.0,3.0
187.9,58.7,25.0,6.0,0.989,80.4,5.1,4200.0,450.0,63.0,480.0,14.56,6.2,71.0,15.0,3.0,49.0,0.289,68.43646549528903,7.88,39.3,23.6,24.0,77.1,0.313,148.0,2.0,0.0,2.0,2024.0,10.0,23.0,23.0
148.4,55.88000000000001,20.3,7.0,0.81,70.3,5.409999999999999,3550.0,284.0,51.6,1315.0,11.034,6.105,38.4,42.7,3.4,38.8,0.4235,66.84491978609626,6.476999999999999,29.52,27.98,28.349999999999994,55.16,0.1631,528.8,2.0,0.0,2.0,2024.0,10.0,23.0,23.0
162.3,54.56,12.5,4.0,0.674,70.9,5.489999999999999,3390.0,238.0,50.4,1038.1,9.703,5.949999999999999,31.45,66.8,4.5,173.0,0.5237,74.8026483320601,6.426,30.22000000000001,28.24,28.549999999999997,55.8,0.1129,460.0,2.0,0.0,2.0,2024.0,10.0,23.0,23.0
156.7,61.8,26.0,1.0,0.092,60.1,5.1,4400.0,370.0,70.0,560.0,13.27,6.6,5.0,9.0,1.0,16.0,0.053,54.11255411255412,7.94,24.3,23.6,24.1,79.1,0.139,164.0,2.0,2.0,0.0,2024.0,10.0,23.0,21.0
173.3,57.55,22.2,6.0,0.97,70.5,5.447,3380.0,137.7,52.2,177.5,9.0785,6.815,6.7,15.0,1.5,7.4,0.0759,79.5772854596384,7.224999999999999,34.059999999999995,25.27,25.65,66.92999999999999,0.1138,261.4,2.0,2.0,0.0,2024.0,10.0,23.0,21.0
180.6,56.0,17.0,4.0,0.518,60.9,5.539,3125.0,172.3,46.4,569.0,9.5615,6.6,19.0,9.0,4.0,54.0,0.123,63.66182836771072,6.54,36.9,23.6,24.2,80.0,0.258,161.0,2.0,2.0,0.0,2024.0,10.0,23.0,21.0
130.35,58.9,29.0,3.0,0.69,70.9,5.3,4300.0,94.0,58.0,860.0,11.54,7.6,18.0,8.0,2.0,28.0,0.096,73.21110262286733,6.41,42.5,24.0,24.1,78.7,0.292,214.0,0.0,0.0,2.0,2024.0,10.0,23.0,5.0
124.8,52.75,9.8,3.0,0.371,60.4,5.499999999999999,3320.0,145.8,43.2,1137.1,10.807000000000002,6.347,44.4,36.7,7.85,41.8,0.2719,58.88719124013242,6.417,24.09,27.93,28.8,54.8,0.1546,292.2,0.0,0.0,2.0,2024.0,10.0,23.0,5.0
133.4,54.59,14.2,1.0,0.211,80.0,5.49,3465.0,157.9,45.4,1338.0,10.219,6.696000000000001,33.2,14.6,2.65,31.6,0.1817,71.61955691367456,6.421000000000001,25.12,28.48,30.71,56.870000000000005,0.0954,588.9,0.0,0.0,2.0,2024.0,10.0,23.0,5.0
191.9,61.1,19.0,4.0,0.409,60.8,5.1,5200.0,300.0,76.0,330.0,14.36,7.4,17.0,16.0,2.0,32.0,0.127,63.66182836771072,7.87,29.0,24.0,24.2,78.9,0.187,199.0,2.0,2.0,2.0,2024.0,10.0,23.0,30.0
142.8,53.8,8.2,5.0,0.622,60.9,5.319999999999999,3700.0,585.0,67.1,1753.8,12.733,6.56,87.1,100.5,6.8,97.8,0.9104,65.25337407690348,6.429,32.15,26.160000000000004,27.099999999999994,62.44,0.2444,290.3,2.0,2.0,2.0,2024.0,10.0,23.0,30.0
142.8,53.53,7.3,2.0,0.274,70.0,5.35,3300.0,557.0,65.4,1279.6,12.696,6.51,59.75,52.1,7.0,80.6,0.5330999999999999,63.66182836771072,6.386,32.56999999999999,26.67,27.049999999999997,62.45,0.0976,264.4,2.0,2.0,2.0,2024.0,10.0,23.0,30.0
154.25,59.010000000000005,17.6,3.0,0.577,60.9,5.465000000000001,3220.0,143.1,45.0,509.1,9.998,6.499999999999998,14.0,21.35,1.75,36.9,0.0939,68.43646549528903,6.4430000000000005,35.57,24.73,25.670000000000005,68.09,0.0886,196.9,2.0,1.0,0.0,2024.0,10.0,23.0,20.0
182.45,58.040000000000006,18.4,2.0,0.2,60.4,5.4825,3370.0,155.0,51.0,313.2,9.643,6.438,17.9,22.15,1.75,34.95,0.1066999999999999,58.88719124013242,7.236,31.380000000000003,24.62,25.32,70.46000000000001,0.14,208.0,2.0,1.0,0.0,2024.0,10.0,23.0,20.0
191.55,62.5,22.0,1.0,0.043,50.4,5.1,4100.0,410.0,70.0,240.0,11.94,7.2,16.0,17.0,2.0,39.0,0.138,46.15482556659028,7.93,29.4,23.6,24.5,78.6,0.246,238.0,2.0,1.0,0.0,2024.0,10.0,23.0,20.0
119.0,61.39999999999999,6.7,2.0,0.217,60.7,5.707000000000001,3575.0,139.3,49.6,493.0,9.748,6.364,20.25,14.2,2.5,18.0,0.1425,62.070282658517954,6.218000000000002,45.49,29.110000000000003,30.5,52.35,0.1184,521.4,1.0,2.0,2.0,2024.0,10.0,23.0,18.0
143.3,62.61,15.5,4.0,0.554,60.9,5.414,3335.0,358.2,61.0,370.4,11.5565,6.558,25.4,13.9,2.4,20.1,0.1398999999999999,62.070282658517954,6.3950000000000005,40.24,27.630000000000003,28.29,57.94,0.108,474.2,1.0,2.0,2.0,2024.0,10.0,23.0,18.0
161.2,62.5,18.0,2.0,0.153,60.7,5.3,4500.0,260.0,78.0,500.0,13.6,6.9,12.0,4.0,1.0,24.0,0.07,55.70409982174688,7.91,41.3,23.6,24.7,81.2,0.226,214.0,1.0,2.0,2.0,2024.0,10.0,23.0,18.0
153.2,58.78,14.6,10.0,1.543,70.1,5.307,3490.0,577.0,51.6,1429.0,12.757,6.63,12.4,17.0,3.6,20.05,0.1202,74.8026483320601,7.772999999999999,27.43,25.42,25.809999999999995,65.0,0.0707,265.8,1.0,1.0,1.0,2024.0,10.0,23.0,29.0
153.2,60.65,14.2,2.0,0.401,70.3,5.300000000000001,3410.0,548.0,49.1,1445.0,12.662,6.63,12.7,14.5,2.9,18.65,0.1145,70.0280112044818,8.024,26.92,25.660000000000004,25.82,65.0,0.0866,224.7,1.0,1.0,1.0,2024.0,10.0,23.0,29.0
173.7,62.5,21.0,4.0,0.407,70.3,5.1,4000.0,590.0,75.0,420.0,12.78,6.9,13.0,10.0,2.0,19.0,0.097,62.070282658517954,7.93,40.3,23.6,24.9,75.4,0.195,214.0,1.0,1.0,1.0,2024.0,10.0,23.0,29.0
198.0,56.98,20.9,1.0,0.167,70.3,5.56,3615.0,170.0,47.8,422.0,8.759,6.454000000000001,46.2,34.05,3.0,16.3,0.2801,71.61955691367456,6.765000000000001,23.9,24.570000000000004,25.94,69.88000000000001,0.0799,449.9,2.0,1.0,2.0,2024.0,10.0,23.0,25.0
167.2,56.98,15.1,3.0,0.436,60.1,5.4385,3305.0,239.7,53.2,369.0,10.371,6.38,17.4,23.0,2.9,22.5,0.1249,62.070282658517954,6.316000000000001,24.06,24.32,25.46,70.25000000000001,0.0805999999999999,297.6,2.0,1.0,2.0,2024.0,10.0,23.0,25.0
147.1,62.7,12.0,4.0,0.656,80.1,5.1,4000.0,510.0,71.0,260.0,12.94,6.5,110.0,46.0,5.0,64.0,0.524,71.61955691367456,7.99,30.8,24.4,25.6,70.8,0.357,243.0,2.0,1.0,2.0,2024.0,10.0,23.0,25.0
165.15,55.5,31.0,9.0,1.408,70.8,5.1,3700.0,400.0,61.0,240.0,12.27,6.7,14.0,4.0,1.0,13.0,0.063,66.84491978609626,7.79,35.7,24.4,25.4,71.6,0.154,237.0,2.0,0.0,0.0,2024.0,10.0,23.0,19.0
146.55,57.25999999999999,16.5,6.0,0.957,70.7,5.450000000000001,2880.0,296.3,41.6,539.0,10.821,6.523999999999999,15.55,71.85,2.8,49.2,0.2752999999999999,71.61955691367456,6.356,39.17,28.55,28.73,55.86999999999999,0.1107,429.7,2.0,0.0,0.0,2024.0,10.0,23.0,19.0
146.55,57.58,19.9,11.0,1.418,70.4,5.450000000000001,2890.0,297.8,39.85,554.0,10.687,6.523999999999999,15.55,71.85,2.8,48.2,0.2863999999999999,71.61955691367456,6.545999999999999,39.3,28.55,28.73,55.86999999999999,0.1109,429.7,2.0,0.0,0.0,2024.0,10.0,23.0,19.0
138.5,53.9,16.0,8.0,1.393,70.9,5.2,4000.0,280.0,71.0,520.0,11.84,6.7,6.0,1.0,1.0,15.0,0.046,71.61955691367456,7.8,40.4,23.6,25.1,76.7,0.14,244.0,0.0,1.0,0.0,2024.0,10.0,23.0,2.0
135.6,53.78,20.4,7.0,0.358,70.4,5.46,3430.0,295.0,52.8,902.0,10.608999999999998,6.812,37.9,49.1,5.6,64.1,0.3197,66.84491978609626,6.441,32.47,24.919999999999995,25.59,69.73,0.0912999999999999,222.0,0.0,1.0,0.0,2024.0,10.0,23.0,2.0
163.7,54.96,17.6,1.0,0.195,70.9,5.418,3340.0,266.0,54.5,800.4,10.044,6.558,46.7,57.6,7.9,63.65,0.4504,73.21110262286733,6.496,29.0,24.59,24.88,71.08,0.1379,193.1,0.0,1.0,0.0,2024.0,10.0,23.0,2.0
168.4,55.8,29.0,3.0,0.276,60.3,5.3,4200.0,310.0,68.0,520.0,11.67,7.1,22.0,6.0,1.0,19.0,0.109,65.25337407690348,7.8,34.4,23.6,24.8,78.2,0.138,235.0,0.0,1.0,1.0,2024.0,10.0,23.0,6.0
177.9,54.96,26.5,5.0,0.558,60.9,5.4295,3340.0,186.3,55.7,412.0,10.4405,6.386000000000001,15.9,10.9,1.6,26.7,0.0760999999999999,71.61955691367456,6.388,33.2,23.66,23.56,77.0,0.119,254.6,0.0,1.0,1.0,2024.0,10.0,23.0,6.0
190.75,57.35999999999999,29.2,5.0,0.439,70.1,5.435,3340.0,344.5,54.3,482.0,10.807000000000002,6.94,16.85,11.1,2.05,21.4,0.0871,70.0280112044818,6.536999999999999,33.550000000000004,23.190000000000005,23.67,76.25,0.1856,230.0,0.0,1.0,1.0,2024.0,10.0,23.0,6.0
112.2,56.9,22.0,7.0,0.953,70.3,5.1,4000.0,410.0,49.0,330.0,12.32,6.5,71.0,28.0,6.0,74.0,0.335,77.98573975044563,8.01,31.7,24.0,24.4,78.8,0.198,235.0,1.0,2.0,1.0,2024.0,10.0,23.0,17.0
144.2,52.04,13.2,6.0,0.772,70.2,5.51,3430.0,285.0,40.1,830.0,9.762,6.557,43.45,28.3,3.0,81.75,0.2588,71.61955691367456,6.3660000000000005,25.51,25.349999999999994,27.51,62.88,0.1707,254.7,1.0,2.0,1.0,2024.0,10.0,23.0,17.0
131.8,54.52,16.0,4.0,0.644,70.2,5.35,3410.0,354.5,42.8,659.0,10.3,6.497,35.9,27.3,4.3,78.55,0.2449,73.21110262286733,6.278,30.27,25.169999999999995,27.750000000000007,62.45,0.1255,194.4,1.0,2.0,1.0,2024.0,10.0,23.0,17.0
173.7,56.29,18.0,7.0,0.729,70.2,5.445,3160.0,321.0,51.9,927.4,10.605,6.890000000000001,16.45,13.0,2.3,24.0,0.1587,71.61955691367456,6.898000000000001,28.32,23.57,23.36,76.68,0.1341999999999999,256.0,1.0,1.0,0.0,2024.0,10.0,23.0,11.0
119.95,53.73,23.6,2.0,0.164,605.0,5.441000000000001,3305.0,309.0,55.8,2026.0,11.313,7.171000000000001,285.3999999999951,53.8,12.7,59.6,0.5415,55.70409982174688,6.48,23.57,23.84,23.969999999999995,74.52000000000001,0.2795999999999999,237.8,1.0,1.0,0.0,2024.0,10.0,23.0,11.0
181.8,58.0,34.0,2.0,0.127,50.4,5.2,4100.0,270.0,55.0,330.0,12.46,7.2,36.0,12.0,2.0,29.0,0.216,46.15482556659028,6.37,36.8,24.4,25.1,78.7,0.304,214.0,1.0,1.0,0.0,2024.0,10.0,23.0,11.0
168.6,57.95000000000001,21.2,0.0,0.0,0.0,5.382000000000001,3420.0,560.0,52.8,620.0,10.363,6.659000000000001,37.5,63.8,7.45,90.05,0.4574000000000001,0.0,6.378,30.03,23.69,24.46,72.34,0.1785,289.6,0.0,2.0,1.0,2024.0,10.0,23.0,8.0
164.5,57.64000000000001,20.4,4.0,0.54,70.3,5.450000000000001,3580.0,209.0,47.45,1021.0,10.296,6.867,24.4,41.8,4.1,33.7,0.2408999999999999,70.0280112044818,6.4350000000000005,26.19,24.73,26.029999999999998,67.47999999999999,0.1761,284.7,0.0,2.0,1.0,2024.0,10.0,23.0,8.0
168.4,60.0,18.0,1.0,0.067,60.0,5.1,4000.0,240.0,51.0,280.0,11.16,7.5,64.0,10.0,2.0,38.0,0.226,54.11255411255412,7.94,34.4,24.0,25.0,78.0,0.156,247.0,0.0,2.0,1.0,2024.0,10.0,23.0,8.0
202.9,56.63,16.4,5.0,0.732,70.2,5.585,3565.0,121.9,45.3,1556.0,10.7305,7.011000000000001,33.8,22.5,6.9670000000000005,33.2,0.2504,68.43646549528903,6.531999999999999,24.57,26.44,26.37,65.87,0.0866,288.0,0.0,2.0,2.0,2024.0,10.0,23.0,9.0
163.6,55.760000000000005,17.6,6.0,0.795,70.2,5.565,3610.0,141.5,48.0,1262.0,11.419,6.971000000000001,112.1,63.8,16.4,126.43,0.6895,74.8026483320601,6.406000000000001,26.54,25.92,26.22,64.73999999999998,0.1859,353.2,0.0,2.0,2.0,2024.0,10.0,23.0,9.0
204.3,57.36,15.8,6.0,0.729,70.7,5.617500000000001,3595.0,131.5,47.1,1481.0,10.765999999999998,7.0200000000000005,51.6,26.7,7.3,42.3,0.3865999999999999,68.43646549528903,6.49,33.5,24.0,25.6,70.2,0.117,221.0,0.0,2.0,2.0,2024.0,10.0,23.0,9.0
67.5,45.900000000000006,11.0,6.0,0.878,80.1,5.58,3975.0,314.9,68.6,1345.0,11.786,6.19,96.0,106.45,15.9,115.266,0.8756999999999999,73.21110262286733,6.475,25.73,26.3,27.410000000000004,60.64,0.2829,649.6,1.0,0.0,1.0,2024.0,10.0,23.0,13.0
114.45,62.93999999999998,11.6,3.0,0.334,60.7,5.590000000000001,3660.0,246.5,64.0,976.0,11.7335,6.540000000000001,49.25,45.55,5.35,26.7,0.4025,65.25337407690348,6.281000000000001,23.31,27.2,27.5,63.06,0.1984,452.9,1.0,0.0,1.0,2024.0,10.0,23.0,13.0
118.0,56.74,21.8,8.0,0.778,60.8,5.4125,3470.0,219.1,72.1,625.5,12.063,7.203,92.1,100.7,11.55,116.233,0.6959,76.39419404125286,7.84,34.8,24.0,25.6,68.2,0.152,169.0,1.0,0.0,1.0,2024.0,10.0,23.0,13.0
117.95,45.690000000000005,18.9,4.0,0.562,70.3,5.43,3510.0,256.3,51.1,637.2,12.738,7.18,7.9,28.5,2.8,23.2,0.062,74.8026483320601,8.35,36.1,24.0,25.6,72.1,0.176,171.0,2.0,2.0,1.0,2024.0,10.0,23.0,26.0
124.1,49.64,12.4,8.0,0.147,70.6,5.610000000000001,3485.0,200.6,50.25,806.0,12.361,6.87,8.1,13.2,1.8,13.5,0.0664,71.61955691367456,6.427,34.06,24.730000000000004,25.42,71.86,0.2595999999999999,189.6,2.0,2.0,1.0,2024.0,10.0,23.0,26.0
103.15,48.75000000000001,18.8,3.0,0.481,70.7,5.51,3650.0,262.3,50.15,1306.0,12.528499999999998,7.159999999999999,19.4,38.7,3.0,35.8,0.1361,74.8026483320601,6.422999999999999,30.66,25.9,26.34,67.49,0.1738999999999999,278.6,2.0,2.0,1.0,2024.0,10.0,23.0,26.0
169.4,58.8,21.3,5.0,0.642,70.5,5.48,3900.0,169.05,54.1,284.9,12.693,7.359999999999999,22.3,18.2,3.1,29.4,0.1602999999999999,77.98573975044563,7.85,34.5,24.0,25.6,72.7,0.158,171.0,1.0,1.0,2.0,2024.0,10.0,23.0,16.0
164.9,57.77,22.0,3.0,0.43,60.9,5.5165,3160.0,149.0,40.3,287.0,10.377,6.893000000000001,20.0,14.8,2.6,26.1,0.0987,66.84491978609626,6.395,44.02,24.200000000000006,25.61,73.72,0.1731,147.6,1.0,1.0,2.0,2024.0,10.0,23.0,16.0
169.4,58.56,25.3,8.0,1.304,70.8,5.5200000000000005,3570.0,170.1,53.05,430.0,11.075,6.98,20.4,18.7,2.8,21.9,0.1543999999999999,76.39419404125286,6.567,40.99,24.130000000000003,25.27,72.88000000000001,0.1539999999999999,150.4,1.0,1.0,2.0,2024.0,10.0,23.0,16.0
163.9,56.57000000000001,17.2,4.0,0.637,80.1,5.4430000000000005,2960.0,362.0,43.3,479.0,9.704,6.183,9.9,45.9,4.0,26.1,0.178,70.0280112044818,8.04,25.7,24.0,24.9,75.8,0.209,235.0,1.0,0.0,0.0,2024.0,10.0,23.0,10.0
123.0,50.25999999999999,15.3,5.0,0.902,70.7,5.553000000000001,2995.0,537.0,42.1,1160.0,10.395,6.723000000000001,10.1,145.9,10.2,57.1,0.6167,74.8026483320601,7.218000000000001,31.880000000000003,27.880000000000003,28.0,62.74999999999999,0.0933,397.2,1.0,0.0,0.0,2024.0,10.0,23.0,10.0
181.6,57.3,20.3,3.0,0.432,60.3,5.339999999999999,2950.0,414.0,41.45,176.0,9.526,6.688999999999998,5.0,18.7,1.5,13.4,0.0546,57.29564553093965,6.436999999999999,33.39,23.94,24.290000000000003,78.85,0.0658,148.1,1.0,0.0,0.0,2024.0,10.0,23.0,10.0
123.6,58.65,20.4,6.0,0.841,70.8,5.647500000000001,3300.0,371.5,47.3,895.0,11.544999999999998,7.160000000000001,44.6,76.71666666666667,4.65,24.1,0.4463999999999999,71.61955691367456,7.8,28.9,24.8,25.4,74.2,0.09,151.0,2.0,0.0,1.0,2024.0,10.0,23.0,22.0
94.6,49.60000000000001,16.1,7.0,1.022,70.3,5.781000000000001,3495.0,360.5,46.3,1302.0,11.954,6.960000000000001,44.9,74.06666666666668,5.2,28.9,0.3624,71.61955691367456,6.556,31.23,26.68,27.74,64.72999999999999,0.1316,437.4,2.0,0.0,1.0,2024.0,10.0,23.0,22.0
129.6,56.88,18.6,5.0,0.587,70.0,5.57,3435.0,367.5,46.1,838.0,11.415,6.993,41.4,54.7,4.2,24.0,0.3096,70.0280112044818,6.337999999999999,28.040000000000003,26.46,27.129999999999995,65.17,0.1235,264.2,2.0,0.0,1.0,2024.0,10.0,23.0,22.0
150.1,60.44,23.0,6.0,0.551,60.7,5.432,3120.0,383.7,45.0,474.0,9.904999999999998,7.237,26.1,22.8,4.0,28.3,0.1251,60.47873694932519,6.544999999999999,26.93,24.04,24.44,76.67999999999998,0.1193,176.8,1.0,2.0,0.0,2024.0,10.0,23.0,12.0
113.2,55.58999999999999,23.9,3.0,0.221,70.3,5.402999999999999,3310.0,445.5,50.95,258.0,12.247,6.658,27.0,10.6,2.1,19.6,0.0827,70.0280112044818,6.391,31.97,25.93,26.0,64.44,0.1243999999999999,168.4,1.0,2.0,0.0,2024.0,10.0,23.0,12.0
91.5,55.48,24.7,4.0,0.309,70.0,5.4095,3370.0,452.5,50.35,241.0,12.154,6.917,29.8,10.7,2.1,25.7,0.0836,71.61955691367456,6.41,27.5,24.4,25.4,71.0,0.134,147.0,1.0,2.0,0.0,2024.0,10.0,23.0,12.0
75.6,51.79,15.5,7.0,1.0,70.6,5.632000000000001,3180.0,502.65,45.6,635.9,11.611,6.806,35.1,79.9,6.4,175.1,0.5862,74.8026483320601,6.437,33.14999999999999,27.590000000000003,28.03,63.9,0.1973999999999999,279.2,0.0,0.0,0.0,2024.0,10.0,23.0,28.0
79.95,50.55,17.4,5.0,0.612,70.6,5.5680000000000005,3180.0,520.05,48.0,371.0,11.678,6.876,22.4,51.8,3.45,26.7,0.2401,70.0280112044818,6.419000000000001,35.37,27.24,28.14,62.78,0.1505,269.8,0.0,0.0,0.0,2024.0,10.0,23.0,28.0
104.15,51.04,22.1,5.0,0.651,70.7,5.593999999999999,3420.0,318.05,45.7,370.0,11.268,6.871,7.2,18.8,1.6,22.8,0.0969,70.0280112044818,7.98,30.7,24.0,25.3,74.8,0.105,175.0,0.0,0.0,0.0,2024.0,10.0,23.0,28.0
145.3,53.47000000000001,14.2,4.0,0.667,70.5,5.564500000000001,3330.0,127.1,44.35,421.1,11.051999999999998,7.089,27.3,28.3,2.85,41.15,0.2157,74.8026483320601,6.459000000000001,29.83,26.73,27.120000000000005,63.02,0.1527,266.3,0.0,0.0,0.0,2024.0,10.0,23.0,1.0
158.0,53.250000000000014,14.6,2.0,0.198,50.9,5.595000000000001,3350.0,160.6,47.7,432.0,10.239999999999998,6.43,24.8,27.8,2.85,38.25,0.2076,55.70409982174688,6.454000000000001,34.09,26.57,27.770000000000003,62.89999999999999,0.1222,367.6,0.0,0.0,0.0,2024.0,10.0,23.0,1.0
152.9,57.93000000000001,27.9,6.0,0.829,70.0,5.503500000000001,3260.0,219.3,45.45,243.1,11.657999999999998,7.359999999999999,36.5,72.1,4.5,37.75,0.4697,74.8026483320601,6.35,30.7,24.0,25.2,74.0,0.085,253.0,0.0,0.0,0.0,2024.0,10.0,23.0,1.0
132.3,53.17999999999999,30.2,2.0,0.548,80.6,5.540000000000001,3370.0,380.0,47.0,293.5,11.761,7.229999999999999,9.2,23.55,1.5,18.5,0.0807999999999999,90.71810542398778,6.438,32.370000000000005,23.9,24.66,70.61999999999999,0.1527,160.5,1.0,0.0,2.0,2024.0,10.0,23.0,14.0
116.4,48.34,29.4,5.0,0.727,80.0,5.636000000000001,3510.0,373.0,49.8,715.0,11.51,7.17,63.95,62.1,7.1,67.2,0.5708,84.3519225872167,6.390000000000001,31.65000000000001,24.090000000000003,24.9,70.28,0.2547,175.6,1.0,0.0,2.0,2024.0,10.0,23.0,14.0
111.5,52.58,15.0,4.0,0.552,70.2,5.7620000000000005,3510.0,202.2,45.5,585.0,11.156,7.1,21.2,66.0,3.3,44.0,0.2061,73.21110262286733,6.42,38.4,24.0,25.0,76.4,0.109,160.0,1.0,0.0,2.0,2024.0,10.0,23.0,14.0
127.5,51.330000000000005,15.2,7.0,0.93,60.7,5.69,3425.0,119.3,57.3,992.1,10.6195,6.610000000000001,48.2,28.05,8.4,37.25,0.2363,73.21110262286733,8.76,36.6,24.0,25.2,75.5,0.146,645.0,0.0,0.0,2.0,2024.0,10.0,23.0,5.0
101.5,51.210000000000015,14.6,8.0,0.873,70.8,5.922,3495.0,260.5,63.5,1467.0,11.931,6.510000000000001,64.3,47.65,9.2,129.5,0.6113,73.21110262286733,7.568,27.880000000000003,29.51,31.25,54.19000000000001,0.9816000000000004,641.5,0.0,0.0,2.0,2024.0,10.0,23.0,5.0
109.25,52.67,10.8,4.0,0.418,70.4,5.721999999999999,3275.0,241.5,49.9,1273.0,11.2195,6.507,70.1,48.3,8.6,103.45,0.553,71.61955691367456,6.356,23.51,29.22,30.379999999999995,52.54,0.9816000000000004,535.1,0.0,0.0,2.0,2024.0,10.0,23.0,5.0
195.3,58.39000000000001,14.8,7.0,0.609,70.3,5.250000000000001,3660.0,506.0,68.7,1005.4,12.321,6.470000000000001,64.95,63.7,6.7,79.9,0.5330999999999999,73.21110262286733,6.44,32.3,24.4,25.2,71.5,0.084,171.0,2.0,2.0,2.0,2024.0,10.0,23.0,30.0
146.9,59.02,11.0,7.0,0.791,70.1,5.339999999999999,3760.0,451.0,68.8,1603.8,12.585,6.682,86.15,98.6,7.0,97.8,0.8881,73.21110262286733,6.518000000000001,33.18,26.12,27.149999999999995,62.73,0.2628,263.3,2.0,2.0,2.0,2024.0,10.0,23.0,30.0
146.9,59.02,11.0,8.0,0.802,70.1,5.339999999999999,3760.0,451.0,68.8,1603.8,12.585,6.682,86.15,98.6,7.0,97.8,0.8881,70.0280112044818,6.518000000000001,33.18,26.12,27.149999999999995,62.73,0.2628,263.3,2.0,2.0,2.0,2024.0,10.0,23.0,30.0
189.4,55.57000000000001,22.8,7.0,0.614,70.4,5.470000000000001,3220.0,506.35,55.8,535.0,10.818,5.89,14.0,44.75,3.4,21.4,0.1764,74.8026483320601,8.49,34.1,24.4,25.4,73.0,0.071,154.0,0.0,2.0,0.0,2024.0,10.0,23.0,3.0
158.8,55.27,19.1,11.0,1.454,80.2,5.5280000000000005,3160.0,219.2,53.3,551.0,10.672,6.03,60.0,51.85,3.3,92.1,0.3966999999999999,77.98573975044563,6.689000000000002,30.88000000000001,25.03,25.67,66.79999999999998,0.8291000000000001,367.4,0.0,2.0,0.0,2024.0,10.0,23.0,3.0
152.7,52.870000000000005,19.7,9.0,0.968,70.6,5.538,3150.0,219.2,53.3,497.4,10.562,6.15,16.9,35.0,3.6,59.4,0.2246,71.61955691367456,6.466000000000001,29.809999999999995,25.16,25.64,66.79999999999998,0.2522,259.0,0.0,2.0,0.0,2024.0,10.0,23.0,3.0
162.2,55.39,19.3,6.0,0.59,60.7,5.51,3730.0,91.0,50.35,659.0,11.163,6.945,25.0,14.8,3.1,22.1,0.1498999999999999,68.43646549528903,6.42,33.1,24.8,25.4,72.8,0.2,149.0,0.0,1.0,2.0,2024.0,10.0,23.0,7.0
182.7,54.23,19.7,5.0,0.362,70.0,5.316,3480.0,538.5,50.9,360.0,11.118,6.608999999999999,25.2,13.5,2.5,24.9,0.1483999999999999,66.84491978609626,6.5760000000000005,37.44,23.98,23.96,78.33,0.1217,192.6,0.0,1.0,2.0,2024.0,10.0,23.0,7.0
148.2,54.27,19.5,4.0,0.633,70.1,5.5600000000000005,3350.0,166.7,50.1,305.0,11.115,6.699,25.2,18.7,2.9,28.3,0.1132,62.070282658517954,6.444,34.89999999999999,23.37,23.73,78.52000000000001,0.1115999999999999,165.5,0.0,1.0,2.0,2024.0,10.0,23.0,7.0
174.7,58.39,18.8,5.0,0.676,70.1,5.447,3350.0,111.6,52.2,204.0,8.9025,6.7700000000000005,6.5,15.3,1.3,8.8,0.0766,66.84491978609626,7.129,36.3,24.93,25.57,67.41,0.1072,273.1,2.0,2.0,0.0,2024.0,10.0,23.0,21.0
145.8,58.010000000000005,19.3,4.0,0.482,60.4,5.483999999999999,3280.0,184.1,51.2,282.5,9.1555,7.016,6.7,10.3,1.1,11.6,0.0695,66.84491978609626,6.243,40.66,24.77,25.59,66.52000000000001,0.1436,248.5,2.0,2.0,0.0,2024.0,10.0,23.0,21.0
163.5,57.81,20.7,6.0,1.123,70.7,5.501,3340.0,147.2,56.6,523.0,10.428,6.75,17.95,52.7,3.8,18.2,0.2202,74.8026483320601,7.87,24.6,26.4,26.6,68.3,0.132,279.0,2.0,2.0,0.0,2024.0,10.0,23.0,21.0
115.9,53.500000000000014,8.5,7.0,1.259,70.1,5.66,3300.0,291.0,46.7,1968.0,10.45,6.1850000000000005,41.6,77.5,5.6,257.1,0.523,79.5772854596384,6.4430000000000005,27.73,29.480000000000008,30.76,53.96,0.1159,558.8,2.0,0.0,2.0,2024.0,10.0,23.0,23.0
108.9,52.120000000000005,5.9,7.0,1.267,70.7,5.7700000000000005,3390.0,290.0,47.9,1970.0,10.411,6.08,39.5,81.7,5.8,257.1,0.523,76.39419404125286,6.436,25.260000000000005,29.250000000000007,29.869999999999997,54.04,0.1549,485.6,2.0,0.0,2.0,2024.0,10.0,23.0,23.0
178.7,57.68000000000001,21.7,5.0,0.85,80.0,5.3,3710.0,636.0,55.6,1420.0,12.029,6.165,52.5,113.6,6.6,200.0,0.5438999999999999,77.98573975044563,7.8,27.7,27.2,27.0,67.8,0.18,257.0,2.0,0.0,2.0,2024.0,10.0,23.0,23.0
179.35,59.220000000000006,17.8,3.0,0.704,70.4,5.38,3290.0,155.8,44.6,306.1,10.13,6.49,14.2,18.8,1.55,37.55,0.0934,71.61955691367456,6.861999999999999,38.76,24.84,25.330000000000005,69.25,0.0793,206.5,2.0,1.0,0.0,2024.0,10.0,23.0,20.0
153.35,57.17,10.9,6.0,1.006,70.3,5.505000000000001,3245.0,115.1,39.2,1845.0,9.702,6.7010000000000005,42.9,28.8,4.0,30.2,0.3077999999999999,71.61955691367456,6.429,24.34,27.66,30.390000000000004,54.21,0.0703,386.8,2.0,1.0,0.0,2024.0,10.0,23.0,20.0
118.55,56.370000000000005,10.9,9.0,2.034,70.9,5.535,3325.0,188.5,37.0,1534.0,9.978,6.6930000000000005,41.8,40.7,9.25,187.7,0.3952,79.5772854596384,7.0,27.0,26.4,27.5,64.6,0.233,329.0,2.0,1.0,0.0,2024.0,10.0,23.0,20.0
153.1,56.080000000000005,16.6,4.0,0.724,70.9,5.467,3175.0,161.9,48.0,1840.0,11.143000000000002,6.616,22.9,33.2,5.6,48.3,0.4040000000000001,74.8026483320601,6.437,24.83,27.879999999999995,28.640000000000004,56.92,0.1677,433.8,1.0,2.0,2.0,2024.0,10.0,23.0,18.0
155.9,57.07000000000001,15.7,5.0,0.726,70.0,5.457,3175.0,126.4,50.3,1710.0,11.0915,6.488,21.2,26.4,2.6,22.8,0.1512,66.84491978609626,6.455,23.68,27.66,28.37,56.48,0.2149,400.1,1.0,2.0,2.0,2024.0,10.0,23.0,18.0
144.6,60.59,16.5,1.0,0.167,70.0,5.414,3455.0,393.0,62.4,443.2,11.706500000000002,6.542,28.0,16.2,2.4,22.9,0.1402,70.0280112044818,7.88,35.6,26.0,25.9,70.9,0.144,895.0,1.0,2.0,2.0,2024.0,10.0,23.0,18.0
154.05,57.0,13.5,5.0,0.706,70.2,5.436999999999999,3140.0,183.6,42.0,602.0,10.819,6.43,16.05,12.9,1.8,29.2,0.0999999999999999,74.8026483320601,6.34,27.7,26.0,27.1,71.3,0.145,991.0,0.0,1.0,1.0,2024.0,10.0,23.0,6.0
208.7,56.84,25.2,9.0,1.565,70.2,5.422499999999999,3200.0,160.9,55.7,327.4,10.2845,6.406000000000001,17.8,13.1,2.25,22.2,0.0823,73.52941176470588,6.391,33.010000000000005,23.200000000000003,22.89,75.9,0.0928,213.7,0.0,1.0,1.0,2024.0,10.0,23.0,6.0
208.7,56.84,25.2,6.0,1.047,70.4,5.422499999999999,3200.0,160.9,55.7,327.4,10.2845,6.406000000000001,17.8,13.1,2.25,22.2,0.0823,73.21110262286733,6.392,33.010000000000005,23.200000000000003,22.89,75.9,0.0928,213.7,0.0,1.0,1.0,2024.0,10.0,23.0,6.0
140.0,53.02,23.1,3.0,0.786,70.6,5.417,3670.0,268.6,50.2,637.0,10.808000000000002,6.73,75.65,41.4,11.05,86.6,0.5915999999999999,77.98573975044563,8.15,22.8,26.8,27.4,60.9,0.178,261.0,1.0,2.0,1.0,2024.0,10.0,23.0,17.0
116.1,51.65,15.7,7.0,0.965,70.0,5.534999999999999,3500.0,275.6,43.3,772.0,10.563,6.827,43.25,33.5,3.5,75.3,0.3472,70.0280112044818,6.615,29.95,25.050000000000004,25.840000000000003,65.89000000000001,0.1982,234.1,1.0,2.0,1.0,2024.0,10.0,23.0,17.0
126.2,56.18000000000001,16.1,4.0,0.788,70.3,5.379999999999999,3200.0,366.5,44.5,394.0,10.146,6.617,38.2,18.7,2.0,61.7,0.1926999999999999,71.61955691367456,6.412999999999999,30.15,23.51,24.34,76.41,0.1801,280.3,1.0,2.0,1.0,2024.0,10.0,23.0,17.0
81.6,51.16,9.5,6.0,0.978,70.1,5.671999999999999,3595.0,258.0,42.85,1938.0,11.827000000000002,6.702000000000001,89.1,143.85,7.3,260.5,0.8901,73.21110262286733,8.16,24.4,27.3,27.0,66.7,0.16,244.0,2.0,1.0,2.0,2024.0,10.0,23.0,25.0
94.9,51.44000000000001,9.1,8.0,1.236,70.3,5.581999999999999,3605.0,301.5,45.05,1928.0,12.056,6.638,93.6,147.7,7.4,217.5,1.065,71.61955691367456,7.242999999999999,27.6,25.950000000000006,26.1,66.63000000000001,0.3941,264.6,2.0,1.0,2.0,2024.0,10.0,23.0,25.0
129.5,53.760000000000005,10.2,5.0,0.854,70.5,5.571,3505.0,248.0,47.8,1420.0,11.375,6.43,45.3,65.9,5.7,91.5,0.4288,66.84491978609626,6.326000000000001,29.940000000000005,26.160000000000004,26.21,65.94000000000001,0.2452,266.3,2.0,1.0,2.0,2024.0,10.0,23.0,25.0
153.2,58.57000000000001,14.5,9.0,1.513,70.1,5.377000000000001,3570.0,487.0,55.1,1429.0,12.885,6.63,10.3,17.4,4.0,19.85,0.1202,71.61955691367456,7.82,26.1,26.8,26.6,63.2,0.023,264.0,1.0,1.0,1.0,2024.0,10.0,23.0,29.0
153.2,58.120000000000005,14.2,7.0,1.338,70.3,5.38,3290.0,455.0,52.0,1564.0,12.599999999999998,6.69,11.5,15.4,4.1,27.5,0.1114,71.61955691367456,7.215000000000001,24.26,25.67,25.809999999999995,65.03,0.0814,219.8,1.0,1.0,1.0,2024.0,10.0,23.0,29.0
163.3,52.63,13.9,4.0,0.669,70.2,5.260000000000001,3350.0,527.0,51.1,1327.0,12.746,6.83,9.7,15.4,3.4,18.6,0.1056999999999999,66.84491978609626,6.393,26.24,25.76,25.71,65.17,0.0813,219.6,1.0,1.0,1.0,2024.0,10.0,23.0,29.0
156.7,54.05999999999999,18.7,3.0,0.761,80.4,5.470000000000001,3230.0,318.0,55.1,1151.2,10.274,6.557,106.8,54.5,7.8,162.5,0.6096,84.3519225872167,6.489,27.69,25.7,26.14,68.78,0.1617,193.0,0.0,1.0,0.0,2024.0,10.0,23.0,2.0
161.9,53.85999999999999,18.7,5.0,0.891,80.0,5.46,3390.0,284.0,55.9,964.2,10.246,6.4510000000000005,106.8,52.8,6.6,167.5,0.6238000000000001,79.5772854596384,6.481999999999999,29.23,25.649999999999995,25.42,69.75999999999999,0.1617,197.2,0.0,1.0,0.0,2024.0,10.0,23.0,2.0
158.6,54.330000000000005,18.2,6.0,1.185,70.5,5.43,3260.0,312.0,54.0,1484.0,10.172,6.37,33.8,51.7,6.2,129.25,0.3504,74.8026483320601,7.36,29.2,25.6,26.4,65.6,0.181,261.0,0.0,1.0,0.0,2024.0,10.0,23.0,2.0
68.2,47.87,7.2,2.0,0.382,60.8,5.785000000000001,3195.0,188.0,38.0,2333.0,10.291,6.830999999999999,10.25,86.8,3.8,47.5,0.2212999999999999,68.43646549528903,6.237,26.360000000000003,28.99,30.36,51.13,0.208,507.1,2.0,0.0,0.0,2024.0,10.0,23.0,19.0
81.2,49.290000000000006,8.3,4.0,0.693,60.8,5.743,2985.0,183.8,47.9,640.0,10.517,6.739999999999999,12.7,12.85,2.1,24.5,0.1276,66.84491978609626,6.343000000000001,36.33999999999999,28.84,28.27,57.83999999999999,0.1621999999999999,207.7,2.0,0.0,0.0,2024.0,10.0,23.0,19.0
155.75,57.06000000000002,18.7,5.0,0.994,80.3,5.39,2820.0,359.6,37.6,1591.0,9.221000000000002,6.6,19.5,70.75,3.4,41.9,0.3145,81.16883116883118,6.67,21.9,25.2,26.3,70.1,0.146,285.0,2.0,0.0,0.0,2024.0,10.0,23.0,19.0
75.1,46.02,7.8,6.0,1.089,70.9,5.672,3595.0,543.0,46.0,1746.0,12.741500000000002,6.445,39.75,83.1,6.95,115.25,1.9676999999999976,76.39419404125286,6.358,29.09,26.110000000000003,27.379999999999995,64.98,0.2104,759.3,0.0,2.0,1.0,2024.0,10.0,23.0,8.0
145.0,56.84000000000001,18.0,4.0,0.719,70.4,5.51,3570.0,192.0,47.65,600.0,10.191,6.837999999999999,8.5,19.4,2.3,22.6,0.0951999999999999,68.43646549528903,6.433,29.6,24.37,25.9,67.46000000000001,0.1287999999999999,215.3,0.0,2.0,1.0,2024.0,10.0,23.0,8.0
162.5,58.46999999999999,19.3,4.0,0.71,70.4,5.381,3595.0,283.0,47.15,1315.0,10.5245,6.542,33.2,85.8,5.75,100.2,1.9676999999999976,70.0280112044818,6.27,25.1,25.6,26.2,66.1,0.335,206.0,0.0,2.0,1.0,2024.0,10.0,23.0,8.0
182.1,60.06,22.4,6.0,0.74,60.8,5.391500000000001,3150.0,370.8,53.3,662.0,11.842,6.346000000000001,46.25,30.8,3.4,42.65,0.3021,66.84491978609626,6.404999999999999,31.23,24.02,23.97,77.68,0.0746,156.2,1.0,1.0,1.0,2024.0,10.0,23.0,15.0
173.7,61.63,20.8,8.0,1.475,70.2,5.381500000000001,3230.0,284.1,54.0,670.0,11.3,6.496,39.75,30.8,3.4,40.85,0.3006,70.0280112044818,7.590999999999999,34.45,24.05,24.09,76.14,0.1067999999999999,153.2,1.0,1.0,1.0,2024.0,10.0,23.0,15.0
156.85,58.580000000000005,17.2,5.0,1.275,70.6,5.7815,3340.0,223.6,51.4,1108.0,10.635,6.332,60.55,56.1,5.1,65.25,0.329,66.84491978609626,8.83,25.8,25.6,26.1,67.9,0.338,244.0,1.0,1.0,1.0,2024.0,10.0,23.0,15.0
196.1,58.39000000000001,19.9,6.0,0.737,70.2,5.327,3225.0,248.05,48.8,2455.0,11.0195,6.889999999999999,84.9,101.4,10.65,166.75,0.6717000000000001,71.61955691367456,6.34,23.4,25.6,26.1,69.8,0.567,162.0,2.0,1.0,1.0,2024.0,10.0,23.0,24.0
194.9,57.78000000000001,18.2,6.0,1.342,80.1,5.316999999999999,2950.0,228.05,50.1,2480.0,11.419999999999998,6.433999999999999,197.5,271.0,35.3,459.0,1.5063000000000002,84.3519225872167,6.283,21.0,25.15,25.75,67.3,0.6959,422.9,2.0,1.0,1.0,2024.0,10.0,23.0,24.0
200.1,58.8,26.0,7.0,1.258,70.2,5.377,3430.0,270.65,48.35,1097.0,11.1825,6.9,42.0,19.0,2.0,6.0,0.209,70.0280112044818,6.4,26.2,25.6,26.1,67.9,0.57,162.0,2.0,1.0,1.0,2024.0,10.0,23.0,24.0
177.1,52.0,23.0,2.0,0.382,70.4,5.4110000000000005,3375.0,202.0,44.05,1004.0,10.339000000000002,6.961000000000001,28.85,36.85,4.2,44.7,0.2614999999999999,70.0280112044818,7.0,22.1,25.6,26.4,66.0,0.391,147.0,1.0,1.0,0.0,2024.0,10.0,23.0,11.0
191.0,54.46999999999999,16.0,4.0,0.693,70.0,5.594500000000001,3220.0,285.0,47.85,789.0,10.384000000000002,6.821000000000001,14.15,25.8,2.6,25.5,0.175,68.43646549528903,6.834999999999999,36.95,23.45,23.91,77.51,0.1205,234.4,1.0,1.0,0.0,2024.0,10.0,23.0,11.0
190.6,55.14,18.9,6.0,0.994,80.4,5.48,3100.0,513.0,48.55,1379.0,10.185,6.860000000000001,12.95,13.9,2.3,25.1,0.129,63.66182836771072,6.965999999999999,33.550000000000004,23.64,23.86,77.34,0.168,247.3,1.0,1.0,0.0,2024.0,10.0,23.0,11.0
102.1,55.17999999999999,15.2,7.0,1.417,80.0,5.452999999999999,2910.0,557.8,47.55,1848.0,12.768,6.978999999999999,65.61666666666666,82.6,11.334,231.334,0.7962999999999999,77.98573975044563,6.46,21.5,25.6,26.3,67.4,0.234,279.0,2.0,2.0,2.0,2024.0,10.0,23.0,27.0
64.5,48.03,12.3,8.0,1.514,60.9,5.76,3030.0,457.4,40.5,2031.0,10.992500000000003,6.849999999999999,65.25,83.2,9.284,229.7,0.9238,74.8026483320601,6.380000000000001,23.11,30.160000000000004,31.51,51.7,0.4725,688.3,2.0,2.0,2.0,2024.0,10.0,23.0,27.0
170.05,56.70000000000001,19.5,5.0,1.205,70.5,5.488999999999999,2890.0,550.4,52.45,1206.0,12.365,6.879,20.6,19.0,4.2,31.1,0.1129,71.61955691367456,6.382000000000001,23.37,24.540000000000003,25.18,69.25,0.2114999999999999,312.6,2.0,2.0,2.0,2024.0,10.0,23.0,27.0
183.2,60.49000000000001,22.7,3.0,0.683,80.2,5.74,3550.0,224.0,52.9,741.0,11.5305,7.002000000000001,23.066666666666663,40.1,3.0,47.3,0.1473,84.3519225872167,7.87,25.5,26.0,26.5,64.9,0.084,250.0,0.0,0.0,1.0,2024.0,10.0,23.0,4.0
123.6,48.93,16.9,7.0,1.217,60.7,5.484,2940.0,513.0,39.1,362.6,11.004,7.018000000000001,19.3,24.8,3.0,19.6,0.1709999999999999,66.84491978609626,6.095000000000001,34.410000000000004,22.19,22.71,81.38000000000001,0.1608,189.6,0.0,0.0,1.0,2024.0,10.0,23.0,4.0
193.1,60.82000000000001,20.3,5.0,0.93,70.4,5.58,3350.0,303.6,52.85,467.0,11.58,6.982000000000001,21.166666666666664,19.9,3.0,38.3,0.1619999999999999,70.0280112044818,6.446,33.050000000000004,25.640000000000004,26.57,65.33999999999999,0.0977,236.9,0.0,0.0,1.0,2024.0,10.0,23.0,4.0
141.1,54.38000000000001,10.3,8.0,1.396,60.8,5.83,3150.0,414.0,48.3,1515.0,10.81,6.802999999999999,10.0,12.5,3.0,59.1,0.0721,71.61955691367456,6.29,39.1,24.1,24.2,76.2,0.13,87.0,2.0,2.0,2.0,2024.0,10.0,30.0,27.0
181.8,60.010000000000005,19.8,5.0,0.929,70.0,5.419,2890.0,456.5,47.9,266.8,11.882,6.670999999999999,5.7,13.6,2.7,26.3,0.103,66.84491978609626,6.322,31.96,24.39,25.25,69.41,0.1689,323.3,2.0,2.0,2.0,2024.0,10.0,30.0,27.0
115.1,57.0,17.8,5.0,0.718,70.7,5.569000000000001,3345.0,482.8,47.55,2052.0,12.5805,6.889,64.91666666666666,79.3,9.817,179.43400000000003,0.6359,77.98573975044563,6.450999999999999,25.31,23.78,25.380000000000003,68.02999999999999,0.1542,279.4,2.0,2.0,2.0,2024.0,10.0,30.0,27.0
191.1,57.86999999999999,21.5,5.0,0.821,60.7,5.807,3235.0,282.1,46.7,746.0,9.856,6.796000000000001,37.0,19.3,2.0,14.2,0.1872999999999999,71.61955691367456,6.43,35.1,24.1,24.2,80.0,0.064,82.0,2.0,1.0,1.0,2024.0,10.0,30.0,24.0
197.7,53.45,23.4,4.0,0.646,70.3,5.444,3370.0,576.0,49.3,243.6,11.1055,6.966000000000001,31.3,17.4,2.0,10.7,0.1926,66.84491978609626,6.345999999999999,31.19,23.14,23.58,78.26,0.1835,304.6,2.0,1.0,1.0,2024.0,10.0,30.0,24.0
196.8,58.53000000000001,20.0,8.0,1.349,70.3,5.326999999999999,3205.0,238.05,48.8,2455.0,11.2985,6.803999999999999,165.3,195.8,12.45,253.75,0.8673,70.0280112044818,6.503,22.94,25.300000000000004,26.28,67.86999999999999,0.4991,266.3,2.0,1.0,1.0,2024.0,10.0,30.0,24.0
65.3,46.84,14.6,0.0,0.0,0.0,5.654999999999999,3040.0,441.0,43.8,812.2,10.4895,6.922,64.2,109.6,7.0,124.4,0.6571,0.0,5.9325,35.59,23.62,22.72,77.15,0.1737,174.9,0.0,0.0,1.0,2024.0,10.0,30.0,4.0
174.4,58.75,21.8,4.0,0.689,70.2,5.564,3040.0,478.0,39.0,411.0,10.876,7.032000000000001,19.6,47.9,2.7,18.4,0.1692999999999999,68.43646549528903,6.134,35.96,21.64,22.840000000000003,79.41999999999999,0.1375,187.5,0.0,0.0,1.0,2024.0,10.0,30.0,4.0
174.4,59.09,22.8,7.0,1.185,70.3,5.564,2650.0,524.0,39.1,387.0,10.864,7.032000000000001,20.8,45.8,2.7,20.4,0.1437999999999999,70.0280112044818,6.093999999999999,35.28000000000001,21.64,22.840000000000003,80.29999999999998,0.1387999999999999,189.6,0.0,0.0,1.0,2024.0,10.0,30.0,4.0
182.1,63.27,23.8,9.0,1.268,60.7,5.391500000000001,3150.0,357.8,50.5,849.0,11.516,6.386000000000001,46.65,30.4,4.0,41.95,0.2938,65.25337407690348,6.49,34.6,24.1,23.9,78.6,0.09,117.0,1.0,1.0,1.0,2024.0,10.0,30.0,15.0
181.5,63.73,22.4,6.0,1.031,60.8,5.391500000000001,3150.0,357.8,50.5,881.0,11.742,6.476000000000001,46.25,33.9,4.2,41.15,0.3001,68.43646549528903,6.4300000000000015,29.02,24.11,23.93,77.88000000000001,0.0768,116.8,1.0,1.0,1.0,2024.0,10.0,30.0,15.0
162.65,70.0,13.0,2.0,0.297,60.8,5.406,3050.0,240.2,44.2,773.0,9.886,7.1,6.0,4.0,5.0,17.0,0.051,65.25337407690348,6.46,36.3,24.1,23.8,78.7,0.064,106.0,1.0,1.0,1.0,2024.0,10.0,30.0,15.0
153.35,55.17999999999999,17.6,5.0,0.992,60.4,5.617500000000001,3275.0,255.5,48.1,1060.0,10.697,6.931,28.4,35.4,9.767,67.9,0.1987,66.84491978609626,6.383000000000001,26.22,26.61,26.170000000000005,64.75,0.0899,340.7,0.0,2.0,2.0,2024.0,10.0,30.0,9.0
183.3,55.64000000000001,21.4,2.0,0.34,70.3,5.606,3695.0,220.0,53.0,1068.0,10.945,7.1110000000000015,43.6,17.4,5.4670000000000005,28.9,0.3228,66.84491978609626,6.528000000000001,25.33,26.18,26.09,64.53,0.0703,304.4,0.0,2.0,2.0,2024.0,10.0,30.0,9.0
200.1,57.33,20.3,2.0,0.396,70.5,5.6175000000000015,3480.0,266.0,48.4,710.0,10.749,7.151000000000001,46.6,23.5,6.3,109.0,0.3672,71.61955691367456,6.49,29.7,24.1,23.9,78.0,0.092,129.0,0.0,2.0,2.0,2024.0,10.0,30.0,9.0
68.5,55.95,13.5,5.0,0.891,70.7,5.5825,3975.0,298.2,72.6,927.0,11.878000000000002,6.19,96.0,87.15,15.9,120.333,0.8325999999999999,71.61955691367456,6.462000000000001,24.840000000000003,25.73,26.410000000000004,63.92,0.2897,603.6,1.0,0.0,1.0,2024.0,10.0,30.0,13.0
68.5,57.0,13.5,5.0,0.943,70.4,5.5625,3985.0,298.2,69.0,674.0,12.056500000000002,6.19,88.7,87.15,16.0,120.333,0.8325999999999999,70.0280112044818,6.442,24.32,25.8,26.3,63.9,0.1982,627.2,1.0,0.0,1.0,2024.0,10.0,30.0,13.0
82.05,56.38,14.2,7.0,0.819,70.4,5.524500000000001,3460.0,561.9,57.0,465.6,12.175,6.710000000000001,87.6,112.6,13.6,118.666,0.7393,63.66182836771072,6.39,42.0,24.1,24.1,77.4,0.043,112.0,1.0,0.0,1.0,2024.0,10.0,30.0,13.0
137.5,54.24,12.2,5.0,0.793,70.2,5.57,3415.0,367.0,44.8,880.0,11.563,6.93,46.8,72.76666666666668,6.2,26.8,0.3854999999999999,66.84491978609626,6.354000000000001,28.85,26.41,27.809999999999995,62.63,0.1309,522.3,2.0,0.0,1.0,2024.0,10.0,30.0,22.0
108.2,50.74,12.2,5.0,0.916,70.8,5.5875,3400.0,393.0,44.2,1725.0,11.896,7.022999999999999,49.4,90.16666666666669,9.5,28.7,0.5989000000000001,74.8026483320601,6.402000000000001,32.36,26.809999999999995,28.17,60.57000000000001,0.177,609.8,2.0,0.0,1.0,2024.0,10.0,30.0,22.0
87.8,56.580000000000005,16.7,7.0,1.078,70.2,5.788500000000001,3315.0,346.0,46.1,1019.0,11.52,7.103,50.8,84.11666666666667,7.65,39.7,0.3145,71.61955691367456,6.45,40.9,24.1,24.2,79.6,0.048,101.0,2.0,0.0,1.0,2024.0,10.0,30.0,22.0
96.9,49.06999999999999,8.9,4.0,0.921,70.0,5.612,2875.0,537.0,37.9,1175.0,10.286,6.632,10.9,164.3,10.2,102.3,0.6836000000000001,73.21110262286733,6.757,30.65000000000001,27.630000000000003,29.519999999999992,52.81000000000002,0.0999,554.0,1.0,0.0,0.0,2024.0,10.0,30.0,10.0
99.9,49.11999999999999,14.4,4.0,0.626,70.7,5.612,2885.0,537.0,38.8,1160.0,10.395,6.726000000000001,11.0,152.2,10.6,102.3,0.6836000000000001,74.8026483320601,6.746,31.250000000000007,27.340000000000003,28.0,62.35999999999999,0.1025,427.3,1.0,0.0,0.0,2024.0,10.0,30.0,10.0
176.8,57.35,20.2,5.0,0.864,70.0,5.339999999999999,2620.0,496.0,43.7,147.8,9.776999999999996,6.688999999999998,4.5,16.4,1.5,12.7,0.074,66.84491978609626,6.36,35.3,24.1,24.3,79.5,0.075,110.0,1.0,0.0,0.0,2024.0,10.0,30.0,10.0
96.0,52.36,18.7,8.0,1.186,60.8,5.489999999999999,3000.0,363.05,42.4,295.8,11.553,6.917,39.65,60.6,6.9,197.1,0.6832,65.25337407690348,6.5,50.0,23.7,24.4,78.9,0.058,108.0,0.0,0.0,0.0,2024.0,10.0,30.0,28.0
76.6,50.55,23.0,4.0,0.623,70.4,5.415,3250.0,575.05,47.7,321.0,11.553999999999998,7.199000000000001,22.3,46.7,3.5,27.7,0.2411,70.0280112044818,6.3870000000000005,35.49999999999999,24.18,25.410000000000004,69.89,0.1689,268.3,0.0,0.0,0.0,2024.0,10.0,30.0,28.0
52.0,50.45,20.3,6.0,1.126,70.0,5.499999999999999,3140.0,545.0,47.3,214.8,11.746,7.098000000000001,37.2,64.6,6.35,176.6,0.5965,73.21110262286733,6.608,32.03,24.3,25.030000000000005,71.4,0.2621,254.5,0.0,0.0,0.0,2024.0,10.0,30.0,28.0
86.1,54.0,24.8,3.0,0.501,70.2,5.306500000000001,3050.0,469.0,50.7,197.4,12.471,6.833,48.5,58.7,12.65,69.4,0.5673,65.25337407690348,6.44,34.8,23.7,24.4,78.9,0.038,101.0,1.0,2.0,0.0,2024.0,10.0,30.0,12.0
107.7,53.24999999999999,20.2,4.0,0.33,60.5,5.432499999999999,3080.0,388.2,49.1,212.4,11.519,6.739999999999999,45.9,64.7,10.4,59.9,0.4643,58.88719124013242,6.377999999999999,22.78,25.79,25.87,66.47,0.0936,179.1,1.0,2.0,0.0,2024.0,10.0,30.0,12.0
73.6,54.74,23.1,6.0,1.164,70.1,5.333,4070.0,459.05,62.3,200.6,11.904000000000002,6.779999999999999,55.0,64.2,9.85,62.7,0.4458,70.0280112044818,6.382999999999999,24.520000000000003,26.55,26.19,64.6,0.0968,167.6,1.0,2.0,0.0,2024.0,10.0,30.0,12.0
172.4,48.33,17.4,5.0,0.869,60.6,5.538,3405.0,211.0,49.3,522.0,12.854,7.039999999999999,9.5,12.0,2.35,23.6,0.0531,71.61955691367456,6.44,34.0,23.7,24.4,78.3,0.131,96.0,2.0,2.0,1.0,2024.0,10.0,30.0,26.0
179.4,46.080000000000005,16.5,4.0,0.503,70.6,5.42,3465.0,254.3,48.5,658.0,12.1285,7.069999999999999,10.1,11.5,2.7,23.4,0.0686,58.88719124013242,6.646999999999999,38.43,24.4,25.41,73.26,0.1874,253.8,2.0,2.0,1.0,2024.0,10.0,30.0,26.0
130.9,44.78000000000001,20.1,7.0,1.153,70.5,5.569999999999999,3685.0,254.6,55.5,1133.2,12.2025,7.460000000000001,62.2,49.8,23.2,81.9,0.4286999999999999,70.0280112044818,6.475999999999999,25.72,27.23,26.340000000000003,68.4,0.4274,449.7,2.0,2.0,1.0,2024.0,10.0,30.0,26.0
187.0,59.36,25.8,7.0,1.098,70.8,5.290000000000001,3740.0,523.1,55.15,380.0,11.374,7.3,26.1,18.4,2.9,24.3,0.1698999999999999,73.21110262286733,6.43,44.0,23.7,24.4,79.1,0.157,88.0,1.0,1.0,2.0,2024.0,10.0,30.0,16.0
178.4,58.83,21.9,6.0,0.668,70.0,5.28,3070.0,512.0,43.0,238.0,10.596999999999998,6.956,26.0,14.4,2.7,31.1,0.1627999999999999,65.25337407690348,6.428,41.540000000000006,24.190000000000005,25.3,76.2,0.2151,119.9,1.0,1.0,2.0,2024.0,10.0,30.0,16.0
172.2,57.85,21.9,4.0,0.598,70.3,5.28,3230.0,512.0,44.0,251.0,10.617,6.9430000000000005,24.6,16.8,2.6,23.1,0.1199,70.0280112044818,6.444,41.11,24.15,25.19,76.41999999999999,0.2078,134.2,1.0,1.0,2.0,2024.0,10.0,30.0,16.0
167.5,56.64,23.7,10.0,1.486,70.2,5.516500000000001,3230.0,435.4,50.75,252.1,11.669999999999998,7.12,37.5,70.9,8.3,68.6,0.5296,66.84491978609626,6.419,29.3,24.440000000000005,25.29,69.22,0.0491,170.4,0.0,0.0,0.0,2024.0,10.0,30.0,1.0
166.2,59.09,27.6,4.0,0.74,70.5,5.4805,3040.0,461.2,43.85,239.7,11.816,7.359999999999999,31.8,31.5,2.4,44.3,0.2235,70.0280112044818,6.433,37.2,24.33,25.36,67.46,0.1361,178.5,0.0,0.0,0.0,2024.0,10.0,30.0,1.0
164.2,57.92999999999999,22.4,7.0,0.937,60.7,5.4965,3150.0,473.4,52.8,231.1,11.186,6.980000000000001,35.7,70.7,4.5,30.4,0.5035000000000001,66.84491978609626,6.41,52.1,23.7,24.5,76.8,0.08,90.0,0.0,0.0,0.0,2024.0,10.0,30.0,1.0
110.3,48.98,13.5,4.0,0.62,60.8,5.605,3470.0,258.0,47.4,782.0,11.233999999999998,7.209999999999999,47.85,61.95,3.6,62.6,0.3915,70.0280112044818,6.433,31.640000000000004,23.95,24.66,72.74999999999999,0.1782,199.0,1.0,0.0,2.0,2024.0,10.0,30.0,14.0
110.1,50.6,12.4,6.0,0.923,60.6,5.5920000000000005,3450.0,250.0,43.7,682.0,11.233999999999998,7.209999999999999,22.9,70.45,3.4,50.9,0.2289999999999999,70.0280112044818,6.443,31.690000000000005,24.11,24.58,74.5,0.1505999999999999,177.4,1.0,0.0,2.0,2024.0,10.0,30.0,14.0
138.6,55.25,17.6,5.0,0.711,70.0,5.799,3750.0,204.2,49.1,697.2,10.838,6.989999999999999,50.1,78.7,4.3,72.9,0.4665,65.25337407690348,6.34,38.5,23.7,24.4,78.7,0.051,102.0,1.0,0.0,2.0,2024.0,10.0,30.0,14.0
91.4,48.89999999999999,11.3,8.0,1.33,70.0,5.656000000000001,4100.0,136.0,64.35,1288.0,11.204,6.878,41.3,96.1,15.1,102.1,0.5374000000000001,71.61955691367456,6.382,23.059999999999995,29.17,30.61,50.28,0.1523,688.4,0.0,1.0,2.0,2024.0,10.0,30.0,7.0
90.8,49.78999999999999,9.8,5.0,0.832,70.2,5.436,3890.0,407.3,51.5,800.0,11.703,6.668000000000001,43.3,98.2,10.9,100.1,0.5986,71.61955691367456,6.311,20.84,28.27,30.4,50.6,0.1158,671.6,0.0,1.0,2.0,2024.0,10.0,30.0,7.0
145.8,52.66,17.7,6.0,0.825,70.3,5.3905,3790.0,536.3,53.15,938.0,11.243,6.639,27.0,16.6,3.4,39.8,0.1393999999999999,65.25337407690348,6.36,46.8,23.7,24.4,79.7,0.061,95.0,0.0,1.0,2.0,2024.0,10.0,30.0,7.0
181.7,56.93000000000001,14.1,1.0,0.188,80.1,5.638,3080.0,131.95,40.05,574.5,9.702000000000002,6.619,41.7,51.75,2.6,51.0,0.4199,66.84491978609626,6.345999999999999,39.59,25.15,25.73,70.47,0.1034,401.3,0.0,2.0,0.0,2024.0,10.0,30.0,3.0
139.85,57.010000000000005,20.3,6.0,0.923,70.4,5.438000000000001,3060.0,538.0,53.6,576.0,10.676,6.03,35.5,85.0,5.4,83.8,0.5448000000000001,71.61955691367456,6.479000000000001,38.39,25.43,25.809999999999995,67.76,0.1035,409.5,0.0,2.0,0.0,2024.0,10.0,30.0,3.0
182.9,52.85999999999999,12.8,1.0,0.163,60.8,5.618,3190.0,136.0,38.8,308.0,9.4745,6.342,12.4,40.1,2.0,27.7,0.2705,70.0280112044818,6.35,45.7,24.1,24.3,78.2,0.067,133.0,0.0,2.0,0.0,2024.0,10.0,30.0,3.0
165.4,55.54,13.5,5.0,0.999,70.2,5.606,3395.0,669.5,53.9,1178.1,12.302,6.01,47.65,146.1,7.0,46.9,0.6931,71.61955691367456,6.24,43.0,23.7,24.0,79.8,0.228,142.0,2.0,0.0,2.0,2024.0,10.0,30.0,23.0
163.5,54.46,11.3,6.0,1.236,70.7,5.48,3390.0,229.0,49.9,1929.0,9.69,5.914999999999999,40.8,64.6,5.4,257.1,0.6275999999999999,76.39419404125286,6.388,31.520000000000003,29.03,29.99,55.28,0.1741999999999999,545.8,2.0,0.0,2.0,2024.0,10.0,30.0,23.0
138.7,54.46,9.6,7.0,1.352,70.0,5.51,3390.0,222.0,49.5,1796.0,9.88,5.965,41.4,64.6,5.6,129.4,0.5778,71.61955691367456,6.355,29.67,29.360000000000003,30.62,54.45,0.1185,537.7,2.0,0.0,2.0,2024.0,10.0,30.0,23.0
143.8,56.81,18.6,4.0,0.8,60.6,5.507,3350.0,163.9,51.9,304.5,10.0475,6.87,6.6,7.6,1.3,7.9,0.0558999999999999,77.98573975044563,6.3,47.6,23.7,24.1,79.3,0.095,168.0,2.0,2.0,0.0,2024.0,10.0,30.0,21.0
174.7,57.84,18.2,6.0,1.252,70.1,5.476999999999999,3400.0,138.3,50.6,207.0,8.999,6.815,4.7,11.9,1.4,8.15,0.0702,79.5772854596384,7.224999999999999,35.57,24.87,25.49,65.82,0.1186,261.4,2.0,2.0,0.0,2024.0,10.0,30.0,21.0
159.9,57.1,27.0,8.0,1.335,70.5,6.077,3500.0,184.7,46.5,261.5,9.4045,6.6,5.0,6.0,1.0,6.0,0.05,77.98573975044563,6.41,51.4,23.7,24.2,79.8,0.061,238.0,2.0,2.0,0.0,2024.0,10.0,30.0,21.0
130.0,52.89,16.8,3.0,0.43,60.6,5.582,3210.0,135.2,44.3,620.2,10.349,6.687,10.05,11.3,1.2,22.6,0.0925,66.84491978609626,6.36,41.9,24.1,24.4,78.6,0.125,248.0,0.0,0.0,2.0,2024.0,10.0,30.0,5.0
101.5,51.210000000000015,12.9,6.0,1.15,70.1,5.964,3485.0,256.2,63.5,1526.0,12.162,6.55,64.3,47.25,9.1,100.3,0.5821,77.98573975044563,7.568,27.14,29.47,31.25,54.3,0.9816000000000004,639.8,0.0,0.0,2.0,2024.0,10.0,30.0,5.0
112.65,52.41,11.6,4.0,0.56,60.9,5.593999999999999,3375.0,269.5,50.3,1485.0,11.567,6.254,67.6,50.1,7.9,104.2,0.5350999999999999,68.43646549528903,6.363999999999999,25.15,29.1,30.09,53.53000000000001,0.9816000000000004,608.4,0.0,0.0,2.0,2024.0,10.0,30.0,5.0
191.4,57.78000000000001,14.1,6.0,0.875,60.9,5.230000000000001,3670.0,501.0,66.3,1160.6,12.424,6.460000000000001,67.65,63.7,6.5,80.3,0.5428,66.84491978609626,6.43,46.5,23.7,24.5,76.1,0.111,114.0,2.0,2.0,2.0,2024.0,10.0,30.0,30.0
101.3,50.120000000000005,8.3,4.0,0.483,50.6,5.379999999999999,3640.0,566.0,67.2,2215.8,13.363,6.571,88.6,103.9,12.1,124.2,0.9104,63.66182836771072,6.408000000000001,23.81,26.08,27.01,62.83,0.2709,286.2,2.0,2.0,2.0,2024.0,10.0,30.0,30.0
146.9,57.53000000000001,10.7,7.0,0.993,70.0,5.33,3720.0,448.0,68.7,1614.8,12.585,6.5,74.85,98.6,7.0,96.9,0.8753,66.84491978609626,6.394,33.989999999999995,26.12,27.149999999999995,62.77,0.1895,264.5,2.0,2.0,2.0,2024.0,10.0,30.0,30.0
169.8,55.38,13.0,7.0,1.065,60.5,5.557,3260.0,100.0,39.1,1525.0,9.894000000000002,6.673,38.2,29.7,3.2,19.9,0.2425999999999999,65.25337407690348,6.4300000000000015,23.460000000000004,27.78,29.67,53.40999999999999,0.059,528.3,2.0,1.0,0.0,2024.0,10.0,30.0,20.0
151.55,55.33,10.2,7.0,1.036,70.5,5.537000000000001,3165.0,114.3,39.1,1475.0,9.805,6.771000000000001,43.9,26.0,3.8,30.2,0.3109,66.84491978609626,6.413000000000001,26.390000000000004,27.62,30.24,52.54,0.0562,562.9,2.0,1.0,0.0,2024.0,10.0,30.0,20.0
173.05,59.29,15.0,4.0,0.667,70.3,5.625000000000001,3090.0,158.3,43.65,265.2,9.801,6.849999999999999,7.95,16.1,1.1,34.6,0.0893,66.84491978609626,6.35,50.5,23.7,24.6,78.9,0.107,159.0,2.0,1.0,0.0,2024.0,10.0,30.0,20.0
103.75,48.81,6.8,10.0,1.663,70.7,5.835,3050.0,181.2,41.6,1830.0,10.137,6.43,26.8,90.3,7.3,140.6,0.6444,74.8026483320601,6.399000000000001,23.58,28.74,30.56,50.86,0.3578,697.0,1.0,2.0,2.0,2024.0,10.0,30.0,18.0
154.1,58.2,15.9,4.0,0.809,60.5,5.487,3175.0,114.6,47.8,1750.0,11.075,6.473999999999999,21.0,50.9,2.8,19.8,0.1971,74.8026483320601,6.448,25.99,27.68,28.71,55.77,0.1017,516.9,1.0,2.0,2.0,2024.0,10.0,30.0,18.0
144.5,52.06,10.6,6.0,1.021,70.1,5.765000000000001,3310.0,105.6,42.3,556.2,9.4905,6.24,18.8,97.9,6.9,63.0,0.4399,70.0280112044818,6.38,52.0,23.7,24.3,81.4,0.056,245.0,1.0,2.0,2.0,2024.0,10.0,30.0,18.0
157.1,52.98,16.8,2.0,0.292,60.3,5.48,3630.0,243.1,50.7,649.0,11.875,6.869999999999999,8.0,15.6,2.3,21.6,0.0897,63.66182836771072,6.322000000000001,36.02,25.940000000000005,25.72,64.77000000000001,0.0986,277.0,1.0,1.0,1.0,2024.0,10.0,30.0,29.0
153.2,58.870000000000005,14.2,6.0,0.95,70.1,5.357,3290.0,487.0,52.0,1563.0,12.598,6.63,12.7,15.4,4.5,27.8,0.106,70.0280112044818,7.775999999999999,24.7,25.67,25.93,64.97,0.0814,228.2,1.0,1.0,1.0,2024.0,10.0,30.0,29.0
166.2,52.45,22.4,9.0,1.336,70.0,5.295,3530.0,596.0,59.3,419.4,12.862000000000004,6.93,11.8,15.9,4.1,16.75,0.1200999999999999,70.0280112044818,6.29,48.2,23.7,24.0,79.4,0.074,145.0,1.0,1.0,1.0,2024.0,10.0,30.0,29.0
206.0,57.2,19.2,2.0,0.457,70.6,5.528499999999999,3595.0,192.0,51.6,384.0,10.451,6.419,36.4,24.8,3.0,22.0,0.2671,74.8026483320601,6.429,19.87,24.48,25.57,69.76000000000002,0.0739,447.6,2.0,1.0,2.0,2024.0,10.0,30.0,25.0
192.8,56.94999999999999,19.0,4.0,0.58,70.3,5.499999999999999,3510.0,256.0,53.0,459.0,11.052,6.2700000000000005,40.2,25.0,2.9,26.0,0.2693,65.25337407690348,6.264,26.570000000000004,26.35,25.920000000000005,67.57,0.073,388.2,2.0,1.0,2.0,2024.0,10.0,30.0,25.0
108.4,54.76000000000001,10.6,6.0,0.805,60.7,5.430999999999999,3290.0,313.7,49.15,1600.0,11.457,6.215,61.6,152.4,6.7,146.9,0.8401,65.25337407690348,6.1,38.2,23.7,23.9,77.3,0.116,128.0,2.0,1.0,2.0,2024.0,10.0,30.0,25.0
159.95,55.3,16.0,3.0,0.448,70.2,5.46,2550.0,274.7,37.2,537.0,9.595000000000002,6.888,15.7,74.95,2.2,43.8,0.252,70.0280112044818,6.43,49.0,23.7,24.0,78.3,0.093,135.0,2.0,0.0,0.0,2024.0,10.0,30.0,19.0
153.15,57.25999999999999,12.1,5.0,0.873,70.1,5.550000000000001,2530.0,337.7,38.55,554.0,10.656,6.292,14.8,81.25,2.7,50.2,0.2315,70.0280112044818,6.333,42.06,28.54,27.86,57.75,0.1332,173.2,2.0,0.0,0.0,2024.0,10.0,30.0,19.0
78.6,47.31,9.7,5.0,0.658,60.8,5.727,2670.0,214.0,36.85,1775.0,10.762,6.539,8.75,32.65,3.1,50.1,0.1781,63.66182836771072,6.229,28.940000000000005,28.360000000000003,28.67,56.82000000000001,0.2062,397.4,2.0,0.0,0.0,2024.0,10.0,30.0,19.0
145.9,46.94,19.6,2.0,0.296,70.0,5.398,3410.0,260.0,47.7,917.0,10.401,6.444,40.0,55.0,6.9,61.15,0.3396,60.47873694932519,6.36,49.4,23.7,24.1,80.7,0.063,130.0,0.0,1.0,0.0,2024.0,10.0,30.0,2.0
135.6,54.61,21.6,6.0,0.735,60.7,5.449,3330.0,293.0,52.4,864.0,10.573,6.8260000000000005,43.9,51.2,7.0,69.0,0.4469,70.0280112044818,6.371,29.58,24.17,25.050000000000004,71.96000000000001,0.1285,347.3,0.0,1.0,0.0,2024.0,10.0,30.0,2.0
141.0,54.48,18.4,5.0,0.907,70.3,5.368999999999999,3240.0,308.0,51.7,823.0,10.568,6.660000000000002,50.0,48.4,5.9,61.05,0.3989000000000001,70.0280112044818,6.465000000000001,34.83,24.77,25.56,69.73,0.1036,199.0,0.0,1.0,0.0,2024.0,10.0,30.0,2.0
161.1,54.59,23.5,5.0,0.783,60.9,5.447,3140.0,172.8,52.7,444.0,8.702,6.360000000000001,18.7,13.2,1.4,25.6,0.0799,71.61955691367456,6.41,43.2,23.7,24.1,78.7,0.054,126.0,0.0,1.0,1.0,2024.0,10.0,30.0,6.0
175.7,54.44,24.2,7.0,1.064,60.7,5.4425,3220.0,171.3,54.8,347.7,10.2805,6.396000000000001,18.3,11.0,1.6,28.4,0.0781999999999999,66.84491978609626,6.409000000000001,34.68000000000001,23.28,23.200000000000003,76.39000000000001,0.0893,257.2,0.0,1.0,1.0,2024.0,10.0,30.0,6.0
167.45,54.80999999999999,24.4,4.0,0.729,60.8,5.4425,3240.0,168.1,52.1,412.0,10.3595,6.426,18.3,11.1,1.6,28.4,0.0849,66.84491978609626,6.513,34.11,23.82,23.68,76.44,0.1002,226.2,0.0,1.0,1.0,2024.0,10.0,30.0,6.0
125.1,56.95,16.7,3.0,0.524,70.3,5.279999999999999,3390.0,407.0,48.8,373.0,11.817000000000002,6.723999999999999,30.6,20.6,7.1,60.7,0.1737999999999999,70.0280112044818,6.51,26.7,23.7,24.1,79.6,0.088,146.0,1.0,2.0,1.0,2024.0,10.0,30.0,17.0
132.5,54.220000000000006,16.2,3.0,0.603,70.4,5.369999999999999,3440.0,335.6,45.3,613.0,10.580000000000002,6.597,41.7,26.1,7.4,77.9,0.2628,71.61955691367456,6.326,27.890000000000004,25.39,27.750000000000007,62.39,0.0818,227.6,1.0,2.0,1.0,2024.0,10.0,30.0,17.0
145.3,53.5,16.1,5.0,0.881,70.1,5.44,3530.0,318.6,42.7,606.0,10.431,6.677,47.65,27.3,7.8,79.15,0.254,73.21110262286733,6.4590000000000005,27.23,25.169999999999995,27.360000000000003,63.55999999999999,0.1654,240.0,1.0,2.0,1.0,2024.0,10.0,30.0,17.0
194.1,50.42999999999999,10.3,3.0,0.325,50.7,5.585,3190.0,213.0,43.95,958.0,10.036,6.7,16.85,38.15,2.6,23.4,0.2144999999999999,60.47873694932519,6.916,32.52,24.08,24.66,74.12,0.1823,395.3,1.0,1.0,0.0,2024.0,10.0,30.0,11.0
191.7,49.05,13.9,3.0,0.458,70.1,5.601000000000001,3190.0,246.0,51.8,944.0,9.908,6.790000000000001,16.95,32.55,2.5,22.1,0.1708,65.25337407690348,7.127000000000001,32.910000000000004,24.140000000000004,24.65,74.32000000000001,0.1591,390.4,1.0,1.0,0.0,2024.0,10.0,30.0,11.0
187.4,51.99,15.6,2.0,0.342,60.8,5.835,3180.0,298.0,43.8,832.0,10.441,6.971000000000001,13.85,25.5,2.4,21.3,0.1564,68.43646549528903,6.51,42.7,23.7,24.1,79.1,0.145,151.0,1.0,1.0,0.0,2024.0,10.0,30.0,11.0
127.5,59.30999999999999,21.8,2.0,0.466,707.0,5.5150000000000015,3310.0,502.0,47.25,1497.0,11.152500000000002,6.472,212.0,74.1,8.7,133.9,1.9676999999999976,74.8026483320601,6.348999999999999,25.87,25.24,26.01,64.89000000000001,0.9816000000000004,273.8,0.0,2.0,1.0,2024.0,10.0,30.0,8.0
99.7,57.89,17.9,5.0,0.926,60.8,5.53,3360.0,333.0,48.45,929.0,10.803999999999998,6.784000000000001,10.35,32.8,5.25,29.0,0.1793999999999999,74.8026483320601,6.4510000000000005,30.03,24.520000000000003,25.75,67.04,0.1344,227.9,0.0,2.0,1.0,2024.0,10.0,30.0,8.0
119.2,57.81999999999999,18.6,6.0,0.926,70.1,5.363,3180.0,548.0,46.1,658.0,11.218999999999998,6.643000000000001,27.15,42.4,8.05,49.1,0.2519999999999999,63.66182836771072,6.48,34.9,23.7,24.1,79.8,0.055,120.0,0.0,2.0,1.0,2024.0,10.0,30.0,8.0
186.95,55.42999999999999,20.9,2.0,0.259,60.8,5.700000000000001,3230.0,226.8,48.3,494.2,10.393,7.191,18.5,7.8,2.5,21.6,0.1093999999999999,62.070282658517954,6.442,34.95,23.97,25.38,66.5,0.065,143.0,0.0,2.0,2.0,2024.0,10.0,30.0,9.0
183.7,57.7,19.8,2.0,0.354,60.7,5.637500000000001,3190.0,286.0,49.1,347.2,10.480999999999998,7.211,19.1,11.0,2.7,22.0,0.1350999999999999,63.66182836771072,6.486,32.36,23.96,24.0,78.53999999999999,0.0660999999999999,124.5,0.0,2.0,2.0,2024.0,10.0,30.0,9.0
183.7,67.1,20.0,3.0,0.314,60.7,5.7,3000.0,610.0,48.0,120.0,10.78,7.3,14.0,4.0,1.0,29.0,0.065,58.88719124013242,6.49,42.7,23.7,24.0,79.5,0.076,128.0,0.0,2.0,2.0,2024.0,10.0,30.0,9.0
77.45,60.74,13.3,3.0,0.452,70.4,5.532500000000001,3790.0,345.6,68.0,643.0,12.0165,6.369999999999999,63.6,50.9,5.25,26.0,0.5784,65.25337407690348,6.327,24.0,27.31,26.75,63.67,0.1955,469.8,1.0,0.0,1.0,2024.0,10.0,30.0,13.0
117.85,63.21,11.1,1.0,0.091,60.3,5.58,3550.0,283.5,65.4,795.5,11.857500000000002,6.55,58.6,53.2,5.95,32.3,0.5596,52.52100840336134,6.274,24.14,27.12,27.07,63.71,0.1929,488.4,1.0,0.0,1.0,2024.0,10.0,30.0,13.0
195.7,54.1,25.0,0.0,0.0,0.0,5.3,2900.0,890.0,42.0,260.0,12.2,7.2,4.0,5.0,1.0,11.0,0.025,0.0,6.36,32.7,23.7,24.0,79.8,0.098,102.0,1.0,0.0,1.0,2024.0,10.0,30.0,13.0
122.0,52.5,14.0,2.0,0.513,60.8,5.5,3100.0,610.0,61.0,200.0,13.08,7.1,7.0,5.0,2.0,11.0,0.042,81.16883116883118,6.36,34.1,23.7,24.4,77.9,0.17,87.0,2.0,2.0,1.0,2024.0,10.0,30.0,26.0
166.5,53.39,14.2,2.0,0.397,70.6,5.64,3465.0,206.3,49.3,669.2,12.3815,7.18,5.5,11.0,2.25,19.6,0.0554,73.21110262286733,6.579000000000001,34.26,24.09,25.22,72.66,0.1925,177.0,2.0,2.0,1.0,2024.0,10.0,30.0,26.0
81.55,46.42,19.4,3.0,0.838,70.7,5.449999999999999,3595.0,281.6,50.65,1361.2,12.754,7.432,52.2,50.2,21.9,82.8,0.3839,82.76037687802393,6.502,24.660000000000004,26.770000000000003,27.160000000000004,66.96000000000001,0.1565,690.0,2.0,2.0,1.0,2024.0,10.0,30.0,26.0
177.5,60.5,27.0,4.0,0.618,60.9,5.2,2800.0,910.0,38.0,190.0,11.67,7.5,30.0,15.0,2.0,25.0,0.16,63.66182836771072,6.55,45.2,23.3,24.0,81.2,0.083,128.0,1.0,1.0,2.0,2024.0,10.0,30.0,16.0
172.6,58.53000000000001,25.9,7.0,0.945,60.7,5.37,3050.0,475.55,43.1,160.8,10.928,7.239,55.9,40.95,8.6,35.7,0.3571,66.84491978609626,6.434,42.99999999999999,24.25,25.35,73.67000000000002,0.1735,271.0,1.0,1.0,2.0,2024.0,10.0,30.0,16.0
173.1,58.09000000000001,23.2,4.0,0.631,60.9,5.37,3060.0,475.55,43.1,152.9,10.69,7.016,54.3,38.25,8.3,40.3,0.3294,66.84491978609626,6.4,43.13999999999999,24.24,25.46,73.89000000000001,0.1774,280.1,1.0,1.0,2.0,2024.0,10.0,30.0,16.0
178.2,56.2,27.0,3.0,0.421,70.4,5.3,2500.0,820.0,40.0,180.0,11.13,6.8,6.0,7.0,1.0,15.0,0.041,66.84491978609626,6.44,34.6,23.3,24.0,81.2,0.054,161.0,1.0,0.0,0.0,2024.0,10.0,30.0,10.0
83.3,49.18,12.9,2.0,0.212,60.3,5.503000000000001,3175.0,468.0,41.95,1176.0,10.156,6.685,9.6,162.3,10.8,92.8,0.6836000000000001,57.29564553093965,6.392,30.370000000000005,27.410000000000004,27.840000000000003,61.28999999999999,0.1064,222.0,1.0,0.0,0.0,2024.0,10.0,30.0,10.0
99.9,49.49999999999999,13.8,4.0,0.617,70.6,5.612,2885.0,537.0,38.8,1160.0,10.333,6.712000000000001,10.3,152.2,11.3,102.3,0.6836000000000001,70.0280112044818,6.726999999999999,31.25,27.49,27.71,63.24999999999999,0.0957,366.4,1.0,0.0,0.0,2024.0,10.0,30.0,10.0
151.1,62.4,9.0,5.0,0.844,70.8,5.6,2900.0,570.0,46.0,330.0,11.49,7.0,5.0,4.0,1.0,16.0,0.046,66.84491978609626,6.31,36.4,23.7,24.1,81.0,0.101,174.0,2.0,0.0,1.0,2024.0,10.0,30.0,22.0
117.2,50.61,13.9,1.0,0.233,70.5,5.458,3400.0,399.0,46.1,1256.0,11.361,6.953,39.2,69.8,4.3,28.8,0.3386999999999999,76.39419404125286,6.307999999999999,30.95,26.83,28.15,61.11,0.0944,682.2,2.0,0.0,1.0,2024.0,10.0,30.0,22.0
201.8,57.34,16.0,3.0,0.379,60.5,5.431500000000001,3220.0,347.3,51.3,804.0,11.158,6.856999999999999,44.8,60.616666666666674,4.9,23.3,0.3477999999999999,63.66182836771072,6.382,28.130000000000003,26.44,26.99,64.91999999999999,0.1252,242.1,2.0,0.0,1.0,2024.0,10.0,30.0,22.0
75.8,55.42999999999999,22.5,6.0,0.92,70.2,5.412999999999999,3255.0,457.05,57.95,210.6,11.916999999999998,6.58,53.0,61.3,10.2,64.0,0.4288,65.25337407690348,6.382999999999999,32.31,25.020000000000003,25.87,67.36,0.0789,168.7,1.0,2.0,0.0,2024.0,10.0,30.0,12.0
107.7,55.31999999999999,24.7,8.0,1.113,70.1,5.425999999999999,3120.0,466.0,49.7,200.6,12.092000000000002,6.839,48.4,64.9,9.7,64.7,0.4261,62.070282658517954,6.4030000000000005,21.83,25.04,25.92,67.45,0.0926,167.0,1.0,2.0,0.0,2024.0,10.0,30.0,12.0
99.3,55.4,20.0,6.0,1.304,80.0,5.4,3000.0,650.0,48.0,180.0,12.2,6.4,11.0,4.0,1.0,17.0,0.063,76.39419404125286,6.41,47.6,23.7,24.0,79.3,0.06,245.0,1.0,2.0,0.0,2024.0,10.0,30.0,12.0
80.85,50.53000000000001,17.7,5.0,0.611,70.1,5.618,3150.0,520.05,46.9,564.0,11.553,6.889999999999999,19.4,53.2,2.7,28.4,0.2654999999999999,66.84491978609626,6.384,32.779999999999994,27.74,28.48,59.91,0.1636,340.4,0.0,0.0,0.0,2024.0,10.0,30.0,28.0
129.2,54.66000000000001,10.1,2.0,0.192,50.8,5.809,2740.0,230.2,33.9,516.9,8.629,6.734999999999999,16.45,26.4,2.25,22.7,0.1653,57.29564553093965,6.631,34.19,28.72,29.77,53.61999999999999,0.0288,681.8,0.0,0.0,0.0,2024.0,10.0,30.0,28.0
85.15,53.7,22.0,5.0,1.1,70.7,5.5,2600.0,680.0,38.0,150.0,10.41,7.2,5.0,11.0,1.0,38.0,0.067,76.39419404125286,6.38,49.7,23.7,24.0,80.0,0.043,238.0,0.0,0.0,0.0,2024.0,10.0,30.0,28.0
167.5,56.61999999999999,25.3,6.0,0.878,60.9,5.521000000000001,3290.0,413.4,50.45,245.8,11.276,7.0600000000000005,36.7,70.0,4.5,42.75,0.4798,66.84491978609626,6.3950000000000005,29.860000000000003,24.440000000000005,25.419999999999995,67.51,0.0947,242.0,0.0,0.0,0.0,2024.0,10.0,30.0,1.0
157.9,56.720000000000006,17.4,4.0,0.584,60.3,5.503500000000001,3190.0,385.2,46.25,341.4,11.09,6.76,26.7,29.8,2.45,43.85,0.218,66.84491978609626,6.445,33.83,26.529999999999998,27.800000000000004,63.15999999999999,0.1366,339.0,0.0,0.0,0.0,2024.0,10.0,30.0,1.0
144.6,61.2,34.0,4.0,0.755,70.3,5.4,3000.0,800.0,43.0,200.0,11.88,7.4,16.0,7.0,1.0,50.0,0.078,76.39419404125286,6.48,52.2,23.7,24.2,78.8,0.063,82.0,0.0,0.0,0.0,2024.0,10.0,30.0,1.0
173.6,53.75,12.4,1.0,0.104,60.3,5.625000000000001,3610.0,201.2,47.05,772.5,10.998499999999998,6.583999999999999,79.05,92.4,5.9,57.0,0.6674,57.29564553093965,6.480000000000001,32.0,23.910000000000004,24.570000000000004,76.00999999999999,0.1603999999999999,201.4,1.0,0.0,2.0,2024.0,10.0,30.0,14.0
121.6,51.54,14.1,6.0,0.919,70.1,5.6160000000000005,3330.0,280.0,46.1,682.0,11.398,7.289999999999999,9.8,21.85,1.5,21.0,0.0781999999999999,71.61955691367456,6.431000000000002,32.99,24.050000000000004,24.8,71.65,0.1567,129.7,1.0,0.0,2.0,2024.0,10.0,30.0,14.0
126.3,51.3,31.0,7.0,1.595,70.6,5.5,3100.0,540.0,42.0,210.0,11.83,7.3,5.0,7.0,1.0,27.0,0.063,82.76037687802393,6.49,31.9,23.7,24.7,77.6,0.109,58.0,1.0,0.0,2.0,2024.0,10.0,30.0,14.0
127.7,65.3,25.0,3.0,0.45,60.8,5.5,3000.0,600.0,45.0,210.0,10.95,6.6,5.0,4.0,1.0,24.0,0.032,70.0280112044818,6.33,51.5,24.1,25.0,75.1,0.047,41.0,0.0,0.0,2.0,2024.0,10.0,30.0,5.0
121.55,52.80000000000001,12.2,1.0,0.191,70.7,5.713999999999999,3490.0,213.5,52.3,1261.0,11.323,6.825999999999999,59.3,43.25,7.3,49.35,0.4972,70.0280112044818,6.331999999999999,25.660000000000004,29.22,30.97,53.65,0.5342,606.2,0.0,0.0,2.0,2024.0,10.0,30.0,5.0
119.05,50.720000000000006,10.8,4.0,0.931,70.2,5.733999999999999,3470.0,269.5,62.5,1480.0,11.808,6.507,64.6,47.25,7.9,126.9,0.6325000000000001,71.61955691367456,6.342999999999999,28.84,29.22,30.5,53.81000000000002,0.9816000000000004,613.6,0.0,0.0,2.0,2024.0,10.0,30.0,5.0
200.7,55.0,26.0,1.0,0.105,60.8,5.2,2800.0,780.0,50.0,210.0,11.94,6.7,7.0,6.0,2.0,21.0,0.048,52.52100840336134,6.39,45.7,23.7,25.6,74.1,0.049,107.0,2.0,2.0,2.0,2024.0,10.0,30.0,30.0
147.2,52.14,7.3,2.0,0.383,70.3,5.29,3350.0,491.0,63.5,1290.6,12.598,6.511,60.85,52.4,7.3,88.0,0.5330999999999999,71.61955691367456,6.425,35.93999999999999,26.77,27.02,61.720000000000006,0.0797,223.5,2.0,2.0,2.0,2024.0,10.0,30.0,30.0
75.5,47.91,7.3,0.0,0.0,0.0,5.664,3180.0,193.5,41.1,1439.0,10.523,6.771000000000001,62.15,57.3,11.7,103.6,0.5587,0.0,6.462999999999999,22.270000000000003,27.55,27.34,59.80000000000001,0.2337,371.9,2.0,2.0,2.0,2024.0,10.0,30.0,30.0
159.4,57.0,25.0,0.0,0.0,0.0,5.2,2400.0,930.0,38.0,200.0,11.23,6.9,4.0,4.0,1.0,16.0,0.025,0.0,6.55,45.1,23.7,24.4,79.1,0.109,269.0,0.0,2.0,0.0,2024.0,10.0,30.0,3.0
135.75,58.59,18.5,4.0,0.861,70.7,5.390000000000001,3020.0,556.5,53.4,480.4,10.839,6.03,37.7,86.2,5.4,83.8,0.5685,71.61955691367456,6.491,38.39,24.9,25.84,67.89,0.1256,444.9,0.0,2.0,0.0,2024.0,10.0,30.0,3.0
155.55,58.24,18.7,4.0,0.584,60.8,5.48,3175.0,502.2,53.9,398.4,10.265,6.55,23.7,54.25,2.9,23.7,0.4155999999999999,60.47873694932519,6.39,38.39,24.200000000000003,24.630000000000003,71.66999999999999,0.1265,426.1,0.0,2.0,0.0,2024.0,10.0,30.0,3.0
149.2,56.7,22.0,4.0,0.849,70.4,5.3,3000.0,640.0,52.0,240.0,11.66,6.8,44.0,33.0,3.0,21.0,0.206,68.43646549528903,6.43,37.3,23.7,24.2,78.3,0.086,155.0,0.0,1.0,2.0,2024.0,10.0,30.0,7.0
143.0,54.5,19.2,4.0,0.579,60.7,5.3420000000000005,3180.0,588.5,51.3,257.0,11.281,6.608999999999999,29.8,16.3,3.0,26.0,0.1709,68.43646549528903,6.414,38.14,23.74,24.2,78.16,0.1129,250.8,0.0,1.0,2.0,2024.0,10.0,30.0,7.0
143.0,52.17999999999999,18.7,3.0,0.289,60.4,5.316000000000001,3190.0,562.0,50.55,274.0,11.154,6.639,28.1,15.1,2.8,32.7,0.1689999999999999,54.11255411255412,6.406000000000001,38.120000000000005,24.74,25.49,67.61,0.1876,258.4,0.0,1.0,2.0,2024.0,10.0,30.0,7.0
176.7,57.06999999999999,21.3,6.0,0.844,70.6,5.444,3310.0,165.0,50.6,204.5,9.0785,6.9350000000000005,7.0,12.9,1.4,10.3,0.0777999999999999,70.0280112044818,7.234,35.27,25.03,25.57,67.19,0.1252,270.5,2.0,2.0,0.0,2024.0,10.0,30.0,21.0
192.1,57.65000000000001,15.6,2.0,0.195,60.1,5.384,3050.0,225.5,51.4,357.0,9.9155,6.964,7.3,10.2,1.2,21.5,0.0919,54.11255411255412,6.596000000000001,38.61,24.6,25.860000000000003,67.07999999999998,0.1244999999999999,216.3,2.0,2.0,0.0,2024.0,10.0,30.0,21.0
171.9,52.7,17.0,2.0,0.312,60.7,5.3,3100.0,570.0,53.0,380.0,11.6,7.1,9.0,7.0,1.0,25.0,0.043,66.84491978609626,6.37,48.3,23.7,24.2,75.7,0.095,138.0,2.0,2.0,0.0,2024.0,10.0,30.0,21.0
159.35,58.49,20.6,3.0,0.41,60.5,5.364999999999999,3360.0,171.0,52.1,341.0,10.431,6.790000000000001,16.3,22.3,2.8,12.5,0.2076,70.0280112044818,6.338,32.86,27.74,27.68,62.11,0.2438,570.9,2.0,0.0,2.0,2024.0,10.0,30.0,23.0
152.7,54.46,11.7,4.0,0.724,70.2,5.51,3300.0,276.0,49.6,1038.1,9.741,5.904999999999999,31.05,66.8,4.2,111.4,0.5231,73.21110262286733,6.411000000000001,29.83,28.65000000000001,29.399999999999995,54.23,0.1417,479.4,2.0,0.0,2.0,2024.0,10.0,30.0,23.0
184.4,57.7,24.0,4.0,0.566,70.3,5.3,3300.0,150.0,55.0,460.0,11.12,6.3,17.0,5.0,1.0,18.0,0.082,70.0280112044818,6.46,43.2,23.7,24.3,79.0,0.104,237.0,2.0,0.0,2.0,2024.0,10.0,30.0,23.0
129.1,52.74000000000001,10.7,4.0,1.051,70.8,5.594500000000001,3155.0,118.8,37.0,1900.0,9.826,6.684,36.6,40.15,6.1,43.7,0.4619999999999999,82.76037687802393,6.435,24.360000000000007,28.47,30.65,53.9,0.1924,688.4,2.0,1.0,0.0,2024.0,10.0,30.0,20.0
138.8,54.49,10.3,5.0,0.952,70.1,5.567,3195.0,118.8,39.3,1585.0,9.805,6.7010000000000005,41.5,36.7,4.0,30.0,0.3018999999999999,74.8026483320601,6.422,25.640000000000004,27.76,30.380000000000003,53.08,0.0881,601.6,2.0,1.0,0.0,2024.0,10.0,30.0,20.0
178.45,62.7,21.0,7.0,1.16,70.6,5.4,2500.0,170.0,43.0,250.0,10.01,7.3,6.0,8.0,1.0,43.0,0.038,65.25337407690348,6.24,39.4,23.7,25.4,73.5,0.083,174.0,2.0,1.0,0.0,2024.0,10.0,30.0,20.0
113.4,52.1,10.8,10.0,1.029,60.6,5.574,3290.0,125.2,50.0,1730.0,11.1615,6.416,23.0,53.1,3.9,18.6,0.242,60.47873694932519,6.501,22.98,27.6,29.04,58.35999999999999,0.2429999999999999,460.0,1.0,2.0,2.0,2024.0,10.0,30.0,18.0
167.3,54.32000000000001,17.1,4.0,0.899,70.4,5.504,3195.0,110.6,49.3,1780.0,11.17,6.444,25.45,50.6,2.6,24.6,0.2182,71.61955691367456,6.497000000000002,22.15,27.48,28.72,57.95,0.2364,568.8,1.0,2.0,2.0,2024.0,10.0,30.0,18.0
130.85,47.1,24.0,7.0,1.271,70.5,5.3,2600.0,170.0,41.0,220.0,10.69,7.1,9.0,7.0,1.0,35.0,0.059,105.04201680672269,6.38,36.1,24.1,25.4,72.8,0.144,51.0,1.0,2.0,2.0,2024.0,10.0,30.0,18.0
190.75,56.8,31.0,7.0,0.826,70.2,5.4,3100.0,260.0,52.0,350.0,10.96,6.8,15.0,5.0,1.0,41.0,0.079,70.0280112044818,6.33,37.2,23.3,23.9,79.5,0.176,248.0,0.0,1.0,1.0,2024.0,10.0,30.0,6.0
109.25,53.69,9.8,0.0,0.0,0.0,5.597,3525.0,206.5,41.7,2460.0,11.3325,6.385,285.3999999999951,88.05,11.0,143.3,0.7791999999999999,0.0,6.470999999999999,22.81,28.43,30.39,53.08,0.6482,543.8,0.0,1.0,1.0,2024.0,10.0,30.0,6.0
193.15,56.74,28.8,2.0,0.271,70.0,5.462499999999999,3370.0,233.8,52.8,431.7,10.594000000000005,6.986,21.2,9.9,1.95,28.3,0.0744,62.070282658517954,6.636999999999999,35.800000000000004,23.46,23.950000000000003,74.87000000000002,0.2359,261.3,0.0,1.0,1.0,2024.0,10.0,30.0,6.0
132.3,58.6,16.0,4.0,0.771,70.0,5.3,3000.0,580.0,45.0,310.0,12.09,7.0,15.0,30.0,2.0,26.0,0.153,70.0280112044818,6.49,43.3,23.3,24.0,80.0,0.231,283.0,1.0,2.0,1.0,2024.0,10.0,30.0,17.0
145.7,54.17,18.6,3.0,0.473,60.9,5.413499999999999,3430.0,179.5,40.7,664.0,9.6935,6.678,47.45,25.9,7.7,76.8,0.2587,70.0280112044818,6.449,25.48,25.849999999999994,27.420000000000005,64.57,0.1211,243.6,1.0,2.0,1.0,2024.0,10.0,30.0,17.0
126.6,54.02,20.6,5.0,0.948,70.4,5.464999999999999,3800.0,376.0,45.1,575.0,11.559,6.716999999999999,42.8,23.5,7.4,72.3,0.2502,70.0280112044818,6.754,24.4,25.68,27.300000000000004,63.55,0.167,237.9,1.0,2.0,1.0,2024.0,10.0,30.0,17.0
163.9,58.4,13.0,5.0,0.411,50.4,5.4,3300.0,350.0,54.0,380.0,11.32,6.3,19.0,11.0,1.0,28.0,0.102,55.70409982174688,6.34,52.4,23.3,24.4,76.8,0.122,235.0,2.0,1.0,2.0,2024.0,10.0,30.0,25.0
108.3,56.25,11.4,5.0,0.787,60.9,5.42,3260.0,214.7,49.2,764.0,11.209,6.1850000000000005,37.8,36.3,3.0,41.7,0.3287,68.43646549528903,6.308,25.39,28.23,27.06,66.11,0.0751,525.8,2.0,1.0,2.0,2024.0,10.0,30.0,25.0
120.1,52.5,10.1,7.0,0.934,70.2,5.520999999999999,3460.0,266.5,49.95,1900.0,11.397,6.28,84.6,148.7,7.4,171.0,0.9435,65.25337407690348,6.314000000000001,27.380000000000003,26.26,26.02,65.95,0.4335999999999999,265.5,2.0,1.0,2.0,2024.0,10.0,30.0,25.0
145.2,47.7,13.0,3.0,0.4,70.0,5.3,3000.0,800.0,44.0,260.0,12.65,6.8,6.0,12.0,2.0,30.0,0.06,68.43646549528903,6.38,49.3,23.7,24.5,74.9,0.063,152.0,1.0,1.0,1.0,2024.0,10.0,30.0,29.0
141.6,56.67999999999999,13.0,4.0,0.577,70.0,5.36,3260.0,490.0,51.3,1429.0,12.599999999999998,6.68,9.5,15.8,4.0,34.45,0.105,66.84491978609626,7.188999999999998,24.24,25.4,25.92,65.16,0.0709,247.3,1.0,1.0,1.0,2024.0,10.0,30.0,29.0
141.6,56.56999999999999,12.9,3.0,0.517,70.9,5.36,3250.0,476.0,48.7,1446.0,12.585,6.669999999999999,7.1,15.8,3.4,33.05,0.1036999999999999,68.43646549528903,6.703,24.61,25.43,25.92,65.26,0.0813,245.6,1.0,1.0,1.0,2024.0,10.0,30.0,29.0
148.0,54.8,18.4,4.0,0.799,70.3,5.379,3270.0,292.0,51.7,823.0,10.568,6.6560000000000015,40.4,48.1,6.1,66.35,0.3937,70.0280112044818,6.470000000000001,34.37,24.52,25.32,69.96000000000001,0.1155,198.6,0.0,1.0,0.0,2024.0,10.0,30.0,2.0
148.0,54.36999999999999,18.1,4.0,0.759,70.4,5.39,3270.0,311.0,51.7,823.0,10.573,6.772,42.5,47.4,5.5,66.35,0.3699,70.0280112044818,6.474000000000001,32.22,24.719999999999995,25.33,69.73,0.1076,203.1,0.0,1.0,0.0,2024.0,10.0,30.0,2.0
121.1,54.8,17.0,4.0,0.72,70.1,5.4,3300.0,360.0,50.0,270.0,11.18,7.0,31.0,14.0,4.0,41.0,0.151,68.43646549528903,6.35,41.2,23.7,24.5,75.2,0.079,175.0,0.0,1.0,0.0,2024.0,10.0,30.0,2.0
146.55,57.25999999999999,16.7,12.0,1.854,70.7,5.450000000000001,2530.0,304.1,39.6,550.0,10.687,6.337999999999999,16.6,69.75,2.7,44.5,0.267,73.21110262286733,6.449,40.92999999999999,28.440000000000005,28.57,55.86999999999999,0.141,421.8,2.0,0.0,0.0,2024.0,10.0,30.0,19.0
85.8,47.57000000000001,9.9,2.0,0.27,60.5,5.723000000000001,2805.0,170.6,38.15,2178.0,9.926,6.675,7.6,31.85,2.9,29.5,0.1631,62.070282658517954,6.290000000000001,27.85,27.610000000000003,28.130000000000003,58.870000000000005,0.2596,249.0,2.0,0.0,0.0,2024.0,10.0,30.0,19.0
163.75,56.7,18.0,5.0,1.072,80.6,5.2,2200.0,810.0,38.0,130.0,9.71,7.1,17.0,22.0,2.0,33.0,0.079,79.5772854596384,6.46,46.8,23.3,24.3,77.2,0.102,240.0,2.0,0.0,0.0,2024.0,10.0,30.0,19.0
125.3,56.23,20.5,8.0,1.202,70.2,5.550000000000001,3190.0,465.0,45.9,1357.0,11.351,6.297000000000001,22.85,46.2,7.4,60.4,0.3484,71.61955691367456,6.38,28.35,25.130000000000003,26.25,65.88,0.2203,300.6,0.0,2.0,1.0,2024.0,10.0,30.0,8.0
87.9,45.86,8.0,5.0,0.908,70.1,5.672,3605.0,536.0,45.5,1410.0,11.9615,6.577,39.75,75.7,9.25,113.75,1.9676999999999976,76.39419404125286,6.369000000000001,26.420000000000005,25.860000000000003,27.62,63.77,0.2431,720.1,0.0,2.0,1.0,2024.0,10.0,30.0,8.0
116.6,55.3,26.0,8.0,1.163,60.9,5.4,2800.0,980.0,49.0,180.0,11.97,6.1,9.0,6.0,1.0,24.0,0.056,68.43646549528903,6.28,37.1,23.3,24.2,78.7,0.138,260.0,0.0,2.0,1.0,2024.0,10.0,30.0,8.0
181.8,62.83,22.4,8.0,1.03,60.9,5.391500000000001,3150.0,370.8,51.2,774.0,11.835,6.476000000000001,40.1,33.6,3.4,42.85,0.3047,68.43646549528903,6.404000000000001,28.82,24.08,23.950000000000003,77.68,0.0768,146.2,1.0,1.0,1.0,2024.0,10.0,30.0,15.0
180.0,63.03,20.1,3.0,0.375,60.0,5.4015,2980.0,333.8,46.3,841.0,11.611999999999998,6.9860000000000015,46.25,31.9,3.1,42.35,0.2692,65.25337407690348,6.496,30.130000000000003,23.76,23.82,78.64,0.0667,137.3,1.0,1.0,1.0,2024.0,10.0,30.0,15.0
144.8,54.5,16.0,6.0,1.112,70.3,5.3,2900.0,670.0,54.0,210.0,11.63,6.9,7.0,11.0,1.0,41.0,0.068,73.21110262286733,6.3,44.4,23.3,23.7,80.3,0.112,152.0,1.0,1.0,1.0,2024.0,10.0,30.0,15.0
192.0,44.3,22.0,7.0,1.149,70.3,5.4,2800.0,670.0,44.0,170.0,11.74,7.1,13.0,4.0,1.0,52.0,0.036,68.43646549528903,6.13,24.3,22.9,23.6,79.5,0.227,140.0,2.0,1.0,1.0,2024.0,10.0,30.0,24.0
201.5,58.55000000000001,20.7,7.0,1.291,70.3,5.31,3240.0,238.05,49.05,2455.0,11.2985,6.843999999999999,116.7,198.8,11.75,259.05,0.8673,73.21110262286733,6.516,24.73,25.300000000000004,26.07,67.64,0.5538000000000001,279.4,2.0,1.0,1.0,2024.0,10.0,30.0,24.0
177.9,58.8,20.0,4.0,0.648,60.9,5.537,3085.0,280.1,45.7,737.0,10.751499999999998,6.9,4.0,7.0,1.0,8.0,0.045,66.84491978609626,6.23,32.5,22.9,23.6,83.2,0.067,168.0,2.0,1.0,1.0,2024.0,10.0,30.0,24.0
181.0,61.2,20.0,6.0,1.092,70.4,5.4,2800.0,450.0,55.0,330.0,10.42,7.1,8.0,8.0,1.0,31.0,0.05,73.21110262286733,6.35,30.2,22.5,23.1,83.2,0.054,235.0,1.0,1.0,0.0,2024.0,10.0,30.0,11.0
173.7,56.330000000000005,19.3,9.0,1.512,60.8,5.44,3090.0,624.0,51.9,757.8,10.631000000000002,6.95,16.35,17.3,2.3,21.9,0.1534,70.0280112044818,6.794,33.59,23.08,22.86,78.19,0.1567,254.3,1.0,1.0,0.0,2024.0,10.0,30.0,11.0
191.5,52.0,18.1,4.0,0.741,80.1,5.5600000000000005,3130.0,275.0,54.5,1368.0,10.044,6.85,12.9,26.1,2.1,21.8,0.128,66.84491978609626,7.211,31.27,24.130000000000003,24.61,75.57000000000001,0.1775,282.4,1.0,1.0,0.0,2024.0,10.0,30.0,11.0
192.9,65.3,25.0,5.0,0.822,70.0,5.4,2700.0,680.0,50.0,350.0,12.37,7.3,4.0,6.0,1.0,37.0,0.037,66.84491978609626,6.13,39.1,22.5,22.9,86.9,0.137,247.0,2.0,2.0,2.0,2024.0,10.0,30.0,27.0
143.6,56.710000000000015,18.4,7.0,1.402,70.1,5.579,2880.0,509.8,46.25,1659.0,11.766500000000002,6.831,26.8,28.1,5.05,59.3,0.2726,73.21110262286733,6.317000000000002,24.1,25.1,25.62,68.85,0.3117,318.9,2.0,2.0,2.0,2024.0,10.0,30.0,27.0
170.05,55.19,17.7,6.0,1.128,70.3,5.42,2860.0,602.5,51.0,1209.0,12.508,6.988,14.9,28.1,4.6,26.4,0.2607,73.21110262286733,6.365,25.56,23.51,25.3,69.2,0.2208,308.6,2.0,2.0,2.0,2024.0,10.0,30.0,27.0
191.2,60.0,27.0,7.0,1.446,70.8,5.4,2200.0,640.0,38.0,230.0,11.35,7.0,24.0,19.0,3.0,35.0,0.152,76.39419404125286,6.34,40.0,22.5,22.5,86.1,0.068,175.0,0.0,0.0,1.0,2024.0,10.0,30.0,4.0
174.4,59.09,22.8,5.0,0.869,70.0,5.574,2900.0,530.0,39.0,385.0,10.876,7.032000000000001,20.8,45.0,2.7,19.3,0.1689,71.61955691367456,6.123,33.10000000000001,21.515,22.840000000000003,80.22,0.1375,189.6,0.0,0.0,1.0,2024.0,10.0,30.0,4.0
191.2,59.65,20.5,2.0,0.421,70.5,5.554,2990.0,499.0,39.0,411.0,10.983,7.0120000000000005,21.6,19.4,2.6,22.4,0.1399999999999999,74.8026483320601,6.136000000000001,36.64,21.77,22.840000000000003,79.04999999999998,0.1385,189.2,0.0,0.0,1.0,2024.0,10.0,30.0,4.0
161.95,55.36,16.9,6.0,1.023,70.5,5.369999999999999,2870.0,545.8,51.7,1187.0,12.508,6.9590000000000005,12.9,23.8,7.85,21.1,0.2649,73.21110262286733,6.346000000000001,23.72000000000001,24.300000000000004,25.43,68.39,0.198,323.7,2.0,2.0,2.0,2024.0,11.0,6.0,27.0
178.7,54.6,17.0,6.0,0.846,70.5,5.3,2800.0,580.0,50.0,440.0,13.07,6.7,19.0,11.0,7.0,34.0,0.121,70.0280112044818,5.9,26.8,23.5,25.7,72.3,0.026,326.0,2.0,2.0,2.0,2024.0,11.0,6.0,27.0
162.5,56.60999999999999,20.7,2.0,0.304,60.7,5.538,3435.0,432.0,49.35,430.0,11.015,6.822,9.9,13.5,4.9,24.2,0.0938,57.29564553093965,6.284999999999999,27.73,24.14,25.36,66.59,0.1165,195.9,2.0,2.0,2.0,2024.0,11.0,6.0,27.0
191.2,56.75999999999999,23.0,1.0,0.2,70.0,5.554,3215.0,259.2,48.05,544.8,9.785,6.766,28.95,21.8,1.9,11.5,0.1842,73.21110262286733,6.426,32.730000000000004,25.7,26.05,68.59,0.2516,213.0,2.0,1.0,1.0,2024.0,11.0,6.0,24.0
163.0,65.1,18.0,3.0,0.366,60.9,5.4,3200.0,420.0,57.0,620.0,13.06,6.0,7.0,4.0,1.0,16.0,0.068,60.47873694932519,6.19,30.5,25.1,27.1,63.7,0.042,573.0,2.0,1.0,1.0,2024.0,11.0,6.0,24.0
182.0,56.19,21.4,1.0,0.161,60.7,5.48,3130.0,347.6,45.3,472.8,9.8485,6.797,33.95,21.1,2.0,21.7,0.1693,66.84491978609626,6.364,28.58,25.07,26.09,70.36000000000001,0.1839,186.5,2.0,1.0,1.0,2024.0,11.0,6.0,24.0
83.5,46.75,15.5,0.0,0.0,0.0,5.742999999999999,3350.0,229.6,52.4,849.2,11.102,6.822,62.4,109.6,7.1,128.5,0.6603,0.0,6.042,25.05,23.56,22.88,76.22999999999999,0.1865,175.8,0.0,0.0,1.0,2024.0,11.0,6.0,4.0
130.0,65.6,14.0,2.0,0.42,70.7,5.3,3300.0,500.0,66.0,550.0,13.4,7.0,12.0,11.0,1.0,41.0,0.095,0.0716195569136745,6.5,44.5,25.9,27.5,64.0,0.061,593.0,0.0,0.0,1.0,2024.0,11.0,6.0,4.0
83.5,46.75,15.5,0.0,0.0,0.0,5.742999999999999,3350.0,229.6,52.4,849.2,11.102,6.822,62.4,109.6,7.1,128.5,0.6603,0.0,6.042,25.05,23.56,22.88,76.22999999999999,0.1865,175.8,0.0,0.0,1.0,2024.0,11.0,6.0,4.0
182.5,62.06999999999999,22.4,0.0,0.0,0.0,5.4245,2870.0,312.7,45.8,861.0,10.406,6.94,50.3,38.6,2.8,32.6,0.2969,0.0,6.475,28.74,23.710000000000004,23.700000000000003,77.34,0.0867,185.6,1.0,1.0,1.0,2024.0,11.0,6.0,15.0
152.75,60.7,19.0,3.0,0.488,70.2,5.3,3200.0,380.0,50.0,1200.0,12.66,6.0,21.0,12.0,1.0,25.0,0.124,68.43646549528903,6.48,37.3,27.1,27.7,62.1,0.074,461.0,1.0,1.0,1.0,2024.0,11.0,6.0,15.0
128.3,56.5,16.0,6.0,0.896,70.0,5.396,3280.0,303.3,58.5,1262.0,11.531,6.5,64.0,62.0,5.0,85.0,0.46,66.84491978609626,6.35,29.6,30.7,31.1,50.6,0.073,750.0,1.0,1.0,1.0,2024.0,11.0,6.0,15.0
137.65,53.830000000000005,17.7,2.0,0.439,60.8,5.6000000000000005,3075.0,233.0,51.5,406.0,11.208,6.808,113.75,95.0,18.7,128.03,0.7377,79.5772854596384,6.324,39.36,27.140000000000004,26.83,64.11,0.1581,446.5,0.0,2.0,2.0,2024.0,11.0,6.0,9.0
181.45,51.8,11.0,3.0,0.439,60.0,5.3,3300.0,130.0,49.0,610.0,11.12,7.1,8.0,1.0,1.0,13.0,0.047,57.29564553093965,6.5,21.7,25.9,27.9,64.1,0.026,425.0,0.0,2.0,2.0,2024.0,11.0,6.0,9.0
205.4,58.35,16.8,3.0,0.541,70.1,5.61,3210.0,137.3,47.2,1394.0,10.7345,7.031000000000001,24.85,14.4,3.767,19.2,0.1621,68.43646549528903,6.483,29.87,26.11,26.35,66.66,0.1072,369.2,0.0,2.0,2.0,2024.0,11.0,6.0,9.0
112.65,61.98,14.2,3.0,0.506,60.8,5.602000000000001,3570.0,221.0,65.5,958.3,10.6345,6.480000000000001,49.25,49.4,4.7,28.2,0.387,60.47873694932519,6.287,21.81,26.99,27.24,62.71,0.2101,496.4,1.0,0.0,1.0,2024.0,11.0,6.0,13.0
77.25,67.3,14.0,2.0,0.315,70.1,5.3,2900.0,590.0,48.0,510.0,12.15,5.7,22.0,31.0,4.0,15.0,0.197,66.84491978609626,6.54,21.6,25.9,27.7,62.1,0.032,279.0,1.0,0.0,1.0,2024.0,11.0,6.0,13.0
84.0,60.11999999999999,12.8,1.0,0.158,70.0,5.6925,3610.0,258.5,66.3,775.3,11.0365,6.49,62.5,50.65,4.8,29.9,0.5377,65.25337407690348,6.309,21.96,27.290000000000003,26.98,63.330000000000005,0.2072999999999999,488.7,1.0,0.0,1.0,2024.0,11.0,6.0,13.0
156.5,58.92,16.6,2.0,0.357,70.0,5.471500000000001,3180.0,338.7,47.5,693.0,11.135,6.763000000000001,41.0,58.55,4.3,24.1,0.3434,68.43646549528903,6.414,30.8,26.51,26.99,65.05999999999999,0.1007,241.1,2.0,0.0,1.0,2024.0,11.0,6.0,22.0
206.9,54.3,13.0,2.0,0.225,60.4,5.3,3100.0,380.0,50.0,400.0,11.34,6.4,24.0,73.0,5.0,26.0,0.384,55.70409982174688,6.5,39.5,25.7,27.8,62.2,0.095,548.0,2.0,0.0,1.0,2024.0,11.0,6.0,22.0
202.9,57.34000000000001,16.1,2.0,0.273,60.9,5.431500000000001,3270.0,227.5,51.1,590.0,10.285,6.8260000000000005,39.2,54.7,4.3,24.1,0.3523999999999999,57.29564553093965,6.452,30.67,26.299999999999997,26.72000000000001,65.38999999999999,0.0977,246.8,2.0,0.0,1.0,2024.0,11.0,6.0,22.0
173.2,56.24,17.2,5.0,1.073,70.5,5.6225000000000005,3030.0,512.0,42.85,688.9,9.454999999999998,6.646000000000001,9.5,81.7,9.3,34.7,0.465,77.98573975044563,6.929,34.660000000000004,24.59,25.05,69.97,0.0808,320.6,1.0,0.0,0.0,2024.0,11.0,6.0,10.0
150.1,64.8,16.0,4.0,0.87,70.9,5.3,3000.0,370.0,48.0,390.0,11.13,6.0,6.0,16.0,1.0,18.0,0.083,74.8026483320601,6.48,24.3,25.9,28.2,58.7,0.01,352.0,1.0,0.0,0.0,2024.0,11.0,6.0,10.0
176.3,57.02,23.4,2.0,0.289,60.8,5.51,3100.0,463.0,45.1,189.0,10.382,6.763,5.8,17.5,1.5,11.3,0.0519999999999999,66.84491978609626,6.434,36.14,23.610000000000003,24.56000000000001,76.71000000000001,0.0929,283.2,1.0,0.0,0.0,2024.0,11.0,6.0,10.0
74.4,51.64000000000001,15.6,4.0,0.725,70.3,5.814000000000001,2960.0,523.65,38.0,834.9,11.605999999999998,6.677,25.3,58.4,3.9,23.3,0.3963,71.61955691367456,6.436,33.59,28.74,30.15,52.04,0.1162999999999999,635.6,0.0,0.0,0.0,2024.0,11.0,6.0,28.0
86.65,49.5,15.0,4.0,0.61,70.0,5.2,2400.0,730.0,45.0,200.0,12.03,6.7,27.0,51.0,3.0,25.0,0.324,68.43646549528903,6.47,39.8,25.9,27.9,62.4,0.092,543.0,0.0,0.0,0.0,2024.0,11.0,6.0,28.0
107.0,53.25,10.9,6.0,0.642,60.2,5.844,2830.0,406.6,35.7,640.9,10.398999999999996,6.756,44.3,79.8,4.2,134.5,0.6165,58.88719124013242,6.694,35.17999999999999,28.26,30.62,52.34,0.1026,735.7,0.0,0.0,0.0,2024.0,11.0,6.0,28.0
69.5,50.63,19.6,5.0,0.856,70.4,5.552999999999999,3945.0,416.05,55.85,357.8,11.661,6.62,9.0,6.3,2.2,27.6,0.0713,70.0280112044818,6.379,34.63000000000001,27.05,27.73,62.41,0.0965999999999999,203.2,1.0,2.0,0.0,2024.0,11.0,6.0,12.0
148.7,52.1,27.0,2.0,0.272,70.7,5.2,3200.0,470.0,48.0,340.0,12.71,6.8,12.0,9.0,2.0,29.0,0.09,63.66182836771072,6.41,45.6,25.5,27.6,61.7,0.04,336.0,1.0,2.0,0.0,2024.0,11.0,6.0,12.0
135.8,50.74,21.0,2.0,0.306,60.6,5.563,3230.0,334.2,45.9,370.8,9.795999999999998,6.6,12.8,7.3,2.2,25.2,0.0862,71.61955691367456,6.352,30.84,26.26,26.15,65.45,0.1036,296.6,1.0,2.0,0.0,2024.0,11.0,6.0,12.0
114.95,45.120000000000005,17.0,6.0,0.862,70.0,5.610000000000001,3800.0,239.3,50.9,1331.2,12.198,6.960000000000001,19.9,25.8,2.85,35.8,0.2324,73.21110262286733,6.495,26.85,26.880000000000003,26.39,66.47999999999999,0.2454,405.2,2.0,2.0,1.0,2024.0,11.0,6.0,26.0
164.3,41.5,11.0,3.0,0.476,70.4,5.3,3100.0,620.0,62.0,320.0,12.58,7.5,18.0,7.0,1.0,42.0,0.111,57.29564553093965,6.56,37.8,25.5,28.0,56.9,0.033,543.0,2.0,2.0,1.0,2024.0,11.0,6.0,26.0
139.4,53.35,17.8,2.0,0.374,70.6,5.567,3780.0,168.6,51.75,568.0,11.635000000000002,7.017999999999999,20.6,22.8,3.0,29.0,0.2082,70.0280112044818,6.36,33.22,26.390000000000004,26.32,67.9,0.1461999999999999,294.7,2.0,2.0,1.0,2024.0,11.0,6.0,26.0
192.6,56.57000000000001,17.7,1.0,0.354,70.4,5.569,3180.0,120.7,41.6,2140.0,10.074,6.682,25.5,28.0,4.1,25.1,0.1658,70.0280112044818,6.597,19.87,25.44,26.49,65.18,0.1766,546.3,1.0,1.0,2.0,2024.0,11.0,6.0,16.0
164.8,55.45,19.0,3.0,0.441,60.8,5.564500000000001,3270.0,138.8,40.6,1907.9,10.4,6.797,21.1,29.1,4.1,26.0,0.1367,66.84491978609626,6.38,23.75,25.169999999999995,26.079999999999995,66.77000000000001,0.0986999999999999,548.4,1.0,1.0,2.0,2024.0,11.0,6.0,16.0
174.9,56.28000000000001,20.2,1.0,0.123,60.2,5.505000000000001,3260.0,290.0,53.35,407.7,10.413,6.520000000000001,28.1,31.1,2.45,36.05,0.2042,60.47873694932519,6.452000000000001,34.38,26.41,27.62,62.55,0.1058,386.2,0.0,0.0,0.0,2024.0,11.0,6.0,1.0
172.1,58.8,16.0,0.0,0.0,0.0,5.4,3100.0,420.0,62.0,250.0,11.01,6.1,34.0,26.0,2.0,39.0,0.236,0.0,6.49,33.9,26.7,27.1,61.2,0.057,382.0,0.0,0.0,0.0,2024.0,11.0,6.0,1.0
174.9,56.28000000000001,18.4,0.0,0.0,0.0,5.5150000000000015,3240.0,362.0,52.75,407.7,10.413,6.530000000000001,28.1,30.1,2.35,37.5,0.2045,0.0,6.452000000000001,34.38,26.41,27.51,62.55,0.0829,371.5,0.0,0.0,0.0,2024.0,11.0,6.0,1.0
115.55,51.10999999999999,16.2,5.0,0.627,60.7,5.656000000000001,3510.0,199.4,46.1,472.2,10.874,7.229999999999999,9.4,25.1,1.5,14.5,0.0708,63.66182836771072,6.513,33.5,24.0,24.57,72.47999999999999,0.1044,215.3,1.0,0.0,2.0,2024.0,11.0,6.0,14.0
133.0,61.4,12.0,2.0,0.414,70.0,5.3,2700.0,74.0,53.0,400.0,10.55,7.0,11.0,6.0,1.0,18.0,0.096,71.61955691367456,6.44,24.3,26.7,27.1,62.3,0.031,643.0,1.0,0.0,2.0,2024.0,11.0,6.0,14.0
119.9,58.36,13.8,2.0,0.314,70.0,5.7700000000000005,3470.0,91.8,46.55,537.5,10.401,6.7,8.7,48.0,1.6,16.2,0.0799,68.43646549528903,6.461,35.67,23.94,24.49,74.38000000000001,0.0993,229.4,1.0,0.0,2.0,2024.0,11.0,6.0,14.0
87.85,48.19,7.9,1.0,0.198,60.3,5.322,3210.0,389.5,51.3,665.0,11.694,6.3870000000000005,32.5,77.9,3.8,32.8,0.3802,79.5772854596384,6.305999999999999,29.690000000000005,27.27,29.5,55.63000000000001,0.2892,648.3,0.0,1.0,2.0,2024.0,11.0,6.0,7.0
93.25,51.5,11.0,1.0,0.239,70.3,5.3,3000.0,380.0,49.0,330.0,11.47,6.1,8.0,1.0,1.0,22.0,0.046,77.98573975044563,6.43,27.0,25.5,26.9,62.3,0.244,630.0,0.0,1.0,2.0,2024.0,11.0,6.0,7.0
81.35,48.14999999999999,8.1,0.0,0.0,0.0,5.603,3540.0,212.6,50.65,1062.0,11.459,6.587999999999999,40.2,87.0,6.8,103.05,0.3652,0.0,6.3100000000000005,20.59,27.96,28.940000000000005,53.86999999999999,0.1754,247.3,0.0,1.0,2.0,2024.0,11.0,6.0,7.0
168.6,48.26999999999999,9.7,2.0,0.241,60.5,5.629,3050.0,173.8,38.5,334.5,9.011500000000002,6.537999999999999,9.5,23.55,1.5,14.7,0.1078,55.70409982174688,6.255000000000001,34.81,23.78,24.47,77.74000000000001,0.1041,254.2,0.0,2.0,0.0,2024.0,11.0,6.0,3.0
117.7,60.1,18.0,2.0,0.378,60.9,5.3,2800.0,500.0,45.0,260.0,11.13,5.9,21.0,120.0,9.0,35.0,0.552,70.0280112044818,6.42,36.7,26.3,27.8,54.2,0.028,527.0,0.0,2.0,0.0,2024.0,11.0,6.0,3.0
151.85,55.31,16.6,4.0,0.788,70.7,5.557,3205.0,228.7,53.3,486.4,10.456,5.83,26.2,60.35,4.4,80.5,0.2780999999999999,79.5772854596384,6.741,34.89999999999999,25.15,25.879999999999995,67.08,0.4955,276.3,0.0,2.0,0.0,2024.0,11.0,6.0,3.0
124.1,52.11,9.6,3.0,0.59,70.3,5.67,3230.0,280.0,42.1,1215.1,9.952000000000002,6.145,31.45,73.1,5.6,174.2,0.5115000000000001,74.8026483320601,6.447000000000001,22.530000000000005,28.18,28.380000000000003,54.89000000000001,0.119,444.7,2.0,0.0,2.0,2024.0,11.0,6.0,23.0
175.6,59.5,17.0,3.0,0.518,70.1,5.3,3000.0,660.0,50.0,230.0,12.83,6.2,170.0,210.0,13.0,38.0,1.447,70.0280112044818,6.34,42.9,27.1,28.0,54.5,0.095,133.0,2.0,0.0,2.0,2024.0,11.0,6.0,23.0
163.4,55.17,13.1,6.0,0.799,70.4,5.48,3220.0,238.0,47.4,863.1,10.676,6.165000000000001,52.0,51.4,5.1,46.1,0.3946,66.84491978609626,6.409000000000001,29.48,28.14,28.54,56.5,0.0816,430.4,2.0,0.0,2.0,2024.0,11.0,6.0,23.0
160.6,58.89,18.9,3.0,0.467,60.5,5.406999999999999,3280.0,125.0,51.2,269.5,9.153500000000005,7.166999999999999,6.5,15.5,1.0,15.2,0.0718,66.84491978609626,6.6800000000000015,36.510000000000005,24.79,25.7,66.84,0.1298,244.5,2.0,2.0,0.0,2024.0,11.0,6.0,21.0
134.9,57.5,13.0,3.0,0.549,70.1,5.4,3100.0,79.0,48.0,250.0,10.18,7.1,8.0,14.0,1.0,24.0,0.084,70.0280112044818,6.38,35.7,26.3,26.8,58.7,0.121,678.0,2.0,2.0,0.0,2024.0,11.0,6.0,21.0
149.0,56.7,21.0,4.0,0.601,60.6,5.475,3090.0,105.4,48.8,758.0,9.711000000000002,6.6,12.0,24.0,1.0,49.0,0.131,70.0280112044818,6.36,22.9,25.1,26.6,62.1,0.191,148.0,2.0,2.0,0.0,2024.0,11.0,6.0,21.0
116.85,52.73,14.7,3.0,0.816,70.9,5.671999999999999,3475.0,251.2,63.4,1498.0,11.8845,6.780000000000001,54.45,56.05,8.8,88.8,0.5557,84.3519225872167,6.316,28.52,29.69,31.27,52.53000000000001,0.9816000000000004,700.8,0.0,0.0,2.0,2024.0,11.0,6.0,5.0
152.2,53.6,16.0,0.0,0.0,0.0,5.2,3200.0,320.0,50.0,440.0,11.98,6.8,10.0,1.0,1.0,34.0,0.062,0.0,6.1,39.4,29.1,30.4,50.1,0.132,903.0,0.0,0.0,2.0,2024.0,11.0,6.0,5.0
151.3,54.08,10.9,0.0,0.0,0.0,5.513,3260.0,146.6,44.9,823.1,10.633,6.715999999999999,8.3,11.55,2.0,32.3,0.091,0.0,6.245,27.93,27.8,29.380000000000003,53.42,0.0738,519.3,0.0,0.0,2.0,2024.0,11.0,6.0,5.0
143.55,52.370000000000005,8.8,1.0,0.176,70.4,5.519999999999999,3300.0,501.0,61.8,1279.6,12.438999999999998,6.39,60.55,52.4,7.6,83.0,0.5475999999999999,66.84491978609626,6.439,31.68,26.77,27.17,61.15,0.0844,235.5,2.0,2.0,2.0,2024.0,11.0,6.0,30.0
156.85,61.8,11.0,3.0,0.486,70.3,5.2,3200.0,510.0,59.0,290.0,12.44,6.4,25.0,9.0,2.0,38.0,0.153,73.21110262286733,6.43,38.9,26.7,27.2,58.8,0.018,171.0,2.0,2.0,2.0,2024.0,11.0,6.0,30.0
143.55,55.2,9.4,4.0,0.558,60.5,5.51,3630.0,588.0,63.4,1753.8,12.871,6.501,85.8,98.3,7.1,97.6,0.9265,63.66182836771072,6.438000000000001,32.209999999999994,25.96,27.329999999999995,62.21,0.2408,205.2,2.0,2.0,2.0,2024.0,11.0,6.0,30.0
126.25,58.70000000000001,14.4,2.0,0.427,70.3,5.6850000000000005,3170.0,149.3,48.4,1158.0,8.908,6.578,12.8,29.4,2.05,35.0,0.1767999999999999,74.8026483320601,6.349,35.2,24.8,25.71,67.6,0.1125,237.5,2.0,1.0,0.0,2024.0,11.0,6.0,20.0
167.9,54.0,17.0,2.0,0.3,60.8,5.5,3300.0,100.0,53.0,900.0,10.35,6.4,42.0,21.0,2.0,37.0,0.257,65.25337407690348,6.33,34.8,25.9,27.6,64.8,0.034,438.0,2.0,1.0,0.0,2024.0,11.0,6.0,20.0
155.15,59.92,20.3,2.0,0.255,60.3,5.7125,3160.0,155.3,49.85,300.1,9.023,6.758,11.75,20.95,1.75,34.6,0.0870999999999999,63.66182836771072,6.3950000000000005,31.97000000000001,23.65,24.31,75.0,0.1165,240.1,2.0,1.0,0.0,2024.0,11.0,6.0,20.0
153.1,57.65,9.1,3.0,0.483,70.4,5.710000000000001,3340.0,113.8,43.4,1636.0,10.700500000000002,6.436,18.55,24.2,2.8,21.4,0.1687,66.84491978609626,6.4670000000000005,26.390000000000004,28.840000000000003,29.07,53.2,0.1639999999999999,488.7,1.0,2.0,2.0,2024.0,11.0,6.0,18.0
156.3,63.9,15.0,5.0,0.811,70.3,5.2,2900.0,540.0,62.0,330.0,12.42,6.6,33.0,10.0,2.0,22.0,0.18,74.8026483320601,6.28,34.5,27.9,29.0,59.1,0.048,761.0,1.0,2.0,2.0,2024.0,11.0,6.0,18.0
117.2,60.19,8.0,4.0,0.594,60.6,5.780000000000001,3200.0,348.8,55.6,399.4,9.907,6.686,19.15,14.6,2.4,17.7,0.1196999999999999,66.84491978609626,6.199000000000001,42.67,28.370000000000005,29.79,53.8,0.0936,636.3,1.0,2.0,2.0,2024.0,11.0,6.0,18.0
142.25,53.67,14.5,0.0,0.0,0.0,5.795999999999999,3500.0,156.3,42.5,2780.0,10.272,6.94,67.1,61.6,14.0,109.6,0.6898,0.0,6.361,26.190000000000005,26.290000000000003,27.630000000000003,63.88,0.2842,289.6,1.0,1.0,1.0,2024.0,11.0,6.0,29.0
138.5,54.5,12.0,3.0,0.321,60.6,5.3,3200.0,350.0,63.0,410.0,10.56,6.8,18.0,7.0,1.0,27.0,0.104,62.070282658517954,6.51,32.4,28.3,29.1,55.4,0.024,783.0,1.0,1.0,1.0,2024.0,11.0,6.0,29.0
180.1,53.620000000000005,22.8,2.0,0.242,60.8,5.65,3560.0,286.4,60.5,708.6,11.329,6.890000000000001,12.5,24.1,2.7,17.45,0.1026,57.29564553093965,6.346,36.52,25.840000000000003,25.56,64.88000000000001,0.1544,211.5,1.0,1.0,1.0,2024.0,11.0,6.0,29.0
195.0,56.48,18.8,4.0,0.739,70.5,5.609999999999999,3500.0,206.5,48.8,683.0,10.913,6.4,38.8,37.4,3.2,38.9,0.3281,70.0280112044818,6.453,26.18,24.43,25.36,70.74,0.056,398.3,2.0,1.0,2.0,2024.0,11.0,6.0,25.0
131.45,52.5,9.0,4.0,0.475,70.3,5.2,3000.0,430.0,61.0,230.0,9.97,6.4,63.0,29.0,4.0,41.0,0.362,68.43646549528903,6.29,26.3,28.7,29.3,53.4,0.073,599.0,2.0,1.0,2.0,2024.0,11.0,6.0,25.0
151.4,57.220000000000006,8.8,1.0,0.065,40.9,5.6985,3335.0,112.9,43.4,294.0,8.346,6.249999999999999,20.5,29.65,2.5,10.9,0.1251999999999999,50.92946269416858,6.359000000000001,27.590000000000003,24.230000000000004,24.79,73.88,0.0989,257.7,2.0,1.0,2.0,2024.0,11.0,6.0,25.0
180.8,54.39,22.8,5.0,0.699,70.5,5.413,3140.0,274.5,48.65,443.0,9.836,6.709999999999999,14.8,10.55,1.9,27.9,0.1326999999999999,70.0280112044818,6.410000000000001,36.9,24.4,25.47,62.95,0.136,225.3,2.0,0.0,0.0,2024.0,11.0,6.0,19.0
110.4,54.8,16.0,6.0,1.017,60.3,5.3,3000.0,510.0,59.0,190.0,11.47,6.3,9.0,9.0,1.0,20.0,0.077,70.0280112044818,6.29,32.4,29.5,29.2,54.4,0.063,702.0,2.0,0.0,0.0,2024.0,11.0,6.0,19.0
133.2,48.71,15.0,2.0,0.3,60.9,5.5600000000000005,3125.0,180.6,49.85,651.0,9.572,6.8,7.9,13.7,1.3,17.2,0.1095,66.84491978609626,6.3420000000000005,33.35,27.920000000000005,26.86,59.46999999999999,0.1926999999999999,258.5,2.0,0.0,0.0,2024.0,11.0,6.0,19.0
169.5,54.58999999999999,22.0,5.0,0.724,60.9,5.438,3260.0,140.5,44.2,919.2,9.717000000000002,6.636,5.1,32.9,1.7,13.1,0.0896,70.0280112044818,6.778999999999999,31.77,24.23,25.39,64.69000000000001,0.1437999999999999,257.0,0.0,1.0,0.0,2024.0,11.0,6.0,2.0
121.3,58.5,25.0,3.0,0.29,50.6,5.2,2700.0,530.0,58.0,190.0,10.49,6.7,4.0,5.0,1.0,32.0,0.045,65.25337407690348,6.43,38.4,28.3,29.2,51.2,0.022,732.0,0.0,1.0,0.0,2024.0,11.0,6.0,2.0
136.7,54.69,22.9,5.0,0.709,60.7,5.408,3240.0,252.9,53.0,545.0,10.299,6.785999999999999,7.1,25.7,2.0,14.7,0.0876,66.84491978609626,6.492,34.26,24.2,25.23,69.42999999999999,0.1212,328.5,0.0,1.0,0.0,2024.0,11.0,6.0,2.0
154.15,52.16,20.2,3.0,0.325,50.8,5.567,3505.0,292.5,47.0,1002.0,11.1585,6.535000000000001,18.8,8.7,2.4,42.4,0.1011,63.66182836771072,6.363,28.84,25.43,25.82,66.81,0.1072999999999999,436.8,0.0,1.0,1.0,2024.0,11.0,6.0,6.0
123.35,51.7,20.0,4.0,0.492,60.6,5.3,3500.0,520.0,56.0,500.0,11.9,6.6,15.0,4.0,2.0,42.0,0.085,66.84491978609626,6.37,35.9,27.5,28.5,61.1,0.047,757.0,0.0,1.0,1.0,2024.0,11.0,6.0,6.0
182.5,53.6,24.6,3.0,0.385,60.7,5.6,3405.0,205.8,57.3,483.0,10.724,6.360000000000001,8.2,12.1,1.8,22.6,0.0751,66.84491978609626,6.343999999999999,37.1,23.62,24.37,76.4,0.0756,301.9,0.0,1.0,1.0,2024.0,11.0,6.0,6.0
159.4,53.55,22.8,4.0,0.813,80.2,5.4135,3740.0,296.5,47.2,435.0,10.633500000000002,6.850999999999999,68.25,37.6,2.9,83.85,0.6003000000000001,71.61955691367456,7.109999999999999,34.8,24.5,25.36,66.23,0.1595,235.1,1.0,2.0,1.0,2024.0,11.0,6.0,17.0
142.9,65.0,13.0,1.0,0.177,60.7,5.1,3500.0,520.0,57.0,390.0,12.04,6.6,29.0,7.0,2.0,64.0,0.142,70.0280112044818,6.37,35.6,26.3,27.3,63.5,0.026,155.0,1.0,2.0,1.0,2024.0,11.0,6.0,17.0
82.7,49.49,19.3,8.0,1.416,70.2,5.6435,3690.0,250.2,44.0,1844.0,10.857,7.047,285.3999999999951,87.8,15.5,100.2,0.9047999999999998,77.98573975044563,7.477000000000001,37.04,27.0,28.360000000000003,58.89,0.4309,345.6,1.0,2.0,1.0,2024.0,11.0,6.0,17.0
198.4,49.31999999999999,9.0,2.0,0.377,70.2,5.75,3370.0,190.0,43.0,1125.0,9.339000000000002,6.7,17.85,37.85,3.4,21.9,0.2512999999999999,66.84491978609626,6.916,36.71,24.14,24.68,70.61000000000001,0.1525,316.6,1.0,1.0,0.0,2024.0,11.0,6.0,11.0
145.3,56.7,25.0,5.0,1.01,70.6,5.2,3100.0,520.0,53.0,330.0,11.35,5.8,38.0,66.0,4.0,110.0,0.369,70.0280112044818,6.57,35.8,28.7,30.4,53.1,0.066,671.0,1.0,1.0,0.0,2024.0,11.0,6.0,11.0
209.2,52.63,21.7,0.0,0.0,0.0,5.678,3330.0,274.0,44.3,921.0,10.303,6.754,36.0,81.85,7.4,55.0,0.4021,0.0,6.599000000000001,35.36000000000001,24.26,24.53,70.99000000000001,0.1186,194.9,1.0,1.0,0.0,2024.0,11.0,6.0,11.0
136.1,56.540000000000006,17.8,3.0,0.864,70.8,5.515000000000001,3220.0,377.0,47.35,1069.0,10.812,6.806,14.2,36.5,3.4,36.3,0.1573,66.84491978609626,6.470000000000001,24.87,24.79,25.92,67.53,0.1309,203.8,0.0,2.0,1.0,2024.0,11.0,6.0,8.0
124.8,66.8,21.0,1.0,0.201,70.3,5.1,2400.0,670.0,50.0,330.0,10.54,6.0,180.0,79.0,8.0,170.0,0.975,73.21110262286733,6.37,24.0,27.5,29.5,52.4,0.267,611.0,0.0,2.0,1.0,2024.0,11.0,6.0,8.0
113.0,56.63000000000001,21.2,6.0,0.924,70.4,5.4750000000000005,3060.0,422.0,47.05,817.0,10.941,6.642,17.65,36.5,3.15,21.0,0.145,68.43646549528903,6.462999999999999,28.03,25.43,25.879999999999995,66.16,0.1999,264.5,0.0,2.0,1.0,2024.0,11.0,6.0,8.0
171.2,55.23,15.4,3.0,0.654,70.5,5.6075,3275.0,120.3,47.0,1394.0,10.886500000000002,6.9510000000000005,44.45,39.7,7.567,126.43,0.3937,73.21110262286733,6.431,29.91,26.279999999999998,26.48,66.32000000000001,0.1351,443.0,0.0,2.0,2.0,2024.0,11.0,6.0,9.0
131.9,52.84,13.2,5.0,0.696,60.5,5.670000000000001,3020.0,307.0,48.4,1053.0,10.52,6.882000000000001,17.45,86.3,6.3,36.9,0.1956,63.66182836771072,6.47,41.8,28.3,29.6,53.8,0.121,746.0,0.0,2.0,2.0,2024.0,11.0,6.0,9.0
185.65,57.48999999999999,18.2,2.0,0.628,60.8,5.617500000000001,3100.0,124.2,47.6,764.0,10.654,7.220000000000001,11.3,12.9,1.5,29.6,0.0742,62.070282658517954,6.676,31.18,23.84,25.83,67.45,0.0876999999999999,258.7,0.0,2.0,2.0,2024.0,11.0,6.0,9.0
73.5,54.970000000000006,13.5,4.0,0.671,70.7,5.69,3870.0,280.1,73.9,850.3,10.9385,6.13,70.8,64.5,6.0,90.133,0.5565,66.84491978609626,6.464,24.66,26.47,26.67,63.04,0.196,543.8,1.0,0.0,1.0,2024.0,11.0,6.0,13.0
110.65,58.45,10.0,5.0,0.551,60.9,5.7025,3570.0,219.8,73.1,807.3,11.08,6.62,68.4,99.6,6.95,69.133,0.5377,60.47873694932519,6.43,35.3,28.7,29.3,59.0,0.193,497.0,1.0,0.0,1.0,2024.0,11.0,6.0,13.0
79.1,60.27,14.3,3.0,0.538,70.4,5.7225,3870.0,245.6,67.9,775.3,10.693,6.09,77.9,70.0,7.4,23.2,0.5969,76.39419404125286,7.005,17.46,26.43,27.059999999999995,63.04,0.2659,467.2,1.0,0.0,1.0,2024.0,11.0,6.0,13.0
87.25,47.07000000000001,17.6,4.0,0.804,70.3,5.567,3730.0,207.6,51.45,884.0,12.3515,7.2,18.1,34.4,3.05,36.0,0.1417,76.39419404125286,6.442,32.07,26.68,26.55,66.47,0.1733999999999999,311.0,2.0,2.0,1.0,2024.0,11.0,6.0,26.0
74.1,45.28000000000001,13.9,5.0,1.139,70.7,5.5920000000000005,3655.0,531.0,72.4,736.4,12.28,7.138,68.0,66.55,25.2,85.2,0.4276,77.98573975044563,6.3,32.2,28.7,29.2,53.0,0.588,575.0,2.0,2.0,1.0,2024.0,11.0,6.0,26.0
177.9,57.0,17.9,1.0,0.145,60.6,5.655,3615.0,148.3,54.0,718.0,10.889,7.052,5.1,8.0,2.4,11.8,0.0447,63.66182836771072,6.803,35.370000000000005,23.82,24.79,73.01,0.2752,233.3,2.0,2.0,1.0,2024.0,11.0,6.0,26.0
197.6,60.42,24.4,5.0,0.748,70.9,5.552,3490.0,137.2,46.6,1005.0,10.282999999999998,6.928,26.933,25.5,4.0,21.3,0.2127999999999999,71.61955691367456,6.603999999999999,17.490000000000002,24.790000000000003,25.65,66.59,0.1599,289.9,1.0,1.0,2.0,2024.0,11.0,6.0,16.0
147.4,57.20000000000001,17.4,7.0,1.447,70.5,5.5600000000000005,3490.0,162.15,49.35,1802.9,10.742,6.869,17.433,27.0,3.4,18.7,0.1873999999999999,77.98573975044563,6.56,25.7,28.7,29.6,53.8,0.134,679.0,1.0,1.0,2.0,2024.0,11.0,6.0,16.0
178.0,61.1,24.4,7.0,1.277,70.5,5.542,3550.0,148.3,50.1,895.9,10.767,6.875,26.933,24.2,4.1,20.8,0.2136999999999999,76.39419404125286,6.603999999999999,17.490000000000002,24.76,25.54,66.59,0.1599,280.2,1.0,1.0,2.0,2024.0,11.0,6.0,16.0
156.5,58.08999999999999,13.4,6.0,1.04,80.3,5.642,2985.0,357.0,38.8,962.9,9.772,6.039999999999999,8.7,78.7,9.1,37.8,0.4758000000000001,77.98573975044563,7.427,36.57,26.07,28.059999999999995,61.17999999999999,0.0396,389.5,1.0,0.0,0.0,2024.0,11.0,6.0,10.0
121.6,50.49,9.2,4.0,0.425,60.4,5.743,2975.0,530.05,36.4,1051.0,9.931,6.622000000000002,9.8,162.3,13.0,52.1,0.6329,62.070282658517954,6.4,31.8,27.5,29.7,53.6,0.04,566.0,1.0,0.0,0.0,2024.0,11.0,6.0,10.0
152.5,55.83,12.6,5.0,0.922,80.2,5.712,2935.0,303.0,38.5,839.0,9.215,6.24,12.9,100.7,9.6,34.6,0.411,0.0763941940412528,7.642,25.840000000000003,26.31,27.77,60.73,0.0341,411.9,1.0,0.0,0.0,2024.0,11.0,6.0,10.0
124.4,53.10999999999999,15.9,3.0,0.602,70.7,5.494000000000001,3440.0,334.7,45.7,1156.0,11.232,6.693,41.9,68.3,6.2,27.4,0.366,76.39419404125286,6.42,31.15,26.72,27.590000000000003,61.18000000000001,0.1089,605.1,2.0,0.0,1.0,2024.0,11.0,6.0,22.0
88.5,48.190000000000005,14.8,6.0,1.093,70.8,5.710000000000001,3500.0,375.0,43.4,1483.0,11.737000000000002,6.73,38.2,39.56666666666667,2.8,54.6,0.3309,82.76037687802393,6.46,32.9,29.5,30.0,53.3,0.063,659.0,2.0,0.0,1.0,2024.0,11.0,6.0,22.0
156.5,57.77,17.8,4.0,0.547,70.8,5.539,3180.0,338.7,45.0,708.0,11.1155,6.783000000000001,41.0,58.55,4.2,24.7,0.3434,68.43646549528903,6.389999999999999,29.98,26.42,26.87,66.35999999999999,0.0994,239.8,2.0,0.0,1.0,2024.0,11.0,6.0,22.0
105.4,50.32,17.9,2.0,0.33,60.7,5.586500000000001,3390.0,342.7,46.3,334.8,10.091,6.539999999999999,12.1,6.3,2.3,23.1,0.0942,70.0280112044818,6.335,29.96,26.840000000000003,26.360000000000003,64.86,0.1143999999999999,335.8,1.0,2.0,0.0,2024.0,11.0,6.0,12.0
155.5,53.290000000000006,17.6,2.0,0.231,60.7,5.6765,3270.0,344.7,45.5,693.0,10.17,6.8180000000000005,20.2,52.2,2.9,36.0,0.1919,62.070282658517954,6.5,35.8,27.9,30.4,50.1,0.185,637.0,1.0,2.0,0.0,2024.0,11.0,6.0,12.0
199.6,56.750000000000014,15.3,0.0,0.0,0.0,5.582999999999999,3300.0,322.9,42.9,878.0,9.707999999999998,6.608,25.6,30.5,3.7,20.5,0.1357,0.0,6.404000000000001,28.23,25.200000000000003,26.15,66.63,0.1497,299.7,1.0,2.0,0.0,2024.0,11.0,6.0,12.0
202.0,54.52,22.8,0.0,0.0,0.0,5.679,3140.0,152.2,46.1,413.9,9.596,6.890000000000001,15.0,33.0,3.1,12.6,0.1596,0.0,6.75,30.66,25.98,26.58,62.65999999999999,0.1924,271.7,0.0,0.0,0.0,2024.0,11.0,6.0,28.0
68.75,51.470000000000006,9.1,9.0,0.94,70.2,5.878000000000001,2740.0,533.7,34.8,640.9,10.996,6.642999999999999,40.4,75.8,6.15,178.6,0.5948,70.0280112044818,6.49,32.5,27.9,31.0,51.0,0.056,809.0,0.0,0.0,0.0,2024.0,11.0,6.0,28.0
111.45,54.34000000000001,11.3,2.0,0.257,70.0,5.800000000000001,2990.0,168.2,34.0,509.9,9.055,6.726999999999999,17.6,37.0,2.9,19.9,0.1653,62.070282658517954,6.937,36.83,28.42,29.840000000000003,54.77,0.0838,602.3,0.0,0.0,0.0,2024.0,11.0,6.0,28.0
157.7,57.4,25.4,5.0,0.951,70.8,5.509,3240.0,178.9,46.25,256.4,11.813999999999998,7.286,38.7,40.1,3.0,41.05,0.2373,74.8026483320601,6.438,32.03,24.59,25.41,67.19000000000001,0.0626,188.4,0.0,0.0,0.0,2024.0,11.0,6.0,1.0
157.1,53.24,19.6,6.0,0.762,60.2,5.6045,3320.0,192.3,50.05,497.7,10.382,6.622,31.1,41.9,4.95,67.85,0.2412,60.47873694932519,6.47,30.4,28.7,31.3,50.5,0.133,630.0,0.0,0.0,0.0,2024.0,11.0,6.0,1.0
161.7,53.89000000000001,16.8,3.0,0.486,60.7,5.5920000000000005,3300.0,166.9,50.45,397.4,10.695,6.786000000000001,28.4,27.1,2.8,35.6,0.2022,65.25337407690348,6.458000000000001,30.81,26.579999999999995,27.45,62.89,0.1485,306.9,0.0,0.0,0.0,2024.0,11.0,6.0,1.0
91.9,48.940000000000005,20.2,9.0,1.618,70.8,5.716,3440.0,216.0,48.7,942.0,11.213,7.229999999999999,13.0,27.9,1.7,17.6,0.1294,76.39419404125286,6.471000000000001,28.8,24.08,24.809999999999995,69.86,0.2327,169.4,1.0,0.0,2.0,2024.0,11.0,6.0,14.0
114.8,55.05999999999999,16.6,1.0,0.2,70.7,5.783499999999999,3590.0,94.4,47.6,906.0,10.1355,6.555999999999999,78.75,84.25,6.45,90.05,0.5822999999999999,70.0280112044818,6.49,36.0,29.5,31.3,46.9,0.254,900.0,1.0,0.0,2.0,2024.0,11.0,6.0,14.0
146.5,53.14,12.5,5.0,0.646,60.5,5.722,3410.0,151.2,45.0,480.2,10.578,7.2,14.5,25.4,2.0,14.6,0.1411,60.47873694932519,6.510999999999998,34.3,23.95,24.65,72.77000000000001,0.0964999999999999,216.8,1.0,0.0,2.0,2024.0,11.0,6.0,14.0
98.4,51.14000000000001,12.9,5.0,1.002,70.5,5.922,3500.0,255.2,63.5,1386.0,12.019000000000002,6.590000000000001,62.5,54.75,8.6,120.6,0.6645000000000001,77.98573975044563,6.83,28.52,29.65,31.319999999999997,54.3,0.9816000000000004,702.2,0.0,0.0,2.0,2024.0,11.0,6.0,5.0
128.4,54.74,13.6,4.0,0.676,70.2,5.502000000000001,3415.0,180.2,53.9,705.1,11.065,6.372999999999999,32.55,43.65,7.3,37.4,0.2229,68.43646549528903,6.39,28.7,28.7,31.4,48.6,0.034,888.0,0.0,0.0,2.0,2024.0,11.0,6.0,5.0
116.85,52.17,14.7,3.0,0.447,70.6,5.682,3415.0,259.5,50.1,1425.0,11.729,6.7,49.25,56.15,8.6,118.0,0.6275000000000001,70.0280112044818,6.327,24.630000000000003,29.73,31.21,53.06000000000002,0.9816000000000004,698.0,0.0,0.0,2.0,2024.0,11.0,6.0,5.0
143.55,55.2,9.4,6.0,0.972,60.7,5.51,3630.0,571.0,61.4,1753.8,12.701999999999998,6.401000000000001,72.45,94.0,7.1,99.4,0.7358,60.47873694932519,6.417999999999999,31.26,25.96,27.499999999999996,61.05,0.1851999999999999,221.4,2.0,2.0,2.0,2024.0,11.0,6.0,30.0
119.95,52.88,4.9,2.0,0.29,60.7,5.73,3480.0,502.0,57.2,1439.6,12.639,6.150999999999999,60.55,59.4,7.7,106.5,0.7453,66.84491978609626,6.43,31.2,28.7,31.3,49.9,0.049,693.0,2.0,2.0,2.0,2024.0,11.0,6.0,30.0
67.45,48.99,7.4,3.0,0.262,50.9,5.804,3570.0,183.0,43.0,1748.0,11.102,6.342999999999999,73.1,98.2,10.75,99.8,0.7886,55.70409982174688,6.401999999999999,24.54,27.029999999999998,27.649999999999995,61.42,0.1268,425.4,2.0,2.0,2.0,2024.0,11.0,6.0,30.0
176.7,54.21,14.4,4.0,0.354,50.9,5.598,3075.0,211.2,40.3,409.5,10.0185,6.558999999999999,12.0,38.75,1.6,21.9,0.1352999999999999,54.11255411255412,6.354000000000001,36.82000000000001,23.9,24.610000000000003,74.36000000000001,0.1172,196.9,0.0,2.0,0.0,2024.0,11.0,6.0,3.0
110.55,48.13,8.5,7.0,0.929,60.7,5.609,3075.0,170.7,53.7,622.4,9.923,6.2,29.3,56.9,5.0,81.85,0.3669,70.0280112044818,6.48,34.9,27.7,30.7,51.3,0.048,738.0,0.0,2.0,0.0,2024.0,11.0,6.0,3.0
177.9,54.06,18.0,6.0,0.631,60.1,5.518,3280.0,244.8,57.6,320.9,9.8995,6.492,13.2,28.0,2.3,16.5,0.1357,60.47873694932519,6.359000000000001,32.71,23.91,24.47,74.63,0.159,193.2,0.0,2.0,0.0,2024.0,11.0,6.0,3.0
72.45,51.11,9.1,6.0,1.284,70.1,5.593,3945.0,249.7,58.9,1171.0,12.097,6.587000000000001,36.8,118.8,11.0,102.1,0.5661,71.61955691367456,6.403999999999999,22.07,27.96,30.53,50.42,0.1545,662.0,0.0,1.0,2.0,2024.0,11.0,6.0,7.0
77.3,49.95,9.4,4.0,0.57,50.9,5.3845,3400.0,475.5,51.0,481.0,11.318,6.4990000000000006,24.8,39.0,2.8,33.4,0.1591,62.070282658517954,6.39,42.3,27.9,30.4,50.7,0.131,575.0,0.0,1.0,2.0,2024.0,11.0,6.0,7.0
143.0,52.13,17.2,3.0,0.38,60.4,5.277,3220.0,425.7,49.55,368.0,11.052,6.508999999999999,25.2,12.2,2.4,24.2,0.1306999999999999,60.47873694932519,6.470999999999999,33.220000000000006,23.68,23.85,78.06,0.1506,216.1,0.0,1.0,2.0,2024.0,11.0,6.0,7.0
179.2,56.71999999999999,21.4,7.0,1.138,70.3,5.456999999999999,3280.0,135.1,43.0,202.0,8.542000000000002,6.99,6.7,18.6,1.3,7.15,0.0749,68.43646549528903,7.083,34.4,25.25,25.74,66.35,0.0798,250.7,2.0,2.0,0.0,2024.0,11.0,6.0,21.0
117.1,52.45,12.7,2.0,0.296,60.8,5.557999999999999,3250.0,105.4,43.8,440.0,9.68,6.43,17.45,66.05,5.25,33.0,0.3373,66.84491978609626,6.58,30.8,30.7,30.2,50.3,0.051,742.0,2.0,2.0,0.0,2024.0,11.0,6.0,21.0
158.6,57.81000000000002,18.2,6.0,1.35,60.9,5.447,3280.0,92.6,49.6,293.0,9.1645,6.765000000000001,9.1,14.1,1.0,13.4,0.0776999999999999,62.070282658517954,6.949000000000001,36.9,24.79,25.68,66.84,0.1158,230.8,2.0,2.0,0.0,2024.0,11.0,6.0,21.0
110.35,50.63,6.4,3.0,0.597,70.2,5.921,3110.0,280.0,43.3,1155.1,10.739,6.125,47.95,76.2,6.6,240.1,0.5115000000000001,76.39419404125286,6.434,21.87,28.24,28.58,52.720000000000006,0.0704,434.7,2.0,0.0,2.0,2024.0,11.0,6.0,23.0
85.9,49.17,2.3,12.0,1.645,60.8,5.822000000000001,3140.0,390.5,43.3,1668.0,10.831,6.305,56.3,69.5,7.0,150.5,0.5392,70.0280112044818,6.5,28.7,31.1,30.5,53.5,0.042,678.0,2.0,0.0,2.0,2024.0,11.0,6.0,23.0
143.3,52.17,6.7,3.0,0.588,70.7,5.609999999999999,3250.0,218.0,43.0,1088.1,9.885000000000002,6.145,47.8,69.8,5.1,148.9,0.5392999999999999,73.21110262286733,6.504,26.57,28.22000000000001,28.570000000000004,56.0,0.0727,491.2,2.0,0.0,2.0,2024.0,11.0,6.0,23.0
107.0,55.71,16.3,3.0,0.689,70.6,5.7795000000000005,3200.0,132.1,44.3,1675.0,8.600999999999999,6.651000000000001,34.35,40.6,3.7,20.8,0.2832,76.39419404125286,6.473999999999999,25.050000000000004,27.81,28.04,57.71999999999999,0.0699,434.4,2.0,1.0,0.0,2024.0,11.0,6.0,20.0
78.7,52.25,10.4,6.0,0.883,70.0,5.8165,3160.0,133.8,40.2,1730.0,8.520999999999999,6.631000000000002,32.1,43.7,4.6,23.2,0.3139999999999999,74.8026483320601,6.42,22.3,31.1,30.7,55.8,0.057,834.0,2.0,1.0,0.0,2024.0,11.0,6.0,20.0
148.15,58.66,17.2,4.0,0.575,70.1,5.692500000000001,3070.0,165.7,47.35,254.2,9.388000000000002,6.7780000000000005,2.6,14.7,1.55,11.8,0.0636,70.0280112044818,6.327,36.26,24.55,25.540000000000003,66.46000000000001,0.1085,251.3,2.0,1.0,0.0,2024.0,11.0,6.0,20.0
138.1,59.09000000000001,7.4,1.0,0.14,60.5,5.710000000000001,3420.0,138.2,47.2,1680.0,10.975,6.33,17.05,26.4,2.8,16.9,0.1732999999999999,65.25337407690348,6.329,27.15,29.21,30.21,51.790000000000006,0.1247,593.4,1.0,2.0,2.0,2024.0,11.0,6.0,18.0
70.2,46.86,7.1,9.0,1.726,70.8,5.835,3100.0,145.5,40.0,1487.2,8.866,6.42,25.8,46.0,10.7,114.8,0.5453,81.16883116883118,6.43,31.3,29.5,30.7,48.1,0.228,580.0,1.0,2.0,2.0,2024.0,11.0,6.0,18.0
138.8,52.85,8.7,7.0,0.957,70.2,5.7650000000000015,3190.0,127.1,42.1,1247.2,10.678,6.328000000000001,23.65,21.0,2.7,21.3,0.1949999999999999,70.0280112044818,6.386,32.11,28.35,29.520000000000003,51.75,0.1371,519.8,1.0,2.0,2.0,2024.0,11.0,6.0,18.0
172.05,53.61,23.9,2.0,0.273,60.7,5.539999999999999,3515.0,208.6,60.0,473.0,10.349999999999998,6.44,19.9,13.0,1.8,29.5,0.0688999999999999,58.88719124013242,6.343000000000001,37.73,23.72,24.11,74.47,0.1306999999999999,292.3,0.0,1.0,1.0,2024.0,11.0,6.0,6.0
135.8,51.42999999999999,13.7,3.0,0.624,60.8,5.52,3195.0,138.2,42.0,740.0,9.9745,6.32,13.8,12.0,1.9,28.2,0.0984999999999999,68.43646549528903,6.36,39.2,28.7,30.9,47.6,0.038,500.0,0.0,1.0,1.0,2024.0,11.0,6.0,6.0
213.3,56.57000000000001,24.9,3.0,0.505,70.3,5.5425,3395.0,178.8,58.0,411.7,10.102999999999998,6.410000000000001,30.6,12.2,1.7,23.2,0.0735999999999999,66.84491978609626,6.416,36.75000000000001,23.71,23.9,77.14000000000001,0.0989,272.8,0.0,1.0,1.0,2024.0,11.0,6.0,6.0
127.3,54.46,15.2,3.0,0.488,70.3,5.359999999999999,3450.0,375.5,48.6,523.7,10.976000000000004,6.578,15.9,16.4,2.3,25.8,0.1652999999999999,73.21110262286733,6.306,38.81,26.02,27.730000000000008,62.42,0.0532,203.7,1.0,2.0,1.0,2024.0,11.0,6.0,17.0
158.1,53.80999999999999,19.1,2.0,0.303,60.6,5.466999999999999,3230.0,113.2,41.3,839.7,9.933000000000002,6.757,105.3,68.8,15.45,119.1,0.6380999999999999,68.43646549528903,6.43,37.9,30.7,30.7,47.1,0.044,866.0,1.0,2.0,1.0,2024.0,11.0,6.0,17.0
153.6,50.52,7.6,6.0,1.102,70.2,5.575,3520.0,376.4,38.6,1620.0,9.990999999999998,6.65,35.9,29.0,3.9,76.15,0.2584,73.21110262286733,6.3660000000000005,32.22,25.57,27.83,61.52,0.4014,236.7,1.0,2.0,1.0,2024.0,11.0,6.0,17.0
157.6,57.28,10.5,2.0,0.429,80.0,5.6195,3505.0,207.0,47.65,1079.0,10.971,6.347,45.0,71.7,10.0,81.7,0.4392,89.12655971479501,6.349,31.15,26.28,25.74,67.11000000000001,0.2319999999999999,332.6,2.0,1.0,2.0,2024.0,11.0,6.0,25.0
115.05,54.74,9.0,4.0,0.709,70.2,5.590999999999999,3345.0,220.5,43.75,766.0,11.127,6.339,39.9,36.2,3.1,37.2,0.3482,66.84491978609626,6.36,24.5,30.3,30.4,51.2,0.046,705.0,2.0,1.0,2.0,2024.0,11.0,6.0,25.0
123.2,53.39,9.6,5.0,0.927,70.3,5.689499999999999,3550.0,278.0,43.7,1840.0,11.919,6.672,78.1,115.4,12.0,132.8,0.6146,77.98573975044563,6.8690000000000015,30.960000000000008,26.08,25.91,67.2,0.2353,275.8,2.0,1.0,2.0,2024.0,11.0,6.0,25.0
179.8,53.620000000000005,24.3,1.0,0.141,60.7,5.65,3580.0,195.3,56.0,735.6,10.780999999999995,6.909999999999999,11.9,30.2,2.7,25.3,0.1032999999999999,66.84491978609626,6.38,35.43000000000001,25.79,25.77,66.16,0.1383,263.7,1.0,1.0,1.0,2024.0,11.0,6.0,29.0
154.3,53.91,15.0,5.0,0.715,70.5,5.6,3610.0,432.1,56.6,624.2,11.971,6.85,5.9,20.0,3.6,17.85,0.1028999999999999,70.0280112044818,6.48,29.3,30.7,30.1,52.8,0.037,502.0,1.0,1.0,1.0,2024.0,11.0,6.0,29.0
189.6,54.28,21.4,6.0,1.003,70.7,5.53,3400.0,486.1,56.7,329.2,12.102,6.92,7.6,16.5,3.9,14.8,0.0942999999999999,73.21110262286733,6.358,39.15,23.880000000000003,23.98,75.00000000000001,0.1449,185.2,1.0,1.0,1.0,2024.0,11.0,6.0,29.0
155.7,54.75999999999999,20.4,5.0,1.007,70.7,5.416999999999999,3280.0,187.06666666666663,46.5,1219.0,9.57,6.397,5.5,32.4,1.8,76.8,0.1081999999999999,74.8026483320601,6.883,31.2,24.43,25.57,70.06,0.1650999999999999,225.7,0.0,1.0,0.0,2024.0,11.0,6.0,2.0
142.6,54.89,18.5,5.0,0.872,70.7,5.504,3070.0,323.0,50.8,1013.2,9.802,6.207,102.3,58.3,7.6,148.55,0.4582,79.5772854596384,6.37,34.4,29.5,30.6,51.9,0.102,135.0,0.0,1.0,0.0,2024.0,11.0,6.0,2.0
162.5,54.88999999999999,20.4,2.0,0.327,70.5,5.436999999999999,3280.0,139.5,42.3,939.2,9.455,6.795999999999999,7.2,29.4,1.6,12.1,0.0813,66.84491978609626,6.932,31.74,24.04,25.160000000000004,67.56,0.1594,270.5,0.0,1.0,0.0,2024.0,11.0,6.0,2.0
124.3,49.82000000000001,10.0,3.0,0.421,60.3,5.550000000000001,3170.0,180.6,48.25,631.0,9.566,6.761,3.3,14.5,1.4,10.7,0.1093,58.88719124013242,6.441000000000001,33.08,27.390000000000004,27.110000000000003,61.31999999999999,0.1476,259.5,2.0,0.0,0.0,2024.0,11.0,6.0,19.0
92.25,47.82,6.8,0.0,0.0,0.0,5.873000000000001,3255.0,195.1,40.85,2206.0,10.724,6.781000000000001,10.8,86.1,4.3,48.5,0.2242,0.0,6.39,23.9,29.1,29.7,49.2,0.158,141.0,2.0,0.0,0.0,2024.0,11.0,6.0,19.0
180.8,54.510000000000005,22.7,6.0,1.147,70.8,5.37,3070.0,280.9,39.7,443.0,9.999,6.69,14.8,16.15,2.1,37.3,0.1543,71.61955691367456,6.417999999999999,37.35,24.46,25.520000000000003,63.11999999999999,0.1328,248.8,2.0,0.0,0.0,2024.0,11.0,6.0,19.0
100.7,45.53,8.5,4.0,0.723,70.1,5.657,3390.0,501.0,48.2,1330.0,10.941,6.7440000000000015,39.15,77.3,6.9,122.25,1.9676999999999976,76.39419404125286,6.432,26.190000000000005,25.190000000000005,26.660000000000004,66.33,0.2418,651.4,0.0,2.0,1.0,2024.0,11.0,6.0,8.0
162.5,60.75,21.5,3.0,0.537,70.1,5.341,3485.0,338.0,42.8,1208.0,10.8505,6.724000000000001,59.6,69.0,6.75,119.15,1.9676999999999976,71.61955691367456,6.48,30.5,28.3,28.9,49.7,0.397,492.0,0.0,2.0,1.0,2024.0,11.0,6.0,8.0
113.9,50.38,9.9,2.0,0.486,70.0,5.6240000000000006,3370.0,350.0,50.05,954.0,10.668,6.799000000000001,17.3,36.3,4.05,26.0,0.2651999999999999,76.39419404125286,6.448,30.80999999999999,24.57,26.0,67.64,0.1615999999999999,261.1,0.0,2.0,1.0,2024.0,11.0,6.0,8.0
182.1,57.80999999999999,23.3,7.0,0.926,60.9,5.4045000000000005,3130.0,363.3,54.3,631.4,10.8045,6.452000000000001,48.4,34.5,3.6,37.05,0.2986,71.61955691367456,6.436999999999999,33.63,24.2,23.87,77.89,0.0744,128.7,1.0,1.0,1.0,2024.0,11.0,6.0,15.0
137.0,55.28,17.7,3.0,0.645,70.3,5.453,3280.0,264.2,63.6,1212.0,11.531,6.308,49.25,45.8,5.3,53.6,0.6288000000000001,81.16883116883118,6.19,40.4,28.7,29.5,54.7,0.124,820.0,1.0,1.0,1.0,2024.0,11.0,6.0,15.0
176.6,61.470000000000006,19.6,2.0,0.373,70.4,5.4915,3060.0,301.7,48.1,1089.0,10.279,7.08,42.7,37.8,3.2,26.5,0.3007,73.21110262286733,6.368,25.42,24.13,23.51,78.72,0.1031,184.5,1.0,1.0,1.0,2024.0,11.0,6.0,15.0
202.2,57.120000000000005,19.5,1.0,0.194,70.3,5.397,3365.0,231.6,46.65,2034.0,9.908,6.781999999999999,82.95,70.8,11.9,99.85,0.5879000000000001,73.21110262286733,6.51,22.23,25.90000000000001,26.110000000000003,66.95,0.3147999999999999,221.9,2.0,1.0,1.0,2024.0,11.0,6.0,24.0
62.7,47.66,9.5,3.0,0.355,60.6,5.686000000000001,3185.0,456.0,47.65,306.6,10.275,6.766,27.45,28.2,1.8,42.55,0.1743,65.25337407690348,6.27,34.5,29.9,30.6,49.8,0.201,837.0,2.0,1.0,1.0,2024.0,11.0,6.0,24.0
163.7,58.6,15.0,1.0,0.176,70.3,5.450000000000001,3255.0,285.85,45.05,1730.8,10.3015,7.5,8.0,28.0,1.0,80.0,0.133,73.21110262286733,6.44,28.8,28.3,29.0,57.8,0.373,626.0,2.0,1.0,1.0,2024.0,11.0,6.0,24.0
179.5,55.260000000000005,19.3,6.0,1.184,70.5,5.615,3190.0,661.0,56.1,816.4,10.713,7.089999999999999,14.2,18.7,2.2,18.2,0.1379,71.61955691367456,7.064000000000002,33.82,23.290000000000003,23.56,70.14,0.1617,262.7,1.0,1.0,0.0,2024.0,11.0,6.0,11.0
180.4,50.35999999999999,19.1,2.0,0.25,60.3,5.6825,3140.0,225.0,43.75,955.4,9.9,6.711,40.95,69.5,9.5,62.2,0.4333,60.47873694932519,6.4,34.4,28.3,29.2,53.4,0.136,164.0,1.0,1.0,0.0,2024.0,11.0,6.0,11.0
196.5,49.89999999999999,19.3,1.0,0.195,70.5,5.581,3235.0,180.0,44.05,1204.4,10.053,6.932,40.1,45.7,12.6,43.85,0.4237,71.61955691367456,6.319,31.309999999999995,24.880000000000003,25.06,71.32000000000001,0.3198,225.1,1.0,1.0,0.0,2024.0,11.0,6.0,11.0
174.0,58.970000000000006,22.6,3.0,0.476,70.1,5.439,3420.0,495.0,48.7,256.8,11.5485,6.761,6.1,12.7,5.0,24.2,0.1165,68.43646549528903,6.295999999999999,29.079999999999995,23.83,25.18,68.07,0.0916,271.8,2.0,2.0,2.0,2024.0,11.0,6.0,27.0
162.9,54.84999999999999,11.2,3.0,0.535,60.9,5.726999999999999,3665.0,357.5,48.15,497.8,10.796,6.822999999999999,6.0,16.3,5.0,21.0,0.0823,60.47873694932519,6.35,30.2,28.7,30.3,51.4,0.08,123.0,2.0,2.0,2.0,2024.0,11.0,6.0,27.0
130.9,55.27,16.1,5.0,1.013,70.4,5.388999999999999,2930.0,556.9,48.25,1861.0,12.3415,6.999,75.96666666666665,79.3,13.834,176.467,0.6813999999999999,81.16883116883118,6.478,22.7,24.9,26.160000000000004,68.41,0.2037,383.7,2.0,2.0,2.0,2024.0,11.0,6.0,27.0
119.3,50.6,16.8,2.0,0.285,60.8,5.595999999999999,3310.0,201.6,50.35,736.0,9.7135,6.858,35.3,13.1,3.0,17.2,0.1855,63.66182836771072,6.6240000000000006,25.59,23.66,23.930000000000003,75.6,0.1593,146.6,0.0,0.0,1.0,2024.0,11.0,6.0,4.0
97.0,46.97,16.1,2.0,0.259,60.7,5.51,3360.0,264.6,55.8,751.0,12.049,7.046000000000001,36.56666666666667,30.4,3.2,49.8,0.2353,66.84491978609626,6.45,30.8,30.7,30.7,51.5,0.175,414.0,0.0,0.0,1.0,2024.0,11.0,6.0,4.0
191.4,62.14000000000001,18.6,1.0,0.194,70.3,5.6240000000000006,3460.0,206.6,55.05,1045.0,10.982500000000002,6.932,42.1,12.3,2.5,52.8,0.2026,79.5772854596384,7.205,24.6,26.620000000000005,26.920000000000005,64.88000000000001,0.0829,225.5,0.0,0.0,1.0,2024.0,11.0,6.0,4.0
169.65,56.86999999999999,19.1,3.0,0.52,70.1,5.449,3500.0,527.5,48.4,230.6,12.09,6.761999999999999,6.2,12.0,4.6,24.6,0.1014,70.0280112044818,6.266,32.4,24.030000000000005,25.18,68.00999999999999,0.1094,272.1,2.0,2.0,2.0,2024.0,11.0,13.0,27.0
178.0,56.24,19.7,0.0,0.0,0.0,5.566000000000001,3520.0,306.0,45.55,282.8,10.445,6.541999999999999,6.6,21.6,4.5,20.6,0.1057999999999999,0.0,6.26,30.2,25.4,25.5,62.5,0.328,404.0,2.0,2.0,2.0,2024.0,11.0,13.0,27.0
64.75,49.19,12.3,7.0,1.435,60.8,5.76,3030.0,457.4,40.5,1984.0,10.995,6.909999999999999,87.29999999999998,77.5,12.184,258.66700000000003,0.9736,77.98573975044563,6.393,23.28,30.02,31.430000000000007,51.94,0.4907,762.3,2.0,2.0,2.0,2024.0,11.0,13.0,27.0
180.5,56.010000000000005,19.0,5.0,0.581,60.8,5.43,3185.0,268.6,46.4,2740.0,10.9705,6.639000000000001,80.85,84.3,17.25,292.7,0.6728,77.98573975044563,6.379,19.53,26.22000000000001,25.6,68.08999999999999,0.3304,206.8,2.0,1.0,1.0,2024.0,11.0,13.0,24.0
187.1,57.19,18.6,4.0,0.588,70.6,5.377000000000001,3200.0,283.05,48.45,1883.0,10.7875,6.88,73.15,46.8,10.1,124.45,0.5866,65.25337407690348,6.29,25.1,25.8,26.1,63.9,0.252,250.0,2.0,1.0,1.0,2024.0,11.0,13.0,24.0
201.0,56.33,22.5,2.0,0.304,70.3,5.4270000000000005,3325.0,270.8,47.35,609.8,9.741,6.845999999999999,32.4,19.4,2.0,11.5,0.177,65.25337407690348,6.446,30.390000000000004,25.55,26.2,69.10000000000001,0.1353,222.0,2.0,1.0,1.0,2024.0,11.0,13.0,24.0
36.9,46.53000000000001,14.7,0.0,0.0,0.0,5.656999999999999,3320.0,280.0,55.45,1131.0,11.941999999999998,6.970000000000001,58.3,94.6,7.5,180.2,0.7525999999999999,0.0,6.276000000000001,29.96,30.05,29.299999999999997,52.55,0.2786,541.7,0.0,0.0,1.0,2024.0,11.0,13.0,4.0
191.2,62.39,19.1,2.0,0.27,70.0,5.606,3340.0,225.6,55.2,639.0,11.3555,6.986,33.7,12.2,2.9,47.6,0.1855,65.25337407690348,6.48,25.7,25.8,26.1,61.2,0.113,238.0,0.0,0.0,1.0,2024.0,11.0,13.0,4.0
176.5,63.07000000000001,20.6,3.0,0.473,70.5,5.704,3370.0,280.0,57.55,604.0,12.006000000000002,7.022,18.1,32.6,2.8,51.9,0.1164999999999999,71.61955691367456,6.462000000000001,32.540000000000006,26.28,27.23,64.03999999999999,0.106,310.6,0.0,0.0,1.0,2024.0,11.0,13.0,4.0
182.5,62.06999999999999,22.3,0.0,0.0,0.0,5.453,2880.0,312.7,45.8,824.0,10.480999999999998,6.869999999999999,50.7,32.3,2.9,33.5,0.2811,0.0,6.508,29.53,23.710000000000004,23.67,77.47999999999999,0.0887,185.6,1.0,1.0,1.0,2024.0,11.0,13.0,15.0
167.45,61.38000000000001,18.9,1.0,0.11,60.4,5.4545,3190.0,266.2,49.4,1193.0,10.207,6.790000000000001,65.0,40.2,3.3,31.35,0.2971,58.88719124013242,6.33,21.8,26.6,27.5,65.2,0.332,761.0,1.0,1.0,1.0,2024.0,11.0,13.0,15.0
139.05,62.7,9.0,1.0,0.204,70.2,5.571500000000001,3325.0,187.8,43.6,1608.0,10.123,6.8,110.0,50.0,8.0,21.0,0.762,74.8026483320601,6.45,21.6,27.0,28.1,58.4,0.32,813.0,1.0,1.0,1.0,2024.0,11.0,13.0,15.0
176.9,56.28,14.8,4.0,0.754,70.4,5.5875,3605.0,139.5,46.4,1387.0,10.9135,7.040000000000001,48.2,55.2,7.267,128.1,0.4335999999999999,73.21110262286733,6.8870000000000005,32.84,25.72,26.27,66.65,0.1156,323.1,0.0,2.0,2.0,2024.0,11.0,13.0,9.0
176.2,54.09,14.6,5.0,0.896,70.5,5.5875,3605.0,152.0,45.2,1524.0,10.7875,6.902000000000001,49.6,50.6,7.4,96.0,0.4225,70.0280112044818,6.31,28.8,26.2,26.6,64.5,0.078,876.0,0.0,2.0,2.0,2024.0,11.0,13.0,9.0
205.6,56.99,14.9,3.0,0.731,70.2,5.5875,3565.0,121.4,46.1,1387.0,10.7005,7.090000000000001,26.55,19.3,6.567,118.03,0.2041,71.61955691367456,6.617,31.820000000000004,25.54,26.27,66.61999999999999,0.1114,311.3,0.0,2.0,2.0,2024.0,11.0,13.0,9.0
80.45,60.79,13.6,3.0,0.444,70.2,5.545,3430.0,317.6,63.9,789.5,11.3145,6.11,28.6,40.15,4.6,22.2,0.2769,66.84491978609626,6.349,21.2,26.670000000000005,26.96,62.84000000000001,0.2001,516.4,1.0,0.0,1.0,2024.0,11.0,13.0,13.0
69.55,54.74000000000001,13.5,9.0,1.387,70.0,5.5425,3515.0,367.3,69.7,616.3,11.3065,6.2,86.5,102.85,15.6,119.466,0.8325999999999999,70.0280112044818,6.39,25.9,25.8,26.2,63.1,0.201,679.0,1.0,0.0,1.0,2024.0,11.0,13.0,13.0
113.65,62.25,13.5,3.0,0.389,60.8,5.58,3665.0,221.0,64.7,815.3,11.107500000000002,6.5,49.25,45.55,4.7,26.4,0.3962,63.66182836771072,6.303,20.73,27.0,27.08,63.27,0.2109,492.5,1.0,0.0,1.0,2024.0,11.0,13.0,13.0
139.3,56.67999999999999,19.0,3.0,0.55,70.8,5.539,3385.0,320.5,46.5,838.0,11.3175,6.843000000000001,41.0,58.55,4.2,24.7,0.3434,71.61955691367456,6.360999999999999,28.76,26.42,26.9,66.94000000000001,0.1309999999999999,245.4,2.0,0.0,1.0,2024.0,11.0,13.0,22.0
155.8,54.69,16.8,4.0,0.567,70.6,5.49,3440.0,343.5,45.0,1300.0,11.439,6.85,38.7,65.85,4.0,25.8,0.3396999999999999,66.84491978609626,6.37,28.3,25.0,25.5,63.0,0.165,783.0,2.0,0.0,1.0,2024.0,11.0,13.0,22.0
205.8,59.21,16.8,2.0,0.306,60.8,5.518500000000001,3170.0,233.0,49.6,821.0,10.724999999999998,6.823,39.4,58.55,4.3,25.0,0.3546999999999999,68.43646549528903,6.377999999999999,29.020000000000003,26.379999999999995,26.910000000000004,65.36999999999999,0.1081,212.8,2.0,0.0,1.0,2024.0,11.0,13.0,22.0
196.3,56.470000000000006,22.3,0.0,0.0,0.0,5.372000000000001,3320.0,399.0,42.75,941.0,10.342,6.803999999999999,29.8,66.2,4.5,41.75,0.1805,0.0,6.472999999999999,33.4,23.800000000000004,24.75,73.63000000000001,0.0508,222.3,1.0,0.0,0.0,2024.0,11.0,13.0,10.0
141.1,55.05,19.1,1.0,0.161,70.5,5.591500000000001,3120.0,434.0,40.15,1322.9,10.153,6.698,14.65,118.7,11.5,83.9,0.672,65.25337407690348,6.17,45.4,25.4,25.4,65.5,0.232,278.0,1.0,0.0,0.0,2024.0,11.0,13.0,10.0
122.5,49.3,14.9,6.0,1.287,60.9,5.504,3105.0,495.0,40.9,1009.0,10.159,6.756,9.9,145.9,8.1,55.8,0.6025000000000001,68.43646549528903,7.062000000000002,31.73,26.880000000000003,27.620000000000005,61.77,0.0810999999999999,263.7,1.0,0.0,0.0,2024.0,11.0,13.0,10.0
112.55,53.09000000000001,19.7,2.0,0.34,70.2,5.546,3210.0,151.2,46.4,285.9,9.438,6.799,12.6,26.9,1.9,22.4,0.126,68.43646549528903,6.528999999999999,31.660000000000004,25.200000000000003,26.22,64.97,0.1570999999999999,333.7,0.0,0.0,0.0,2024.0,11.0,13.0,28.0
116.0,53.02,21.2,2.0,0.153,57.0,5.559,3230.0,166.2,44.3,457.9,9.937,6.886999999999999,20.1,49.4,3.3,17.6,0.3686,52.52100840336134,6.3,31.4,26.2,25.6,60.7,0.34,278.0,0.0,0.0,0.0,2024.0,11.0,13.0,28.0
133.4,54.88000000000001,17.9,2.0,0.225,60.3,5.750000000000001,3060.0,132.2,38.6,717.9,9.398,6.8260000000000005,14.8,21.0,2.5,18.9,0.1542,58.88719124013242,6.82,30.76,27.26,28.07,60.4,0.0403,240.2,0.0,0.0,0.0,2024.0,11.0,13.0,28.0
137.1,58.84000000000001,23.2,5.0,0.692,70.3,5.433,3080.0,400.2,47.2,311.8,10.713,6.748,10.7,8.1,1.8,29.0,0.0651,63.66182836771072,6.398,36.75000000000001,24.710000000000004,25.77,70.62,0.0704,220.8,1.0,2.0,0.0,2024.0,11.0,13.0,12.0
170.8,61.94,17.5,1.0,0.088,60.8,5.441999999999999,3230.0,342.4,42.8,709.0,9.895,6.869,19.5,78.3,3.7,23.1,0.1457,50.92946269416858,6.42,26.8,25.8,25.4,65.6,0.276,437.0,1.0,2.0,0.0,2024.0,11.0,13.0,12.0
83.8,54.98,24.7,3.0,0.502,70.6,5.412999999999999,3320.0,466.0,55.35,256.0,12.027,6.619,10.7,6.1,1.5,28.3,0.059,70.0280112044818,6.394999999999999,39.0,24.81,25.809999999999995,68.84,0.0979999999999999,210.9,1.0,2.0,0.0,2024.0,11.0,13.0,12.0
97.75,57.970000000000006,17.6,1.0,0.257,70.8,5.59,3610.0,125.2,50.75,1626.0,11.322500000000002,7.094000000000001,19.3,38.3,3.2,30.0,0.1359999999999999,79.5772854596384,6.510000000000001,17.28,26.390000000000004,26.640000000000004,66.17999999999999,0.2797,461.3,2.0,2.0,1.0,2024.0,11.0,13.0,26.0
162.0,57.760000000000005,20.0,0.0,0.0,0.0,5.5920000000000005,3720.0,174.6,49.35,1151.2,11.072,7.0120000000000005,25.1,36.55,3.95,19.9,0.1659,0.0,6.49,28.0,25.0,25.0,67.9,0.374,363.0,2.0,2.0,1.0,2024.0,11.0,13.0,26.0
177.9,57.19000000000001,16.0,1.0,0.127,60.8,5.61,3360.0,153.3,50.8,800.0,10.991499999999998,7.052,12.7,32.4,2.9,11.8,0.044,65.25337407690348,6.65,34.160000000000004,24.12,25.540000000000003,71.38,0.3225,227.4,2.0,2.0,1.0,2024.0,11.0,13.0,26.0
163.4,52.5,17.3,3.0,0.421,215.0,5.5755,3210.0,235.7,40.9,1777.0,10.242,6.822,26.4,30.8,4.8,23.4,0.178,68.43646549528903,6.384,23.46,25.59,26.099999999999994,65.69,0.2196,623.8,1.0,1.0,2.0,2024.0,11.0,13.0,16.0
143.2,52.88000000000001,8.1,0.0,0.0,0.0,5.6295,3360.0,153.65,41.5,2235.5,9.478,6.756,46.133,114.8,10.05,107.9,0.4187999999999999,0.0,6.376,22.6,26.53,26.69,63.470000000000006,0.2884,682.6,1.0,1.0,2.0,2024.0,11.0,13.0,16.0
134.7,51.92999999999999,10.7,3.0,0.257,60.5,5.6275,3330.0,118.8,40.3,2098.9,10.242,6.802,18.633,33.6,7.35,54.6,0.1462999999999999,6.207028265851795,6.353,23.3,26.37,27.01,63.2,0.1891,685.5,1.0,1.0,2.0,2024.0,11.0,13.0,16.0
173.7,54.42,22.4,1.0,0.137,60.7,5.479,3910.0,223.0,59.35,294.4,10.949,6.820000000000002,30.1,30.8,2.65,34.1,0.2011,62.070282658517954,6.339,34.870000000000005,24.380000000000003,25.629999999999995,66.49,0.1188999999999999,260.5,0.0,0.0,0.0,2024.0,11.0,13.0,1.0
173.7,52.35,15.4,2.0,0.196,50.9,5.5635,3920.0,171.7,59.25,415.7,10.212,6.42,28.7,28.6,2.9,28.4,0.2011,54.11255411255412,6.34,33.9,24.7,24.7,65.6,0.142,389.0,0.0,0.0,0.0,2024.0,11.0,13.0,1.0
174.9,56.28000000000001,19.8,0.0,0.0,0.0,5.505000000000001,3240.0,300.9,51.8,407.7,10.45,6.600000000000001,28.7,30.1,2.35,37.75,0.2045,0.0,6.417999999999999,34.92,26.51,27.55,62.55,0.1094,386.9,0.0,0.0,0.0,2024.0,11.0,13.0,1.0
177.4,55.02,17.0,1.0,0.104,60.1,5.6525,3750.0,112.3,49.45,715.0,10.0135,6.549999999999999,72.05,91.9,7.9,63.7,0.6173,57.29564553093965,6.662000000000001,32.17,23.71,24.17,76.07,0.1750999999999999,344.3,1.0,0.0,2.0,2024.0,11.0,13.0,14.0
153.6,53.95,9.2,4.0,0.715,50.8,5.566000000000001,3550.0,128.4,49.6,459.2,9.696500000000002,7.12,16.1,26.1,2.0,29.2,0.1329,62.070282658517954,6.51,28.1,25.0,24.8,66.7,0.297,374.0,1.0,0.0,2.0,2024.0,11.0,13.0,14.0
150.4,56.05,11.2,3.0,0.506,60.9,5.596,3470.0,105.0,46.0,443.2,10.056,7.139999999999999,9.4,26.9,1.6,14.9,0.0801999999999999,65.25337407690348,6.479999999999999,33.230000000000004,24.26,24.73,71.61999999999999,0.1096,271.9,1.0,0.0,2.0,2024.0,11.0,13.0,14.0
84.55,48.54,9.6,0.0,0.0,0.0,5.384,3360.0,370.7,51.3,497.0,11.626,6.4670000000000005,27.7,109.7,2.8,38.0,0.1825999999999999,0.0,6.254,24.79,27.64,29.14,55.67,0.2009,296.0,0.0,1.0,2.0,2024.0,11.0,13.0,7.0
148.2,51.98,16.9,4.0,0.541,70.5,5.322000000000001,3100.0,533.5,51.0,303.0,11.218,6.509,21.6,15.8,1.9,22.4,0.1157,68.43646549528903,6.36,47.3,25.8,25.5,64.3,0.138,352.0,0.0,1.0,2.0,2024.0,11.0,13.0,7.0
77.3,49.34,8.4,1.0,0.09,60.2,5.362,3280.0,372.2,51.0,301.0,11.308,6.487,27.7,68.2,2.8,30.3,0.1772999999999999,55.70409982174688,6.3340000000000005,32.65,27.440000000000005,29.18,55.56,0.1715,298.4,0.0,1.0,2.0,2024.0,11.0,13.0,7.0
186.4,57.75,13.8,1.0,0.108,60.2,5.576,3025.0,166.9,40.3,462.0,9.377,6.578,12.2,26.5,1.7,17.6,0.1347,57.29564553093965,6.335,36.16,23.93,24.23,78.13000000000001,0.1145,188.4,0.0,2.0,0.0,2024.0,11.0,13.0,3.0
151.9,53.2,11.3,6.0,0.895,70.2,5.619,3235.0,215.55,54.55,513.4,9.714,6.4,24.1,51.65,3.6,68.95,0.2375999999999999,65.25337407690348,6.14,49.5,26.2,25.6,65.6,0.118,246.0,0.0,2.0,0.0,2024.0,11.0,13.0,3.0
186.4,56.3,14.6,0.0,0.0,0.0,5.569000000000001,3035.0,152.8,39.9,353.9,9.519,6.710000000000001,11.2,14.2,1.3,16.7,0.1347,0.0,6.327000000000001,30.170000000000005,24.020000000000003,24.06,76.33000000000001,0.1284,177.1,0.0,2.0,0.0,2024.0,11.0,13.0,3.0
178.1,56.98,24.0,5.0,0.662,70.1,5.359999999999999,3370.0,202.5,49.1,793.0,10.658,6.58,20.6,42.6,3.0,25.7,0.1943,63.66182836771072,6.442,34.09,27.9,28.1,57.84000000000001,0.1191,630.5,2.0,0.0,2.0,2024.0,11.0,13.0,23.0
140.9,56.56999999999999,13.5,3.0,0.488,60.6,5.51,3420.0,141.0,51.6,588.1,10.268,6.562,52.8,28.0,4.6,29.3,0.3189,68.43646549528903,6.47,32.4,24.6,25.2,67.4,0.564,315.0,2.0,0.0,2.0,2024.0,11.0,13.0,23.0
192.1,58.51000000000001,22.8,3.0,0.439,70.2,5.34,3305.0,172.0,47.6,516.5,10.247,6.7700000000000005,11.8,14.4,3.1,12.7,0.1295,70.0280112044818,6.544000000000001,35.91,26.52,26.06,70.66999999999999,0.1661,438.7,2.0,0.0,2.0,2024.0,11.0,13.0,23.0
190.1,57.45,14.7,4.0,0.553,50.9,5.444,3150.0,104.3,50.2,332.0,9.7595,6.875,14.2,12.5,1.7,19.6,0.0962,58.88719124013242,6.667000000000002,36.77,24.64,25.8,66.10999999999999,0.1614,262.1,2.0,2.0,0.0,2024.0,11.0,13.0,21.0
135.1,56.16000000000001,16.5,4.0,0.574,60.7,5.484,3250.0,88.8,53.5,424.5,9.842499999999998,6.82,10.3,14.7,2.0,20.65,0.1335,71.61955691367456,6.38,29.3,24.6,25.3,63.8,0.241,296.0,2.0,2.0,0.0,2024.0,11.0,13.0,21.0
135.1,56.2,19.0,4.0,0.485,60.7,5.504,3360.0,129.1,50.7,588.5,9.954999999999998,6.9,24.0,53.0,3.0,8.0,0.296,68.43646549528903,6.35,37.3,25.0,25.2,62.3,0.234,283.0,2.0,2.0,0.0,2024.0,11.0,13.0,21.0
116.85,52.80000000000001,12.9,2.0,0.342,70.5,5.701999999999999,3490.0,232.5,50.1,1415.0,11.5945,6.7,55.9,54.85,7.9,91.9,0.5996,70.0280112044818,6.3340000000000005,23.180000000000003,29.54,31.05,52.05,0.9816000000000004,641.1,0.0,0.0,2.0,2024.0,11.0,13.0,5.0
142.4,51.66,11.3,2.0,0.201,50.9,5.56,3430.0,97.3,46.1,999.0,10.0845,6.42,32.5,46.75,7.65,30.4,0.5871,58.88719124013242,6.25,28.4,24.6,25.0,64.0,0.383,286.0,0.0,0.0,2.0,2024.0,11.0,13.0,5.0
151.3,53.53,10.6,0.0,0.0,0.0,5.501499999999999,3250.0,129.9,44.8,886.1,10.671499999999998,6.676,9.2,11.55,1.9,28.75,0.1002,0.0,6.235000000000001,25.34,27.630000000000003,29.37,56.1,0.0737,402.4,0.0,0.0,2.0,2024.0,11.0,13.0,5.0
143.55,52.41,7.7,1.0,0.174,70.2,5.26,3300.0,501.0,65.6,1279.6,12.64,6.480000000000001,61.15,52.4,7.6,84.9,0.5475999999999999,66.84491978609626,6.439,31.68,26.74,27.12,61.48,0.0741,192.8,2.0,2.0,2.0,2024.0,11.0,13.0,30.0
175.6,58.06000000000002,13.5,4.0,0.594,60.3,5.39,3700.0,539.0,68.6,1563.8,13.282999999999998,6.521000000000001,71.75,125.8,8.6,97.8,0.8402,70.0280112044818,6.45,28.5,24.6,24.9,65.1,0.32,278.0,2.0,2.0,2.0,2024.0,11.0,13.0,30.0
147.65,59.02,13.3,5.0,0.704,70.3,5.289999999999999,3670.0,542.0,69.2,1603.8,12.553999999999998,6.651999999999999,86.7,98.6,7.3,95.6,0.9265,66.84491978609626,6.508,32.42,26.02,27.22,63.41,0.1569999999999999,246.0,2.0,2.0,2.0,2024.0,11.0,13.0,30.0
168.35,58.3,21.1,2.0,0.314,60.9,5.5075,3220.0,125.7,46.65,274.1,9.615,6.906000000000001,7.8,16.75,1.75,11.2,0.0805999999999999,68.43646549528903,6.298,34.43,23.63,24.33,74.11,0.1145,267.7,2.0,1.0,0.0,2024.0,11.0,13.0,20.0
179.2,58.470000000000006,17.6,3.0,0.437,70.1,5.505000000000001,3190.0,124.7,44.85,330.2,9.607,6.743,10.2,17.1,1.65,11.7,0.1008999999999999,70.0280112044818,6.36,31.6,25.0,24.9,63.2,0.164,283.0,2.0,1.0,0.0,2024.0,11.0,13.0,20.0
145.6,55.59000000000001,11.3,7.0,0.942,70.3,5.564500000000001,3140.0,110.8,39.3,1710.0,9.039,6.681000000000002,37.1,27.8,3.9,30.2,0.3131,68.43646549528903,6.446000000000001,22.96,27.62,30.28,54.78,0.0726,583.1,2.0,1.0,0.0,2024.0,11.0,13.0,20.0
144.8,57.92,16.8,3.0,0.485,70.0,5.449999999999999,3240.0,167.2,49.5,1516.0,10.932,6.662000000000001,21.3,24.4,2.7,21.5,0.1497,68.43646549528903,6.394,26.17,27.74,28.21,57.35,0.0982,397.2,1.0,2.0,2.0,2024.0,11.0,13.0,18.0
180.6,59.61999999999999,11.5,3.0,0.475,70.2,5.6800000000000015,3530.0,131.1,44.4,489.0,9.459,6.3660000000000005,19.3,11.3,2.4,23.1,0.1372999999999999,66.84491978609626,6.33,45.2,24.6,24.9,63.3,0.145,282.0,1.0,2.0,2.0,2024.0,11.0,13.0,18.0
156.7,56.6,16.7,5.0,0.975,70.2,5.449999999999999,3140.0,216.5,49.3,1566.0,10.943,6.558,21.3,24.4,2.6,21.5,0.1623,71.61955691367456,6.399,25.44,27.610000000000003,28.2,57.35,0.0982,497.0,1.0,2.0,2.0,2024.0,11.0,13.0,18.0
189.6,53.59,22.3,5.0,0.668,70.6,5.43,3530.0,537.0,57.1,329.2,12.542,6.909999999999999,8.9,18.3,4.2,15.0,0.0939999999999999,71.61955691367456,6.348,38.55,23.64,23.98,75.01,0.1543,198.3,1.0,1.0,1.0,2024.0,11.0,13.0,29.0
182.3,52.64000000000001,23.7,3.0,0.442,70.1,5.459999999999999,3580.0,545.3,59.3,482.6,12.532,6.92,7.5,18.7,2.8,14.25,0.0916999999999999,65.25337407690348,6.36,37.1,25.0,25.3,65.5,0.145,280.0,1.0,1.0,1.0,2024.0,11.0,13.0,29.0
190.6,53.65,23.1,4.0,0.632,60.9,5.48,3490.0,302.4,56.7,467.2,11.574,6.93,10.2,20.2,3.5,17.7,0.1091,66.84491978609626,6.347,37.18,23.86,23.92,75.29,0.1684999999999999,201.1,1.0,1.0,1.0,2024.0,11.0,13.0,29.0
151.4,57.44000000000001,8.8,0.0,0.0,0.0,5.628500000000001,3275.0,87.1,39.8,369.0,8.370999999999999,6.139999999999999,19.5,27.15,2.4,13.8,0.1289999999999999,0.0,6.365,27.070000000000004,23.98,25.12,73.85999999999999,0.1341,260.7,2.0,1.0,2.0,2024.0,11.0,13.0,25.0
162.4,57.4,12.3,4.0,0.567,70.0,5.579999999999999,3460.0,239.7,54.1,265.0,11.064999999999998,6.4,13.4,23.4,2.4,22.6,0.1219,65.25337407690348,6.28,39.3,25.0,25.2,64.5,0.116,312.0,2.0,1.0,2.0,2024.0,11.0,13.0,25.0
195.0,57.16,19.0,2.0,0.24,70.1,5.6,3520.0,123.0,46.0,367.0,8.2795,6.390000000000001,32.6,33.25,3.2,18.8,0.2845000000000001,70.0280112044818,6.536,25.74,24.280000000000005,25.56,70.37,0.0775,376.6,2.0,1.0,2.0,2024.0,11.0,13.0,25.0
173.8,56.89,24.3,2.0,0.327,90.3,5.437,3205.0,176.6,47.5,563.0,8.824000000000002,6.7,14.5,15.9,1.7,26.3,0.1417,79.5772854596384,6.772,40.92,24.91,25.69,68.7,0.1586,268.2,2.0,0.0,0.0,2024.0,11.0,13.0,19.0
175.8,54.82000000000001,21.3,1.0,0.156,70.2,5.443,3225.0,126.5,49.4,947.0,9.524,7.023999999999999,13.25,21.45,1.9,27.3,0.1478,65.25337407690348,6.24,41.6,24.2,25.0,61.7,0.137,312.0,2.0,0.0,0.0,2024.0,11.0,13.0,19.0
143.8,52.17999999999999,17.5,3.0,0.487,60.7,5.5,3140.0,194.1,53.25,645.0,9.244,6.969999999999999,7.7,15.8,1.2,17.9,0.0997999999999999,68.43646549528903,6.357000000000001,35.41000000000001,24.86,25.3,66.03,0.1538999999999999,253.7,2.0,0.0,0.0,2024.0,11.0,13.0,19.0
164.0,54.06,19.7,2.0,0.304,70.4,5.429,3450.0,280.0,56.8,389.0,10.331,6.83,6.8,18.8,1.2,13.4,0.075,65.25337407690348,7.188999999999998,37.14,23.47,24.89,75.11999999999999,0.0805,284.1,0.0,1.0,0.0,2024.0,11.0,13.0,2.0
134.2,54.74,20.6,6.0,0.921,60.9,5.477999999999999,3410.0,300.0,51.0,850.2,10.052,6.73,4.3,23.1,1.5,84.3,0.0874,68.43646549528903,6.26,37.9,24.2,25.1,65.8,0.155,278.0,0.0,1.0,0.0,2024.0,11.0,13.0,2.0
162.7,46.64,13.7,9.0,0.905,60.2,5.563000000000001,3400.0,178.26666666666665,41.7,1568.0,9.493,6.666000000000001,32.0,60.6,7.2,68.55,0.3282,62.070282658517954,6.646000000000001,26.06,24.95,25.680000000000007,66.99,0.2015,436.9,0.0,1.0,0.0,2024.0,11.0,13.0,2.0
161.75,54.15,27.9,5.0,0.509,40.9,5.485,3400.0,277.8,51.5,1885.0,11.21,6.951999999999998,20.2,20.55,3.6,61.1,0.2287,57.29564553093965,6.430999999999999,27.649999999999995,23.22,24.92,67.39999999999999,0.1603,402.2,0.0,1.0,1.0,2024.0,11.0,13.0,6.0
169.65,52.14,24.9,1.0,0.107,60.3,5.429999999999999,3495.0,215.3,56.9,707.0,11.181,6.445,16.1,10.1,2.0,43.1,0.1163,57.29564553093965,6.15,39.0,23.8,24.7,68.2,0.101,361.0,0.0,1.0,1.0,2024.0,11.0,13.0,6.0
105.1,52.41,10.3,0.0,0.0,0.0,5.557,3525.0,273.5,41.7,2470.0,11.017,6.641,285.3999999999951,88.05,11.0,152.5,0.8805999999999999,0.0,6.423,22.35,26.53,26.03,65.41999999999999,0.9816000000000004,442.0,0.0,1.0,1.0,2024.0,11.0,13.0,6.0
140.2,54.94000000000001,10.7,2.0,0.261,60.5,5.4735,3470.0,200.7,37.6,741.0,9.806,6.343999999999999,19.0,26.6,3.5,24.7,0.1742,62.070282658517954,6.312,39.470000000000006,25.83,27.910000000000004,63.010000000000005,0.0881,249.5,1.0,2.0,1.0,2024.0,11.0,13.0,17.0
148.4,56.16,14.7,1.0,0.139,70.3,5.429999999999999,3310.0,327.5,42.2,511.0,9.827000000000002,6.581,35.2,21.8,3.0,56.25,0.218,37.87878787878788,6.4,36.3,23.4,24.6,66.0,0.258,366.0,1.0,2.0,1.0,2024.0,11.0,13.0,17.0
183.3,52.05,17.9,0.0,0.0,0.0,5.4735,3340.0,114.6,40.8,868.0,9.6585,6.853999999999999,119.75,59.9,15.45,123.65,0.6076,0.0,6.366,31.57,26.22000000000001,28.96,58.32000000000001,0.1217,399.4,1.0,2.0,1.0,2024.0,11.0,13.0,17.0
172.8,51.99999999999999,15.3,4.0,0.51,60.5,5.61,3130.0,270.0,47.2,989.0,10.591,6.830000000000001,12.7,26.3,2.0,18.9,0.1509,71.61955691367456,6.943,34.510000000000005,24.08,24.71,70.89000000000001,0.1217,292.6,1.0,1.0,0.0,2024.0,11.0,13.0,11.0
173.55,52.0,15.3,3.0,0.49,70.1,5.8100000000000005,3200.0,265.0,44.55,952.0,11.074000000000002,6.981,16.3,22.1,2.9,13.9,0.1357,71.61955691367456,6.38,49.1,23.4,24.4,67.2,0.205,345.0,1.0,1.0,0.0,2024.0,11.0,13.0,11.0
187.4,51.75999999999999,9.8,2.0,0.232,60.4,5.5615000000000006,3310.0,271.0,45.2,941.0,10.016000000000002,6.7010000000000005,17.35,53.55,3.9,44.35,0.3168,62.070282658517954,6.772999999999999,36.49,23.88,24.05,73.52000000000001,0.1754,346.9,1.0,1.0,0.0,2024.0,11.0,13.0,11.0
159.2,57.16,19.3,1.0,0.187,70.4,5.54,3450.0,304.0,50.8,860.0,10.050999999999998,6.837000000000001,8.8,24.6,2.3,18.5,0.0955999999999999,71.61955691367456,6.453999999999999,33.02,24.020000000000003,25.35,68.30000000000001,0.1363,270.9,0.0,2.0,1.0,2024.0,11.0,13.0,8.0
163.4,58.63999999999999,21.5,3.0,0.512,70.2,5.3660000000000005,3470.0,447.0,56.6,1121.0,11.0775,6.756,38.0,58.8,7.6,95.75,1.9676999999999976,71.61955691367456,6.36,42.7,23.8,24.6,62.6,0.174,394.0,0.0,2.0,1.0,2024.0,11.0,13.0,8.0
161.9,56.82000000000001,21.1,1.0,0.086,50.8,5.408,3410.0,477.0,51.65,331.0,11.1325,6.853999999999999,24.25,34.7,4.35,21.6,0.2194999999999999,58.88719124013242,6.446,31.160000000000004,23.66,23.93,74.31,0.1528,320.6,0.0,2.0,1.0,2024.0,11.0,13.0,8.0
197.0,55.88000000000001,13.3,4.0,0.619,70.4,5.550000000000001,3655.0,115.8,45.2,1407.0,10.8165,7.090000000000001,41.8,19.4,3.667,21.0,0.3514,68.43646549528903,6.882000000000001,25.32,25.73,26.26,66.05,0.0733,343.2,0.0,2.0,2.0,2024.0,11.0,13.0,9.0
153.8,51.9,28.0,2.0,0.285,60.7,5.7,3300.0,740.0,72.0,72.0,13.37,6.9,99.0,560.0,15.0,11.0,0.729,65.25337407690348,6.33,41.1,24.2,25.0,64.6,0.191,296.0,0.0,2.0,2.0,2024.0,11.0,13.0,9.0
169.1,54.6,16.8,3.0,0.624,80.5,5.53,3645.0,138.4,48.8,1245.0,11.463,7.130000000000001,134.6,53.7,16.7,107.3,0.6977,77.98573975044563,6.956999999999999,27.76,25.85,26.44,66.24,0.1216,368.4,0.0,2.0,2.0,2024.0,11.0,13.0,9.0
78.6,56.02,11.5,5.0,0.621,70.3,5.5825,3870.0,277.7,68.0,1088.3,11.2875,6.15,67.3,75.4,6.0,84.63300000000001,0.5565,68.43646549528903,6.419000000000001,24.72,26.67,27.48,61.7,0.2267,506.7,1.0,0.0,1.0,2024.0,11.0,13.0,13.0
119.35,62.4,14.0,3.0,0.293,60.3,5.7,3600.0,610.0,76.0,73.0,10.72,6.7,72.0,64.0,5.0,14.0,0.642,55.70409982174688,6.34,29.9,24.6,25.1,64.4,0.198,559.0,1.0,0.0,1.0,2024.0,11.0,13.0,13.0
108.05,59.69999999999999,12.4,2.0,0.233,60.4,5.540000000000001,3490.0,303.5,63.4,739.5,11.118,6.470000000000001,17.8,35.8,3.8,24.3,0.14553,58.88719124013242,6.3100000000000005,20.84,27.200000000000006,27.08,64.00000000000001,0.1972,375.6,1.0,0.0,1.0,2024.0,11.0,13.0,13.0
86.45,45.95,17.7,4.0,0.922,70.6,5.529999999999999,3615.0,310.3,50.15,1336.0,12.2355,7.234,54.8,64.6,22.5,93.8,0.4469999999999999,79.5772854596384,6.429999999999998,29.34,26.790000000000003,26.71,67.94,0.2158999999999999,445.9,2.0,2.0,1.0,2024.0,11.0,13.0,26.0
109.75,55.0,16.0,2.0,0.375,60.8,5.8,3400.0,440.0,64.0,52.0,11.77,7.2,90.0,170.0,10.0,13.0,1.025,74.8026483320601,6.25,22.9,23.4,24.3,68.6,0.299,271.0,2.0,2.0,1.0,2024.0,11.0,13.0,26.0
80.15,45.7,18.6,4.0,0.837,80.0,5.549999999999999,3650.0,228.9,51.15,1700.0,12.247000000000002,7.25,48.0,50.2,26.45,99.1,0.3941,77.98573975044563,6.479000000000001,13.28,27.03,26.630000000000003,68.15,0.1839,544.7,2.0,2.0,1.0,2024.0,11.0,13.0,26.0
196.7,61.07000000000001,19.3,4.0,0.684,70.0,5.552,3510.0,114.3,47.6,842.0,10.425999999999998,6.878,25.533,24.0,4.0,20.8,0.2029,71.61955691367456,6.517,19.97,25.19,25.84,66.69,0.2054,226.3,1.0,1.0,2.0,2024.0,11.0,13.0,16.0
188.9,61.1,21.0,4.0,0.65,70.4,5.5,3600.0,100.0,57.0,89.0,9.88,6.6,48.0,72.0,4.0,12.0,0.528,74.8026483320601,6.35,22.3,23.4,24.3,68.1,0.302,282.0,1.0,1.0,2.0,2024.0,11.0,13.0,16.0
178.9,55.92,16.0,2.0,0.327,70.4,5.569,3220.0,127.7,41.7,1858.9,10.242,6.815,25.5,28.0,4.8,26.8,0.1561,70.0280112044818,6.519999999999999,21.57,26.48,26.76,63.52,0.1728,574.6,1.0,1.0,2.0,2024.0,11.0,13.0,16.0
109.6,49.69,15.0,5.0,0.819,70.5,5.633000000000001,3005.0,537.0,39.2,1147.9,9.86,6.695,9.9,145.9,12.6,68.3,0.6167,73.21110262286733,7.174000000000001,29.380000000000003,27.71,28.29,62.19,0.098,354.2,1.0,0.0,0.0,2024.0,11.0,13.0,10.0
178.2,59.9,27.0,6.0,1.26,70.6,5.4,3500.0,160.0,59.0,59.0,9.04,6.7,6.0,44.0,6.0,1.0,0.189,74.8026483320601,6.27,27.6,23.8,24.4,68.4,0.082,342.0,1.0,0.0,0.0,2024.0,11.0,13.0,10.0
177.1,57.32000000000001,17.0,3.0,0.53,70.7,5.379999999999999,2850.0,425.0,45.3,149.9,9.259,6.656999999999999,4.5,19.5,1.5,9.6,0.046,71.61955691367456,6.387,36.95,23.5,24.08,77.86,0.0682,234.7,1.0,0.0,0.0,2024.0,11.0,13.0,10.0
188.6,58.26999999999998,18.0,1.0,0.169,60.9,5.5360000000000005,3180.0,233.0,49.6,821.0,10.7055,6.823,39.4,62.45,4.4,25.8,0.3546999999999999,71.61955691367456,6.408,29.01,26.45,26.910000000000004,66.31,0.1253999999999999,200.8,2.0,0.0,1.0,2024.0,11.0,13.0,22.0
202.7,53.7,9.0,0.0,0.0,0.0,5.5,3500.0,82.0,59.0,110.0,10.41,6.4,38.0,62.0,4.0,11.0,0.438,0.0,6.29,26.9,23.4,24.4,64.6,0.079,292.0,2.0,0.0,1.0,2024.0,11.0,13.0,22.0
98.1,49.53,14.8,7.0,1.186,70.2,5.771000000000001,3455.0,335.5,44.9,1609.0,11.461,6.783,42.4,65.7,7.1,53.5,0.3894,68.43646549528903,6.438,34.65,27.55,27.5,63.44,0.2105,396.5,2.0,0.0,1.0,2024.0,11.0,13.0,22.0
81.8,55.06999999999999,24.7,3.0,0.432,70.4,5.412999999999999,3320.0,446.5,55.35,255.0,12.027,6.619999999999999,8.8,5.6,1.7,22.6,0.0678,70.0280112044818,6.394999999999999,33.68,25.03,25.6,67.5,0.1023999999999999,210.9,1.0,2.0,0.0,2024.0,11.0,13.0,12.0
155.9,47.6,23.0,2.0,0.26,60.8,5.4,3600.0,320.0,77.0,58.0,11.02,6.4,47.0,46.0,5.0,11.0,0.557,62.070282658517954,6.35,26.1,23.4,24.4,68.1,0.129,305.0,1.0,2.0,0.0,2024.0,11.0,13.0,12.0
83.8,54.75,24.7,3.0,0.503,70.7,5.412999999999999,3310.0,466.0,54.95,230.8,12.027,6.619,10.5,5.7,1.5,27.8,0.059,68.43646549528903,6.394999999999999,39.0,24.15,24.72,75.31,0.0905,210.9,1.0,2.0,0.0,2024.0,11.0,13.0,12.0
72.95,49.870000000000005,14.7,9.0,1.155,70.4,5.724,2660.0,590.7,40.6,835.9,11.88,6.6930000000000005,40.4,92.9,6.2,158.1,0.5784,71.61955691367456,6.454000000000001,29.849999999999994,28.69,30.110000000000003,52.34000000000001,0.2393,615.2,0.0,0.0,0.0,2024.0,11.0,13.0,28.0
189.8,49.3,23.0,0.0,0.0,0.0,5.6,3200.0,170.0,61.0,69.0,9.18,6.4,68.0,46.0,5.0,7.0,0.663,0.0,9.0,29.2,23.8,24.3,66.1,0.16,381.0,0.0,0.0,0.0,2024.0,11.0,13.0,28.0
89.25,51.61,16.5,4.0,0.475,70.0,5.640000000000001,2870.0,416.0,41.6,980.9,11.399,6.612,22.4,60.7,3.6,20.6,0.4305999999999999,63.66182836771072,6.411,31.579999999999995,28.820000000000004,29.71,52.42999999999999,0.176,625.0,0.0,0.0,0.0,2024.0,11.0,13.0,28.0
167.2,53.0,15.1,2.0,0.219,60.3,5.573499999999999,3770.0,203.0,59.05,415.7,10.285999999999998,6.540000000000001,28.7,27.7,2.55,34.1,0.2001,60.47873694932519,6.409999999999999,34.220000000000006,24.39,25.49,66.29,0.0861,254.4,0.0,0.0,0.0,2024.0,11.0,13.0,1.0
183.5,50.1,32.0,5.0,0.782,70.2,5.6,4100.0,200.0,64.0,87.0,11.32,7.3,38.0,65.0,6.0,9.0,0.386,68.43646549528903,6.33,22.3,23.4,24.4,66.9,0.19,316.0,0.0,0.0,0.0,2024.0,11.0,13.0,1.0
153.1,55.63000000000001,17.9,5.0,0.744,70.5,5.539000000000001,3190.0,168.1,45.25,241.4,11.656,7.33,31.3,25.5,2.35,36.45,0.2113,71.61955691367456,6.395000000000001,34.57000000000001,24.29,25.33,68.19,0.1026999999999999,202.5,0.0,0.0,0.0,2024.0,11.0,13.0,1.0
137.4,53.06999999999999,19.7,5.0,0.743,70.3,5.526,3460.0,270.0,48.9,231.2,11.306,7.2,8.2,17.3,1.3,14.0,0.0678999999999999,70.0280112044818,6.482000000000001,31.64,23.98,24.59,72.44,0.1177999999999999,171.1,1.0,0.0,2.0,2024.0,11.0,13.0,14.0
128.25,42.9,17.0,3.0,0.409,60.6,5.5,3700.0,190.0,61.0,62.0,11.04,7.0,97.0,91.0,6.0,21.0,0.764,63.66182836771072,6.53,30.0,23.4,24.3,67.3,0.377,259.0,1.0,0.0,2.0,2024.0,11.0,13.0,14.0
190.3,57.69,17.7,2.0,0.31,70.2,5.5795,3690.0,105.3,46.95,513.5,9.793,6.540000000000001,22.7,59.6,4.3,41.2,0.2351,62.070282658517954,6.684,31.23,23.880000000000003,24.39,74.47999999999999,0.1253,235.6,1.0,0.0,2.0,2024.0,11.0,13.0,14.0
116.85,52.80000000000001,12.9,3.0,0.685,70.5,5.661999999999999,3475.0,251.2,61.6,1420.0,12.019000000000002,6.780000000000001,59.7,54.75,8.1,118.9,0.6286999999999999,74.8026483320601,6.307,29.340000000000003,29.499999999999996,31.4,53.080000000000005,0.9816000000000004,625.2,0.0,0.0,2.0,2024.0,11.0,13.0,5.0
171.4,52.1,10.0,4.0,0.943,60.6,5.5,3400.0,100.0,64.0,81.0,9.84,5.6,170.0,75.0,10.0,26.0,1.257,6.5253374076903485,6.3,23.1,23.4,24.4,67.5,0.547,285.0,0.0,0.0,2.0,2024.0,11.0,13.0,5.0
98.4,50.900000000000006,12.1,5.0,0.805,60.9,5.922,3480.0,255.2,63.5,1466.0,11.788,6.419999999999999,52.5,53.05,8.5,121.5,0.6727000000000001,74.8026483320601,6.821,30.149999999999995,29.380000000000003,30.76,54.03,0.9816000000000004,615.7,0.0,0.0,2.0,2024.0,11.0,13.0,5.0
143.55,57.11,9.9,4.0,0.522,60.6,5.389999999999999,3720.0,477.0,66.8,1603.8,13.072,6.56,85.8,98.3,7.1,97.4,0.9265,63.66182836771072,6.429,34.67,25.98,27.21,63.59,0.2382,252.7,2.0,2.0,2.0,2024.0,11.0,13.0,30.0
162.3,56.2,34.0,1.0,0.161,70.0,5.3,3300.0,710.0,75.0,58.0,12.25,6.6,56.0,55.0,6.0,11.0,0.495,65.25337407690348,6.27,41.9,23.0,24.3,64.4,0.102,315.0,2.0,2.0,2.0,2024.0,11.0,13.0,30.0
139.45,52.85,7.1,4.0,0.39,60.0,5.33,3600.0,453.4,49.8,839.6,11.737999999999998,6.441000000000001,66.0,53.9,7.1,83.9,0.5475999999999999,58.88719124013242,6.422,32.48,26.48,26.93,61.48,0.1139,194.3,2.0,2.0,2.0,2024.0,11.0,13.0,30.0
190.15,58.4,15.3,4.0,0.653,80.3,5.5600000000000005,3170.0,230.7,53.6,601.0,10.35,5.89,44.2,60.35,3.6,48.9,0.2496999999999999,74.8026483320601,6.730000000000001,38.06,25.65,25.98,67.03,0.1383,276.7,0.0,2.0,0.0,2024.0,11.0,13.0,3.0
161.45,46.7,17.0,5.0,0.475,50.9,5.4,3300.0,330.0,63.0,74.0,9.5,6.4,22.0,60.0,3.0,7.0,0.317,6.207028265851795,6.31,29.0,22.6,24.0,68.0,0.239,538.0,0.0,2.0,0.0,2024.0,11.0,13.0,3.0
186.4,56.3,14.6,0.0,0.0,0.0,5.569000000000001,3035.0,152.8,39.9,353.9,9.519,6.710000000000001,11.2,14.2,1.3,16.7,0.1347,0.0,6.327000000000001,30.170000000000005,24.020000000000003,24.06,76.33000000000001,0.1284,177.1,0.0,2.0,0.0,2024.0,11.0,13.0,3.0
55.9,48.46,6.8,5.0,1.109,70.3,5.416,3895.0,338.8,59.4,1200.0,12.097,6.377000000000001,39.8,120.6,13.2,98.1,0.5556000000000001,74.8026483320601,6.294,23.76,28.25,30.520000000000003,50.49,0.3055,670.5,0.0,1.0,2.0,2024.0,11.0,13.0,7.0
152.4,56.9,16.0,3.0,0.394,50.9,5.7,3300.0,140.0,64.0,110.0,8.43,6.9,110.0,52.0,6.0,15.0,0.699,65.25337407690348,6.27,32.6,22.6,23.8,68.2,0.076,298.0,0.0,1.0,2.0,2024.0,11.0,13.0,7.0
81.4,49.1,8.3,3.0,0.546,50.4,5.376,3310.0,391.2,50.15,407.0,11.65,6.506,37.2,103.8,3.4,45.65,0.1995999999999999,54.11255411255412,6.326,18.92,27.65,29.55,55.92,0.2089,320.3,0.0,1.0,2.0,2024.0,11.0,13.0,7.0
178.6,57.45,19.0,3.0,0.429,70.1,5.417,3320.0,116.2,48.1,283.5,9.0645,6.847,9.5,12.6,1.1,8.25,0.0902,60.47873694932519,6.720999999999999,37.10000000000001,24.95,25.48,66.83000000000001,0.0861999999999999,258.5,2.0,2.0,0.0,2024.0,11.0,13.0,21.0
168.6,42.3,14.0,2.0,0.397,70.3,5.5,3500.0,460.0,72.0,85.0,11.05,7.5,100.0,72.0,7.0,19.0,0.813,71.61955691367456,8.62,30.1,22.6,23.7,70.4,0.125,285.0,2.0,2.0,0.0,2024.0,11.0,13.0,21.0
179.3,58.95000000000001,18.4,2.0,0.288,60.7,5.406999999999999,3190.0,159.8,51.2,258.5,9.619,6.909999999999999,6.5,13.9,1.1,13.85,0.0708,65.25337407690348,6.720000000000001,35.730000000000004,24.78,25.629999999999995,65.86999999999999,0.1497,232.0,2.0,2.0,0.0,2024.0,11.0,13.0,21.0
74.25,49.07000000000001,4.5,7.0,1.168,60.7,5.891,3130.0,396.5,42.1,1790.0,10.88,6.305,56.3,84.2,6.8,150.5,0.5392,68.43646549528903,6.542,23.72,28.730000000000008,30.1,52.03,0.0212,554.9,2.0,0.0,2.0,2024.0,11.0,13.0,23.0
157.15,61.9,17.0,4.0,0.506,60.7,5.6,3500.0,190.0,62.0,81.0,9.2,6.2,76.0,48.0,4.0,14.0,0.677,68.43646549528903,6.33,25.2,23.0,24.2,67.2,0.265,368.0,2.0,0.0,2.0,2024.0,11.0,13.0,23.0
165.25,57.91000000000001,18.3,2.0,0.24,60.0,5.42,3385.0,180.5,49.2,370.6,10.268,6.760000000000001,17.7,11.6,3.1,12.4,0.1877,63.66182836771072,6.3580000000000005,34.98,24.68,25.16,72.62,0.2557,386.1,2.0,0.0,2.0,2024.0,11.0,13.0,23.0
121.4,52.74000000000001,11.6,5.0,1.08,70.7,5.5945,3120.0,115.5,37.8,1730.0,8.909,6.591000000000001,26.65,37.4,4.6,36.9,0.2996,77.98573975044563,6.45,22.520000000000003,28.36,30.44,55.56999999999999,0.1045,699.6,2.0,1.0,0.0,2024.0,11.0,13.0,20.0
161.35,56.1,29.0,2.0,0.347,60.9,5.5,2500.0,630.0,60.0,41.0,9.81,7.1,1.0,19.0,2.0,1.0,0.077,71.61955691367456,6.17,28.4,23.0,24.3,63.4,0.113,345.0,2.0,1.0,0.0,2024.0,11.0,13.0,20.0
166.55,58.3,21.1,2.0,0.307,60.3,5.5375,3220.0,125.7,46.35,274.1,9.615,6.816,7.0,16.95,1.75,11.2,0.0805999999999999,68.43646549528903,6.298,34.480000000000004,23.3,24.12,74.27000000000001,0.1081999999999999,269.2,2.0,1.0,0.0,2024.0,11.0,13.0,20.0
119.35,54.81,6.2,1.0,0.239,70.9,5.79,3520.0,125.5,40.3,607.0,9.405,6.3660000000000005,24.2,81.4,7.2,77.9,0.4938,77.98573975044563,6.2860000000000005,49.38000000000001,28.74,30.82,50.510000000000005,0.125,576.6,1.0,2.0,2.0,2024.0,11.0,13.0,18.0
146.9,65.1,14.0,4.0,0.693,60.4,5.4,3100.0,650.0,64.0,52.0,11.0,7.2,1.0,19.0,2.0,1.0,0.076,63.66182836771072,6.33,33.8,23.4,24.4,62.7,0.074,342.0,1.0,2.0,2.0,2024.0,11.0,13.0,18.0
142.8,59.32000000000001,16.4,4.0,0.507,70.2,5.47,3200.0,311.2,55.9,1566.0,10.959,6.508,25.95,25.4,2.6,22.5,0.1744999999999999,71.61955691367456,6.381000000000001,25.97,28.02,28.76,57.31,0.1036,594.3,1.0,2.0,2.0,2024.0,11.0,13.0,18.0
210.9,56.0,24.9,4.0,0.581,70.5,5.425,3330.0,162.7,55.2,427.0,9.867,6.42,14.4,10.8,1.6,26.2,0.0808,68.43646549528903,6.564,35.88,23.49,23.46,76.86000000000001,0.0935,240.5,0.0,1.0,1.0,2024.0,11.0,13.0,6.0
171.05,51.2,27.0,5.0,0.85,60.8,5.5,3200.0,120.0,58.0,67.0,9.67,7.3,1.0,18.0,2.0,1.0,0.07,73.21110262286733,6.24,33.8,21.0,22.0,74.7,0.045,274.0,0.0,1.0,1.0,2024.0,11.0,13.0,6.0
209.3,56.35,23.3,4.0,0.61,70.5,5.542,3290.0,130.2,53.2,396.7,9.666999999999998,6.410000000000001,11.3,14.3,1.6,25.3,0.0736999999999999,68.43646549528903,6.436,36.78,23.760000000000005,23.46,76.86000000000001,0.0599,245.8,0.0,1.0,1.0,2024.0,11.0,13.0,6.0
126.6,54.93000000000001,16.0,2.0,0.375,70.3,5.35,3490.0,354.5,48.4,596.0,10.553,6.519999999999999,28.3,21.9,4.1,57.45,0.1314,70.0280112044818,6.237,40.3,26.09,27.730000000000008,62.45,0.0588,202.0,1.0,2.0,1.0,2024.0,11.0,13.0,17.0
154.2,54.8,18.0,3.0,0.481,70.6,5.4,3400.0,360.0,63.0,57.0,10.48,7.0,1.0,12.0,1.0,1.0,0.046,70.0280112044818,6.41,37.1,21.8,22.2,72.2,0.047,276.0,1.0,2.0,1.0,2024.0,11.0,13.0,17.0
140.2,56.68000000000001,13.3,3.0,0.519,60.6,5.31,3520.0,209.4,39.4,434.0,9.863,6.37,29.8,24.1,3.6,52.65,0.1686,63.66182836771072,6.377,41.45,24.22,24.89,69.53999999999999,0.1177999999999999,225.9,1.0,2.0,1.0,2024.0,11.0,13.0,17.0
167.2,57.250000000000014,16.5,5.0,0.704,60.8,5.519999999999999,3410.0,259.5,53.5,492.0,11.129,6.3500000000000005,30.6,35.7,3.2,33.0,0.2934,70.0280112044818,6.314,28.06,24.590000000000003,25.4,68.53,0.0579,376.3,2.0,1.0,2.0,2024.0,11.0,13.0,25.0
164.0,56.1,9.0,1.0,0.173,60.3,5.7,3400.0,130.0,60.0,110.0,9.24,6.2,23.0,28.0,5.0,1.0,0.192,68.43646549528903,6.15,28.1,22.2,22.9,70.1,0.041,278.0,2.0,1.0,2.0,2024.0,11.0,13.0,25.0
163.9,56.7,21.1,4.0,0.742,70.5,5.519999999999999,3500.0,255.0,48.8,611.0,11.405,6.474000000000001,38.8,37.5,3.2,37.0,0.3281,71.61955691367456,6.579000000000001,26.18,24.43,25.37,69.05,0.056,378.5,2.0,1.0,2.0,2024.0,11.0,13.0,25.0
189.6,53.03,21.4,4.0,0.756,70.1,5.37,3430.0,579.0,56.7,329.2,12.499000000000002,6.9,7.7,17.4,3.6,15.3,0.0952999999999999,70.0280112044818,6.401999999999999,38.22,23.73,23.92,75.01,0.1263,180.9,1.0,1.0,1.0,2024.0,11.0,13.0,29.0
196.9,54.7,20.0,4.0,0.686,60.9,5.6,3700.0,380.0,68.0,96.0,11.24,7.0,7.0,21.0,3.0,1.0,0.096,74.8026483320601,6.4,32.8,22.2,23.5,71.3,0.047,282.0,1.0,1.0,1.0,2024.0,11.0,13.0,29.0
184.3,53.7,24.7,1.0,0.177,70.2,5.4,3510.0,467.0,56.8,695.0,12.381000000000002,6.9,10.4,27.8,2.8,13.4,0.1048,66.84491978609626,6.316000000000001,27.93,26.020000000000003,25.87,64.61,0.0888999999999999,225.4,1.0,1.0,1.0,2024.0,11.0,13.0,29.0
165.5,54.19,19.1,2.0,0.423,70.1,5.449,3360.0,271.0,53.1,703.2,9.654,6.6370000000000005,44.9,60.6,8.4,65.9,0.4883,71.61955691367456,6.49,25.130000000000003,23.97,24.89,73.7,0.121,190.9,0.0,1.0,0.0,2024.0,11.0,13.0,2.0
145.3,47.7,15.0,0.0,0.0,0.0,5.7,3500.0,240.0,62.0,82.0,10.17,7.4,1.0,18.0,2.0,1.0,0.07,0.0,8.36,37.4,22.2,23.2,70.3,0.038,282.0,0.0,1.0,0.0,2024.0,11.0,13.0,2.0
143.7,54.83999999999999,18.2,4.0,0.613,60.8,5.369999999999999,3320.0,257.9,52.0,562.2,9.946000000000002,6.815999999999998,7.6,31.6,1.7,12.3,0.1097999999999999,68.43646549528903,6.503,31.29,24.37,25.04,66.50000000000001,0.1147,225.9,0.0,1.0,0.0,2024.0,11.0,13.0,2.0
171.2,57.510000000000005,24.4,1.0,0.26,70.0,5.454,3160.0,195.3,38.8,624.0,8.686,6.558,15.3,22.85,1.8,30.0,0.1546,79.5772854596384,6.741,39.98,25.1,26.2,67.39,0.1731,288.6,2.0,0.0,0.0,2024.0,11.0,13.0,19.0
131.0,35.8,13.0,2.0,0.202,60.2,5.5,3500.0,110.0,60.0,120.0,8.72,7.4,1.0,25.0,1.0,1.0,0.091,57.29564553093965,6.34,34.3,22.2,22.8,73.8,0.052,377.0,2.0,0.0,0.0,2024.0,11.0,13.0,19.0
92.05,46.040000000000006,8.3,1.0,0.113,60.3,5.7730000000000015,3180.0,146.6,48.85,750.0,9.282,6.801,4.0,16.95,1.3,10.7,0.1028999999999999,62.070282658517954,6.437,32.58,27.160000000000004,26.83,62.96,0.1606,283.9,2.0,0.0,0.0,2024.0,11.0,13.0,19.0
155.3,57.14,20.9,1.0,0.173,60.8,5.431,3200.0,339.0,53.2,723.0,10.6825,7.06,6.6,17.9,2.4,16.4,0.0755,70.0280112044818,6.753,35.44,23.65,24.66,69.61,0.1414,355.6,0.0,2.0,1.0,2024.0,11.0,13.0,8.0
152.4,52.3,14.0,2.0,0.283,60.4,5.5,3100.0,800.0,71.0,80.0,11.53,6.9,19.0,16.0,3.0,1.0,0.146,65.25337407690348,8.79,40.7,22.2,22.5,74.7,0.056,324.0,0.0,2.0,1.0,2024.0,11.0,13.0,8.0
149.3,56.59000000000001,22.0,3.0,0.453,60.8,5.455,3110.0,268.0,52.35,287.0,10.481,7.049999999999999,13.5,12.9,1.3,15.1,0.0924,66.84491978609626,6.791,34.879999999999995,23.47,25.11,71.05,0.1016999999999999,318.3,0.0,2.0,1.0,2024.0,11.0,13.0,8.0
183.2,62.38999999999999,19.1,2.0,0.251,60.3,5.4515,2990.0,309.7,43.5,861.0,10.223,6.976000000000001,49.35,30.7,2.7,37.05,0.2774,60.47873694932519,6.537000000000001,29.36,23.72000000000001,23.74,78.85,0.0702,162.9,1.0,1.0,1.0,2024.0,11.0,13.0,15.0
166.95,53.8,22.0,4.0,0.608,70.4,5.6,3200.0,520.0,64.0,64.0,9.72,5.8,42.0,37.0,4.0,1.0,0.307,60.47873694932519,6.15,35.3,20.6,21.9,73.1,0.137,381.0,1.0,1.0,1.0,2024.0,11.0,13.0,15.0
174.0,60.65,21.3,2.0,0.491,70.3,5.4515,3170.0,317.2,53.0,1098.0,10.454,6.444,52.05,38.1,3.2,33.95,0.4397,74.8026483320601,6.4300000000000015,27.080000000000005,24.17,23.550000000000004,79.45,0.0955,137.8,1.0,1.0,1.0,2024.0,11.0,13.0,15.0
87.7,53.64,10.4,1.0,0.138,60.8,5.707,3125.0,387.0,43.8,324.8,9.3675,6.7620000000000005,32.55,26.8,2.0,20.2,0.1746,63.66182836771072,6.19,27.77,25.12,24.67,72.42999999999999,0.1271,162.9,2.0,1.0,1.0,2024.0,11.0,13.0,24.0
172.1,53.6,22.0,2.0,0.31,60.9,5.5,3000.0,690.0,58.0,48.0,9.91,6.4,37.0,42.0,4.0,8.0,0.3,66.84491978609626,5.85,31.1,20.6,21.7,73.3,0.319,307.0,2.0,1.0,1.0,2024.0,11.0,13.0,24.0
180.3,54.2,16.0,6.0,1.139,70.1,5.34,2965.0,282.65,49.25,1697.6,11.3205,7.1,92.0,140.0,4.0,27.0,0.828,70.0280112044818,6.0,30.2,20.6,21.3,75.0,0.558,344.0,2.0,1.0,1.0,2024.0,11.0,13.0,24.0
177.1,48.98,6.2,2.0,0.332,70.1,5.606,3400.0,206.0,41.5,1192.0,10.306,6.519999999999999,18.1,59.65,4.0,42.9,0.3327999999999999,70.0280112044818,6.864,35.51,24.020000000000003,24.2,71.46000000000001,0.2667,584.5,1.0,1.0,0.0,2024.0,11.0,13.0,11.0
169.5,62.9,21.0,7.0,1.128,70.2,5.5,3100.0,690.0,65.0,64.0,10.68,7.5,17.0,38.0,3.0,1.0,0.18,70.0280112044818,6.08,38.9,20.2,20.9,75.6,0.035,247.0,1.0,1.0,0.0,2024.0,11.0,13.0,11.0
190.1,54.65,20.9,0.0,0.0,0.0,5.498,3270.0,302.0,46.55,816.0,10.38,6.752000000000001,37.65,79.2,7.7,61.7,0.3857,0.0,6.6,35.33,23.56,24.17,72.67999999999999,0.0996,223.4,1.0,1.0,0.0,2024.0,11.0,13.0,11.0
112.05,57.4,19.8,1.0,0.263,80.0,5.523999999999999,3535.0,514.3,48.85,1866.0,12.5805,6.858999999999999,67.21666666666667,79.3,12.934,179.43400000000003,0.5683999999999999,79.5772854596384,6.4510000000000005,23.07,24.97,25.35,67.33,0.1835999999999999,335.7,2.0,2.0,2.0,2024.0,11.0,13.0,27.0
163.5,57.9,18.0,4.0,0.632,75.0,5.5,3400.0,800.0,77.0,88.0,13.15,7.1,15.0,52.0,9.0,1.0,0.256,66.84491978609626,4.71,30.4,20.2,20.8,74.4,0.356,240.0,2.0,2.0,2.0,2024.0,11.0,13.0,27.0
161.45,57.61999999999999,19.5,2.0,0.405,78.0,5.519,3520.0,490.8,55.3,1202.0,12.586,6.898999999999999,11.5,29.5,6.8,14.2,0.2647,73.21110262286733,6.377000000000001,24.94,23.920000000000005,24.67,68.14000000000001,0.1558999999999999,253.5,2.0,2.0,2.0,2024.0,11.0,13.0,27.0
188.9,59.42,18.8,3.0,0.439,70.1,5.6,3320.0,304.6,50.9,472.0,10.601000000000004,6.992,16.1,12.8,2.5,23.3,0.1183,68.43646549528903,6.515000000000001,32.870000000000005,23.69,23.83,79.44,0.102,171.0,0.0,0.0,1.0,2024.0,11.0,13.0,4.0
62.9,45.1,14.0,0.0,0.0,0.0,5.5,3000.0,700.0,72.0,66.0,10.95,7.2,75.0,65.0,5.0,18.0,0.702,0.0,3.93,28.0,20.2,20.4,77.3,0.346,192.0,0.0,0.0,1.0,2024.0,11.0,13.0,4.0
119.3,47.6,16.1,3.0,0.295,50.8,5.596,3310.0,204.0,50.4,890.0,10.274,6.878,29.4,13.6,3.5,35.6,0.1855,62.070282658517954,6.514,24.08,23.48,23.72,75.74,0.1365,149.4,0.0,0.0,1.0,2024.0,11.0,13.0,4.0
174.9,61.54,22.3,2.0,0.272,60.8,5.57,3440.0,178.4,42.1,362.8,9.947500000000002,6.090999999999999,4.6,13.2,2.5,22.2,0.1174,65.25337407690348,6.321,30.770000000000003,23.91,23.18,79.61,0.083,294.2,2.0,2.0,2.0,2024.0,11.0,20.0,27.0
170.1,58.46,16.5,1.0,0.172,60.3,5.69,3615.0,242.3,48.8,1500.0,10.469,6.39,7.4,15.6,3.0,14.3,0.1956,73.21110262286733,6.3660000000000005,25.37,24.29,23.379999999999995,75.14,0.1286999999999999,221.4,2.0,2.0,2.0,2024.0,11.0,20.0,27.0
183.1,66.0,18.0,0.0,0.0,0.0,5.8,3500.0,240.0,41.0,980.0,8.94,6.1,5.0,11.0,3.0,16.0,0.106,0.0,6.05,17.1,21.9,22.5,82.2,0.0,111.0,2.0,2.0,2.0,2024.0,11.0,20.0,27.0
90.2,52.17,10.3,0.0,0.0,0.0,5.686999999999999,3260.0,406.6,44.5,308.4,9.866,6.692,32.75,25.1,2.0,21.4,0.1896,0.0,6.465999999999999,30.660000000000004,22.28,23.14,78.47,0.1369,260.4,2.0,1.0,1.0,2024.0,11.0,20.0,24.0
90.2,52.17,10.3,0.0,0.0,0.0,5.686999999999999,3260.0,406.6,44.5,308.4,9.866,6.692,32.75,25.1,2.0,21.4,0.1896,0.0,6.465999999999999,30.660000000000004,22.28,23.14,78.47,0.1369,260.4,2.0,1.0,1.0,2024.0,11.0,20.0,24.0
86.5,65.0,11.0,2.0,0.313,60.9,5.7,3000.0,230.0,37.0,950.0,7.99,6.4,19.0,16.0,1.0,12.0,0.176,66.84491978609626,6.15,14.5,21.5,22.6,83.4,0.0,125.0,2.0,1.0,1.0,2024.0,11.0,20.0,24.0
110.2,48.48,16.4,0.0,0.0,0.0,5.715999999999999,3350.0,192.6,48.7,1042.6,10.3815,6.808,62.4,104.5,7.2,124.5,0.5898000000000001,0.0,6.045999999999999,24.71,24.28,23.33,74.30999999999999,0.1840999999999999,157.0,0.0,0.0,1.0,2024.0,11.0,20.0,4.0
172.5,59.34,21.1,4.0,0.695,70.1,5.630000000000001,3410.0,195.6,47.4,727.0,10.327500000000002,7.0120000000000005,14.9,40.4,2.5,24.6,0.1273,63.66182836771072,6.610000000000001,25.6,23.67,23.890000000000004,78.8,0.0824999999999999,186.6,0.0,0.0,1.0,2024.0,11.0,20.0,4.0
154.3,62.4,11.0,2.0,0.345,70.0,5.6,3300.0,210.0,37.0,780.0,8.63,5.6,4.0,6.0,1.0,7.0,0.043,70.0280112044818,6.06,20.2,21.5,22.5,83.7,0.0,143.0,0.0,0.0,1.0,2024.0,11.0,20.0,4.0
182.5,62.06999999999999,22.2,0.0,0.0,0.0,5.462999999999999,2840.0,312.7,45.1,1004.0,10.343,6.94,48.95,32.2,2.9,37.2,0.2803,0.0,6.486,30.35,23.710000000000004,23.640000000000004,77.47999999999999,0.1076999999999999,207.3,1.0,1.0,1.0,2024.0,11.0,20.0,15.0
182.5,62.06999999999999,22.2,0.0,0.0,0.0,5.462999999999999,2840.0,312.7,45.1,1004.0,10.343,6.94,48.95,32.2,2.9,37.2,0.2803,0.0,6.486,30.35,23.710000000000004,23.640000000000004,77.47999999999999,0.1076999999999999,207.3,1.0,1.0,1.0,2024.0,11.0,20.0,15.0
161.55,62.7,9.0,0.0,0.0,0.0,5.7,3000.0,220.0,33.0,1000.0,8.34,7.0,42.0,42.0,2.0,36.0,0.302,0.0,6.31,17.7,21.9,22.4,86.0,0.011,148.0,1.0,1.0,1.0,2024.0,11.0,20.0,15.0
167.95,57.0,7.0,5.0,0.711,60.3,5.6,3600.0,96.0,40.0,910.0,9.69,6.2,13.0,21.0,1.0,14.0,0.095,63.66182836771072,6.24,25.0,21.4,22.2,84.3,0.043,147.0,0.0,2.0,2.0,2024.0,11.0,20.0,9.0
204.4,56.02,19.3,2.0,0.368,70.0,5.555000000000001,3595.0,117.4,44.9,1258.0,10.6415,7.12,27.3,17.3,6.867,104.6,0.2041,71.61955691367456,6.827000000000001,27.370000000000005,26.49,26.39,66.35,0.1146,315.3,0.0,2.0,2.0,2024.0,11.0,20.0,9.0
188.45,57.57000000000001,18.5,1.0,0.144,60.6,5.687500000000001,3090.0,130.8,47.8,657.0,10.44,7.131,19.5,13.1,3.067,22.2,0.1352999999999999,66.84491978609626,6.468000000000001,33.82,25.84,26.34,66.09,0.0987,240.9,0.0,2.0,2.0,2024.0,11.0,20.0,9.0
102.4,63.5,9.0,1.0,0.075,50.5,5.5,3500.0,69.0,40.0,670.0,9.46,6.3,46.0,62.0,4.0,29.0,0.398,54.11255411255412,6.34,13.1,21.9,22.2,87.2,0.006,152.0,1.0,0.0,1.0,2024.0,11.0,20.0,13.0
85.0,59.75999999999999,12.9,1.0,0.144,70.0,5.532500000000001,3610.0,297.5,67.8,642.0,11.2545,6.49,62.5,50.65,4.8,30.2,0.5508,65.25337407690348,6.3100000000000005,19.81,27.410000000000004,26.72,63.44,0.1893,491.7,1.0,0.0,1.0,2024.0,11.0,20.0,13.0
179.4,58.34,12.6,0.0,0.0,0.0,5.4325,3410.0,267.5,49.85,998.5,10.8695,6.410000000000001,63.4,61.85,5.8,26.533000000000005,0.5398999999999999,0.0,6.49,18.48,26.81,27.349999999999994,64.69,0.0761,335.0,1.0,0.0,1.0,2024.0,11.0,20.0,13.0
200.5,66.5,28.0,2.0,0.292,60.7,5.6,3300.0,73.0,40.0,350.0,9.07,6.7,12.0,13.0,1.0,8.0,0.094,65.25337407690348,6.41,22.1,21.9,22.5,84.2,0.058,156.0,2.0,0.0,1.0,2024.0,11.0,20.0,22.0
118.8,59.35999999999999,21.4,1.0,0.172,70.3,5.4975000000000005,3220.0,264.0,49.3,943.0,10.728999999999996,7.034000000000001,44.8,60.616666666666674,5.0,23.6,0.3560999999999999,70.0280112044818,6.296999999999999,29.110000000000003,26.48,26.9,64.99,0.1151,161.6,2.0,0.0,1.0,2024.0,11.0,20.0,22.0
136.0,58.15999999999999,18.5,1.0,0.165,70.3,5.4615,3140.0,251.2,47.9,991.0,10.707999999999997,7.057,42.4,75.75,4.8,24.3,0.3560999999999999,68.43646549528903,6.461,30.44,26.34,26.89,65.16999999999999,0.1326,169.8,2.0,0.0,1.0,2024.0,11.0,20.0,22.0
176.8,59.1,16.0,2.0,0.207,60.3,5.6,3100.0,250.0,35.0,150.0,7.73,6.6,1.0,6.0,1.0,9.0,0.031,57.29564553093965,6.36,46.7,21.9,22.6,86.0,0.031,235.0,1.0,0.0,0.0,2024.0,11.0,20.0,10.0
181.6,56.77,21.6,3.0,0.529,60.9,5.339999999999999,2880.0,516.0,41.45,176.0,9.737,6.755999999999999,5.0,15.1,1.5,10.2,0.0542,68.43646549528903,6.364,36.47,23.770000000000003,24.21,78.16,0.0652,153.2,1.0,0.0,0.0,2024.0,11.0,20.0,10.0
177.1,57.17,16.4,2.0,0.396,70.6,5.411,2770.0,461.0,46.3,164.9,9.192,6.635999999999998,5.3,24.1,2.5,13.6,0.1397999999999999,70.0280112044818,6.341000000000001,38.89,23.770000000000003,24.21,77.94,0.0864,162.1,1.0,0.0,0.0,2024.0,11.0,20.0,10.0
143.8,54.36,22.9,2.0,0.277,60.5,5.532,3200.0,133.4,40.0,277.9,9.374,6.875,9.7,17.3,2.0,16.0,0.1111,63.66182836771072,6.816999999999998,32.559999999999995,24.14,24.88,70.8,0.0974,208.6,0.0,0.0,0.0,2024.0,11.0,20.0,28.0
143.8,54.99000000000001,21.9,1.0,0.134,60.6,5.441999999999999,3210.0,142.0,40.0,277.9,9.536,6.925,9.8,22.2,2.0,15.9,0.1234,63.66182836771072,6.717999999999999,30.23,24.2,25.72,64.61,0.0981,231.8,0.0,0.0,0.0,2024.0,11.0,20.0,28.0
138.6,56.6,17.0,3.0,0.406,60.6,5.7,3200.0,82.0,38.0,320.0,8.45,6.3,8.0,20.0,1.0,6.0,0.105,63.66182836771072,6.71,28.3,21.9,22.7,85.2,0.024,197.0,0.0,0.0,0.0,2024.0,11.0,20.0,28.0
178.3,58.71,18.5,2.0,0.228,60.5,5.433,3140.0,328.3,43.2,539.0,9.711999999999998,6.528999999999999,17.2,26.9,3.8,21.1,0.1262,60.47873694932519,6.37,31.49,25.130000000000003,25.73,67.41999999999999,0.1365,298.8,1.0,2.0,0.0,2024.0,11.0,20.0,12.0
137.1,59.86999999999999,19.0,5.0,0.448,60.7,5.432,3190.0,366.7,45.4,317.0,10.107,6.439,12.1,11.3,3.0,20.6,0.1159,63.66182836771072,6.362,32.31,24.860000000000007,25.76,70.58000000000001,0.1229,240.0,1.0,2.0,0.0,2024.0,11.0,20.0,12.0
143.9,63.7,14.0,3.0,0.456,60.6,5.6,3600.0,110.0,42.0,520.0,9.24,6.3,1.0,10.0,1.0,9.0,0.047,63.66182836771072,6.38,38.7,21.9,22.4,86.3,0.13,162.0,1.0,2.0,0.0,2024.0,11.0,20.0,12.0
172.2,57.17,16.0,1.0,0.152,60.1,5.6,3395.0,143.3,50.3,800.0,11.2785,7.061999999999999,13.1,32.4,2.9,11.4,0.0458999999999999,68.43646549528903,6.606,34.300000000000004,24.17,25.49,71.34,0.3391,225.1,2.0,2.0,1.0,2024.0,11.0,20.0,26.0
180.0,57.46,15.5,2.0,0.205,70.2,5.588,3425.0,146.6,48.85,780.0,11.169,7.052,12.7,32.3,3.8,11.2,0.044,57.29564553093965,6.62,33.57000000000001,24.14,25.32,72.3,0.3396,234.7,2.0,2.0,1.0,2024.0,11.0,20.0,26.0
191.6,65.7,14.0,2.0,0.241,60.3,5.6,3300.0,30.0,40.0,550.0,8.26,6.7,10.0,5.0,1.0,16.0,0.048,62.070282658517954,6.36,40.6,21.9,22.3,87.1,0.228,174.0,2.0,2.0,1.0,2024.0,11.0,20.0,26.0
135.4,51.32000000000001,11.2,2.0,0.231,60.5,5.633000000000001,3280.0,150.95,41.0,715.9,10.377,6.824,17.133,25.9,4.95,28.0,0.114,55.70409982174688,6.419,23.01,26.630000000000003,26.68,63.39,0.1665,308.2,1.0,1.0,2.0,2024.0,11.0,20.0,16.0
118.7,47.25000000000001,6.4,0.0,0.0,0.0,5.9165,3280.0,174.65,40.5,1951.0,9.356,6.794999999999999,51.133,114.8,9.8,107.9,0.445,0.0,6.378,24.19,26.12,26.649999999999995,64.08,0.3035,723.3,1.0,1.0,2.0,2024.0,11.0,20.0,16.0
157.7,54.5,13.0,1.0,0.092,60.0,5.6,3800.0,79.0,46.0,730.0,9.54,6.8,13.0,10.0,1.0,17.0,0.07,55.70409982174688,6.29,43.5,21.5,22.3,84.8,0.164,141.0,1.0,1.0,2.0,2024.0,11.0,20.0,16.0
149.8,49.5,11.0,3.0,0.301,60.7,5.8,3700.0,47.0,49.0,670.0,10.22,6.0,28.0,45.0,2.0,14.0,0.226,58.88719124013242,6.22,40.5,22.7,23.9,77.0,0.206,279.0,0.0,0.0,0.0,2024.0,11.0,20.0,1.0
161.6,56.84000000000001,18.5,0.0,0.0,0.0,5.5165000000000015,3260.0,300.9,50.7,408.7,10.583,6.550000000000002,27.1,35.1,2.25,37.75,0.2082,0.0,6.385000000000001,34.44,26.43,27.05,63.64,0.1094,280.8,0.0,0.0,0.0,2024.0,11.0,20.0,1.0
161.6,56.84000000000001,18.5,0.0,0.0,0.0,5.5165000000000015,3260.0,300.9,50.7,408.7,10.583,6.550000000000002,27.1,35.1,2.25,37.75,0.2082,0.0,6.385000000000001,34.44,26.43,27.05,63.64,0.1094,280.8,0.0,0.0,0.0,2024.0,11.0,20.0,1.0
150.6,56.5,11.0,1.0,0.109,60.6,5.9,3300.0,26.0,42.0,660.0,8.48,5.5,49.0,33.0,2.0,13.0,0.316,60.47873694932519,6.33,39.5,22.7,23.6,82.0,0.137,274.0,1.0,0.0,2.0,2024.0,11.0,20.0,14.0
193.05,53.6,16.1,0.0,0.0,0.0,5.592499999999999,3590.0,112.3,47.9,822.0,9.907,6.574,75.0,71.9,5.1,72.5,0.5371999999999999,0.0,6.614,32.92,23.96,24.680000000000003,72.45,0.2096999999999999,335.8,1.0,0.0,2.0,2024.0,11.0,20.0,14.0
167.6,55.49999999999999,15.4,4.0,0.447,60.9,5.562,3380.0,113.9,45.7,439.7,9.934,7.439999999999999,10.7,26.2,1.6,17.1,0.0762999999999999,63.66182836771072,6.633,34.3,23.95,24.29,73.26,0.095,271.4,1.0,0.0,2.0,2024.0,11.0,20.0,14.0
171.6,56.4,18.0,2.0,0.237,60.2,5.8,3500.0,62.0,48.0,720.0,9.75,6.8,22.0,9.0,1.0,12.0,0.111,65.25337407690348,6.4,33.9,22.3,23.3,82.8,0.071,266.0,0.0,1.0,2.0,2024.0,11.0,20.0,7.0
214.1,56.06,18.8,3.0,0.514,60.8,5.54,3430.0,84.2,50.8,499.0,10.816999999999998,7.0200000000000005,35.6,52.8,4.3,59.2,0.2139999999999999,68.43646549528903,6.73,21.9,23.23,24.06,76.31,0.1322,245.5,0.0,1.0,2.0,2024.0,11.0,20.0,7.0
143.0,52.03,17.9,2.0,0.247,60.3,5.3020000000000005,3200.0,568.0,50.55,315.0,11.042000000000002,6.519,29.8,18.5,2.3,24.8,0.1392,60.47873694932519,6.455,37.23,23.83,24.1,78.02,0.1766,305.3,0.0,1.0,2.0,2024.0,11.0,20.0,7.0
186.8,57.6,17.0,0.0,0.0,0.0,5.8,3200.0,71.0,39.0,480.0,8.72,6.4,4.0,8.0,1.0,9.0,0.048,0.0,6.26,35.1,22.3,22.8,82.9,0.175,238.0,0.0,2.0,0.0,2024.0,11.0,20.0,3.0
183.9,56.34,14.6,3.0,0.426,60.3,5.556000000000001,3235.0,235.3,54.7,383.0,9.984,6.598999999999999,11.3,20.25,1.7,18.7,0.1322,58.88719124013242,6.372000000000001,32.79,24.01,24.42,74.56000000000002,0.1392,192.0,0.0,2.0,0.0,2024.0,11.0,20.0,3.0
148.55,57.71,19.0,4.0,0.755,70.2,5.4,2980.0,539.5,53.4,620.0,10.64,5.83,15.4,55.5,3.0,50.2,0.1896,74.8026483320601,6.476999999999999,39.41,25.11,25.76,69.33,0.144,289.7,0.0,2.0,0.0,2024.0,11.0,20.0,3.0
155.55,56.2,23.9,1.0,0.088,60.4,5.345,3345.0,192.0,48.0,562.5,10.09,6.780000000000001,17.2,25.8,3.2,14.7,0.187,55.70409982174688,6.456,34.3,27.74,28.21,59.96,0.2053,566.5,2.0,0.0,2.0,2024.0,11.0,20.0,23.0
166.85,58.69000000000001,16.9,2.0,0.256,60.9,5.42,3405.0,178.5,53.6,420.6,10.352,6.7200000000000015,19.85,11.6,3.0,13.3,0.1832,60.47873694932519,6.397,35.959999999999994,23.74,24.110000000000003,75.06,0.2941,422.6,2.0,0.0,2.0,2024.0,11.0,20.0,23.0
159.4,52.7,15.0,0.0,0.0,0.0,5.6,3600.0,110.0,49.0,300.0,9.63,6.9,19.0,17.0,5.0,13.0,0.1,0.0,6.3,34.3,22.3,22.8,82.9,0.225,255.0,2.0,0.0,2.0,2024.0,11.0,20.0,23.0
188.2,58.32000000000001,14.3,3.0,0.264,50.4,5.44,2990.0,136.8,53.2,363.0,9.8685,6.94,21.4,35.05,2.6,36.9,0.1523999999999999,58.88719124013242,6.566,35.32,24.79,25.74,64.78999999999999,0.1625,221.7,2.0,2.0,0.0,2024.0,11.0,20.0,21.0
160.6,59.42,18.9,3.0,0.485,60.8,5.406999999999999,3260.0,144.0,52.2,261.5,9.449000000000002,6.98,6.1,13.6,1.0,10.6,0.0713,70.0280112044818,6.671000000000001,36.77,24.78,25.630000000000003,66.89,0.1482,247.3,2.0,2.0,0.0,2024.0,11.0,20.0,21.0
142.0,60.8,18.0,3.0,0.35,60.5,5.6,3400.0,73.0,58.0,420.0,9.41,6.7,31.0,35.0,1.0,9.0,0.168,60.47873694932519,6.21,51.7,22.3,23.1,81.6,0.152,271.0,2.0,2.0,0.0,2024.0,11.0,20.0,21.0
154.7,53.8,12.2,0.0,0.0,0.0,5.520999999999999,3255.0,129.9,44.5,945.1,10.7795,6.622,10.7,5.45,1.6,30.1,0.079,0.0,6.252000000000001,38.02,28.279999999999998,29.59,56.44,0.0789,647.8,0.0,0.0,2.0,2024.0,11.0,20.0,5.0
119.95,52.80000000000001,11.6,2.0,0.397,70.4,5.701999999999999,3490.0,227.2,51.6,1415.0,11.523,6.640000000000001,64.9,54.95,8.5,78.75,0.6288,81.16883116883118,6.302999999999999,23.82,29.33,31.120000000000005,52.77,0.5342,588.2,0.0,0.0,2.0,2024.0,11.0,20.0,5.0
166.4,50.0,14.0,0.0,0.0,0.0,5.7,3800.0,70.0,46.0,790.0,9.02,6.5,36.0,15.0,1.0,10.0,0.182,0.0,6.36,51.4,22.7,23.8,80.3,0.187,281.0,0.0,0.0,2.0,2024.0,11.0,20.0,5.0
143.1,53.53,7.4,3.0,0.349,60.2,5.389999999999999,3300.0,531.7,57.2,1279.6,12.614999999999998,6.38,63.1,55.3,6.8,82.0,0.5315,62.070282658517954,6.411,32.89999999999999,26.640000000000004,27.36,60.45,0.0891999999999999,254.9,2.0,2.0,2.0,2024.0,11.0,20.0,30.0
147.2,53.6,7.0,2.0,0.304,60.5,5.389999999999999,3350.0,524.0,61.1,1279.6,12.618,6.48,61.15,52.4,6.8,82.0,0.5315,68.43646549528903,6.398999999999999,33.739999999999995,26.640000000000004,27.32,60.74,0.0933,254.9,2.0,2.0,2.0,2024.0,11.0,20.0,30.0
168.8,57.6,15.0,3.0,0.369,60.7,5.7,3500.0,38.0,44.0,680.0,9.07,6.0,42.0,29.0,3.0,1.0,0.25,62.070282658517954,6.42,45.1,22.7,23.9,76.8,0.109,310.0,2.0,2.0,2.0,2024.0,11.0,20.0,30.0
163.0,57.8,15.0,2.0,0.281,60.2,5.7,3200.0,42.0,40.0,530.0,5.97,6.4,10.0,19.0,1.0,6.0,0.108,65.25337407690348,6.28,30.1,23.1,23.9,76.3,0.194,298.0,2.0,1.0,0.0,2024.0,11.0,20.0,20.0
190.05,58.3,21.1,1.0,0.108,60.3,5.465,3430.0,153.3,48.75,273.1,9.592,6.758,17.35,21.55,2.2,35.75,0.1086,63.66182836771072,7.237999999999999,30.98,23.53,24.110000000000003,75.77000000000001,0.1406,219.1,2.0,1.0,0.0,2024.0,11.0,20.0,20.0
125.25,52.74000000000001,11.6,6.0,0.904,71.0,5.5945,3130.0,115.3,37.8,1840.0,8.909,6.611,27.15,37.4,4.6,37.3,0.3086,79.5772854596384,6.4590000000000005,22.600000000000005,28.14,30.440000000000005,55.44,0.0904,646.8,2.0,1.0,0.0,2024.0,11.0,20.0,20.0
153.2,56.1,13.0,1.0,0.132,60.0,5.7,3800.0,59.0,44.0,660.0,9.33,5.8,23.0,23.0,2.0,22.0,0.144,65.25337407690348,6.25,46.6,23.1,24.0,78.7,0.178,276.0,1.0,2.0,2.0,2024.0,11.0,20.0,18.0
156.5,60.05,11.5,1.0,0.703,70.0,5.657000000000001,3210.0,194.4,49.8,474.0,9.915,6.872,16.6,12.4,2.3,19.7,0.1210999999999999,70.0280112044818,6.302,43.28,25.69,26.35,65.0,0.0792,387.8,1.0,2.0,2.0,2024.0,11.0,20.0,18.0
133.2,58.81,17.6,0.0,0.0,0.0,5.462,3480.0,206.8,52.6,1198.0,11.1855,6.486,26.0,22.0,2.6,22.5,0.1668,0.0,6.399000000000001,30.45,27.82,29.320000000000004,55.91,0.1639999999999999,586.7,1.0,2.0,2.0,2024.0,11.0,20.0,18.0
161.2,55.6,15.0,1.0,0.605,68.0,5.8,3600.0,73.0,45.0,690.0,8.89,6.7,5.0,23.0,3.0,10.0,0.091,70.0280112044818,6.29,35.1,23.1,24.2,75.7,0.304,274.0,1.0,1.0,1.0,2024.0,11.0,20.0,29.0
161.3,53.44000000000001,14.1,3.0,0.409,68.0,5.427,3650.0,332.6,50.7,652.0,12.211000000000002,6.840000000000001,7.2,17.7,2.7,17.95,0.0958999999999999,66.84491978609626,6.330000000000001,36.38,26.590000000000003,26.32,64.83000000000001,0.0852,261.6,1.0,1.0,1.0,2024.0,11.0,20.0,29.0
107.0,52.84,11.7,0.0,0.0,0.0,5.736999999999999,3550.0,190.6,45.2,2104.6,10.559,6.769999999999999,77.0,48.2,13.9,102.45,0.7082999999999999,0.0,6.318,30.64,28.21,29.919999999999995,56.5,0.2375999999999999,766.0,1.0,1.0,1.0,2024.0,11.0,20.0,29.0
167.4,56.6,15.0,0.0,0.0,0.0,5.8,3200.0,67.0,45.0,460.0,8.01,6.4,18.0,33.0,2.0,6.0,0.131,0.0,6.18,47.5,23.9,24.7,77.2,0.25,248.0,2.0,1.0,2.0,2024.0,11.0,20.0,25.0
151.2,57.790000000000006,9.1,0.0,0.0,0.0,5.64,3315.0,93.4,40.0,374.0,8.370999999999999,6.13,19.8,27.15,2.7,14.8,0.1416,0.0,6.372999999999999,29.62,23.98,25.36,71.47,0.1608,257.2,2.0,1.0,2.0,2024.0,11.0,20.0,25.0
194.8,56.64,15.9,2.0,0.299,65.1,5.449999999999999,3265.0,157.4,49.05,359.0,8.490499999999999,6.235000000000001,33.4,22.2,3.0,17.7,0.2779,6.5253374076903485,6.324,20.46,24.340000000000003,25.4,69.33000000000001,0.0802,322.9,2.0,1.0,2.0,2024.0,11.0,20.0,25.0
158.15,57.98,24.5,2.0,0.523,80.2,5.44,3170.0,170.2,39.4,563.0,8.986999999999998,6.75,14.7,29.55,2.1,36.0,0.1757,79.5772854596384,6.743,39.75000000000001,25.08,25.6,66.53999999999999,0.1308,277.5,2.0,0.0,0.0,2024.0,11.0,20.0,19.0
158.95,57.44,24.7,3.0,0.485,70.3,5.44,3120.0,210.8,38.7,612.0,9.846,6.69,14.9,69.65,2.8,44.8,0.2846999999999999,74.8026483320601,6.517999999999999,40.970000000000006,25.47,25.95,63.75,0.1424,256.5,2.0,0.0,0.0,2024.0,11.0,20.0,19.0
108.25,48.8,7.0,1.0,0.045,60.7,5.6,3000.0,140.0,48.0,430.0,8.34,7.3,1.0,35.0,1.0,10.0,0.091,65.25337407690348,6.32,31.6,23.9,24.6,78.2,0.331,263.0,2.0,0.0,0.0,2024.0,11.0,20.0,19.0
148.8,54.84,19.3,3.0,0.584,78.9,5.398,3300.0,304.0,54.8,582.2,10.407,6.557,76.0,52.5,7.8,88.0,0.5575000000000001,73.21110262286733,6.492,29.379999999999995,25.59,25.56,69.98,0.132,181.3,0.0,1.0,0.0,2024.0,11.0,20.0,2.0
130.5,47.43,21.0,3.0,0.284,60.1,5.461,3450.0,281.0,51.0,893.0,10.654,6.95,41.1,54.1,6.8,64.25,0.4118,57.29564553093965,6.401000000000001,28.47000000000001,24.309999999999995,25.15,72.52000000000001,0.1331,427.9,0.0,1.0,0.0,2024.0,11.0,20.0,2.0
139.9,48.79,22.7,0.0,0.0,0.0,5.465,3420.0,355.0,51.2,317.2,10.553,7.1,20.6,16.0,4.0,32.55,0.0962,0.0,6.605,37.58,23.37,24.42,74.35,0.1304,397.7,0.0,1.0,0.0,2024.0,11.0,20.0,2.0
193.15,56.27,24.7,8.0,1.316,70.0,5.502,3210.0,138.2,55.4,339.4,9.991499999999998,6.426,29.8,14.3,2.25,23.2,0.0751,70.0280112044818,6.412999999999999,34.42,23.200000000000003,23.32,76.39,0.0738,271.3,0.0,1.0,1.0,2024.0,11.0,20.0,6.0
182.35,56.760000000000005,24.3,5.0,0.635,72.0,5.4495000000000005,3210.0,149.9,53.0,417.0,9.546499999999998,6.44,16.0,13.1,1.4,25.1,0.0869,65.25337407690348,6.681,35.85,23.81,23.81,76.8,0.0822,203.1,0.0,1.0,1.0,2024.0,11.0,20.0,6.0
180.25,58.6,16.0,4.0,0.602,69.0,5.8,3200.0,65.0,46.0,650.0,8.44,5.6,50.0,40.0,2.0,20.0,0.226,68.43646549528903,6.4,49.2,23.1,24.1,79.1,0.122,280.0,0.0,1.0,1.0,2024.0,11.0,20.0,6.0
122.1,57.92,13.9,4.0,0.553,69.5,5.27,3350.0,366.5,43.6,380.0,10.284,6.603999999999999,21.1,20.4,2.2,20.5,0.1706,66.84491978609626,6.36,42.220000000000006,23.77,24.36,77.50999999999999,0.1392,180.3,1.0,2.0,1.0,2024.0,11.0,20.0,17.0
158.7,53.370000000000005,20.2,4.0,0.617,72.5,5.460499999999999,3570.0,241.6,47.3,437.0,10.5965,6.910999999999999,70.4,36.7,7.6,83.55,0.5609999999999999,66.84491978609626,6.566,34.099999999999994,24.0,24.65,67.32000000000001,0.1519999999999999,249.9,1.0,2.0,1.0,2024.0,11.0,20.0,17.0
131.4,54.8,11.0,6.0,1.007,68.5,5.6,3300.0,250.0,37.0,520.0,9.52,6.5,18.0,34.0,3.0,12.0,0.095,68.43646549528903,6.26,50.7,23.1,23.8,79.1,0.227,273.0,1.0,2.0,1.0,2024.0,11.0,20.0,17.0
187.7,50.6,14.0,5.0,0.55,73.0,5.5,3300.0,100.0,47.0,790.0,8.56,7.0,11.0,7.0,1.0,13.0,0.059,68.43646549528903,9.0,37.2,23.1,24.0,77.1,0.243,246.0,1.0,1.0,0.0,2024.0,11.0,20.0,11.0
187.0,55.11999999999999,17.4,3.0,0.631,82.0,5.485000000000001,3150.0,279.0,47.9,1464.0,10.41,6.890000000000001,12.05,13.0,1.8,17.9,0.1084,71.61955691367456,6.955,33.77,23.46,23.87,77.19000000000001,0.1830999999999999,260.4,1.0,1.0,0.0,2024.0,11.0,20.0,11.0
187.4,52.98,15.3,3.0,0.373,63.5,5.5795,3260.0,283.0,43.75,983.0,10.311000000000003,6.8,15.05,26.5,2.6,15.8,0.207,65.25337407690348,6.7780000000000005,37.760000000000005,23.49,23.89,76.76,0.166,261.0,1.0,1.0,0.0,2024.0,11.0,20.0,11.0
134.1,57.8,12.0,2.0,0.417,66.0,5.7,3600.0,120.0,57.0,380.0,9.73,7.1,7.0,18.0,2.0,10.0,0.075,74.8026483320601,6.34,45.7,23.1,24.1,76.3,0.133,236.0,0.0,2.0,1.0,2024.0,11.0,20.0,8.0
100.7,47.290000000000006,10.0,4.0,0.721,63.3,5.677000000000001,3420.0,382.0,47.3,1238.0,10.942,6.8,36.35,61.4,6.1,106.9,1.9676999999999976,84.3519225872167,6.431,29.37,25.31,26.44,65.2,0.3858,305.1,0.0,2.0,1.0,2024.0,11.0,20.0,8.0
151.3,56.330000000000005,20.9,1.0,0.123,69.5,5.433000000000001,3100.0,598.0,52.9,451.0,11.1815,6.922,9.4,17.1,2.2,12.5,0.0809,62.070282658517954,6.803,37.14999999999999,23.36,24.33,72.91,0.1245999999999999,350.2,0.0,2.0,1.0,2024.0,11.0,20.0,8.0
157.75,52.81,17.3,0.0,0.0,0.0,5.767500000000001,3200.0,193.8,46.2,745.0,10.07,6.862,23.0,20.0,3.5,24.6,0.1281,0.0,6.53,36.9,23.1,24.6,73.5,0.044,127.0,0.0,2.0,2.0,2024.0,11.0,20.0,9.0
178.2,56.040000000000006,17.3,3.0,0.396,76.3,5.5175,3650.0,127.0,45.2,1400.0,11.2705,7.141,63.35,41.0,4.067,25.3,0.4695,65.25337407690348,6.692,22.84,25.9,26.07,66.85,0.1,304.0,0.0,2.0,2.0,2024.0,11.0,20.0,9.0
153.75,57.81999999999999,16.5,0.0,0.0,0.0,5.7685,3180.0,166.4,48.0,765.0,10.3915,6.863,21.8,22.2,3.2670000000000003,27.9,0.1563,0.0,6.390000000000001,36.97,26.62,26.68,65.94000000000001,0.0885,365.1,0.0,2.0,2.0,2024.0,11.0,20.0,9.0
89.2,51.99999999999999,12.1,3.0,0.335,72.0,5.524500000000001,3300.0,608.0,67.6,234.8,10.924,6.710000000000001,25.7,60.3,4.7,21.4,0.2496,60.47873694932519,6.27,45.6,23.5,24.8,75.3,0.123,160.0,1.0,0.0,1.0,2024.0,11.0,20.0,13.0
85.0,58.96,9.9,2.0,0.273,65.3,5.4545,3610.0,300.5,68.0,921.0,11.372,6.49,19.05,37.15,4.0,24.5,0.1716,65.25337407690348,6.274,21.07,27.35,27.34,63.10000000000001,0.1814,459.8,1.0,0.0,1.0,2024.0,11.0,20.0,13.0
179.4,58.34,12.6,0.0,0.0,0.0,5.4325,3410.0,267.5,49.85,998.5,10.8695,6.410000000000001,63.4,61.85,5.8,26.533000000000005,0.5398999999999999,0.0,6.49,18.48,26.81,27.349999999999994,64.69,0.0761,335.0,1.0,0.0,1.0,2024.0,11.0,20.0,13.0
140.9,57.53,18.0,1.0,0.164,78.1,5.639,3665.0,190.6,48.8,1435.0,11.4265,7.298,117.2,77.8,34.75,163.2,0.9929,68.43646549528903,6.476000000000001,14.15,26.54,26.28,68.00000000000001,0.2413,490.0,2.0,2.0,1.0,2024.0,11.0,20.0,26.0
188.1,57.46,18.3,0.0,0.0,0.0,5.582,3435.0,159.0,48.95,710.0,11.101499999999998,7.081999999999999,12.9,33.45,2.9,11.9,0.0493,0.0,6.817,34.11,24.370000000000005,25.42,71.34,0.32,205.5,2.0,2.0,1.0,2024.0,11.0,20.0,26.0
148.3,57.760000000000005,16.1,1.0,0.105,62.0,5.588,3485.0,173.0,51.45,624.0,11.643,7.011999999999999,13.7,28.8,3.0,12.5,0.0611,62.070282658517954,6.47,34.2,23.5,24.8,76.2,0.399,190.0,2.0,2.0,1.0,2024.0,11.0,20.0,26.0
143.4,58.04,21.9,5.0,0.67,70.0,5.529999999999999,3520.0,140.1,48.9,357.9,10.505,6.853,16.9,29.2,2.6,15.1,0.1091,65.25337407690348,6.368,31.5,24.280000000000005,25.31,68.74,0.1831999999999999,179.2,1.0,1.0,2.0,2024.0,11.0,20.0,16.0
148.0,51.64,14.3,2.0,0.238,62.0,5.6155,3240.0,124.45,40.7,1799.0,10.34,6.732000000000001,17.5,24.0,2.5,26.4,0.082,62.070282658517954,6.394,27.99,25.469999999999995,26.419999999999995,66.05999999999999,0.1934999999999999,686.2,1.0,1.0,2.0,2024.0,11.0,20.0,16.0
165.7,58.05,20.4,2.0,0.226,65.0,5.48,3500.0,124.0,46.8,357.9,10.239999999999998,6.935,18.9,32.9,2.8,26.5,0.1047,63.66182836771072,6.32,28.1,23.2,24.7,75.0,0.33,150.0,1.0,1.0,2.0,2024.0,11.0,20.0,16.0
181.6,57.32000000000001,20.7,2.0,0.321,67.0,5.339999999999999,3030.0,448.0,41.45,173.0,9.0,6.69,5.0,18.7,1.5,9.6,0.0508,63.66182836771072,6.435,39.63,23.95,24.21,77.69,0.065,150.8,1.0,0.0,0.0,2024.0,11.0,20.0,10.0
142.3,55.0,10.9,1.0,0.226,73.1,5.4830000000000005,3080.0,342.0,43.25,1163.0,9.354,6.255,19.05,106.9,10.2,54.8,0.5465000000000001,7.48026483320601,6.654999999999999,31.96,26.440000000000005,27.84,59.93000000000001,0.129,269.0,1.0,0.0,0.0,2024.0,11.0,20.0,10.0
172.7,55.64,18.1,1.0,0.114,69.0,5.382499999999999,3100.0,477.0,45.15,560.0,9.847,6.805,24.1,25.3,3.4,16.9,0.1597,60.47873694932519,6.48,33.3,23.1,24.3,77.4,0.032,157.0,1.0,0.0,0.0,2024.0,11.0,20.0,10.0
181.1,57.58,20.0,0.0,0.0,0.0,5.516500000000001,3380.0,232.7,51.8,1063.0,10.3775,6.976000000000001,40.3,52.55,3.9,23.4,0.3243,0.0,6.44,27.860000000000003,26.4,26.570000000000004,65.38000000000001,0.1384,193.4,2.0,0.0,1.0,2024.0,11.0,20.0,22.0
136.0,58.56999999999999,18.0,1.0,0.157,68.1,5.4915,3180.0,258.0,48.8,902.0,10.159,6.997,42.4,58.55,4.8,24.5,0.3560999999999999,68.43646549528903,6.293999999999999,28.130000000000003,26.41,26.770000000000003,65.27,0.1115,165.6,2.0,0.0,1.0,2024.0,11.0,20.0,22.0
171.9,56.46,21.2,0.0,0.0,0.0,5.5815,3470.0,239.5,50.5,1327.0,10.014,6.962999999999999,35.8,72.95,4.4,38.9,0.3183,0.0,6.45,43.6,23.1,23.8,78.1,0.217,252.0,2.0,0.0,1.0,2024.0,11.0,20.0,22.0
206.2,57.11,20.7,0.0,0.0,0.0,5.406499999999999,3320.0,321.0,46.2,665.0,9.724,7.044000000000001,33.8,35.4,6.75,19.1,0.2125999999999999,0.0,6.46,27.1,23.5,23.8,76.7,0.041,267.0,1.0,2.0,0.0,2024.0,11.0,20.0,12.0
178.5,59.260000000000005,19.8,2.0,0.26,69.0,5.4395,3150.0,376.7,43.0,400.0,10.96,6.749,20.3,15.9,3.5,29.3,0.1296,60.47873694932519,6.392000000000001,33.39,25.110000000000007,25.54,67.16999999999999,0.1319,233.8,1.0,2.0,0.0,2024.0,11.0,20.0,12.0
121.6,59.88,21.5,5.0,0.798,76.0,5.433,3070.0,397.2,47.2,338.0,10.831,6.539,9.6,9.2,1.7,27.5,0.0728,65.25337407690348,6.379999999999998,38.62,25.01,26.1,68.12,0.0771,203.4,1.0,2.0,0.0,2024.0,11.0,20.0,12.0
77.25,50.09,17.8,3.0,0.617,74.9,5.800000000000001,3030.0,512.25,39.0,502.9,11.322,6.583,44.4,49.4,4.5,49.3,0.6701,70.0280112044818,6.56,20.6,24.3,23.7,78.6,0.019,160.0,0.0,0.0,0.0,2024.0,11.0,20.0,28.0
207.2,54.44000000000001,22.8,0.0,0.0,0.0,5.446,3260.0,146.0,48.3,329.9,9.566,6.993,12.6,27.5,2.8,12.7,0.126,0.0,6.467999999999999,31.35,24.42,25.62,65.83,0.1867,224.0,0.0,0.0,0.0,2024.0,11.0,20.0,28.0
112.2,53.260000000000005,22.9,3.0,0.298,69.3,5.438,3240.0,148.0,46.0,289.9,9.549,6.985000000000001,11.3,20.8,1.8,16.1,0.1189,55.70409982174688,6.993,31.93,23.85,24.76,70.44,0.1884999999999999,244.8,0.0,0.0,0.0,2024.0,11.0,20.0,28.0
165.0,56.86,28.7,5.0,0.948,75.9,5.524500000000001,3180.0,200.1,47.55,531.7,11.472,7.369999999999999,36.8,62.0,6.2,34.0,0.3944,70.0280112044818,6.54,29.8,23.9,23.6,78.7,0.029,157.0,0.0,0.0,0.0,2024.0,11.0,20.0,1.0
165.8,57.260000000000005,24.0,2.0,0.304,66.0,5.509,3170.0,193.0,54.35,221.4,11.248,6.94,23.2,32.0,2.15,29.9,0.2001,66.84491978609626,6.386000000000001,33.45,24.43,24.98,69.19000000000001,0.12,210.8,0.0,0.0,0.0,2024.0,11.0,20.0,1.0
156.7,53.39000000000001,14.9,3.0,0.373,58.0,5.5920000000000005,3350.0,167.9,46.85,504.0,10.309,6.5,24.8,27.8,2.65,37.35,0.2065999999999999,54.11255411255412,6.449,33.84,26.57,27.160000000000004,63.04999999999999,0.1222,303.0,0.0,0.0,0.0,2024.0,11.0,20.0,1.0
195.1,58.89,19.1,1.0,0.096,68.5,5.5435,3790.0,108.8,49.55,804.0,9.626,6.506,76.6,82.9,7.2,114.75,0.5336,57.29564553093965,6.45,21.9,24.3,23.4,77.3,0.033,139.0,1.0,0.0,2.0,2024.0,11.0,20.0,14.0
161.5,54.42999999999999,19.4,1.0,0.211,72.0,5.606,3460.0,182.4,41.55,971.0,11.13,6.401999999999999,23.2,60.85,3.5,49.7,0.2348999999999999,77.98573975044563,6.486999999999999,28.28,23.830000000000005,24.550000000000004,74.81,0.1359,188.7,1.0,0.0,2.0,2024.0,11.0,20.0,14.0
197.9,55.54999999999999,16.5,5.0,0.649,63.0,5.5795,3400.0,151.2,44.0,583.2,10.719,7.339999999999999,13.9,32.6,2.2,34.1,0.1669,6.684491978609626,6.632,31.940000000000005,24.160000000000004,24.690000000000005,70.44,0.102,233.7,1.0,0.0,2.0,2024.0,11.0,20.0,14.0
154.7,53.8,12.2,0.0,0.0,0.0,5.520999999999999,3255.0,129.9,44.5,945.1,10.7795,6.622,10.7,5.45,1.6,30.1,0.079,0.0,6.252000000000001,38.02,28.279999999999998,29.59,56.44,0.0789,647.8,0.0,0.0,2.0,2024.0,11.0,20.0,5.0
128.4,54.8,15.0,1.0,0.175,71.5,5.48,3455.0,174.5,46.8,935.0,10.368,6.772,10.2,10.45,1.6,27.35,0.1002,73.21110262286733,6.202,30.96,28.76,30.880000000000003,57.21,0.1105999999999999,604.6,0.0,0.0,2.0,2024.0,11.0,20.0,5.0
134.9,53.46,16.7,1.0,0.149,66.5,5.4605,3425.0,109.6,45.7,789.0,10.0465,6.866,13.95,9.3,1.5,30.05,0.1105,66.84491978609626,6.01,23.2,24.3,23.4,80.1,0.033,146.0,0.0,0.0,2.0,2024.0,11.0,20.0,5.0
147.2,55.21,9.4,4.0,0.484,66.0,5.299999999999999,3630.0,588.0,69.2,1579.6,12.921,6.5200000000000005,73.75,86.2,6.8,80.5,0.7708999999999999,65.25337407690348,6.413000000000001,32.669999999999995,26.02,27.2,62.4,0.1559,234.1,2.0,2.0,2.0,2024.0,11.0,20.0,30.0
143.1,53.23,6.7,3.0,0.353,65.0,5.36,3300.0,443.2,51.9,1059.6,12.303,6.380999999999999,63.1,53.9,6.8,82.0,0.5315,57.29564553093965,6.396,32.77,26.75,27.39,59.91,0.09,259.4,2.0,2.0,2.0,2024.0,11.0,20.0,30.0
154.9,55.11999999999999,11.2,0.0,0.0,0.0,5.458000000000001,3360.0,161.9,43.7,939.0,10.658,6.712999999999999,22.7,24.7,3.3,48.1,0.1607,0.0,6.52,29.9,23.9,23.5,78.5,0.018,160.0,2.0,2.0,2.0,2024.0,11.0,20.0,30.0
183.9,57.05,14.9,0.0,0.0,0.0,5.55,3085.0,152.8,40.0,294.4,9.519,6.711,10.1,17.65,1.3,18.6,0.1347,0.0,6.339,30.25,24.140000000000004,24.06,76.57000000000002,0.1588,177.1,0.0,2.0,0.0,2024.0,11.0,20.0,3.0
183.9,57.05,14.9,0.0,0.0,0.0,5.55,3085.0,152.8,40.0,294.4,9.519,6.711,10.1,17.65,1.3,18.6,0.1347,0.0,6.339,30.25,24.140000000000004,24.06,76.57000000000002,0.1588,177.1,0.0,2.0,0.0,2024.0,11.0,20.0,3.0
183.9,52.19,13.0,1.0,0.131,68.5,5.658,3070.0,113.55,40.4,640.4,9.1185,6.746,9.2,42.4,3.9,20.85,0.1903999999999999,63.66182836771072,6.35,26.4,24.3,23.7,77.7,0.028,183.0,0.0,2.0,0.0,2024.0,11.0,20.0,3.0
79.7,49.14999999999999,8.0,0.0,0.0,0.0,5.473999999999999,3480.0,369.0,51.05,735.0,11.733,6.516,43.3,107.4,5.4,64.15,0.4016,0.0,6.344,20.69,28.23,29.31,53.470000000000006,0.1483,287.0,0.0,1.0,2.0,2024.0,11.0,20.0,7.0
138.3,53.14,17.6,1.0,0.143,61.0,5.3020000000000005,3190.0,451.7,50.4,270.0,10.948,6.478,25.5,16.5,2.2,25.1,0.1426,70.0280112044818,6.456,34.260000000000005,25.71,26.360000000000003,65.7,0.1113,390.7,0.0,1.0,2.0,2024.0,11.0,20.0,7.0
170.4,51.290000000000006,16.6,0.0,0.0,0.0,5.337999999999999,3260.0,422.2,51.25,295.0,10.816,6.525999999999999,29.9,46.6,2.4,32.0,0.1608,0.0,6.58,31.9,23.9,23.8,78.0,0.08,270.0,0.0,1.0,2.0,2024.0,11.0,20.0,7.0
127.55,53.32000000000001,12.4,0.0,0.0,0.0,5.461,3230.0,152.9,52.8,901.0,10.788,6.83,75.85,75.9,7.85,84.3,0.8181999999999998,0.0,6.866,22.15,25.27,26.39,63.73,0.2307,367.6,2.0,2.0,0.0,2024.0,11.0,20.0,21.0
191.5,58.760000000000005,17.8,2.0,0.232,61.3,5.383999999999999,3110.0,171.5,52.2,303.0,9.3295,6.859999999999999,10.25,13.5,1.5,17.25,0.1026999999999999,60.47873694932519,6.597,36.32000000000001,24.61,25.85,66.82,0.1568,230.9,2.0,2.0,0.0,2024.0,11.0,20.0,21.0
127.55,53.32000000000001,12.4,0.0,0.0,0.0,5.461,3230.0,152.9,52.8,901.0,10.788,6.83,75.85,75.9,7.85,84.3,0.8181999999999998,0.0,6.866,22.15,25.27,26.39,63.73,0.2307,367.6,2.0,2.0,0.0,2024.0,11.0,20.0,21.0
146.0,56.98,16.5,2.0,0.353,68.0,5.6,3285.0,138.5,53.9,503.1,10.573,6.640000000000001,39.15,19.6,3.5,39.9,0.2921999999999999,71.61955691367456,6.35,28.5,23.9,23.2,80.0,0.045,153.0,2.0,0.0,2.0,2024.0,11.0,20.0,23.0
150.65,56.71,16.9,2.0,0.258,62.0,5.425,3410.0,183.5,52.0,498.5,10.243999999999998,6.890000000000001,17.6,24.1,3.0,14.7,0.1801,65.25337407690348,6.526000000000001,34.06,27.72000000000001,28.4,59.28,0.2008,605.2,2.0,0.0,2.0,2024.0,11.0,20.0,23.0
185.4,58.66,23.7,3.0,0.526,74.3,5.344999999999999,3400.0,217.5,50.0,450.5,10.883,6.3,23.6,20.8,3.1,22.3,0.2767,68.43646549528903,6.3740000000000006,36.150000000000006,23.950000000000003,24.42,76.07000000000001,0.1884999999999999,318.1,2.0,0.0,2.0,2024.0,11.0,20.0,23.0
183.5,56.220000000000006,16.9,0.0,0.0,0.0,5.4675,3230.0,116.5,48.05,440.1,8.81,6.328,13.5,20.15,1.75,37.3,0.0861,0.0,6.29,29.6,23.9,23.3,78.9,0.038,171.0,2.0,1.0,0.0,2024.0,11.0,20.0,20.0
168.2,57.66,16.6,4.0,0.517,66.9,5.5200000000000005,3230.0,90.9,48.8,1175.1,9.452000000000002,6.428,17.15,26.55,2.2,36.4,0.1299999999999999,63.66182836771072,6.523000000000001,24.610000000000003,24.58,26.01,66.09,0.0724,207.7,2.0,1.0,0.0,2024.0,11.0,20.0,20.0
168.2,57.82000000000001,16.6,4.0,0.558,66.8,5.5075,3170.0,92.9,46.0,646.2,9.456,6.428,19.55,22.7,2.2,36.4,0.1181,63.66182836771072,6.45,26.23,24.5,25.75,66.09,0.0785,206.2,2.0,1.0,0.0,2024.0,11.0,20.0,20.0
172.9,53.8,21.0,3.0,0.509,72.5,5.412,3140.0,167.2,42.9,1352.0,10.784,6.712000000000001,19.25,32.2,5.4,50.4,0.3338,74.8026483320601,6.36,29.1,23.9,23.3,80.0,0.023,169.0,1.0,2.0,2.0,2024.0,11.0,20.0,18.0
136.7,58.95,17.8,1.0,0.098,61.0,5.433999999999999,3455.0,381.9,59.6,1616.0,11.5805,6.593999999999999,27.0,20.4,2.4,18.9,0.1437,57.29564553093965,6.729000000000001,28.58,25.97,26.48,66.13,0.1649,431.7,1.0,2.0,2.0,2024.0,11.0,20.0,18.0
133.2,58.81,17.6,0.0,0.0,0.0,5.462,3480.0,206.8,52.6,1198.0,11.1855,6.486,26.0,22.0,2.6,22.5,0.1668,0.0,6.399000000000001,30.45,27.82,29.320000000000004,55.91,0.1639999999999999,586.7,1.0,2.0,2.0,2024.0,11.0,20.0,18.0
108.3,53.50999999999999,15.4,4.0,0.344,63.8,5.587,3400.0,302.3,43.1,977.0,10.9705,6.746,18.8,11.9,2.5,40.7,0.1394,57.29564553093965,6.362,27.43,26.7,28.12,60.86999999999999,0.1915,642.5,0.0,1.0,1.0,2024.0,11.0,20.0,6.0
154.15,53.88,18.9,2.0,0.175,54.9,5.507,3460.0,258.0,46.0,1562.0,10.946500000000002,6.666,21.0,29.55,3.0,48.4,0.3024999999999999,55.70409982174688,6.389,28.08,25.72000000000001,26.190000000000005,66.22,0.213,400.0,0.0,1.0,1.0,2024.0,11.0,20.0,6.0
184.75,56.41,22.6,2.0,0.277,71.3,5.414999999999999,3400.0,225.8,49.3,655.0,9.986,6.44,14.7,12.5,1.8,21.2,0.0844999999999999,66.84491978609626,7.18,28.1,24.3,23.3,75.7,0.054,167.0,0.0,1.0,1.0,2024.0,11.0,20.0,6.0
119.2,56.14,20.8,2.0,0.483,66.0,5.29,3640.0,418.0,48.0,407.0,11.653,6.747999999999999,12.3,16.4,2.0,25.2,0.1314,79.5772854596384,7.779000000000001,37.89,25.24,25.25,66.06,0.1104,216.8,1.0,2.0,1.0,2024.0,11.0,20.0,17.0
158.8,53.14,22.8,0.0,0.0,0.0,5.4735,3770.0,155.2,42.9,571.0,9.972,6.685,46.35,28.9,3.2,72.55,0.2627,0.0,6.953999999999999,35.29,24.110000000000003,25.35,67.4,0.1729,245.6,1.0,2.0,1.0,2024.0,11.0,20.0,17.0
129.0,53.91,22.3,1.0,0.286,85.0,5.369999999999999,3690.0,247.6,48.9,603.0,10.711000000000002,6.827,68.05,31.7,3.1,70.0,0.4204,82.76037687802393,7.724000000000001,35.37,23.95,25.18,67.14000000000001,0.136,230.3,1.0,2.0,1.0,2024.0,11.0,20.0,17.0
196.4,56.720000000000006,19.2,1.0,0.177,71.9,5.609999999999999,3645.0,123.0,46.1,419.0,8.427499999999998,6.410000000000001,40.5,33.25,2.9,13.9,0.2713,70.0280112044818,6.882000000000001,27.61,24.280000000000005,25.75,69.76000000000002,0.0717,324.8,2.0,1.0,2.0,2024.0,11.0,20.0,25.0
151.2,57.790000000000006,9.1,0.0,0.0,0.0,5.64,3315.0,93.4,40.0,374.0,8.370999999999999,6.13,19.8,27.15,2.7,14.8,0.1416,0.0,6.372999999999999,29.62,23.98,25.36,71.47,0.1608,257.2,2.0,1.0,2.0,2024.0,11.0,20.0,25.0
151.2,57.500000000000014,8.8,0.0,0.0,0.0,5.6385,3255.0,125.7,42.4,369.0,8.276,6.209999999999999,20.2,28.45,2.5,13.2,0.1437,0.0,6.4,22.9,23.9,23.1,77.6,0.063,139.0,2.0,1.0,2.0,2024.0,11.0,20.0,25.0
107.0,52.84,11.7,0.0,0.0,0.0,5.736999999999999,3550.0,190.6,45.2,2104.6,10.559,6.769999999999999,77.0,48.2,13.9,102.45,0.7082999999999999,0.0,6.318,30.64,28.21,29.919999999999995,56.5,0.2375999999999999,766.0,1.0,1.0,1.0,2024.0,11.0,20.0,29.0
172.7,53.13,22.4,5.0,0.571,70.0,5.39,3510.0,579.0,59.4,483.6,12.542,6.909999999999999,8.3,17.1,4.1,15.45,0.0953999999999999,66.84491978609626,6.343999999999999,39.63000000000001,23.780000000000005,24.12,74.43,0.1047999999999999,215.7,1.0,1.0,1.0,2024.0,11.0,20.0,29.0
174.4,53.010000000000005,23.9,5.0,0.638,70.3,5.38,3550.0,474.0,60.6,1073.8,12.353000000000002,6.909999999999999,10.6,15.7,4.0,25.55,0.1093999999999999,66.84491978609626,6.4,23.2,23.9,22.9,76.1,0.023,162.0,1.0,1.0,1.0,2024.0,11.0,20.0,29.0
149.8,55.42,19.3,1.0,0.154,70.0,5.398,3270.0,280.0,49.2,602.2,10.449,7.016,36.3,47.2,6.3,57.15,0.3445,68.43646549528903,6.6,29.8,23.5,22.9,78.2,0.017,168.0,0.0,1.0,0.0,2024.0,11.0,20.0,2.0
130.5,54.80999999999999,19.8,3.0,0.486,68.9,5.418,3340.0,292.0,51.6,841.0,10.608999999999998,6.866,42.1,51.3,7.4,66.5,0.4444999999999999,66.84491978609626,6.367000000000001,28.24,24.05,25.090000000000003,73.36000000000001,0.0908,203.1,0.0,1.0,0.0,2024.0,11.0,20.0,2.0
131.3,47.08,20.4,1.0,0.123,66.1,5.461,3450.0,269.0,48.0,808.2,10.482,6.965999999999999,35.5,50.1,6.4,55.7,0.2945,62.070282658517954,6.516,33.42,23.73,24.61,74.27000000000001,0.0542,234.9,0.0,1.0,0.0,2024.0,11.0,20.0,2.0
88.25,46.69,8.6,3.0,0.436,66.0,5.696000000000001,3145.0,273.6,44.8,1911.0,9.397000000000002,7.05,10.1,26.1,2.2,20.8,0.1281999999999999,70.0280112044818,6.36,25.9,23.5,22.9,78.7,0.17,197.0,2.0,0.0,0.0,2024.0,11.0,20.0,19.0
77.4,47.77,8.2,1.0,0.16,65.0,5.783000000000001,3170.0,215.9,37.2,1916.0,9.845,6.7,15.5,79.45,3.4,37.3,0.2255999999999999,70.0280112044818,6.344,24.360000000000003,27.440000000000005,28.37,56.68000000000001,0.2296999999999999,261.1,2.0,0.0,0.0,2024.0,11.0,20.0,19.0
73.0,47.92,6.5,0.0,0.0,0.0,5.883000000000001,3255.0,189.6,39.2,2206.0,10.736999999999998,6.790999999999999,10.3,68.4,3.7,48.7,0.2063,0.0,6.404000000000001,25.520000000000003,28.79,29.91,53.760000000000005,0.1978999999999999,347.1,2.0,0.0,0.0,2024.0,11.0,20.0,19.0
155.5,57.760000000000005,21.3,2.0,0.252,68.3,5.362,3150.0,606.0,52.05,588.0,11.315499999999998,6.824,36.65,55.8,7.4,97.3,1.9676999999999976,62.070282658517954,6.47,31.6,23.5,23.1,78.8,0.181,360.0,0.0,2.0,1.0,2024.0,11.0,20.0,8.0
166.1,57.18000000000001,20.3,0.0,0.0,0.0,5.4190000000000005,3395.0,464.0,52.4,466.0,10.404,6.744,30.4,31.5,5.2,27.25,0.3172,0.0,6.434,31.570000000000004,23.7,24.54,71.66999999999999,0.1669,275.6,0.0,2.0,1.0,2024.0,11.0,20.0,8.0
159.2,56.95,21.8,2.0,0.146,56.0,5.503,3410.0,351.0,53.2,272.0,10.297,7.041999999999999,7.7,10.7,1.4,12.1,0.0686,52.52100840336134,6.816999999999998,36.04,23.66,24.69,72.38000000000001,0.1156,295.9,0.0,2.0,1.0,2024.0,11.0,20.0,8.0
186.0,58.290000000000006,22.2,0.0,0.0,0.0,5.452999999999999,2900.0,285.8,47.9,557.4,10.215,6.869999999999999,44.4,29.0,3.2,20.2,0.277,0.0,6.33,36.3,23.5,23.4,75.7,0.162,279.0,1.0,1.0,1.0,2024.0,11.0,20.0,15.0
174.3,60.21,22.2,4.0,0.597,68.9,5.4215,3200.0,410.4,53.3,725.0,11.5005,6.228,43.3,35.8,3.7,43.55,0.3182,65.25337407690348,6.340999999999999,34.300000000000004,24.04,23.860000000000003,77.89,0.1031,180.2,1.0,1.0,1.0,2024.0,11.0,20.0,15.0
180.0,61.03999999999999,19.7,2.0,0.315,59.5,5.4415,2990.0,299.7,44.9,881.0,10.326,7.040000000000001,49.35,31.0,3.1,28.0,0.2766,68.43646549528903,6.479000000000001,29.68,23.750000000000004,23.67,79.25000000000001,0.0713,160.6,1.0,1.0,1.0,2024.0,11.0,20.0,15.0
192.0,54.0,20.5,3.0,0.375,68.5,5.436999999999999,3210.0,569.0,50.3,214.4,10.4295,6.886,31.3,17.5,2.0,12.4,0.1911,66.84491978609626,6.48,31.8,22.19,22.48,78.2,0.1674,319.9,2.0,1.0,1.0,2024.0,11.0,20.0,24.0
182.8,53.510000000000005,24.0,1.0,0.164,66.3,5.407,3340.0,584.0,49.4,225.4,10.0485,6.959999999999999,30.65,23.1,2.0,12.3,0.1993999999999999,70.0280112044818,6.379,30.23,24.22,24.23,75.74000000000001,0.2122,273.2,2.0,1.0,1.0,2024.0,11.0,20.0,24.0
79.7,51.9,11.0,3.0,0.623,67.0,5.6530000000000005,3070.0,438.6,46.8,293.8,10.7475,7.1,34.0,38.0,2.0,13.0,0.16,71.61955691367456,6.34,46.0,23.9,23.7,79.5,0.141,387.0,2.0,1.0,1.0,2024.0,11.0,20.0,24.0
172.8,56.27,18.6,4.0,0.672,70.0,5.4750000000000005,3310.0,291.0,51.9,828.0,10.961000000000002,6.93,17.45,13.1,2.3,18.6,0.1601,71.61955691367456,6.780000000000001,36.64,23.45,23.77,75.81,0.1296,236.2,1.0,1.0,0.0,2024.0,11.0,20.0,11.0
185.0,51.27,11.8,2.0,0.313,68.0,5.552,3200.0,195.0,44.05,957.0,9.221,6.801,15.7,25.9,2.4,18.2,0.1954999999999999,66.84491978609626,7.412000000000001,36.06,24.18,24.809999999999995,74.50000000000001,0.1488,426.5,1.0,1.0,0.0,2024.0,11.0,20.0,11.0
180.3,53.39,20.6,1.0,0.174,80.0,5.406000000000001,3480.0,248.0,47.35,1926.0,10.316000000000004,7.002000000000001,40.6,36.3,8.4,48.8,0.3807,65.25337407690348,6.7,36.8,23.5,23.0,79.0,0.279,259.0,1.0,1.0,0.0,2024.0,11.0,20.0,11.0
147.45,56.84000000000001,19.6,6.0,1.116,76.3,5.438,2900.0,642.4,49.5,1454.0,12.38,6.879,35.05,39.9,8.1,31.0,0.2724,74.8026483320601,6.412000000000001,23.630000000000003,24.380000000000003,25.36,68.5,0.2432,316.6,2.0,2.0,2.0,2024.0,11.0,20.0,27.0
186.6,60.16,21.9,2.0,0.299,70.0,5.439,3440.0,448.0,48.1,188.8,11.376,7.098000000000001,5.4,11.4,3.4,24.0,0.0937,65.25337407690348,6.295999999999999,33.910000000000004,24.06,24.14,75.32000000000001,0.1255,277.8,2.0,2.0,2.0,2024.0,11.0,20.0,27.0
184.6,61.50999999999999,23.2,0.0,0.0,0.0,5.559,3690.0,281.2,43.9,387.0,9.5095,6.151,4.6,11.9,2.3,21.0,0.1157,0.0,6.33,27.5,23.5,22.9,77.6,0.104,171.0,2.0,2.0,2.0,2024.0,11.0,20.0,27.0
195.2,61.63,20.0,4.0,0.508,75.0,5.746,3450.0,283.6,56.35,767.0,11.957,7.022,21.9,12.2,2.8,49.9,0.1285,66.84491978609626,6.419000000000001,31.190000000000005,25.910000000000004,26.829999999999995,63.96999999999999,0.1214,331.4,0.0,0.0,1.0,2024.0,11.0,20.0,4.0
119.3,49.16,16.4,2.0,0.204,59.0,5.58,3310.0,162.8,45.9,735.0,9.955000000000002,6.938,46.2,12.6,3.0,22.9,0.1961,58.88719124013242,6.569,24.95,23.43,23.53,76.46,0.1069,152.4,0.0,0.0,1.0,2024.0,11.0,20.0,4.0
166.0,54.92,16.2,4.0,0.688,64.0,5.49,3410.0,243.6,47.7,814.6,11.589000000000002,7.031999999999999,17.1,20.5,3.1,32.3,0.1759999999999999,57.29564553093965,6.57,36.5,23.5,22.9,78.9,0.104,175.0,0.0,0.0,1.0,2024.0,11.0,20.0,4.0
155.55,56.73,18.2,7.0,0.917,70.5,5.439,2940.0,526.5,53.5,313.0,12.295,6.922,10.3,26.5,3.4,25.4,0.0694999999999999,68.43646549528903,6.28,36.71,23.55,25.4,69.38000000000001,0.306,324.8,2.0,2.0,2.0,2024.0,11.0,27.0,27.0
184.6,61.50999999999999,22.1,0.0,0.0,0.0,5.5680000000000005,3530.0,278.2,42.15,185.8,9.4645,6.569999999999999,4.7,13.0,2.8,22.5,0.1101,0.0,6.281,33.55,23.79,23.5,82.09,0.0811,362.2,2.0,2.0,2.0,2024.0,11.0,27.0,27.0
163.45,52.71999999999999,15.2,5.0,0.558,70.3,5.547999999999999,3690.0,577.5,54.2,250.8,12.198000000000002,6.962000000000001,10.6,20.8,3.2,24.7,0.0809,62.070282658517954,6.2,35.7,27.6,27.9,63.6,0.134,131.0,2.0,2.0,2.0,2024.0,11.0,27.0,27.0
179.5,59.0,21.8,3.0,0.602,60.4,5.417,3055.0,253.2,45.05,708.0,10.999999999999998,6.779999999999999,37.55,17.4,2.0,10.9,0.2006999999999999,63.66182836771072,6.333,30.17,22.23,23.14,80.37,0.1052,232.0,2.0,1.0,1.0,2024.0,11.0,27.0,24.0
179.5,56.69,21.4,2.0,0.255,60.2,5.467,3110.0,324.6,44.8,600.8,9.8265,6.790000000000001,35.1,18.2,2.0,10.2,0.1881,63.66182836771072,6.283,32.2,25.04,25.22,69.79,0.1119,208.7,2.0,1.0,1.0,2024.0,11.0,27.0,24.0
90.1,56.92999999999999,9.4,0.0,0.0,0.0,5.68,3190.0,251.5,43.15,1858.0,9.125,6.636000000000001,81.15,47.1,10.1,134.45,0.4987999999999999,0.0,6.37,28.0,27.2,27.7,63.8,0.045,143.0,2.0,1.0,1.0,2024.0,11.0,27.0,24.0
102.9,48.57,16.2,0.0,0.0,0.0,5.707,3170.0,226.6,46.7,812.2,10.889,6.894,62.4,104.5,6.85,124.4,0.5866,0.0,6.005,26.630000000000003,23.58,22.72,76.52,0.1449,160.2,0.0,0.0,1.0,2024.0,11.0,27.0,4.0
102.9,48.57,16.2,0.0,0.0,0.0,5.707,3170.0,226.6,46.7,812.2,10.889,6.894,62.4,104.5,6.85,124.4,0.5866,0.0,6.005,26.630000000000003,23.58,22.72,76.52,0.1449,160.2,0.0,0.0,1.0,2024.0,11.0,27.0,4.0
64.5,48.92,14.0,0.0,0.0,0.0,5.653,3220.0,268.6,49.65,964.0,11.4115,6.888,62.1,89.0,7.15,144.5,0.6603000000000001,0.0,6.11,46.8,27.2,27.3,65.0,0.058,143.0,0.0,0.0,1.0,2024.0,11.0,27.0,4.0
181.5,60.24999999999999,23.5,4.0,0.432,60.1,5.4115,3190.0,292.8,54.2,570.0,11.259,6.55,40.0,31.3,3.4,41.05,0.2928,60.47873694932519,6.254,33.56,24.11,24.000000000000004,75.72000000000001,0.1352,191.2,1.0,1.0,1.0,2024.0,11.0,27.0,15.0
180.0,61.78,21.3,2.0,0.223,60.0,5.4315,2980.0,297.7,44.9,821.0,11.039,6.970000000000001,49.35,30.7,3.0,40.75,0.2774,57.29564553093965,6.482000000000001,27.880000000000003,23.72000000000001,23.700000000000003,78.85,0.0854999999999999,181.7,1.0,1.0,1.0,2024.0,11.0,27.0,15.0
141.75,55.5,13.0,2.0,0.301,70.2,5.33,3400.0,190.0,53.0,300.0,7.99,6.74,9.0,13.0,5.0,31.0,0.08,65.25337407690348,6.33,41.8,27.6,26.8,68.4,0.065,132.0,1.0,1.0,1.0,2024.0,11.0,27.0,15.0
158.65,55.27,21.1,2.0,0.273,60.1,5.6000000000000005,3425.0,210.4,49.6,446.2,10.2705,6.731,36.2,75.1,6.767,35.7,0.353,66.84491978609626,6.29,39.5,27.6,26.6,66.9,0.068,139.0,0.0,2.0,2.0,2024.0,11.0,27.0,9.0
195.55,56.78000000000001,18.2,0.0,0.0,0.0,5.7075000000000005,3185.0,134.3,47.1,1049.0,10.456499999999998,6.953,22.35,21.3,3.667,25.3,0.1296999999999999,0.0,6.396000000000001,34.879999999999995,26.17,26.37,65.52000000000001,0.0812,326.6,0.0,2.0,2.0,2024.0,11.0,27.0,9.0
195.55,56.78000000000001,18.2,0.0,0.0,0.0,5.7075000000000005,3185.0,134.3,47.1,1049.0,10.456499999999998,6.953,22.35,21.3,3.667,25.3,0.1296999999999999,0.0,6.396000000000001,34.879999999999995,26.17,26.37,65.52000000000001,0.0812,326.6,0.0,2.0,2.0,2024.0,11.0,27.0,9.0
72.9,61.42999999999999,12.7,2.0,0.436,70.4,5.515,3780.0,346.1,64.9,926.0,12.020500000000002,6.05,50.8,45.3,5.2,30.1,0.4094,73.21110262286733,6.17,25.1,27.2,27.2,66.2,0.164,134.0,1.0,0.0,1.0,2024.0,11.0,27.0,13.0
88.4,60.85,12.4,1.0,0.155,70.1,5.5525,3670.0,335.6,67.1,793.0,12.0285,6.529999999999999,62.5,50.65,4.9,29.4,0.5640000000000001,65.25337407690348,6.255,24.39,27.360000000000003,26.92,63.71,0.1892,515.6,1.0,0.0,1.0,2024.0,11.0,27.0,13.0
79.4,62.0,13.6,1.0,0.149,70.0,5.6,3770.0,213.5,67.1,793.0,12.011500000000002,6.279999999999999,67.3,47.35,5.5,28.533,0.5640000000000001,66.84491978609626,6.441,19.65,26.52,26.97,63.23,0.1884,513.1,1.0,0.0,1.0,2024.0,11.0,27.0,13.0
180.1,55.63,17.1,1.0,0.074,50.7,5.443,3535.0,241.4,50.1,667.0,10.158999999999995,6.779999999999999,36.5,63.25,4.2,26.7,0.3518,50.92946269416858,6.15,24.0,27.2,27.5,65.8,0.075,143.0,2.0,0.0,1.0,2024.0,11.0,27.0,22.0
115.8,54.24,14.6,6.0,0.932,70.7,5.66,3455.0,338.5,45.4,1145.0,11.393999999999998,7.007000000000001,44.9,54.16666666666667,5.2,24.0,0.3364,71.61955691367456,6.553,30.76,26.529999999999998,26.91,65.22,0.1319,297.5,2.0,0.0,1.0,2024.0,11.0,27.0,22.0
192.0,54.89,12.9,2.0,0.243,60.9,5.4215,3465.0,282.8,52.0,637.0,10.895,7.047,41.4,70.35,3.9,22.5,0.3185999999999999,57.29564553093965,6.310999999999999,29.110000000000003,26.419999999999995,26.890000000000004,64.78,0.1228999999999999,239.9,2.0,0.0,1.0,2024.0,11.0,27.0,22.0
113.7,50.57000000000001,12.9,0.0,0.0,0.0,5.635000000000001,3220.0,426.05,36.95,1364.0,10.359,6.68,32.0,195.8,12.6,80.1,0.6357,0.0,6.11,42.3,27.6,28.2,59.8,0.093,162.0,1.0,0.0,0.0,2024.0,11.0,27.0,10.0
177.1,54.54,20.2,3.0,0.486,70.1,5.430999999999999,2590.0,548.0,46.0,472.0,9.621,6.747999999999999,8.6,22.6,2.1,18.3,0.1524,68.43646549528903,6.401000000000001,39.63000000000001,23.72,24.570000000000004,76.44000000000001,0.0791,164.6,1.0,0.0,0.0,2024.0,11.0,27.0,10.0
181.6,57.010000000000005,20.3,3.0,0.355,50.8,5.339999999999999,3100.0,495.0,40.85,176.0,9.317999999999998,6.688999999999998,5.0,13.9,1.5,13.4,0.0518,60.47873694932519,6.414,39.37,23.91,24.26,79.05999999999999,0.0748,143.4,1.0,0.0,0.0,2024.0,11.0,27.0,10.0
143.8,54.54,22.9,1.0,0.131,60.8,5.462,3340.0,132.6,37.6,283.9,9.453,6.9300000000000015,8.55,15.1,1.2,18.7,0.1065,60.47873694932519,7.247,34.67,24.18,25.26,75.8,0.0578,196.7,0.0,0.0,0.0,2024.0,11.0,27.0,28.0
143.8,54.86,21.2,2.0,0.242,60.5,5.488,3210.0,152.0,39.3,210.9,9.504,7.080000000000001,11.55,21.0,1.5,25.3,0.1166,63.66182836771072,6.686,34.49999999999999,26.46,26.34,65.34,0.0587,265.8,0.0,0.0,0.0,2024.0,11.0,27.0,28.0
134.6,55.16000000000001,15.4,2.0,0.221,60.2,5.601000000000001,3120.0,156.2,41.7,705.0,9.387999999999998,6.82,58.75,59.2,25.55,30.2,0.5741,60.47873694932519,6.25,31.2,27.6,29.0,61.8,0.129,154.0,0.0,0.0,0.0,2024.0,11.0,27.0,28.0
73.6,53.44999999999999,22.8,3.0,0.372,70.0,5.429499999999999,3180.0,447.05,58.65,214.4,12.234,6.589999999999999,53.4,61.3,10.3,59.6,0.4272,65.25337407690348,6.346,28.68,25.96,25.98,64.97999999999999,0.0847,163.8,1.0,2.0,0.0,2024.0,11.0,27.0,12.0
180.0,56.64,23.9,1.0,0.06,50.5,5.446,3260.0,351.9,46.4,665.0,9.906,7.089,54.6,60.9,10.2,50.6,0.4509,50.92946269416858,6.505,24.03,25.56,25.610000000000003,67.02,0.0805,249.2,1.0,2.0,0.0,2024.0,11.0,27.0,12.0
73.6,53.27,22.8,4.0,0.556,70.2,5.3565,4165.0,446.05,61.45,214.4,12.767,6.755,73.6,82.5,9.9,78.6,0.4114,66.84491978609626,6.22,50.6,29.2,29.4,58.7,0.106,154.0,1.0,2.0,0.0,2024.0,11.0,27.0,12.0
183.7,45.68000000000001,17.4,4.0,0.514,60.5,5.418000000000001,3425.0,276.0,49.6,664.0,12.366,7.089999999999999,8.0,12.0,2.35,15.2,0.0626,66.84491978609626,6.783999999999999,37.85,24.0,25.08,75.88,0.1715,156.2,2.0,2.0,1.0,2024.0,11.0,27.0,26.0
174.9,58.85,18.3,0.0,0.0,0.0,5.563000000000001,3395.0,159.0,48.9,731.0,11.101499999999998,7.081999999999999,12.9,33.05,3.35,11.9,0.0493,0.0,6.432,34.05,24.380000000000003,25.45,72.24,0.3038,199.5,2.0,2.0,1.0,2024.0,11.0,27.0,26.0
132.4,56.120000000000005,16.7,2.0,0.132,50.6,5.550000000000001,3650.0,161.0,52.2,644.0,11.375,6.959999999999999,18.4,17.4,2.8,25.2,0.1165,55.70409982174688,6.28,41.9,28.0,29.9,59.7,0.152,255.0,2.0,2.0,1.0,2024.0,11.0,27.0,26.0
156.2,53.7,17.0,3.0,0.328,60.2,5.5155,3250.0,145.4,41.1,263.4,10.352,6.864999999999999,40.5,43.5,8.6,30.3,0.1661,65.25337407690348,6.317,33.33,24.62,25.96,69.49,0.1776,135.8,1.0,1.0,2.0,2024.0,11.0,27.0,16.0
119.2,48.0,7.0,0.0,0.0,0.0,5.893,3310.0,172.45,41.0,706.9,9.506,6.784000000000001,38.533,102.7,9.5,107.7,0.4298,0.0,6.376,25.95,25.890000000000004,26.579999999999995,63.61,0.2162,275.8,1.0,1.0,2.0,2024.0,11.0,27.0,16.0
91.0,44.290000000000006,12.6,6.0,0.729,60.4,5.868,3170.0,166.05,42.8,828.9,10.946,7.002000000000001,25.7,22.9,3.75,34.6,0.1548,63.66182836771072,6.32,32.3,28.7,30.1,57.0,0.117,424.0,1.0,1.0,2.0,2024.0,11.0,27.0,16.0
144.6,52.28000000000001,15.2,4.0,0.442,70.4,5.598999999999999,3400.0,130.2,43.05,383.4,11.077,6.812,32.0,34.9,3.4,72.5,0.2419,65.25337407690348,6.35,35.2,27.6,30.4,55.9,0.212,279.0,0.0,0.0,0.0,2024.0,11.0,27.0,1.0
158.0,53.250000000000014,15.1,2.0,0.193,50.5,5.587999999999999,3350.0,158.6,47.7,423.7,10.258,6.582000000000001,29.7,30.5,3.05,42.45,0.2362,55.70409982174688,6.449,31.21999999999999,26.74,27.65,62.95,0.1182,373.2,0.0,0.0,0.0,2024.0,11.0,27.0,1.0
162.9,54.28000000000001,22.4,1.0,0.109,50.8,5.4965,3400.0,252.0,56.1,306.4,11.018999999999998,6.820000000000002,30.1,36.0,2.55,39.05,0.2138,60.47873694932519,6.340000000000001,34.260000000000005,24.380000000000003,25.629999999999995,68.52,0.1026999999999999,247.1,0.0,0.0,0.0,2024.0,11.0,27.0,1.0
120.6,54.75,12.1,3.0,0.44,60.7,6.046,3420.0,97.9,49.2,698.5,10.117,6.889999999999999,129.1,150.9,18.6,71.0,1.1894,63.66182836771072,6.12,46.0,28.8,30.0,56.9,0.076,280.0,1.0,0.0,2.0,2024.0,11.0,27.0,14.0
194.05,53.44,16.7,0.0,0.0,0.0,5.592499999999999,3600.0,143.4,49.25,1005.0,10.422,6.568,82.6,74.45,6.1,60.7,0.6625,0.0,6.621,31.68,24.020000000000003,24.680000000000003,74.03,0.2133999999999999,334.3,1.0,0.0,2.0,2024.0,11.0,27.0,14.0
189.85,53.38,16.9,2.0,0.171,50.7,5.585500000000001,3600.0,140.1,46.55,1179.0,10.422,6.522,51.25,85.0,7.8,63.9,0.5235,55.70409982174688,6.659000000000001,29.21,24.06,24.700000000000003,75.47999999999999,0.1811999999999999,282.3,1.0,0.0,2.0,2024.0,11.0,27.0,14.0
80.5,48.51,9.5,1.0,0.033,60.8,5.362,3290.0,412.0,52.9,536.0,11.719,6.455,29.4,87.8,3.0,36.5,0.1820999999999999,62.070282658517954,6.21,26.6,27.6,29.7,57.8,0.057,174.0,0.0,1.0,2.0,2024.0,11.0,27.0,7.0
77.3,47.82,12.1,1.0,0.088,50.8,5.358,3340.0,426.2,51.9,310.0,11.297999999999998,6.526999999999999,25.5,73.9,3.0,31.7,0.1820999999999999,57.29564553093965,6.267,34.230000000000004,27.290000000000003,29.14,55.48,0.1745,281.4,0.0,1.0,2.0,2024.0,11.0,27.0,7.0
127.85,52.74000000000001,17.9,6.0,0.763,70.1,5.484499999999999,3850.0,365.0,50.25,1032.0,11.311,6.568,37.6,52.1,9.7,114.4,0.4771999999999999,63.66182836771072,6.39,22.33,23.28,23.66,79.37,0.1307,168.0,0.0,1.0,2.0,2024.0,11.0,27.0,7.0
118.35,47.52,7.6,1.0,0.105,60.7,5.647999999999999,3075.0,148.05,38.65,629.0,9.09,6.491999999999999,11.5,36.15,3.4,24.8,0.1825,50.92946269416858,6.16,33.6,27.6,28.6,58.4,0.046,152.0,0.0,2.0,0.0,2024.0,11.0,27.0,3.0
183.9,56.17,14.4,1.0,0.081,50.7,5.607999999999999,3025.0,149.7,40.0,373.0,9.371,6.659999999999999,10.3,17.2,1.7,16.7,0.1347,52.52100840336134,6.343,32.29,24.35,24.51,77.78,0.111,171.6,0.0,2.0,0.0,2024.0,11.0,27.0,3.0
183.9,56.23,14.4,1.0,0.102,60.0,5.607999999999999,3080.0,149.7,40.0,375.5,9.371,6.659999999999999,10.3,17.2,1.7,16.7,0.1347,62.070282658517954,6.356,32.29,24.32,24.34,77.69,0.1393,175.5,0.0,2.0,0.0,2024.0,11.0,27.0,3.0
151.85,56.25999999999999,14.6,3.0,0.287,60.3,5.465,3370.0,183.5,50.3,452.5,10.101,6.770000000000001,17.6,27.9,3.1,15.0,0.1969,58.88719124013242,6.4,36.42999999999999,28.840000000000003,28.95,60.44999999999999,0.1967,645.7,2.0,0.0,2.0,2024.0,11.0,27.0,23.0
190.9,56.29,15.4,3.0,0.411,60.7,5.475,3420.0,193.5,52.2,468.7,10.02,6.770000000000001,23.75,27.4,3.1,14.2,0.2542,66.84491978609626,6.474000000000001,34.739999999999995,27.5,28.130000000000003,60.64,0.2902,583.4,2.0,0.0,2.0,2024.0,11.0,27.0,23.0
173.6,58.03,16.9,2.0,0.314,70.2,5.435,3380.0,237.5,50.0,420.5,10.282,6.800000000000002,19.25,41.5,2.9,13.2,0.2691,65.25337407690348,6.31,40.4,28.8,29.9,60.4,0.212,658.0,2.0,0.0,2.0,2024.0,11.0,27.0,23.0
160.6,58.61,19.7,3.0,0.381,60.3,5.403999999999999,3260.0,144.0,52.2,301.5,9.537,6.903999999999999,5.2,14.0,1.0,10.5,0.0728,65.25337407690348,6.706,37.27,24.78,25.630000000000003,66.89,0.1244999999999999,247.3,2.0,2.0,0.0,2024.0,11.0,27.0,21.0
179.3,58.95,19.8,2.0,0.301,60.5,5.391,3200.0,152.1,51.6,258.5,9.307,7.1,5.6,13.1,1.1,11.65,0.0713,70.0280112044818,6.846000000000001,36.83,24.78,25.630000000000003,67.47,0.1201,206.9,2.0,2.0,0.0,2024.0,11.0,27.0,21.0
123.6,63.9,9.0,1.0,0.14,60.7,5.2,3200.0,480.0,49.0,380.0,8.89,7.26,5.0,9.0,1.0,18.0,0.06,70.0280112044818,6.21,42.2,29.6,31.5,52.5,0.067,803.0,2.0,2.0,0.0,2024.0,11.0,27.0,21.0
118.9,52.21,10.5,2.0,0.263,60.5,5.653999999999999,3345.0,143.2,48.3,1496.0,10.986,6.324,61.2,50.6,8.6,110.25,0.5944999999999999,63.66182836771072,6.373,21.43,27.540000000000003,29.5,53.36,0.9816000000000004,360.6,0.0,0.0,2.0,2024.0,11.0,27.0,5.0
129.1,53.86999999999999,17.0,4.0,0.538,60.8,5.512,3350.0,183.2,44.2,422.1,10.277,6.723000000000001,37.2,16.3,3.9,30.75,0.1627,65.25337407690348,6.340000000000001,26.56,24.340000000000003,24.56,77.99,0.0698999999999999,223.5,0.0,0.0,2.0,2024.0,11.0,27.0,5.0
125.2,54.8,15.5,1.0,0.24,70.6,5.501999999999999,3455.0,219.8,46.4,812.0,10.883,6.7620000000000005,9.1,14.45,1.5,32.75,0.0991,74.8026483320601,6.14,29.5,28.8,32.2,55.4,0.079,673.0,0.0,0.0,2.0,2024.0,11.0,27.0,5.0
134.6,52.24,8.7,4.0,0.34,60.4,5.424,3640.0,224.3,46.5,954.8,10.872999999999998,6.243,66.35,54.5,7.1,84.7,0.5443,58.88719124013242,6.377000000000001,32.910000000000004,26.41,26.86,61.4,0.118,240.8,2.0,2.0,2.0,2024.0,11.0,27.0,30.0
142.8,50.89,8.3,1.0,0.084,60.0,5.537999999999999,3420.0,512.0,59.3,1065.8,12.155,6.676,63.4,60.1,7.1,87.9,0.5315,65.25337407690348,6.353000000000001,35.629999999999995,26.81,27.0,61.86,0.1695,365.7,2.0,2.0,2.0,2024.0,11.0,27.0,30.0
128.7,52.8,5.6,2.0,0.175,60.0,5.409999999999999,3320.0,361.8,47.0,986.4,12.053999999999998,6.600000000000001,59.75,56.4,7.25,105.8,0.5156000000000001,54.11255411255412,6.21,47.5,26.8,31.4,49.1,0.091,266.0,2.0,2.0,2.0,2024.0,11.0,27.0,30.0
127.6,55.75,10.0,3.0,0.472,60.8,5.680000000000001,2900.0,102.5,38.2,828.1,8.144,6.5,43.75,21.9,3.8,23.9,0.2307,65.25337407690348,6.16,43.9,27.2,30.8,54.2,0.051,281.0,2.0,1.0,0.0,2024.0,11.0,27.0,20.0
179.8,58.93000000000001,18.7,2.0,0.273,60.6,5.512500000000001,3190.0,107.5,45.0,321.1,9.445,6.469999999999999,13.1,19.45,1.75,37.0,0.0829,63.66182836771072,6.422,33.989999999999995,23.61,24.15,75.07000000000001,0.1022,199.7,2.0,1.0,0.0,2024.0,11.0,27.0,20.0
186.15,58.370000000000005,15.4,0.0,0.0,0.0,5.4375,3400.0,155.0,51.85,727.0,8.84,6.516,20.9,22.35,2.3,36.7,0.1539,0.0,7.854999999999999,32.370000000000005,23.35,23.610000000000003,77.25999999999999,0.136,202.9,2.0,1.0,0.0,2024.0,11.0,27.0,20.0
133.0,60.17,8.0,1.0,0.081,60.3,5.687000000000001,3440.0,363.7,61.6,566.2,10.544,6.304,21.9,38.1,2.4,18.8,0.1747999999999999,55.70409982174688,5.98,43.6,29.6,32.8,52.8,0.127,678.0,1.0,2.0,2.0,2024.0,11.0,27.0,18.0
149.8,59.38000000000001,16.0,3.0,0.555,60.4,5.453999999999999,3120.0,155.9,47.6,1630.0,10.859,6.562,20.6,43.1,2.5,17.3,0.1661,66.84491978609626,6.349000000000001,27.49,27.28,28.19,58.21999999999999,0.0876,337.6,1.0,2.0,2.0,2024.0,11.0,27.0,18.0
149.8,58.43000000000001,16.8,3.0,0.36,60.6,5.453999999999999,3260.0,154.9,47.4,1630.0,10.859,6.552,20.6,48.0,2.7,18.8,0.1908,66.84491978609626,6.388000000000001,27.49,27.3,28.19,57.92999999999999,0.0995,389.9,1.0,2.0,2.0,2024.0,11.0,27.0,18.0
107.0,52.760000000000005,11.7,0.0,0.0,0.0,5.736999999999999,3520.0,190.6,45.6,1840.6,10.559,6.769999999999999,77.0,48.2,14.6,95.25,0.7082999999999999,0.0,6.28,35.2,29.2,31.0,57.3,0.181,789.0,1.0,1.0,1.0,2024.0,11.0,27.0,29.0
172.7,53.36,22.4,2.0,0.411,70.7,5.33,3520.0,586.0,56.6,328.6,12.421000000000005,6.9,7.4,13.9,2.2,14.65,0.1,70.0280112044818,6.36,43.290000000000006,23.95,24.66,75.47,0.1054,173.3,1.0,1.0,1.0,2024.0,11.0,27.0,29.0
172.7,53.36,22.4,2.0,0.408,70.2,5.3100000000000005,3520.0,586.0,56.6,328.6,12.421000000000005,6.9,7.6,13.4,2.2,14.85,0.1,87.53501400560224,6.356999999999999,43.290000000000006,23.95,24.66,75.47,0.1167999999999999,179.6,1.0,1.0,1.0,2024.0,11.0,27.0,29.0
53.25,49.15,8.9,5.0,0.941,60.9,5.559499999999999,3415.0,265.5,40.9,2048.0,11.837,6.557,78.2,117.1,8.0,232.0,0.5145,73.21110262286733,6.38,33.0,29.2,30.5,61.0,0.205,728.0,2.0,1.0,2.0,2024.0,11.0,27.0,25.0
151.2,57.65000000000001,9.9,0.0,0.0,0.0,5.6085,3265.0,87.1,48.85,422.0,8.431000000000001,6.075,20.5,27.95,2.3,10.6,0.1355,0.0,6.353,25.160000000000004,24.28,25.25,73.12,0.1522,255.1,2.0,1.0,2.0,2024.0,11.0,27.0,25.0
167.0,56.9,16.8,4.0,0.59,60.8,5.369999999999999,3320.0,273.7,54.6,373.0,11.125,6.220000000000001,22.7,24.3,2.9,25.1,0.177,63.66182836771072,6.283,26.01,24.040000000000003,25.39,68.61,0.0732,288.1,2.0,1.0,2.0,2024.0,11.0,27.0,25.0
115.15,55.16,18.0,10.0,0.789,60.5,5.357000000000001,2680.0,390.6,53.6,181.0,11.105999999999998,6.483999999999999,8.25,12.7,1.6,22.7,0.0936999999999999,60.47873694932519,6.361000000000001,34.029999999999994,28.37,27.880000000000003,59.6,0.1798,177.2,2.0,0.0,0.0,2024.0,11.0,27.0,19.0
80.0,49.22,7.3,1.0,0.23,60.7,5.766,2810.0,342.1,47.15,881.0,9.27,6.99,4.2,24.7,1.4,9.5,0.0742,79.5772854596384,9.0,29.9,26.6,24.3,77.2,0.269,394.0,2.0,0.0,0.0,2024.0,11.0,27.0,19.0
65.0,45.69000000000001,9.1,6.0,0.656,60.5,5.7730000000000015,2740.0,285.0,53.45,967.0,10.526,6.584999999999999,7.1,13.15,2.1,25.6,0.1035,62.070282658517954,6.06,37.7,28.4,29.4,62.0,0.232,706.0,2.0,0.0,0.0,2024.0,11.0,27.0,19.0
149.8,46.75,19.3,3.0,0.386,70.2,5.491,3480.0,281.0,51.5,885.0,10.57,6.831999999999999,41.1,54.2,7.2,64.25,0.3941,60.47873694932519,6.470000000000001,33.870000000000005,24.190000000000005,25.21,69.74,0.101,202.7,0.0,1.0,0.0,2024.0,11.0,27.0,2.0
167.3,47.760000000000005,21.0,2.0,0.224,60.3,5.461,3470.0,234.0,48.8,854.0,10.348,6.840000000000001,35.5,50.0,6.4,61.0,0.2915,60.47873694932519,6.516,34.9,23.78,24.74,75.01,0.1511999999999999,433.2,0.0,1.0,0.0,2024.0,11.0,27.0,2.0
137.2,49.05,19.9,0.0,0.0,0.0,5.441999999999999,3420.0,343.0,51.6,320.2,10.709,7.1,11.2,16.0,3.0,16.7,0.0955,0.0,6.958999999999999,38.52,23.39,23.98,74.05,0.1334,383.0,0.0,1.0,0.0,2024.0,11.0,27.0,2.0
167.45,53.96,28.3,2.0,0.397,60.9,5.404999999999999,3425.0,302.8,57.2,439.0,10.807,6.958,17.3,12.2,1.6,22.5,0.075,73.21110262286733,6.473999999999999,33.660000000000004,23.410000000000004,23.51,76.19000000000001,0.1468999999999999,263.4,0.0,1.0,1.0,2024.0,11.0,27.0,6.0
167.45,54.63,25.6,4.0,0.534,60.9,5.38,3370.0,240.3,56.1,490.0,10.6645,6.43,17.4,10.9,1.3,26.2,0.0774,65.25337407690348,6.343999999999999,36.65,23.6,24.28,76.78999999999999,0.1251,315.7,0.0,1.0,1.0,2024.0,11.0,27.0,6.0
138.7,56.620000000000005,13.2,2.0,0.309,70.0,5.459999999999999,3395.0,279.0,42.5,738.0,10.5795,6.6800000000000015,15.8,10.3,1.7,34.2,0.0925,66.84491978609626,6.16,39.5,26.0,28.3,62.3,0.152,611.0,0.0,1.0,1.0,2024.0,11.0,27.0,6.0
126.6,53.07000000000001,15.1,2.0,0.297,70.8,5.459999999999999,3500.0,312.6,47.1,637.0,10.181499999999998,6.656999999999999,66.35,24.5,2.7,61.2,0.3205,65.25337407690348,6.368,39.87,25.94,27.8,62.39,0.1227999999999999,246.8,1.0,2.0,1.0,2024.0,11.0,27.0,17.0
121.4,54.69000000000001,15.6,2.0,0.271,70.0,5.359999999999999,3500.0,337.5,42.0,691.0,9.887999999999998,6.356999999999999,32.9,22.9,4.3,54.35,0.1562,63.66182836771072,6.337000000000001,40.3,25.85,27.890000000000004,62.92,0.1272,239.2,1.0,2.0,1.0,2024.0,11.0,27.0,17.0
120.7,54.720000000000006,15.3,2.0,0.339,70.2,5.339999999999999,3430.0,354.5,45.3,582.0,10.3,6.51,32.2,23.1,4.1,54.05,0.1538999999999999,71.61955691367456,6.11,44.0,25.2,27.8,63.8,0.17,162.0,1.0,2.0,1.0,2024.0,11.0,27.0,17.0
178.5,49.89,13.4,2.0,0.378,70.3,5.9315,3220.0,202.0,39.8,799.4,9.698,6.529999999999999,40.15,69.2,10.3,56.25,0.4553,71.61955691367456,6.21,53.8,25.2,27.7,63.8,0.118,678.0,1.0,1.0,0.0,2024.0,11.0,27.0,11.0
191.0,53.36999999999999,17.2,5.0,0.7,70.0,5.5745000000000005,3100.0,262.0,47.45,1044.0,10.054,6.831,13.85,31.5,2.3,17.5,0.1637,68.43646549528903,6.858,33.489999999999995,23.49,23.89,75.88000000000001,0.1496,192.9,1.0,1.0,0.0,2024.0,11.0,27.0,11.0
186.7,54.25,19.0,1.0,0.089,50.7,5.493,3050.0,290.0,46.7,924.4,10.254,6.541000000000001,33.65,78.0,7.3,51.5,0.3978,55.70409982174688,6.431,33.870000000000005,23.55,24.19,78.79,0.1374,220.3,1.0,1.0,0.0,2024.0,11.0,27.0,11.0
108.8,46.82000000000001,7.4,6.0,0.912,70.1,5.6850000000000005,3475.0,490.0,56.5,1381.0,12.0525,6.615,35.15,74.5,6.1,89.15,1.9676999999999976,71.61955691367456,6.07,45.1,26.0,28.1,64.6,0.181,650.0,0.0,2.0,1.0,2024.0,11.0,27.0,8.0
119.3,58.010000000000005,19.4,6.0,0.822,70.4,5.4750000000000005,3200.0,409.0,47.25,565.0,10.752,6.634,8.1,32.0,2.75,20.9,0.1071,68.43646549528903,6.439,28.21,25.05,26.0,66.84,0.1536,240.6,0.0,2.0,1.0,2024.0,11.0,27.0,8.0
161.5,56.94000000000001,21.6,5.0,0.676,70.4,5.51,3630.0,255.0,45.7,1175.0,9.899,6.547,15.3,31.2,3.1,36.5,0.181,70.0280112044818,6.435,24.21,25.68,26.18,64.8,0.2754999999999999,292.3,0.0,2.0,1.0,2024.0,11.0,27.0,8.0
146.65,53.1,26.0,0.0,0.0,0.0,5.34,3500.0,140.0,58.0,270.0,9.84,6.81,89.0,66.0,11.0,41.0,0.556,0.0,6.33,42.6,27.2,28.6,63.4,0.125,704.0,0.0,2.0,2.0,2024.0,11.0,27.0,9.0
153.1,53.6,14.8,11.0,1.75,70.5,5.630000000000001,3655.0,194.0,50.0,1352.0,11.088,6.7,151.7,78.0,34.2,260.73,1.3301,70.0280112044818,6.363,36.290000000000006,26.7,26.36,64.94,0.2934,336.5,0.0,2.0,2.0,2024.0,11.0,27.0,9.0
201.4,56.13000000000001,20.3,1.0,0.161,70.2,5.705,3235.0,142.9,47.0,1453.0,10.5705,7.081,34.3,13.7,4.867,24.7,0.2529,68.43646549528903,6.4510000000000005,34.870000000000005,26.41,26.53,66.46,0.1159999999999999,304.2,0.0,2.0,2.0,2024.0,11.0,27.0,9.0
93.0,44.8,9.0,1.0,0.286,80.8,5.52,3000.0,930.0,69.0,230.0,12.42,6.4,61.0,100.0,5.0,22.0,0.586,63.66182836771072,6.13,39.0,27.6,29.1,62.9,0.248,737.0,1.0,0.0,1.0,2024.0,11.0,27.0,13.0
114.45,61.42,12.2,2.0,0.18,50.9,5.4625,3540.0,313.9,48.85,926.0,11.623500000000002,6.51,61.2,64.2,5.0,31.7,0.5509,55.70409982174688,6.293000000000001,22.56,27.27,27.24,64.32,0.0644,209.2,1.0,0.0,1.0,2024.0,11.0,27.0,13.0
114.45,62.63,11.2,2.0,0.222,60.2,5.550000000000002,3550.0,283.5,67.1,683.0,11.6195,6.580000000000001,61.2,52.45,4.9,30.5,0.5640000000000001,55.70409982174688,6.337999999999999,24.95,27.27,26.72,63.67,0.1945,476.8,1.0,0.0,1.0,2024.0,11.0,27.0,13.0
180.0,56.96,16.2,1.0,0.132,70.0,5.55,3390.0,162.3,48.5,742.0,11.2785,7.081999999999999,12.8,35.5,3.9,11.2,0.0460999999999999,65.25337407690348,6.605000000000001,34.11,24.35,25.52,72.31,0.34,210.3,2.0,2.0,1.0,2024.0,11.0,27.0,26.0
182.9,56.41,16.4,2.0,0.328,70.0,5.55,3430.0,133.3,51.25,638.0,11.2785,7.081999999999999,13.8,35.5,3.95,10.6,0.0460999999999999,66.84491978609626,6.775,35.550000000000004,24.35,25.56,73.53999999999999,0.34,207.9,2.0,2.0,1.0,2024.0,11.0,27.0,26.0
172.4,52.8,16.0,2.0,0.233,60.4,5.28,3800.0,270.0,55.0,180.0,10.94,7.72,62.0,26.0,26.0,65.0,0.322,60.47873694932519,6.04,39.0,26.0,26.9,71.2,0.2,790.0,2.0,2.0,1.0,2024.0,11.0,27.0,26.0
152.9,53.73,17.5,5.0,0.514,60.5,5.519,3280.0,160.45,42.2,263.4,10.435999999999998,6.864999999999999,39.6,46.9,8.7,31.5,0.204,65.25337407690348,6.324,28.559999999999995,25.39,25.95,66.25999999999999,0.1746,161.0,1.0,1.0,2.0,2024.0,11.0,27.0,16.0
161.6,58.010000000000005,25.9,7.0,1.087,70.2,5.529999999999999,3590.0,164.05,51.3,406.0,10.505,6.93,20.633,21.1,2.7,21.6,0.1540999999999999,65.25337407690348,6.540000000000001,38.56,24.26,25.3,69.61,0.1818999999999999,125.1,1.0,1.0,2.0,2024.0,11.0,27.0,16.0
142.2,49.6,14.0,1.0,0.136,60.3,5.49,3200.0,100.0,42.0,280.0,9.03,7.22,11.0,49.0,2.0,42.0,0.141,65.25337407690348,6.0,35.1,26.0,27.3,67.9,0.224,262.0,1.0,1.0,2.0,2024.0,11.0,27.0,16.0
177.1,54.54,16.1,3.0,0.458,70.0,5.430999999999999,2690.0,548.0,45.5,472.0,9.675,6.647999999999999,8.6,22.6,2.1,19.1,0.1524,70.0280112044818,6.401000000000001,39.63000000000001,23.72,24.570000000000004,76.44000000000001,0.0791,164.6,1.0,0.0,0.0,2024.0,11.0,27.0,10.0
173.3,55.74,10.8,7.0,1.402,70.6,5.512500000000001,2770.0,490.0,48.2,533.9,9.306,6.606999999999999,10.4,57.3,4.2,20.6,0.2195999999999999,79.5772854596384,7.123,35.85000000000001,25.860000000000003,27.82,61.24,0.1076,201.0,1.0,0.0,0.0,2024.0,11.0,27.0,10.0
117.2,50.1,10.0,3.0,0.523,70.3,5.51,2500.0,710.0,45.0,240.0,9.29,6.69,9.0,366.0,19.0,18.0,1.21,68.43646549528903,6.21,45.1,27.2,27.9,65.6,0.146,162.0,1.0,0.0,0.0,2024.0,11.0,27.0,10.0
182.2,56.28,15.9,0.0,0.0,0.0,5.506500000000001,3420.0,249.4,51.8,902.0,10.2655,6.947,40.3,52.75,4.0,23.4,0.3243,0.0,6.315999999999999,28.01,26.62,26.790000000000003,65.5,0.1261,198.7,2.0,0.0,1.0,2024.0,11.0,27.0,22.0
191.8,56.27,12.5,4.0,0.507,60.8,5.514,3425.0,238.3,47.3,640.0,10.480999999999998,7.0,41.4,54.05,3.8,24.0,0.3208999999999999,68.43646549528903,6.275,29.32,26.37,26.92,64.44,0.0984,185.6,2.0,0.0,1.0,2024.0,11.0,27.0,22.0
178.0,49.4,8.0,1.0,0.144,60.9,5.34,3000.0,390.0,51.0,290.0,8.77,7.17,50.0,230.0,14.0,26.0,0.707,65.25337407690348,6.02,48.7,26.8,27.9,63.8,0.178,171.0,2.0,0.0,1.0,2024.0,11.0,27.0,22.0
186.3,63.8,9.0,0.0,0.0,0.0,5.39,3000.0,82.0,42.0,320.0,7.3,5.85,130.0,510.0,31.0,160.0,1.519,0.0,5.93,44.1,26.0,27.9,64.6,0.308,173.0,1.0,2.0,0.0,2024.0,11.0,27.0,12.0
174.7,56.64,23.9,1.0,0.127,60.4,5.435999999999999,3260.0,351.9,47.2,328.0,9.816,7.089,53.9,60.8,10.3,50.6,0.4509,60.47873694932519,6.506,24.380000000000003,25.53,25.610000000000003,66.78999999999999,0.0805,264.6,1.0,2.0,0.0,2024.0,11.0,27.0,12.0
138.2,52.83,21.8,2.0,0.219,60.4,5.419499999999999,3080.0,375.7,48.2,211.4,11.057,6.739999999999999,50.7,60.9,10.5,59.2,0.4654,60.47873694932519,6.368,25.26,25.590000000000003,25.610000000000003,66.78,0.0778,267.3,1.0,2.0,0.0,2024.0,11.0,27.0,12.0
131.1,56.1,17.0,1.0,0.143,60.4,5.39,3200.0,120.0,45.0,230.0,8.39,7.15,83.0,190.0,58.0,40.0,0.923,65.25337407690348,6.19,36.4,27.2,27.8,65.0,0.163,248.0,0.0,0.0,0.0,2024.0,11.0,27.0,28.0
120.1,53.7,10.4,5.0,0.339,50.6,5.819000000000001,2740.0,275.0,34.0,720.9,8.629,6.641,19.4,46.9,3.2,25.2,0.4306999999999999,54.11255411255412,6.432,36.26,28.380000000000003,29.519999999999992,55.10000000000001,0.0332,574.7,0.0,0.0,0.0,2024.0,11.0,27.0,28.0
143.8,54.39,18.3,3.0,0.321,60.7,5.566000000000001,3340.0,121.8,37.4,281.9,8.908,6.87,7.85,16.1,1.0,15.8,0.1065,60.47873694932519,7.015000000000001,33.36,23.910000000000004,24.860000000000003,76.97,0.0551,186.1,0.0,0.0,0.0,2024.0,11.0,27.0,28.0
154.4,60.1,19.0,2.0,0.334,60.9,5.53,3100.0,32.0,38.0,340.0,6.7,6.97,33.0,120.0,4.0,48.0,0.593,68.43646549528903,6.15,31.2,26.8,27.6,67.1,0.248,298.0,0.0,0.0,0.0,2024.0,11.0,27.0,1.0
167.3,56.89,15.1,7.0,0.968,60.6,5.5365,3260.0,136.4,54.1,385.1,10.874,6.9,36.0,29.1,5.1,40.75,0.2760000000000001,65.25337407690348,6.385000000000001,24.87,24.280000000000005,25.53,68.21000000000001,0.0748,192.0,0.0,0.0,0.0,2024.0,11.0,27.0,1.0
163.3,56.92,15.0,3.0,0.467,70.0,5.532,3200.0,114.1,48.95,301.1,11.152,6.8870000000000005,30.9,33.0,2.35,41.7,0.2141,65.25337407690348,6.424,33.230000000000004,24.28,25.39,66.8,0.096,236.6,0.0,0.0,0.0,2024.0,11.0,27.0,1.0
179.8,52.0,24.0,2.0,0.23,60.6,5.56,3400.0,460.0,45.0,200.0,11.4,6.58,250.0,310.0,31.0,41.0,1.562,57.29564553093965,5.99,29.2,26.0,26.3,74.5,0.28,389.0,1.0,0.0,2.0,2024.0,11.0,27.0,14.0
137.85,53.13,11.0,1.0,0.146,60.2,5.625000000000001,3590.0,142.1,46.05,900.5,10.522,6.549999999999999,69.3,91.2,7.4,49.1,0.6597,63.66182836771072,6.496,31.920000000000005,23.79,24.580000000000005,75.97999999999999,0.1662,275.5,1.0,0.0,2.0,2024.0,11.0,27.0,14.0
132.3,53.36,19.7,8.0,1.338,70.4,5.546,3270.0,275.0,47.3,441.0,11.373,7.26,7.7,15.25,1.3,19.5,0.0688,74.8026483320601,6.441,32.77,23.93,24.61,73.26000000000002,0.115,160.7,1.0,0.0,2.0,2024.0,11.0,27.0,14.0
121.4,52.73,9.7,1.0,0.138,60.9,5.613999999999999,3375.0,143.2,48.9,1229.1,10.853000000000002,6.301,59.9,46.7,7.7,54.75,0.5775999999999999,60.47873694932519,6.243,23.420000000000005,29.09,29.110000000000003,53.86,0.5143,469.1,0.0,0.0,2.0,2024.0,11.0,27.0,5.0
130.6,53.07000000000001,11.9,1.0,0.17,70.3,5.773999999999999,3395.0,172.2,46.5,1205.1,10.7075,6.603,42.4,43.25,7.7,38.85,0.5775999999999999,70.0280112044818,6.258,25.26,29.31,30.079999999999995,53.15,0.4293999999999999,657.7,0.0,0.0,2.0,2024.0,11.0,27.0,5.0
134.9,54.3,7.0,1.0,0.077,50.2,5.4,3300.0,110.0,49.0,480.0,9.38,6.17,39.0,44.0,5.0,30.0,0.21,54.11255411255412,5.91,25.9,25.6,25.6,74.9,0.131,485.0,0.0,0.0,2.0,2024.0,11.0,27.0,5.0
120.2,50.81,7.6,1.0,0.088,60.2,5.498,3320.0,207.5,41.5,954.8,10.574,6.8050000000000015,62.45,57.1,7.0,89.1,0.5443,54.11255411255412,6.355,29.77,26.78,26.860000000000003,61.79,0.2225,337.7,2.0,2.0,2.0,2024.0,11.0,27.0,30.0
190.9,57.43000000000001,16.2,7.0,0.817,70.4,5.34,3680.0,522.0,69.3,986.4,12.402,6.48,67.65,67.3,6.7,76.3,0.5315,66.84491978609626,6.45,35.040000000000006,24.3,25.25,71.3,0.2256,274.1,2.0,2.0,2.0,2024.0,11.0,27.0,30.0
139.4,43.6,8.0,0.0,0.0,0.0,5.54,3000.0,67.0,42.0,390.0,7.32,7.85,5.0,35.0,2.0,48.0,0.101,0.0,6.27,37.7,25.2,24.7,72.6,0.114,486.0,2.0,2.0,2.0,2024.0,11.0,27.0,30.0
183.9,55.89,14.4,0.0,0.0,0.0,5.619999999999999,3085.0,149.7,40.0,272.9,9.299,6.631,10.1,17.65,1.4,18.8,0.1347,0.0,6.331,32.33,24.170000000000005,24.06,77.88000000000001,0.1369,182.5,0.0,2.0,0.0,2024.0,11.0,27.0,3.0
183.9,55.89,14.4,0.0,0.0,0.0,5.619999999999999,3085.0,149.7,40.0,272.9,9.299,6.631,10.1,17.65,1.4,18.8,0.1347,0.0,6.331,32.33,24.170000000000005,24.06,77.88000000000001,0.1369,182.5,0.0,2.0,0.0,2024.0,11.0,27.0,3.0
167.8,56.9,10.0,0.0,0.0,0.0,5.59,2900.0,45.0,39.0,290.0,7.33,6.6,11.0,39.0,2.0,41.0,0.149,0.0,5.99,44.0,24.4,24.4,78.9,0.073,394.0,0.0,2.0,0.0,2024.0,11.0,27.0,3.0
144.9,51.81,16.3,2.0,0.387,70.5,5.316000000000001,3100.0,547.5,50.65,363.0,11.232,6.389,36.1,34.4,3.4,34.4,0.3335,74.8026483320601,6.382,40.62,24.22,24.19,76.86999999999999,0.1965,623.4,0.0,1.0,2.0,2024.0,11.0,27.0,7.0
75.65,47.82,8.4,1.0,0.086,50.8,5.428,3420.0,463.2,51.8,504.0,11.288,6.526999999999999,27.3,48.2,3.0,39.5,0.1747,58.88719124013242,6.288,36.650000000000006,27.630000000000003,29.47,54.2,0.1425,202.8,0.0,1.0,2.0,2024.0,11.0,27.0,7.0
90.5,43.5,6.0,0.0,0.0,0.0,5.36,3200.0,630.0,56.0,310.0,11.37,6.39,21.0,54.0,2.0,36.0,0.192,0.0,6.25,39.1,24.4,24.3,76.9,0.252,243.0,0.0,1.0,2.0,2024.0,11.0,27.0,7.0
164.2,54.5,10.0,2.0,0.303,60.9,5.27,2700.0,410.0,55.0,200.0,8.51,7.25,12.0,40.0,6.0,35.0,0.166,63.66182836771072,5.81,46.4,24.0,24.4,77.2,0.125,160.0,2.0,2.0,0.0,2024.0,11.0,27.0,21.0
164.5,57.91,19.6,1.0,0.087,60.2,5.384,3185.0,218.6,52.9,349.0,9.5365,6.964,7.5,10.2,1.2,15.75,0.0919,54.11255411255412,6.465000000000001,36.73,24.64,25.9,66.35,0.1227999999999999,229.8,2.0,2.0,0.0,2024.0,11.0,27.0,21.0
160.6,58.34,19.0,3.0,0.35,60.8,5.403999999999999,3260.0,144.0,52.2,262.5,9.488,6.964,8.3,14.0,1.0,10.8,0.0764,63.66182836771072,6.734,39.15,24.78,25.630000000000003,66.89,0.1271,247.3,2.0,2.0,0.0,2024.0,11.0,27.0,21.0
165.05,60.0,12.0,2.0,0.261,60.2,5.35,2900.0,730.0,53.0,270.0,10.58,5.75,13.0,150.0,3.0,13.0,0.515,62.070282658517954,6.01,49.3,24.4,24.3,76.5,0.181,255.0,2.0,0.0,2.0,2024.0,11.0,27.0,23.0
151.85,58.4,22.2,3.0,0.369,60.6,5.364999999999999,3380.0,193.5,49.9,459.6,10.421,6.790000000000001,25.15,27.4,3.2,13.9,0.2749,66.84491978609626,6.394,34.59,27.72000000000001,28.21,60.620000000000005,0.2503000000000001,574.2,2.0,0.0,2.0,2024.0,11.0,27.0,23.0
158.7,56.330000000000005,12.0,2.0,0.28,70.2,5.47,3550.0,247.0,53.5,1038.1,10.266000000000002,6.245,36.1,52.1,3.5,97.5,0.4514999999999999,73.21110262286733,6.4430000000000005,29.110000000000003,28.590000000000003,29.399999999999995,55.55999999999999,0.132,514.6,2.0,0.0,2.0,2024.0,11.0,27.0,23.0
165.85,49.2,6.0,5.0,0.631,50.9,5.45,3000.0,81.0,39.0,300.0,8.26,6.33,18.0,32.0,1.0,4.0,0.091,58.88719124013242,6.1,43.2,25.2,24.9,75.1,0.205,687.0,2.0,1.0,0.0,2024.0,11.0,27.0,20.0
146.8,52.620000000000005,10.4,8.0,1.071,70.1,5.567,3115.0,115.5,38.9,1770.0,9.039,6.651000000000001,34.35,28.5,4.6,30.2,0.3162,68.43646549528903,6.446000000000001,23.710000000000004,28.43,30.309999999999995,54.25999999999999,0.1008,691.9,2.0,1.0,0.0,2024.0,11.0,27.0,20.0
167.25,57.96999999999999,15.1,4.0,0.553,70.3,5.477500000000001,3100.0,145.2,44.1,270.3,9.676,6.478,8.1,18.5,0.95,34.8,0.097,66.84491978609626,6.338,39.17999999999999,24.82,25.130000000000003,69.43,0.1109,234.1,2.0,1.0,0.0,2024.0,11.0,27.0,20.0
167.9,60.9,14.0,2.0,0.429,70.7,5.47,3100.0,57.0,41.0,220.0,7.65,6.18,22.0,270.0,33.0,23.0,0.862,73.21110262286733,5.74,48.1,26.0,26.0,71.4,0.247,460.0,1.0,2.0,2.0,2024.0,11.0,27.0,18.0
134.6,58.68000000000001,17.2,0.0,0.0,0.0,5.472,3400.0,372.7,61.4,1690.0,11.5845,6.396000000000001,32.2,51.9,3.4,17.6,0.2216,0.0,6.571000000000001,27.14,28.390000000000004,30.57,54.64,0.1224999999999999,668.8,1.0,2.0,2.0,2024.0,11.0,27.0,18.0
131.4,59.92,15.5,1.0,0.079,50.7,5.454,3440.0,167.6,52.6,1342.0,11.1855,6.352,23.2,45.6,2.6,17.3,0.2179999999999999,55.70409982174688,6.3100000000000005,29.33,28.14,29.360000000000003,55.290000000000006,0.1186,540.0,1.0,2.0,2.0,2024.0,11.0,27.0,18.0
162.85,53.99,23.9,6.0,0.615,60.8,5.449999999999999,3230.0,171.3,54.5,492.0,9.5235,6.516,19.9,12.3,1.5,32.4,0.0735,60.47873694932519,6.457999999999998,35.67,23.76,24.08,73.77000000000001,0.1238999999999999,276.9,0.0,1.0,1.0,2024.0,11.0,27.0,6.0
195.35,56.83,25.4,7.0,0.748,70.5,5.4595,3240.0,129.4,55.0,356.7,9.8565,6.465999999999999,16.6,13.0,1.6,24.3,0.0779,71.61955691367456,6.422,34.080000000000005,23.55,23.87,75.26,0.1014,242.6,0.0,1.0,1.0,2024.0,11.0,27.0,6.0
150.75,58.0,14.0,5.0,0.764,70.2,5.57,3000.0,150.0,41.0,360.0,7.17,6.6,7.0,21.0,1.0,18.0,0.074,65.25337407690348,6.25,42.7,25.0,25.1,74.8,0.225,596.0,0.0,1.0,1.0,2024.0,11.0,27.0,6.0
125.6,55.19,12.5,2.0,0.305,60.9,5.369999999999999,3340.0,244.3,38.3,697.0,9.662,6.29,32.2,25.0,3.4,53.25,0.1742,65.25337407690348,6.287999999999999,41.790000000000006,25.73,27.83,63.010000000000005,0.1159,213.0,1.0,2.0,1.0,2024.0,11.0,27.0,17.0
125.6,55.120000000000005,13.0,3.0,0.317,60.4,5.369999999999999,3340.0,231.4,38.3,642.0,9.662,6.29,35.7,25.0,3.5,53.25,0.2067,62.070282658517954,6.316,41.37,25.86,27.890000000000004,63.06999999999999,0.1159,227.9,1.0,2.0,1.0,2024.0,11.0,27.0,17.0
133.9,56.9,11.0,4.0,0.701,60.8,5.4,3100.0,84.0,38.0,360.0,8.2,6.84,5.0,13.0,1.0,21.0,0.063,76.39419404125286,6.42,36.8,25.4,25.3,72.9,0.239,603.0,1.0,2.0,1.0,2024.0,11.0,27.0,17.0
160.8,57.19000000000001,10.7,1.0,0.071,50.4,5.637,3325.0,101.4,48.25,323.0,8.402,6.154999999999999,21.0,29.25,2.3,9.5,0.1281999999999999,50.92946269416858,6.292999999999999,30.08,23.85,24.200000000000003,74.72999999999999,0.1573,252.4,2.0,1.0,2.0,2024.0,11.0,27.0,25.0
154.2,57.93000000000001,11.9,2.0,0.247,50.8,5.6785,3355.0,121.4,45.9,267.0,8.349,6.194999999999999,19.8,31.25,2.2,12.2,0.1282,63.66182836771072,6.427000000000001,41.6,23.95,25.27,71.97,0.1559,257.4,2.0,1.0,2.0,2024.0,11.0,27.0,25.0
169.0,56.7,15.0,0.0,0.0,0.0,5.5,3300.0,50.0,40.0,620.0,8.36,5.65,39.0,41.0,3.0,16.0,0.258,0.0,6.3660000000000005,26.7,24.58,25.83,69.9,0.2435,290.0,2.0,1.0,2.0,2024.0,11.0,27.0,25.0
129.6,52.3,16.5,2.0,0.193,50.8,5.6,3690.0,248.1,50.0,936.6,11.382,6.9,10.6,36.2,3.5,21.0,0.1001,57.29564553093965,6.31,37.16,28.54,29.46,56.40999999999999,0.1325,669.4,1.0,1.0,1.0,2024.0,11.0,27.0,29.0
158.1,53.35000000000001,16.5,1.0,0.13,60.3,5.517,3590.0,251.9,48.9,472.6,11.114999999999998,6.890000000000001,11.0,28.3,2.8,28.15,0.1042,62.070282658517954,6.317,38.260000000000005,26.05,25.45,64.77000000000001,0.1255,260.5,1.0,1.0,1.0,2024.0,11.0,27.0,29.0
138.3,60.2,10.0,5.0,0.593,60.9,5.57,3300.0,300.0,44.0,310.0,9.15,6.66,17.0,39.0,8.0,16.0,0.208,62.070282658517954,9.0,50.0,24.2,25.1,73.6,0.221,139.0,1.0,1.0,1.0,2024.0,11.0,27.0,29.0
133.2,55.4,10.0,3.0,0.479,70.1,5.59,3300.0,100.0,44.0,830.0,8.34,5.71,6.0,48.0,1.0,9.0,0.168,74.8026483320601,6.52,49.1,23.8,24.8,72.9,0.142,141.0,0.0,1.0,0.0,2024.0,11.0,27.0,2.0
150.0,55.02,19.2,4.0,0.657,70.2,5.339999999999999,3380.0,362.0,57.5,307.0,10.586,6.601000000000001,5.0,20.3,1.5,14.4,0.109,71.61955691367456,6.919,35.36,24.309999999999995,25.16,71.60000000000001,0.1247,248.2,0.0,1.0,0.0,2024.0,11.0,27.0,2.0
137.4,54.55,15.0,5.0,0.69,70.0,5.419,3230.0,255.0,51.2,623.0,10.256,6.851999999999999,41.1,48.1,6.4,68.7,0.4208,70.0280112044818,6.364,32.78,24.82,25.23,69.72,0.1149,186.7,0.0,1.0,0.0,2024.0,11.0,27.0,2.0
118.15,62.9,16.0,1.0,0.104,60.2,5.47,2700.0,96.0,39.0,400.0,7.54,5.84,18.0,57.0,2.0,23.0,0.198,58.88719124013242,6.69,46.8,25.0,25.3,70.9,0.258,159.0,2.0,0.0,0.0,2024.0,11.0,27.0,19.0
77.4,46.98,8.3,1.0,0.116,60.1,5.803000000000001,2925.0,148.2,48.05,1346.0,9.388,6.724999999999999,4.9,16.75,2.2,14.8,0.0945999999999999,62.070282658517954,6.438000000000001,29.6,27.55,28.45,54.05,0.2782,324.1,2.0,0.0,0.0,2024.0,11.0,27.0,19.0
114.85,47.86000000000001,7.6,1.0,0.229,70.6,5.746,2760.0,204.5,36.5,867.0,9.603,6.428999999999999,14.9,87.45,3.4,41.4,0.2761999999999999,76.39419404125286,6.445,32.85,27.1,27.57,63.080000000000005,0.209,314.7,2.0,0.0,0.0,2024.0,11.0,27.0,19.0
175.7,59.0,19.0,2.0,0.289,60.6,5.55,3200.0,170.0,49.0,260.0,8.68,6.45,5.0,10.0,1.0,10.0,0.049,68.43646549528903,6.55,36.6,25.4,25.4,72.5,0.248,300.0,0.0,2.0,1.0,2024.0,11.0,27.0,8.0
150.7,56.67,21.4,5.0,0.508,60.7,5.445,3180.0,385.0,49.1,290.0,10.282,6.912000000000001,7.6,10.0,1.3,18.6,0.0689,58.88719124013242,6.617,34.169999999999995,23.46,25.06,70.46000000000001,0.1341999999999999,306.7,0.0,2.0,1.0,2024.0,11.0,27.0,8.0
158.5,57.19000000000001,18.1,3.0,0.225,70.3,5.476000000000001,3570.0,282.0,52.2,456.0,9.828,6.862,8.8,17.2,2.3,16.6,0.1197,65.25337407690348,6.4510000000000005,32.09,24.070000000000004,25.2,69.53,0.1244999999999999,243.8,0.0,2.0,1.0,2024.0,11.0,27.0,8.0
156.7,54.8,12.0,2.0,0.221,60.9,5.4,3100.0,260.0,49.0,350.0,8.99,7.4,5.0,8.0,1.0,11.0,0.046,57.29564553093965,6.29,33.8,24.6,24.9,74.2,0.276,287.0,1.0,1.0,1.0,2024.0,11.0,27.0,15.0
174.3,59.96,20.5,3.0,0.633,70.2,5.381500000000001,3200.0,320.8,53.0,690.0,11.525499999999996,6.302,38.0,36.6,3.7,39.45,0.3182,73.21110262286733,6.308999999999999,34.68000000000001,24.38,23.94,76.61,0.1359,189.6,1.0,1.0,1.0,2024.0,11.0,27.0,15.0
180.6,59.81,23.0,4.0,0.481,50.8,5.423,3190.0,357.8,53.6,653.0,11.400999999999998,6.110000000000001,47.05,37.1,3.1,41.9,0.3102,55.70409982174688,6.462000000000001,29.920000000000005,23.700000000000003,23.890000000000004,75.99000000000001,0.0935,144.5,1.0,1.0,1.0,2024.0,11.0,27.0,15.0
180.6,59.080000000000005,21.6,5.0,0.583,60.4,5.397,3055.0,233.8,45.05,672.8,11.254,6.859999999999999,34.9,17.8,1.9,12.1,0.1867,57.29564553093965,6.331999999999999,26.2,22.71,23.5,79.75999999999999,0.1098999999999999,260.4,2.0,1.0,1.0,2024.0,11.0,27.0,24.0
189.2,58.330000000000005,17.9,11.0,1.63,70.5,5.326999999999999,3020.0,226.05,48.95,2455.0,11.0945,6.744,187.1,207.8,11.9,259.05,0.8470000000000002,73.21110262286733,6.283,22.84,25.300000000000004,25.55,66.82,0.5402,412.2,2.0,1.0,1.0,2024.0,11.0,27.0,24.0
105.6,49.9,6.0,2.0,0.36,70.2,5.57,3000.0,410.0,45.0,430.0,9.69,6.56,1.0,7.0,1.0,11.0,0.033,70.0280112044818,7.31,33.2,25.4,24.4,77.1,0.143,359.0,2.0,1.0,1.0,2024.0,11.0,27.0,24.0
198.5,54.39,21.9,0.0,0.0,0.0,5.4985,3260.0,299.0,46.5,942.0,10.4,6.661,36.9,78.0,11.6,61.05,0.3774999999999999,0.0,6.6110000000000015,34.43,23.56,24.05,78.78,0.1483,230.4,1.0,1.0,0.0,2024.0,11.0,27.0,11.0
173.7,56.27,17.9,5.0,0.917,70.6,5.485000000000001,3020.0,482.0,52.15,943.0,10.708000000000002,6.94,18.15,15.4,2.2,21.9,0.1601,74.8026483320601,6.428,35.86,23.610000000000003,23.88,77.13000000000001,0.1384,256.6,1.0,1.0,0.0,2024.0,11.0,27.0,11.0
178.3,46.9,6.0,2.0,0.303,70.3,5.66,3000.0,110.0,40.0,740.0,8.34,6.0,21.0,73.0,2.0,13.0,0.375,62.070282658517954,7.95,35.489999999999995,24.38,24.69,74.06,0.1326,595.9,1.0,1.0,0.0,2024.0,11.0,27.0,11.0
134.45,57.4,19.5,3.0,0.642,70.7,5.519,3385.0,543.4,50.05,1636.8,12.4195,6.919,37.7,45.0,8.0,54.2,0.3273999999999999,76.39419404125286,6.355,24.130000000000003,24.29,24.95,68.7,0.1552,268.2,2.0,2.0,2.0,2024.0,11.0,27.0,27.0
165.25,57.42999999999999,20.3,3.0,0.556,70.4,5.515,3515.0,440.8,55.2,1229.8,12.747000000000002,6.919,13.6,29.8,4.5,14.9,0.2603,73.21110262286733,6.333,24.98,23.51,25.140000000000004,67.98,0.1407,254.0,2.0,2.0,2.0,2024.0,11.0,27.0,27.0
170.1,55.4,11.0,2.0,0.34,60.5,5.59,3400.0,130.0,44.0,310.0,8.81,6.51,8.0,13.0,1.0,11.0,0.082,74.8026483320601,6.43,42.4,26.2,24.1,79.0,0.048,472.0,2.0,2.0,2.0,2024.0,11.0,27.0,27.0
191.2,58.220000000000006,20.9,3.0,0.451,70.4,5.578000000000001,3210.0,363.0,43.3,393.0,10.925,7.008000000000001,16.7,13.1,2.3,18.0,0.1258,71.61955691367456,6.405000000000001,38.290000000000006,23.0,22.87,82.02,0.0832,180.6,0.0,0.0,1.0,2024.0,11.0,27.0,4.0
125.7,49.25,16.0,4.0,0.464,60.3,5.51,3180.0,357.0,41.2,407.6,11.315,7.058,16.3,13.6,2.9,18.6,0.126,65.25337407690348,6.364,38.23,23.55,22.96,79.41,0.0683,179.7,0.0,0.0,1.0,2024.0,11.0,27.0,4.0
92.3,46.0,15.0,3.0,0.397,60.7,5.64,3200.0,80.0,40.0,290.0,8.11,6.96,6.0,9.0,1.0,14.0,0.043,81.16883116883118,7.33,28.5,25.4,23.6,78.5,0.045,380.0,0.0,0.0,1.0,2024.0,11.0,27.0,4.0
178.3,55.6,8.0,0.0,0.0,0.0,6.9,4200.0,550.0,51.0,100.0,10.24,6.9,8.0,9.0,5.0,23.0,0.038,0.0,6.41,50.0,22.0,21.0,98.7,0.034,154.0,2.0,2.0,2.0,2024.0,12.0,4.0,27.0
167.3,57.65,16.9,0.0,0.0,0.0,5.709,3745.0,370.0,48.35,771.0,11.016,6.861,8.7,19.1,5.65,20.6,0.1167999999999999,0.0,6.292,25.02,24.51,25.29,66.29,0.1097999999999999,126.5,2.0,2.0,2.0,2024.0,12.0,4.0,27.0
167.3,57.65,16.9,0.0,0.0,0.0,5.709,3745.0,370.0,48.35,771.0,11.016,6.861,8.7,19.1,5.65,20.6,0.1167999999999999,0.0,6.292,25.02,24.51,25.29,66.29,0.1097999999999999,126.5,2.0,2.0,2.0,2024.0,12.0,4.0,27.0
200.3,55.2,28.0,3.0,0.38,70.0,6.5,3900.0,270.0,51.0,570.0,9.5,6.5,4.0,1.0,1.0,7.0,0.036,60.47873694932519,9.0,33.8,22.0,21.4,98.2,0.019,169.0,2.0,1.0,1.0,2024.0,12.0,4.0,24.0
197.2,57.7,18.2,1.0,0.147,68.2,5.970000000000001,3310.0,205.7,44.85,588.8,9.593,6.772,34.6,21.3,2.0,12.6,0.1658,65.25337407690348,6.497,29.01,25.34,25.99,73.72000000000001,0.0956,198.9,2.0,1.0,1.0,2024.0,12.0,4.0,24.0
199.4,57.53,19.4,1.0,0.128,70.1,6.11,3295.0,205.7,44.45,588.8,9.593,6.805999999999999,32.0,21.3,1.9,11.7,0.1737,63.66182836771072,6.401000000000001,29.99,25.630000000000003,26.2,69.49000000000001,0.0934,181.4,2.0,1.0,1.0,2024.0,12.0,4.0,24.0
75.0,48.540000000000006,15.2,0.0,0.0,0.0,5.640999999999999,3320.0,283.0,56.15,1131.0,10.401500000000002,6.872,61.9,94.9,9.4,171.0,0.658,0.0,6.039,33.46,26.67,26.97,66.42999999999999,0.1982,187.4,0.0,0.0,1.0,2024.0,12.0,4.0,4.0
174.6,61.27,18.4,3.0,0.491,70.5,5.6240000000000006,3440.0,212.0,55.5,796.0,12.314000000000002,6.822,17.2,15.7,4.95,63.7,0.1976,68.43646549528903,6.506,24.370000000000005,27.1,27.540000000000003,62.03,0.0483,304.0,0.0,0.0,1.0,2024.0,12.0,4.0,4.0
107.0,51.66,15.9,3.0,0.402,60.8,5.593999999999999,3320.0,316.0,50.8,557.0,10.462,6.734,17.166666666666664,56.1,5.45,34.5,0.2593999999999999,70.0280112044818,6.552,33.18000000000001,24.090000000000003,23.71,75.97999999999999,0.1252,178.7,0.0,0.0,1.0,2024.0,12.0,4.0,4.0
148.05,55.6,11.0,5.0,0.578,60.7,6.0,4100.0,170.0,53.0,360.0,9.63,6.0,6.0,4.0,1.0,8.0,0.024,62.070282658517954,7.28,34.4,22.4,21.9,95.9,0.022,164.0,1.0,1.0,1.0,2024.0,12.0,4.0,15.0
174.9,61.48,21.2,3.0,0.523,60.8,5.563000000000001,3340.0,244.5,55.0,1284.0,10.77,6.398000000000001,54.7,42.4,3.5,36.45,0.5657,74.8026483320601,7.067,24.74,24.23,23.76,78.82000000000001,0.1175,134.3,1.0,1.0,1.0,2024.0,12.0,4.0,15.0
128.45,50.5,13.0,2.0,0.378,80.0,7.0,3500.0,97.0,39.0,370.0,7.79,7.0,6.0,21.0,1.0,11.0,0.069,71.61955691367456,9.0,28.5,22.8,22.3,93.9,0.015,136.0,1.0,1.0,1.0,2024.0,12.0,4.0,15.0
173.35,57.66,12.6,7.0,0.802,60.2,5.6075,3060.0,184.0,47.8,1279.0,10.751500000000002,6.910000000000001,22.85,33.1,4.9,24.2,0.1538,66.84491978609626,6.424000000000001,28.32,26.62,27.6,63.55,0.3371,501.3,0.0,2.0,2.0,2024.0,12.0,4.0,9.0
184.45,57.59,17.7,2.0,0.246,60.2,5.657500000000001,3090.0,180.4,48.1,737.0,10.257,6.8,11.6,14.6,2.567,20.4,0.1258999999999999,60.47873694932519,6.391,36.15,26.43,26.7,66.41,0.0967999999999999,314.3,0.0,2.0,2.0,2024.0,12.0,4.0,9.0
130.45,47.8,16.0,1.0,0.146,60.6,6.6,400.0,260.0,49.0,170.0,9.14,6.6,7.0,29.0,3.0,9.0,0.095,65.25337407690348,6.42,38.2,22.8,22.8,86.6,0.078,257.0,0.0,2.0,2.0,2024.0,12.0,4.0,9.0
67.15,56.02,12.9,6.0,0.814,70.3,5.722499999999999,3770.0,250.1,69.1,1188.3,10.965,6.410000000000001,87.6,74.8,12.5,116.233,0.6685999999999999,63.66182836771072,6.587999999999999,24.64,26.99,27.2,62.33,0.2045,604.8,1.0,0.0,1.0,2024.0,12.0,4.0,13.0
117.25,62.34,13.7,1.0,0.141,60.7,5.642,3540.0,227.5,67.0,777.8,10.805,6.48,64.9,48.3,6.2,28.933,0.5508,62.070282658517954,6.541000000000001,20.18,27.03,26.96,62.970000000000006,0.2156,542.8,1.0,0.0,1.0,2024.0,12.0,4.0,13.0
118.9,49.4,29.0,5.0,0.534,60.0,6.9,3700.0,120.0,39.0,290.0,8.76,6.9,1.0,5.0,1.0,9.0,0.015,60.47873694932519,9.0,40.0,23.2,24.0,82.3,0.03,274.0,1.0,0.0,1.0,2024.0,12.0,4.0,13.0
144.4,58.19,16.9,1.0,0.163,70.1,5.4975,3260.0,192.2,46.1,599.0,10.288,6.813,50.8,63.41666666666667,7.25,30.55,0.4204,64.61675579322639,6.566,29.860000000000003,26.21,26.98,64.87,0.08,238.6,2.0,0.0,1.0,2024.0,12.0,4.0,22.0
123.5,56.1,16.7,2.0,0.444,70.8,5.4715,3395.0,317.2,42.7,869.0,11.014,6.722999999999999,45.5,59.56666666666668,7.2,32.15,0.4204,73.21110262286733,6.590000000000001,32.09,26.23,27.270000000000003,62.38000000000001,0.0711,393.6,2.0,0.0,1.0,2024.0,12.0,4.0,22.0
180.0,52.8,10.0,7.0,0.692,60.4,6.0,3600.0,110.0,34.0,220.0,8.86,6.0,1.0,5.0,1.0,8.0,0.013,60.47873694932519,7.36,36.7,24.0,24.8,78.9,0.023,333.0,2.0,0.0,1.0,2024.0,12.0,4.0,22.0
109.2,49.51,11.8,6.0,1.374,80.0,5.961999999999999,3055.0,537.0,38.6,1189.9,9.731,6.119999999999999,10.6,157.0,12.6,69.05,0.6546000000000001,79.5772854596384,7.885000000000001,30.040000000000003,27.57,28.29,61.99,0.1059,482.2,1.0,0.0,0.0,2024.0,12.0,4.0,10.0
205.2,56.67,23.6,0.0,0.0,0.0,5.830499999999999,3320.0,310.0,39.55,913.0,10.154,6.774000000000001,38.45,89.3,4.9,45.75,0.2993,0.0,6.6450000000000005,28.059999999999995,25.35,26.45,66.66999999999999,0.0921,368.2,1.0,0.0,0.0,2024.0,12.0,4.0,10.0
169.2,51.2,23.0,3.0,0.366,60.5,6.8,3200.0,570.0,46.0,140.0,8.75,6.8,1.0,20.0,1.0,10.0,0.055,62.070282658517954,7.15,53.5,23.6,24.8,76.8,0.031,169.0,1.0,0.0,0.0,2024.0,12.0,4.0,10.0
138.6,62.3,8.0,2.0,0.205,60.3,7.2,3600.0,120.0,37.0,300.0,8.71,7.2,1.0,9.0,1.0,11.0,0.024,58.88719124013242,9.0,42.4,24.0,24.8,76.5,0.039,150.0,0.0,0.0,0.0,2024.0,12.0,4.0,28.0
129.2,54.4,11.1,4.0,0.406,60.2,5.800000000000001,3020.0,194.0,32.3,709.9,9.055,6.7010000000000005,19.4,35.9,3.6,20.2,0.1653,56.65902724726254,8.024,38.14999999999999,28.630000000000003,29.99,53.42,0.0881,701.0,0.0,0.0,0.0,2024.0,12.0,4.0,28.0
177.4,54.080000000000005,15.0,0.0,0.0,0.0,5.800000000000001,2980.0,175.2,36.9,588.8,8.904,6.714999999999999,46.9,50.0,4.65,23.9,0.5530000000000002,0.0,7.961,35.73,28.3,29.73,54.7,0.0421,732.8,0.0,0.0,0.0,2024.0,12.0,4.0,28.0
69.0,25.8,13.0,14.0,1.67,60.8,6.8,4500.0,250.0,61.0,220.0,11.12,6.8,8.0,20.0,2.0,14.0,0.066,74.8026483320601,9.0,26.9,24.0,24.5,81.9,0.065,175.0,1.0,2.0,0.0,2024.0,12.0,4.0,12.0
68.8,42.510000000000005,22.1,2.0,0.378,70.0,5.996499999999999,4035.0,380.55,59.85,538.8,11.974,7.089,17.5,17.4,3.4,24.2,0.1200999999999999,73.21110262286733,8.741,27.43,27.06,26.62,63.080000000000005,0.2015,326.7,1.0,2.0,0.0,2024.0,12.0,4.0,12.0
202.3,53.0,16.6,0.0,0.0,0.0,5.833,3370.0,347.9,43.4,909.0,9.893,7.168000000000001,28.8,24.3,3.3,20.3,0.1655,0.0,7.305,27.660000000000004,25.23,26.27,66.80999999999999,0.1235,492.2,1.0,2.0,0.0,2024.0,12.0,4.0,12.0
184.3,45.1,6.0,6.0,0.85,60.8,6.6,4400.0,130.0,58.0,280.0,10.61,6.6,4.0,4.0,1.0,12.0,0.021,71.61955691367456,9.0,46.2,22.8,23.4,85.8,0.038,280.0,2.0,2.0,1.0,2024.0,12.0,4.0,26.0
176.0,56.19,19.2,0.0,0.0,0.0,5.649,3615.0,162.3,52.5,760.0,11.1515,7.061999999999999,4.9,8.5,2.05,10.4,0.0513,0.0,6.809,33.56,24.21,25.44,70.78,0.2752,241.4,2.0,2.0,1.0,2024.0,12.0,4.0,26.0
158.3,45.720000000000006,18.6,4.0,0.708,70.6,5.487,3770.0,259.6,51.75,840.0,12.485,7.446,20.8,25.6,2.85,29.0,0.2454,71.61955691367456,6.484999999999999,32.540000000000006,26.110000000000003,26.48,67.41,0.1565,428.9,2.0,2.0,1.0,2024.0,12.0,4.0,26.0
117.1,35.9,11.0,4.0,0.402,50.5,6.5,4400.0,180.0,67.0,260.0,9.87,6.5,4.0,4.0,1.0,11.0,0.02,61.433664374840845,9.0,33.9,23.2,22.6,90.1,0.049,155.0,1.0,1.0,2.0,2024.0,12.0,4.0,16.0
122.5,47.49,7.5,0.0,0.0,0.0,5.863,3370.0,172.45,42.3,1031.4,9.456,6.763999999999999,38.533,102.0,10.1,106.6,0.4739999999999999,0.0,6.38,21.58,26.90000000000001,26.61,63.17,0.2432,301.0,1.0,1.0,2.0,2024.0,12.0,4.0,16.0
142.8,51.89,10.3,2.0,0.17,50.2,5.633000000000001,3280.0,125.9,41.2,1095.0,10.038999999999998,6.786,16.532999999999998,33.0,5.25,28.1,0.1414,50.92946269416858,6.393,18.36,26.74,26.84,63.44,0.0983,305.3,1.0,1.0,2.0,2024.0,12.0,4.0,16.0
170.1,52.98,19.9,4.0,0.314,50.4,5.879,3800.0,265.9,65.3,536.1,10.663,6.768000000000001,28.4,31.6,2.65,36.15,0.2001,57.29564553093965,7.489,33.71,24.270000000000003,25.26,68.59,0.1102999999999999,271.4,0.0,0.0,0.0,2024.0,12.0,4.0,1.0
183.9,51.710000000000015,19.9,3.0,0.381,60.0,5.889,3580.0,198.9,59.55,653.7,10.663,6.814,35.6,29.9,3.45,38.25,0.2183,65.25337407690348,7.489999999999999,28.54,24.33,25.55,65.87,0.1099999999999999,277.5,0.0,0.0,0.0,2024.0,12.0,4.0,1.0
166.0,57.2,4.0,2.0,0.217,60.3,6.7,4500.0,130.0,54.0,260.0,9.78,6.7,5.0,9.0,1.0,10.0,0.042,60.47873694932519,6.66,51.0,23.6,24.2,78.4,0.076,150.0,0.0,0.0,0.0,2024.0,12.0,4.0,1.0
151.6,57.120000000000005,11.9,2.0,0.258,60.8,5.9135,3520.0,94.4,45.55,856.5,9.793000000000005,6.492,22.7,58.1,3.7,42.3,0.2287,63.02521008403362,6.5,38.03,24.0,24.49,74.59,0.1093,286.8,1.0,0.0,2.0,2024.0,12.0,4.0,14.0
155.7,55.6,11.8,3.0,0.308,60.0,5.8825,3570.0,104.5,44.45,637.0,9.523,6.618,55.05,69.1,4.2,53.2,0.404,60.47873694932519,6.509,37.96,23.75,24.74,74.44999999999999,0.0996999999999999,242.2,1.0,0.0,2.0,2024.0,12.0,4.0,14.0
151.6,54.7,11.0,3.0,0.324,50.5,6.9,4000.0,120.0,48.0,240.0,8.84,6.9,4.0,4.0,1.0,14.0,0.024,55.70409982174688,6.56,43.0,24.0,24.4,77.8,0.089,162.0,1.0,0.0,2.0,2024.0,12.0,4.0,14.0
179.9,55.73,17.6,4.0,0.535,60.4,5.847,3460.0,240.7,51.55,749.0,9.981,6.688,26.4,15.2,2.8,23.9,0.134,66.84491978609626,7.187,30.55,23.41,23.840000000000003,80.37,0.0997999999999999,196.4,0.0,1.0,2.0,2024.0,12.0,4.0,7.0
179.9,52.720000000000006,17.0,2.0,0.211,60.0,5.707,3480.0,232.4,51.75,850.0,10.27,6.638,30.6,17.4,2.7,35.3,0.1328,57.29564553093965,6.985000000000001,30.520000000000003,23.45,23.72,80.36,0.1613,196.6,0.0,1.0,2.0,2024.0,12.0,4.0,7.0
172.4,56.9,10.0,6.0,0.714,70.0,7.0,3900.0,130.0,48.0,260.0,9.75,7.0,1.0,4.0,1.0,12.0,0.023,62.070282658517954,9.0,34.8,23.6,24.7,77.6,0.093,143.0,0.0,1.0,2.0,2024.0,12.0,4.0,7.0
185.4,43.33999999999999,11.2,0.0,0.0,0.0,5.927000000000001,3245.0,175.8,40.4,375.5,9.0805,6.68,4.6,28.25,1.7,16.3,0.0655,0.0,6.807,35.5,23.99,24.330000000000005,79.38000000000001,0.1037,168.0,0.0,2.0,0.0,2024.0,12.0,4.0,3.0
185.4,43.33999999999999,11.2,3.0,0.127,60.4,5.95,3245.0,208.3,40.4,381.5,9.567,6.638,4.5,35.6,1.7,15.8,0.0573,61.7519735166794,6.816,36.11,23.88,24.43,77.04,0.0941,211.6,0.0,2.0,0.0,2024.0,12.0,4.0,3.0
185.4,28.9,1.0,2.0,0.281,60.6,6.7,3700.0,160.0,42.0,200.0,8.37,6.7,1.0,14.0,1.0,10.0,0.046,63.66182836771072,7.64,35.8,24.0,24.8,75.0,0.051,167.0,0.0,2.0,0.0,2024.0,12.0,4.0,3.0
141.4,51.6,6.0,1.0,0.172,70.7,6.5,3400.0,75.0,40.0,170.0,7.41,6.5,8.0,9.0,2.0,11.0,0.056,70.0280112044818,6.22,40.5,23.7,24.5,79.6,0.105,167.0,2.0,0.0,2.0,2024.0,12.0,4.0,23.0
108.65,51.67,4.8,2.0,0.215,60.3,5.9,3340.0,200.0,42.1,1232.0,9.967000000000002,6.484999999999999,30.2,73.2,5.7,51.3,0.5331999999999999,60.47873694932519,6.5,24.610000000000003,28.81,29.23,54.3,0.1514,605.0,2.0,0.0,2.0,2024.0,12.0,4.0,23.0
145.55,54.81,12.3,2.0,0.247,60.8,5.505000000000001,3410.0,131.5,44.6,666.6,10.102,6.735000000000001,24.3,43.0,4.0,15.2,0.266,61.7519735166794,6.436,30.660000000000004,28.47000000000001,29.049999999999997,59.9,0.1499,624.7,2.0,0.0,2.0,2024.0,12.0,4.0,23.0
184.6,52.9,17.0,8.0,1.171,70.0,5.9,3600.0,150.0,42.0,170.0,8.4,5.9,5.0,14.0,1.0,7.0,0.06,65.25337407690348,9.0,43.9,23.6,24.6,77.7,0.061,197.0,2.0,2.0,0.0,2024.0,12.0,4.0,21.0
161.2,57.78000000000001,16.8,1.0,0.125,60.0,5.417000000000001,3290.0,187.1,50.6,288.5,9.278,7.025,10.15,14.6,1.5,13.05,0.0944,60.47873694932519,7.78,41.1,24.0,24.6,78.3,0.113,157.0,2.0,2.0,0.0,2024.0,12.0,4.0,21.0
160.1,65.8,7.0,4.0,0.534,70.2,7.3,3800.0,340.0,42.0,410.0,7.81,7.3,1.0,5.0,1.0,21.0,0.024,68.43646549528903,6.47,46.1,24.0,24.6,77.5,0.028,147.0,2.0,2.0,0.0,2024.0,12.0,4.0,21.0
100.4,55.4,10.0,5.0,0.481,70.4,7.2,4000.0,230.0,49.0,220.0,9.69,7.2,7.0,8.0,1.0,17.0,0.052,71.61955691367456,6.784000000000001,41.11,29.42,30.46999999999999,60.15999999999999,0.1269999999999999,774.3,0.0,0.0,2.0,2024.0,12.0,4.0,5.0
98.4,50.75,12.8,7.0,0.633,60.5,6.242,3475.0,268.5,58.6,1386.0,11.586,6.359999999999999,48.8,56.95,8.9,120.6,0.6645000000000001,73.21110262286733,7.553,27.3,29.2,30.76,54.03,0.9816000000000004,710.0,0.0,0.0,2.0,2024.0,12.0,4.0,5.0
111.05,50.67000000000001,11.7,2.0,0.171,70.3,6.062499999999999,3485.0,259.5,49.3,1345.0,11.1115,6.540000000000001,49.95,52.65,8.3,121.1,0.6681999999999999,68.43646549528903,6.330999999999999,24.270000000000003,29.69,31.069999999999997,52.36,0.9816000000000004,726.8,0.0,0.0,2.0,2024.0,12.0,4.0,5.0
180.6,55.6,12.0,1.0,0.084,60.0,7.3,4000.0,80.0,42.0,280.0,9.02,7.3,1.0,5.0,1.0,16.0,0.03,55.70409982174688,9.0,44.0,23.6,24.2,79.3,0.08,156.0,2.0,2.0,2.0,2024.0,12.0,4.0,30.0
64.45,52.39,9.0,0.0,0.0,0.0,6.168,3290.0,169.5,40.6,2010.0,10.674,6.823,88.3,100.5,15.25,134.2,0.8319000000000001,0.0,8.727,23.56,26.71,26.99,62.42999999999999,0.3072,199.0,2.0,2.0,2.0,2024.0,12.0,4.0,30.0
189.1,56.74,14.8,2.0,0.105,60.5,6.17,3630.0,486.7,54.1,728.6,11.797999999999998,6.709999999999999,60.75,51.9,6.7,86.7,0.5491999999999999,60.47873694932519,8.717,37.49,23.64,25.0,72.66,0.1758,238.5,2.0,2.0,2.0,2024.0,12.0,4.0,30.0
167.7,59.73,18.6,2.0,0.126,60.2,6.052499999999999,3350.0,187.6,45.35,357.1,9.169999999999998,6.558000000000002,14.45,20.05,1.75,14.5,0.1021,57.29564553093965,7.232000000000001,32.730000000000004,24.71,25.26,73.51,0.1059,250.0,2.0,1.0,0.0,2024.0,12.0,4.0,20.0
173.5,60.63000000000002,16.6,6.0,0.367,70.0,6.022499999999999,3390.0,192.1,44.7,271.2,9.455000000000002,6.958000000000001,13.45,16.8,1.5,18.7,0.1059,60.47873694932519,7.351000000000001,38.0,24.01,24.82,72.28999999999999,0.1155,251.1,2.0,1.0,0.0,2024.0,12.0,4.0,20.0
163.4,63.2,3.0,3.0,0.318,60.2,7.3,3500.0,210.0,39.0,420.0,8.13,7.3,1.0,7.0,1.0,13.0,0.026,62.070282658517954,6.62,45.7,23.6,24.5,76.7,0.066,257.0,2.0,1.0,0.0,2024.0,12.0,4.0,20.0
112.7,54.54,7.2,6.0,0.521,70.0,6.070000000000001,3370.0,198.7,42.8,396.2,8.577000000000002,6.558,17.65,18.5,2.6,21.1,0.1475,63.66182836771072,6.380999999999999,45.760000000000005,29.24,30.7,52.15,0.1564,635.0,1.0,2.0,2.0,2024.0,12.0,4.0,18.0
114.0,56.96,6.3,2.0,0.214,60.4,6.110000000000001,3520.0,153.1,43.8,657.0,8.754999999999999,6.332,23.95,20.1,4.0,16.0,0.2564000000000001,66.84491978609626,6.349000000000001,46.05000000000001,28.74,30.89,51.040000000000006,0.1644,572.5,1.0,2.0,2.0,2024.0,12.0,4.0,18.0
153.2,58.9,10.0,3.0,0.236,60.5,6.9,3800.0,93.0,43.0,460.0,8.92,6.9,1.0,4.0,1.0,14.0,0.019,63.66182836771072,6.35,46.1,23.6,24.4,77.1,0.05,245.0,1.0,2.0,2.0,2024.0,12.0,4.0,18.0
183.3,53.720000000000006,23.8,4.0,0.528,70.5,5.5600000000000005,3450.0,429.1,58.5,490.6,11.885,6.94,9.9,17.8,2.9,13.45,0.1036,73.21110262286733,6.384,35.89,24.64,25.290000000000003,65.67,0.1173999999999999,209.0,1.0,1.0,1.0,2024.0,12.0,4.0,29.0
182.3,53.720000000000006,22.9,3.0,0.477,70.0,5.56,3450.0,493.1,56.2,490.6,11.885,6.94,6.7,18.0,2.9,14.05,0.0965999999999999,68.43646549528903,6.383,35.65,24.55,25.290000000000003,65.9,0.1331,202.2,1.0,1.0,1.0,2024.0,12.0,4.0,29.0
141.0,43.7,12.0,2.0,0.205,60.2,7.0,4000.0,88.0,45.0,260.0,9.03,7.0,1.0,7.0,1.0,12.0,0.021,57.29564553093965,6.45,36.0,24.0,24.9,76.8,0.059,388.0,1.0,1.0,1.0,2024.0,12.0,4.0,29.0
151.4,57.56,8.8,0.0,0.0,0.0,5.7685,3315.0,125.7,40.1,329.0,8.223,6.13,18.5,27.15,2.0,11.7,0.1289,0.0,6.876,30.07,23.98,25.059999999999995,74.77000000000001,0.1175,264.2,2.0,1.0,2.0,2024.0,12.0,4.0,25.0
151.4,57.56,8.8,0.0,0.0,0.0,5.7685,3315.0,125.7,40.1,329.0,8.223,6.13,18.5,27.15,2.0,11.7,0.1289,0.0,6.876,30.07,23.98,25.059999999999995,74.77000000000001,0.1175,264.2,2.0,1.0,2.0,2024.0,12.0,4.0,25.0
172.2,59.8,9.0,2.0,0.315,70.0,6.3,3500.0,100.0,38.0,220.0,7.76,6.3,4.0,23.0,1.0,7.0,0.093,66.84491978609626,6.38,47.7,24.0,25.1,75.5,0.077,332.0,2.0,1.0,2.0,2024.0,12.0,4.0,25.0
103.65,48.2,1.0,0.0,0.0,0.0,6.7,3200.0,270.0,46.0,210.0,8.22,6.7,1.0,12.0,1.0,10.0,0.034,0.0,6.79,33.9,24.4,25.5,72.5,0.057,280.0,2.0,0.0,0.0,2024.0,12.0,4.0,19.0
92.25,48.48,6.5,0.0,0.0,0.0,6.103000000000001,3250.0,195.1,42.3,2206.0,10.156,6.751,10.65,66.7,3.0,27.1,0.2079,0.0,6.382000000000001,25.57,28.880000000000003,29.96,52.05,0.1696,377.4,2.0,0.0,0.0,2024.0,12.0,4.0,19.0
92.25,48.48,6.5,0.0,0.0,0.0,6.103000000000001,3250.0,195.1,42.3,2206.0,10.156,6.751,10.65,66.7,3.0,27.1,0.2079,0.0,6.382000000000001,25.57,28.880000000000003,29.96,52.05,0.1696,377.4,2.0,0.0,0.0,2024.0,12.0,4.0,19.0
138.9,55.0,6.0,7.0,0.866,60.5,6.6,3400.0,180.0,44.0,390.0,8.26,6.6,1.0,25.0,2.0,9.0,0.083,65.25337407690348,6.85,31.2,24.0,24.7,76.9,0.053,308.0,0.0,1.0,0.0,2024.0,12.0,4.0,2.0
176.9,46.67,12.7,3.0,0.399,60.8,5.879000000000001,3390.0,175.26666666666665,40.95,1352.2,9.422999999999998,6.845999999999999,33.5,60.5,6.8,66.05,0.3805,62.070282658517954,6.623,29.47,24.67,25.600000000000005,65.32000000000001,0.1679,242.8,0.0,1.0,0.0,2024.0,12.0,4.0,2.0
179.8,47.26,13.8,0.0,0.0,0.0,5.860000000000001,3460.0,184.53333333333333,45.4,1731.2,9.858999999999998,7.055999999999999,32.5,60.6,7.4,63.55,0.3373,0.0,6.586999999999999,25.75,23.57,25.190000000000005,69.37,0.2203,402.2,0.0,1.0,0.0,2024.0,12.0,4.0,2.0
157.45,42.7,26.0,2.0,0.229,60.0,6.3,4000.0,90.0,65.0,450.0,9.05,6.3,1.0,5.0,1.0,11.0,0.025,58.88719124013242,9.0,45.9,23.6,24.6,78.4,0.045,260.0,0.0,1.0,1.0,2024.0,12.0,4.0,6.0
159.85,50.71,25.3,5.0,0.487,60.8,5.749999999999999,3480.0,196.1,59.0,478.0,11.048999999999998,6.409999999999999,18.3,12.4,1.5,26.1,0.0909,58.88719124013242,6.328,37.42,23.43,24.35,74.97,0.1349,309.5,0.0,1.0,1.0,2024.0,12.0,4.0,6.0
141.3,47.6,25.9,3.0,0.272,50.8,5.761999999999999,3550.0,217.9,55.1,904.0,10.906,6.505000000000001,17.8,7.1,2.4,46.0,0.086,63.02521008403362,6.513,28.880000000000003,23.31,24.7,66.34,0.0944,330.7,0.0,1.0,1.0,2024.0,12.0,4.0,6.0
171.2,59.3,3.0,0.0,0.0,0.0,6.7,3700.0,190.0,35.0,760.0,8.14,7.0,15.0,44.0,6.0,13.0,0.191,0.0,6.41,51.7,23.6,24.3,78.3,0.093,159.0,1.0,2.0,1.0,2024.0,12.0,4.0,17.0
132.5,53.27,19.3,2.0,0.281,70.0,5.56,3730.0,336.5,46.7,992.0,10.862,6.569999999999999,31.8,18.7,2.8,57.45,0.2107,61.433664374840845,7.134,39.08,26.2,27.6,61.83,0.0809,244.9,1.0,2.0,1.0,2024.0,12.0,4.0,17.0
145.3,54.36,19.6,2.0,0.32,60.8,5.5435,3740.0,236.4,48.1,952.0,10.627,6.589999999999999,29.0,19.7,3.0,53.75,0.2107,66.84491978609626,7.133000000000001,39.08,26.3,27.6,62.60999999999999,0.0783,261.0,1.0,2.0,1.0,2024.0,12.0,4.0,17.0
208.2,51.7,10.9,2.0,0.187,50.8,5.815,3250.0,197.0,43.4,1213.4,10.182000000000002,6.952000000000001,18.3,31.9,3.8,28.3,0.2147999999999999,60.47873694932519,6.397,39.85000000000001,25.440000000000005,25.2,71.53,0.1749,220.1,1.0,1.0,0.0,2024.0,12.0,4.0,11.0
207.5,51.61999999999999,18.7,1.0,0.097,60.5,5.8225,3170.0,241.0,43.9,1309.4,9.69,6.813,36.0,75.55,11.8,48.45,0.4165999999999999,57.29564553093965,6.39,32.92,24.380000000000003,24.76,70.57000000000002,0.1347999999999999,134.8,1.0,1.0,0.0,2024.0,12.0,4.0,11.0
171.0,55.7,5.0,2.0,0.239,60.6,7.1,3600.0,190.0,41.0,440.0,8.59,7.1,4.0,14.0,1.0,16.0,0.049,58.25057295645531,9.0,45.8,27.2,28.1,63.1,0.059,620.0,1.0,1.0,0.0,2024.0,12.0,4.0,11.0
134.6,49.05,9.9,1.0,0.138,70.0,5.846000000000001,3535.0,383.0,51.75,781.0,10.8655,6.799000000000001,37.6,70.4,5.8,89.85,1.9676999999999976,66.84491978609626,6.435,31.07,24.85,25.860000000000003,68.85,0.1475,287.3,0.0,2.0,1.0,2024.0,12.0,4.0,8.0
142.0,52.0,11.4,1.0,0.171,80.0,5.871,3455.0,375.0,49.7,1438.0,10.5925,6.837000000000001,34.15,36.3,5.8,72.7,0.3984999999999999,70.98293862999745,6.435,30.65,25.42,26.110000000000003,66.92,0.1486,237.6,0.0,2.0,1.0,2024.0,12.0,4.0,8.0
141.2,40.5,7.0,2.0,0.185,60.5,6.7,3800.0,440.0,67.0,270.0,9.46,6.7,9.0,9.0,1.0,15.0,0.06,54.11255411255412,6.4,39.7,26.4,27.0,68.6,0.107,652.0,0.0,2.0,1.0,2024.0,12.0,4.0,8.0
167.85,57.64000000000001,16.4,1.0,0.113,60.6,5.7475000000000005,2710.0,181.4,48.3,915.0,10.2735,6.731,11.6,17.5,2.2,20.2,0.1326999999999999,62.70690094219506,6.404000000000001,35.83,26.64,26.7,62.80999999999999,0.0967999999999999,415.6,0.0,2.0,2.0,2024.0,12.0,4.0,9.0
184.45,57.71999999999999,16.4,1.0,0.108,60.2,5.7475000000000005,2820.0,169.9,48.1,703.0,10.257,6.890000000000001,11.6,14.6,2.567,20.2,0.1210999999999999,58.88719124013242,6.398,36.15,26.43,26.7,66.16,0.0973999999999999,364.9,0.0,2.0,2.0,2024.0,12.0,4.0,9.0
166.9,55.7,16.4,6.0,1.512,80.2,5.6000000000000005,3230.0,304.0,50.4,1026.0,11.575,6.780000000000001,237.95,112.7,42.0,297.4,1.3411000000000002,79.5772854596384,6.4,49.3,25.6,26.6,71.8,0.086,281.0,0.0,2.0,2.0,2024.0,12.0,4.0,9.0
78.4,55.09,11.4,4.0,0.549,70.4,5.680000000000001,3875.0,280.1,70.4,789.5,11.1565,6.13,17.5,47.2,3.1,26.133000000000003,0.1863999999999999,68.43646549528903,6.545,24.2,26.44,26.860000000000003,62.19000000000001,0.195,519.3,1.0,0.0,1.0,2024.0,12.0,4.0,13.0
112.65,56.17,11.2,4.0,0.302,50.8,5.524500000000001,3550.0,232.0,60.7,815.3,10.661,6.49,66.0,49.15,6.0,26.633000000000003,0.5464,55.70409982174688,6.517,20.82,27.21,27.1,62.5,0.2024999999999999,493.6,1.0,0.0,1.0,2024.0,12.0,4.0,13.0
119.35,58.75,12.3,4.0,0.367,60.2,5.727500000000001,3550.0,311.8,55.85,376.3,10.93,6.710000000000001,45.5,50.45,4.85,22.9,0.3586,54.11255411255412,7.0,38.3,24.4,25.7,73.5,0.053,237.0,1.0,0.0,1.0,2024.0,12.0,4.0,13.0
169.1,56.3,14.6,1.0,0.105,50.8,5.6370000000000005,3580.0,162.3,53.1,498.0,11.504499999999998,7.037999999999999,5.3,6.8,1.5,11.9,0.0447,57.29564553093965,6.38,34.6,24.4,25.8,69.4,0.046,245.0,2.0,2.0,1.0,2024.0,12.0,4.0,26.0
120.2,44.18000000000001,17.1,8.0,1.354,70.2,5.6,3745.0,234.6,57.3,779.2,12.034,7.333999999999999,62.2,64.1,23.7,80.9,0.4559999999999999,71.61955691367456,6.470000000000001,31.95,27.290000000000003,26.340000000000003,68.66999999999999,0.4583,591.7,2.0,2.0,1.0,2024.0,12.0,4.0,26.0
106.2,44.78000000000001,15.9,7.0,1.125,70.5,5.65,3745.0,241.6,57.2,1078.4,11.9665,7.273999999999999,62.1,66.85,23.7,75.2,0.5278999999999999,71.61955691367456,6.497,26.90000000000001,27.410000000000004,26.340000000000003,68.03,0.4889,608.7,2.0,2.0,1.0,2024.0,12.0,4.0,26.0
169.1,59.3,20.2,1.0,0.128,60.8,5.533,3100.0,204.2,39.6,1671.5,9.844,6.728,46.5,54.8,2.8,28.0,0.3667,61.433664374840845,6.36,45.4,25.2,26.2,72.6,0.063,507.0,1.0,1.0,2.0,2024.0,12.0,4.0,16.0
175.0,53.44,19.5,4.0,0.591,70.0,5.568,3320.0,111.5,42.6,2210.0,10.445,6.747,20.8,28.4,4.1,22.1,0.1316999999999999,63.66182836771072,6.392999999999999,21.410000000000004,25.73,27.08,65.23,0.1976,567.4,1.0,1.0,2.0,2024.0,12.0,4.0,16.0
179.4,60.46,22.0,10.0,1.401,70.4,5.561999999999999,3250.0,154.25,41.2,1810.0,10.419,6.92,23.7,24.9,2.8,18.6,0.1779999999999999,65.25337407690348,6.552,25.45,24.71,25.160000000000004,68.56000000000002,0.1749,556.0,1.0,1.0,2.0,2024.0,12.0,4.0,16.0
134.9,48.76,15.7,5.0,0.847,70.4,5.97,2905.0,473.0,38.4,1127.9,10.255,6.807,10.9,123.3,11.8,60.3,0.6488,68.43646549528903,8.23,35.0,26.8,27.3,66.8,0.058,662.0,1.0,0.0,0.0,2024.0,12.0,4.0,10.0
174.5,54.92999999999999,22.5,1.0,0.43,60.6,5.821499999999999,3010.0,530.0,42.55,458.0,10.256,6.753,13.5,22.2,2.7,16.8,0.1899,66.20830150241915,6.654999999999999,29.630000000000003,23.82,24.52,73.14,0.1263,317.1,1.0,0.0,0.0,2024.0,12.0,4.0,10.0
114.0,48.88,15.7,3.0,0.373,70.0,5.9415,3015.0,502.0,38.4,1175.0,10.204,6.795,11.2,153.2,11.8,63.95,0.6544000000000001,59.84211866564808,6.638,31.41,27.33,27.96,63.67999999999999,0.1196,530.3,1.0,0.0,0.0,2024.0,12.0,4.0,10.0
113.6,53.08,14.6,1.0,0.18,80.0,5.4495000000000005,3505.0,319.2,43.1,1346.0,11.178,6.779999999999999,52.6,78.63333333333335,11.4,43.65,0.5234,69.07308377896614,9.0,34.8,27.2,28.2,64.8,0.036,450.0,2.0,0.0,1.0,2024.0,12.0,4.0,22.0
185.5,58.5,15.4,1.0,0.165,60.8,5.5285,3170.0,206.3,46.4,677.0,10.171,6.726000000000001,40.8,62.45,4.2,31.45,0.396,70.0280112044818,6.634,32.9,26.18,26.910000000000004,65.38999999999999,0.0954,217.0,2.0,0.0,1.0,2024.0,12.0,4.0,22.0
196.8,57.60000000000001,17.3,0.0,0.0,0.0,5.506500000000001,3290.0,234.0,51.3,736.0,10.0125,6.663000000000001,37.5,62.45,5.5,30.55,0.3723999999999999,0.0,6.714,31.26,26.45,26.570000000000004,65.18,0.0979,235.0,2.0,0.0,1.0,2024.0,12.0,4.0,22.0
202.3,53.0,16.6,0.0,0.0,0.0,5.833,3370.0,347.9,43.4,909.0,9.893,7.168000000000001,28.8,24.3,3.3,20.3,0.1655,0.0,7.305,27.660000000000004,25.23,26.27,66.80999999999999,0.1235,492.2,1.0,2.0,0.0,2024.0,12.0,4.0,12.0
202.3,53.0,16.6,0.0,0.0,0.0,5.833,3370.0,347.9,43.4,909.0,9.893,7.168000000000001,28.8,24.3,3.3,20.3,0.1655,0.0,7.305,27.660000000000004,25.23,26.27,66.80999999999999,0.1235,492.2,1.0,2.0,0.0,2024.0,12.0,4.0,12.0
105.0,43.27,20.2,1.0,0.253,80.1,6.042999999999999,3505.0,367.85,56.3,671.8,11.926,6.8950000000000005,32.1,39.2,5.85,29.6,0.2173999999999999,77.98573975044563,9.0,39.3,27.2,28.4,62.6,0.039,579.0,1.0,2.0,0.0,2024.0,12.0,4.0,12.0
123.2,55.7,10.8,4.0,0.504,60.5,5.790000000000001,2760.0,243.0,32.0,733.0,9.755,6.666,16.7,48.6,8.1,20.9,0.3174,62.070282658517954,7.766,32.49,28.630000000000003,29.99,53.44,0.0447,642.6,0.0,0.0,0.0,2024.0,12.0,4.0,28.0
123.2,54.250000000000014,11.3,2.0,0.302,60.8,5.790000000000001,3070.0,164.2,34.6,709.9,9.055,6.7010000000000005,44.3,100.6,4.75,35.1,0.7038000000000001,71.61955691367456,8.221,40.26,28.39,29.91,54.7,0.0421,705.9,0.0,0.0,0.0,2024.0,12.0,4.0,28.0
115.65,54.91000000000001,17.9,2.0,0.259,70.0,5.94,3160.0,116.6,38.2,633.9,9.03,6.799999999999999,9.0,19.3,1.55,20.9,0.1076999999999999,60.47873694932519,9.0,41.4,27.2,28.7,60.0,0.035,246.0,0.0,0.0,0.0,2024.0,12.0,4.0,28.0
164.3,52.98,11.7,4.0,0.702,70.2,5.92,3550.0,171.8,48.85,632.7,10.935,6.7620000000000005,26.3,25.7,2.6,39.6,0.2139,66.84491978609626,7.972999999999999,33.99,26.09,27.38000000000001,64.06,0.1208999999999999,285.9,0.0,0.0,0.0,2024.0,12.0,4.0,1.0
166.0,51.11,18.7,1.0,0.106,60.0,5.9745,4140.0,262.0,65.3,504.4,10.716,6.772,5.9,28.8,1.05,22.5,0.0544999999999999,60.47873694932519,7.513,33.21,24.26,24.95,68.42999999999999,0.1302999999999999,255.2,0.0,0.0,0.0,2024.0,12.0,4.0,1.0
164.3,52.99000000000001,15.3,5.0,0.694,60.3,5.943,3550.0,171.8,46.6,638.7,10.976,6.802,26.1,26.7,2.6,39.6,0.2139,66.84491978609626,9.0,35.1,26.0,27.8,63.8,0.093,263.0,0.0,0.0,0.0,2024.0,12.0,4.0,1.0
94.9,49.48,14.6,7.0,1.139,70.0,5.736000000000001,3380.0,288.0,46.2,1042.0,11.306,7.229999999999999,9.4,27.6,1.6,21.0,0.0838999999999999,71.61955691367456,6.481,35.6,23.97,24.8,69.55000000000001,0.2046,169.4,1.0,0.0,2.0,2024.0,12.0,4.0,14.0
128.0,56.36,12.1,3.0,0.405,60.8,5.9,3480.0,78.4,45.95,580.7,9.793000000000005,6.7700000000000005,13.9,49.9,2.0,17.9,0.1011,65.25337407690348,6.463000000000001,38.39,24.08,24.550000000000004,74.88,0.0974,291.9,1.0,0.0,2.0,2024.0,12.0,4.0,14.0
101.3,52.89,13.4,6.0,1.007,60.8,6.200000000000001,3370.0,185.2,47.8,684.0,11.185,7.010000000000001,11.9,26.1,1.7,21.0,0.0658,70.0280112044818,6.45,47.5,26.4,27.6,61.6,0.075,233.0,1.0,0.0,2.0,2024.0,12.0,4.0,14.0
124.2,54.52,16.7,3.0,0.333,60.4,5.8305,3350.0,206.6,45.7,598.2,10.024,6.890000000000001,7.95,12.15,1.2,34.25,0.0723999999999999,62.070282658517954,6.34,48.1,26.0,27.6,64.8,0.059,682.0,0.0,0.0,2.0,2024.0,12.0,4.0,5.0
107.2,50.60000000000001,11.1,4.0,0.544,60.8,6.052,3455.0,240.5,49.9,1425.0,11.463,6.19,58.45,57.45,8.0,118.0,0.7013,62.070282658517954,6.337999999999999,25.07,29.26,30.46,53.93000000000001,0.9816000000000004,649.7,0.0,0.0,2.0,2024.0,12.0,4.0,5.0
154.0,52.790000000000006,11.5,0.0,0.0,0.0,5.8405000000000005,3395.0,184.2,49.0,1461.0,11.1245,6.646000000000001,47.45,49.2,8.05,121.6,0.6215999999999999,0.0,6.257000000000001,24.37,27.880000000000003,29.77,55.23,0.9816000000000004,467.6,0.0,0.0,2.0,2024.0,12.0,4.0,5.0
149.75,58.25,10.8,3.0,0.432,60.4,6.22,3520.0,528.8,61.6,1603.8,13.145,6.711,82.55,86.8,7.1,112.3,0.9104,60.47873694932519,9.0,32.5,26.0,27.6,66.0,0.076,267.0,2.0,2.0,2.0,2024.0,12.0,4.0,30.0
64.45,52.39,9.0,0.0,0.0,0.0,6.168,3290.0,169.5,40.6,2010.0,10.674,6.823,88.3,100.5,15.25,134.2,0.8319000000000001,0.0,8.727,23.56,26.71,26.99,62.42999999999999,0.3072,199.0,2.0,2.0,2.0,2024.0,12.0,4.0,30.0
132.55,58.25,10.7,3.0,0.315,60.3,6.179999999999999,3560.0,500.8,60.0,1753.8,13.012,6.753,73.1,88.8,11.3,112.8,0.7758,60.47873694932519,8.743,26.37,26.05,27.36,62.40999999999999,0.1369,234.0,2.0,2.0,2.0,2024.0,12.0,4.0,30.0
138.25,44.45,8.3,4.0,0.592,70.0,6.01,3420.0,190.95,52.95,791.0,9.982,6.65,10.7,56.45,3.7,26.65,0.1704,65.25337407690348,9.0,39.9,27.2,28.8,63.0,0.056,304.0,0.0,2.0,0.0,2024.0,12.0,4.0,3.0
185.4,44.96,11.2,1.0,0.064,50.3,5.958,3365.0,175.8,40.3,384.5,9.0485,6.638,4.3,36.55,1.7,19.5,0.0551,49.01960784313726,7.209999999999999,36.35,23.75,24.290000000000003,79.45,0.0944,190.2,0.0,2.0,0.0,2024.0,12.0,4.0,3.0
204.9,48.64,13.0,3.0,0.509,70.4,5.998,3455.0,206.2,54.3,637.0,9.937,6.709999999999999,10.2,54.7,3.1,26.3,0.1726,68.43646549528903,8.603,38.720000000000006,25.13,25.77,67.82,0.1103,216.3,0.0,2.0,0.0,2024.0,12.0,4.0,3.0
156.9,53.85999999999999,13.8,2.0,0.355,70.3,6.17,3460.0,262.7,53.45,920.0,10.303,6.566,29.3,49.6,4.4,45.05,0.3733,71.61955691367456,9.0,34.9,27.6,28.7,62.7,0.05,628.0,0.0,1.0,2.0,2024.0,12.0,4.0,7.0
158.3,50.61,13.9,0.0,0.0,0.0,5.87,3500.0,219.0,51.6,1139.0,10.847,6.567,24.8,53.3,3.1,46.8,0.1496,0.0,6.986,22.95,26.790000000000003,27.380000000000003,61.99,0.1432,327.9,0.0,1.0,2.0,2024.0,12.0,4.0,7.0
158.3,50.61,13.9,0.0,0.0,0.0,5.87,3500.0,219.0,51.6,1139.0,10.847,6.567,24.8,53.3,3.1,46.8,0.1496,0.0,6.986,22.95,26.790000000000003,27.380000000000003,61.99,0.1432,327.9,0.0,1.0,2.0,2024.0,12.0,4.0,7.0
159.3,57.89000000000001,14.0,1.0,0.102,50.8,5.366999999999999,3215.0,186.2,54.5,288.5,9.7015,6.95,14.2,17.8,2.2,24.4,0.1211,60.47873694932519,7.323,33.42,25.01,26.08,64.60999999999999,0.1754,246.9,2.0,2.0,0.0,2024.0,12.0,4.0,21.0
129.65,52.65,11.9,0.0,0.0,0.0,5.450999999999999,3215.0,170.9,52.2,1107.0,10.414,6.75,80.4,99.0,7.65,108.2,0.9791,0.0,7.456,19.64,25.7,26.62,64.03999999999999,0.1966,403.0,2.0,2.0,0.0,2024.0,12.0,4.0,21.0
158.1,57.56,11.4,2.0,0.276,70.0,5.459999999999999,3210.0,153.2,54.5,274.5,9.798000000000002,6.6450000000000005,17.6,74.0,5.1,27.4,0.2403,63.66182836771072,9.0,33.8,26.8,28.0,61.5,0.047,498.0,2.0,2.0,0.0,2024.0,12.0,4.0,21.0
88.35,50.59,2.0,1.0,0.194,60.7,5.831,3340.0,187.5,42.6,1257.1,9.848000000000004,6.484999999999999,30.2,80.3,5.5,193.6,0.5331999999999999,73.21110262286733,6.483000000000001,25.04,28.690000000000005,29.02,56.03,0.149,644.3,2.0,0.0,2.0,2024.0,12.0,4.0,23.0
175.6,57.530000000000015,19.6,2.0,0.33,70.5,5.4,3270.0,195.0,48.3,675.0,10.245,6.8100000000000005,39.2,31.2,3.7,19.6,0.2437999999999999,68.43646549528903,6.4350000000000005,35.39,27.78,27.97000000000001,59.42,0.0828,533.9,2.0,0.0,2.0,2024.0,12.0,4.0,23.0
172.8,57.41000000000001,18.5,3.0,0.262,70.3,5.4,3260.0,196.0,48.6,755.5,10.538,6.92,40.2,42.7,3.8,19.4,0.2437999999999999,60.47873694932519,6.42,35.1,28.0,27.9,60.4,0.05,625.0,2.0,0.0,2.0,2024.0,12.0,4.0,23.0
80.7,51.25,10.0,4.0,1.068,80.0,6.151999999999999,3230.0,178.8,37.2,1790.0,8.419999999999998,6.7360000000000015,36.8,46.55,5.4,43.0,0.457,84.3519225872167,7.224000000000001,24.4,29.08,28.27,57.4,0.2594999999999999,698.0,2.0,1.0,0.0,2024.0,12.0,4.0,20.0
156.15,57.78000000000001,13.8,10.0,1.253,70.2,6.084999999999999,3240.0,197.6,46.8,1190.1,9.047,6.536000000000001,15.6,27.85,1.65,31.2,0.1367,63.66182836771072,7.305,22.48,25.21,25.74,65.85999999999999,0.0927,222.8,2.0,1.0,0.0,2024.0,12.0,4.0,20.0
149.4,53.07000000000001,14.5,2.0,0.218,60.5,6.062499999999999,3375.0,167.3,48.2,780.1,8.807,6.588000000000001,16.85,24.1,2.35,14.0,0.152,62.070282658517954,9.0,30.3,26.8,28.0,60.5,0.106,821.0,2.0,1.0,0.0,2024.0,12.0,4.0,20.0
151.3,56.28000000000001,7.4,1.0,0.181,70.3,6.110000000000001,3520.0,128.1,43.6,633.0,8.754999999999999,6.376,24.2,18.2,4.0,18.7,0.2676,66.84491978609626,6.330000000000001,46.05000000000001,28.74,30.72,50.53000000000001,0.1473,571.5,1.0,2.0,2.0,2024.0,12.0,4.0,18.0
115.8,59.09,8.0,5.0,0.664,60.6,6.040000000000001,3220.0,217.7,43.7,416.2,8.593,6.758,17.55,15.8,2.5,16.1,0.1074,65.25337407690348,6.3420000000000005,43.7,28.660000000000004,29.76,53.32000000000001,0.1105,612.2,1.0,2.0,2.0,2024.0,12.0,4.0,18.0
95.45,55.49,9.6,1.0,0.188,60.8,6.159999999999999,3460.0,185.2,41.1,633.0,8.685,6.276,24.5,82.6,7.4,77.5,0.4952,76.39419404125286,6.24,51.6,26.0,27.6,67.6,0.057,806.0,1.0,2.0,2.0,2024.0,12.0,4.0,18.0
182.35,56.23,23.3,5.0,0.665,70.0,5.657,3210.0,124.7,53.2,380.7,8.562999999999999,6.459999999999999,22.7,14.3,1.7,22.8,0.0741,63.66182836771072,6.291,41.93,23.62,23.86,74.47999999999999,0.0654,280.6,0.0,1.0,1.0,2024.0,12.0,4.0,6.0
114.8,48.56999999999999,18.5,5.0,0.555,60.3,5.779999999999999,3460.0,144.2,47.5,696.0,10.1515,6.345000000000001,20.2,8.1,1.8,34.2,0.0984999999999999,62.070282658517954,6.17,36.5,26.4,28.1,63.2,0.04,687.0,0.0,1.0,1.0,2024.0,12.0,4.0,6.0
193.15,55.88000000000001,24.8,4.0,0.51,70.3,5.619999999999999,3420.0,185.9,55.1,490.0,9.928999999999998,6.470000000000001,36.9,12.1,2.0,23.7,0.0741,63.66182836771072,6.369,37.06,23.64,24.16,75.57000000000001,0.1043,297.3,0.0,1.0,1.0,2024.0,12.0,4.0,6.0
146.0,54.120000000000005,19.6,2.0,0.217,50.5,5.537,3610.0,227.3,47.4,824.0,10.439000000000002,6.587000000000001,31.8,33.1,3.0,59.05,0.2251,63.66182836771072,9.0,39.8,26.4,28.1,59.8,0.064,386.0,1.0,2.0,1.0,2024.0,12.0,4.0,17.0
136.6,53.67,18.5,5.0,0.728,70.2,5.5735,3710.0,305.5,44.3,989.0,10.669,6.616999999999999,29.6,24.7,3.4,60.35,0.2285,66.84491978609626,7.593999999999999,40.17,24.85,25.85,65.55000000000001,0.1767,260.3,1.0,2.0,1.0,2024.0,12.0,4.0,17.0
146.6,53.790000000000006,22.2,3.0,0.46,70.2,5.5535,3750.0,330.5,47.8,962.0,10.659,6.794999999999999,13.0,16.4,2.4,25.2,0.1823,68.43646549528903,7.591000000000001,38.040000000000006,26.140000000000004,27.430000000000007,63.1,0.0705,264.1,1.0,2.0,1.0,2024.0,12.0,4.0,17.0
128.4,55.77,8.1,0.0,0.0,0.0,5.718500000000001,3300.0,118.0,41.4,368.0,8.585999999999999,6.223999999999999,26.7,29.15,2.9,18.1,0.2588999999999999,0.0,7.43,31.4,28.8,28.1,59.6,0.058,267.0,2.0,1.0,2.0,2024.0,12.0,4.0,25.0
161.0,58.0,9.7,3.0,0.273,50.5,5.8,3380.0,127.1,42.9,219.0,8.106,6.214999999999999,19.1,21.7,1.5,8.5,0.1204999999999999,57.29564553093965,6.775,44.08,24.03,24.98,75.78,0.1461,288.4,2.0,1.0,2.0,2024.0,12.0,4.0,25.0
151.4,57.56,8.8,0.0,0.0,0.0,5.7685,3315.0,125.7,40.1,329.0,8.223,6.13,18.5,27.15,2.0,11.7,0.1289,0.0,6.876,30.07,23.98,25.059999999999995,74.77000000000001,0.1175,264.2,2.0,1.0,2.0,2024.0,12.0,4.0,25.0
101.45,57.53,11.7,0.0,0.0,0.0,5.851,3550.0,182.2,48.6,1796.2,10.477,6.616,74.9,48.4,14.3,95.7,0.7081,0.0,8.01,32.9,27.6,28.1,65.4,0.026,304.0,1.0,1.0,1.0,2024.0,12.0,4.0,29.0
180.1,53.63000000000001,23.8,3.0,0.346,60.3,5.64,3490.0,301.4,63.4,458.2,11.285999999999998,6.890000000000001,10.4,14.9,2.3,15.8,0.0994999999999999,60.47873694932519,6.293000000000001,35.77,24.8,25.300000000000004,64.99000000000001,0.1582,209.2,1.0,1.0,1.0,2024.0,12.0,4.0,29.0
182.3,54.27,22.9,5.0,0.578,70.0,5.58,3490.0,488.1,65.4,491.6,11.885,6.890000000000001,8.1,17.3,3.8,13.75,0.0943999999999999,63.66182836771072,6.313000000000001,36.220000000000006,25.58,25.42,64.95,0.1422999999999999,214.6,1.0,1.0,1.0,2024.0,12.0,4.0,29.0
166.2,53.96,12.1,2.0,0.437,70.7,5.950000000000001,3250.0,168.0,45.9,2012.0,9.419999999999998,6.575999999999999,31.0,55.6,6.5,61.0,0.3575,73.21110262286733,6.703999999999999,26.73,24.61,25.83,65.06,0.1823,217.1,0.0,1.0,0.0,2024.0,12.0,4.0,2.0
169.1,53.7,14.1,5.0,0.748,70.0,5.799,3400.0,173.0,41.3,1808.0,9.396,6.715999999999999,32.0,62.7,6.6,68.55,0.3281,70.0280112044818,6.625,24.87,25.469999999999995,25.74,64.7,0.1836,246.5,0.0,1.0,0.0,2024.0,12.0,4.0,2.0
154.2,55.15,13.4,1.0,0.155,70.1,5.679000000000001,3130.0,236.9,45.3,1470.2,9.708999999999998,6.636,37.6,59.4,6.2,58.75,0.3788000000000001,65.25337407690348,6.39,31.5,27.6,27.6,62.3,0.049,153.0,0.0,1.0,0.0,2024.0,12.0,4.0,2.0
97.85,48.43,10.1,2.0,0.305,60.6,5.946000000000001,3190.0,220.1,50.8,1251.0,9.59,6.801,6.9,15.9,2.4,20.4,0.0825,66.84491978609626,6.351999999999999,26.270000000000003,28.23,28.64,54.39000000000001,0.2058,306.9,2.0,0.0,0.0,2024.0,12.0,4.0,19.0
92.25,48.48,6.5,0.0,0.0,0.0,6.103000000000001,3250.0,195.1,42.3,2206.0,10.156,6.751,10.65,66.7,3.0,27.1,0.2079,0.0,6.382000000000001,25.57,28.880000000000003,29.96,52.05,0.1696,377.4,2.0,0.0,0.0,2024.0,12.0,4.0,19.0
106.35,46.42,11.5,6.0,0.803,60.7,5.873,2880.0,387.0,52.35,174.0,10.28,6.74,7.1,12.7,1.6,21.3,0.0732999999999999,66.84491978609626,6.36,33.4,26.8,27.5,63.4,0.104,134.0,2.0,0.0,0.0,2024.0,12.0,4.0,19.0
132.7,56.760000000000005,17.1,3.0,0.377,60.7,5.83,3200.0,311.0,53.15,365.0,10.307,7.124,7.5,19.0,1.5,15.1,0.0713,62.070282658517954,6.667999999999999,33.39,23.6,25.16,70.92,0.1076999999999999,243.5,0.0,2.0,1.0,2024.0,12.0,4.0,8.0
135.5,57.96,16.8,2.0,0.232,60.0,5.764000000000001,3525.0,413.0,52.05,602.0,10.849,6.872,36.75,51.7,7.5,103.45,0.4231,62.070282658517954,6.439,31.34,23.78,24.77,71.13000000000001,0.1167,277.7,0.0,2.0,1.0,2024.0,12.0,4.0,8.0
126.7,49.91,6.5,5.0,0.773,70.5,5.8580000000000005,3415.0,302.0,47.3,1117.0,10.6345,6.726000000000001,37.8,73.1,6.2,99.6,1.9676999999999976,66.84491978609626,6.38,25.0,26.4,26.4,66.7,0.102,93.0,0.0,2.0,1.0,2024.0,12.0,4.0,8.0
174.3,60.09,21.0,5.0,0.795,70.0,5.553,3210.0,290.1,55.0,721.0,10.743999999999998,6.302,45.4,38.2,3.3,35.65,0.3176,70.0280112044818,7.103,33.870000000000005,24.45,23.97,76.78999999999999,0.1066999999999999,146.9,1.0,1.0,1.0,2024.0,12.0,4.0,15.0
182.1,59.96,24.2,4.0,0.581,60.8,5.563000000000001,3160.0,381.8,54.0,721.0,11.389999999999995,6.322000000000001,48.4,38.3,3.3,38.15,0.3277,68.43646549528903,7.052,33.71,23.86,23.9,77.89,0.0911999999999999,162.9,1.0,1.0,1.0,2024.0,12.0,4.0,15.0
168.4,63.17,19.0,2.0,0.345,70.1,5.5545,3210.0,272.6,45.6,1186.0,11.0335,7.000000000000002,47.5,37.4,3.2,41.5,0.2895,69.07308377896614,7.6,32.7,25.2,25.5,70.3,0.098,111.0,1.0,1.0,1.0,2024.0,12.0,4.0,15.0
197.2,59.760000000000005,17.7,1.0,0.14,70.2,6.28,3430.0,206.1,43.8,847.0,8.955000000000002,6.7700000000000005,24.85,24.1,2.0,15.7,0.1705,62.070282658517954,6.45,20.3,25.6,25.9,67.2,0.044,98.0,2.0,1.0,1.0,2024.0,12.0,4.0,24.0
175.7,57.21999999999999,17.6,4.0,0.513,60.4,5.9670000000000005,3185.0,273.1,43.75,655.8,10.7075,6.700999999999999,35.5,19.1,2.0,19.9,0.1777999999999999,63.66182836771072,6.351999999999999,29.660000000000004,22.47,23.06,82.13000000000001,0.1035,290.6,2.0,1.0,1.0,2024.0,12.0,4.0,24.0
103.8,54.5,5.0,0.0,0.0,0.0,6.9,3200.0,650.0,38.0,230.0,8.21,6.9,9.0,36.0,2.0,14.0,0.121,0.0,6.19,24.9,26.0,26.2,68.2,0.105,91.0,2.0,1.0,1.0,2024.0,12.0,4.0,24.0
204.8,53.44,19.5,0.0,0.0,0.0,5.756,3270.0,246.0,47.35,1133.4,10.175,6.904000000000001,38.8,65.15,11.5,51.15,0.4149,0.0,6.4,20.5,26.4,27.0,65.7,0.069,120.0,1.0,1.0,0.0,2024.0,12.0,4.0,11.0
201.5,52.35,19.2,0.0,0.0,0.0,5.771,3440.0,259.0,43.5,1177.4,9.486,6.915000000000001,35.25,66.15,11.8,51.55,0.4021,0.0,6.527999999999999,37.080000000000005,24.31,24.75,72.23,0.0989,115.4,1.0,1.0,0.0,2024.0,12.0,4.0,11.0
169.5,54.54,20.9,8.0,1.502,60.7,5.815500000000001,3260.0,663.0,54.4,1241.0,10.632,7.159999999999999,16.3,21.0,2.5,18.5,0.1431,77.98573975044563,6.6800000000000015,35.559999999999995,23.360000000000003,23.630000000000003,70.78999999999999,0.9816000000000004,228.6,1.0,1.0,0.0,2024.0,12.0,4.0,11.0
158.1,53.71999999999999,12.4,1.0,0.096,60.2,5.726999999999999,3745.0,362.0,48.85,765.0,10.966,6.861,10.6,19.3,5.75,18.7,0.1167999999999999,60.47873694932519,6.21,21.1,26.4,27.3,60.2,0.06,109.0,2.0,2.0,2.0,2024.0,12.0,4.0,27.0
168.05,57.71999999999999,20.1,1.0,0.18,70.3,5.619,3880.0,383.3,55.2,108.8,11.9455,6.898999999999999,10.7,19.5,5.55,20.6,0.1038,68.75477463712758,6.2490000000000006,31.03,23.25,23.74,74.16,0.094,153.9,2.0,2.0,2.0,2024.0,12.0,4.0,27.0
152.8,56.59,20.3,7.0,0.706,60.7,5.558,3200.0,410.0,47.45,415.0,11.138,6.772,7.1,13.5,5.3,24.9,0.1081,66.84491978609626,6.300999999999999,26.64,24.37,25.54,67.28999999999999,0.2157,290.5,2.0,2.0,2.0,2024.0,12.0,4.0,27.0
151.5,61.13000000000001,16.9,6.0,0.829,70.2,5.504,3430.0,219.0,54.8,757.0,12.791,6.758,16.8,46.8,5.35,62.6,0.2357,63.66182836771072,6.57,24.1,28.0,27.8,63.3,0.028,269.0,0.0,0.0,1.0,2024.0,12.0,4.0,4.0
82.6,46.24,15.7,2.0,0.174,50.7,5.629,3390.0,213.6,54.6,941.0,11.994,6.766000000000001,47.7,94.2,9.0,152.5,0.5635999999999999,54.74917239623122,6.439,24.41,29.99,30.87,52.33,0.2627,721.3,0.0,0.0,1.0,2024.0,12.0,4.0,4.0
174.4,61.40000000000001,18.6,1.0,0.15,70.1,5.654000000000001,3350.0,228.6,49.2,746.0,11.2235,6.774000000000001,41.9,40.7,5.65,74.0,0.2821,65.25337407690348,6.368,25.01,26.74,27.080000000000005,65.71000000000001,0.0764,217.3,0.0,0.0,1.0,2024.0,12.0,4.0,4.0
